obstime,tempr,ap,ws,wd,rh
2016-01-01 00:00:00,-0.8,966.9,62.6,298,57
2016-01-01 01:00:00,-0.6,967.6,61.8,298,50
2016-01-01 02:00:00,-0.9,968.4,61.3,298,57
2016-01-01 03:00:00,-0.4,968.9,61.9,298,51
2016-01-01 04:00:00,-1.2,969.5,61.4,298,54
2016-01-01 05:00:00,-0.2,970,62.6,298,50
2016-01-01 06:00:00,-0.7,970.8,61.9,298,56
2016-01-01 07:00:00,0.1,971.5,54.3,299,55
2016-01-01 08:00:00,0.6,972.1,61.3,300,53
2016-01-01 09:00:00,1.4,972.6,61.9,300,54
2016-01-01 10:00:00,2.3,973.2,60.8,300,53
2016-01-01 11:00:00,3.5,973.6,65.9,298,47
2016-01-01 12:00:00,2.6,974.1,62.6,299,52
2016-01-01 13:00:00,2.6,974.4,61.9,299,53
2016-01-01 14:00:00,3,974.6,56.5,297,52
2016-01-01 15:00:00,2.7,974.6,63.2,298,51
2016-01-01 16:00:00,2.1,974.8,62.6,298,55
2016-01-01 17:00:00,1.6,974.8,62.6,298,55
2016-01-01 18:00:00,1,974.8,62.6,298,57
2016-01-01 19:00:00,1,975.1,62.6,298,58
2016-01-01 20:00:00,0.5,975.7,63.3,298,62
2016-01-01 21:00:00,-0.3,975.9,62.5,298,62
2016-01-01 22:00:00,-1.1,976,63,298,64
2016-01-01 23:00:00,-1.5,976.1,60.8,299,63
2016-01-02 00:00:00,-1.8,976.2,65.5,299,62
2016-01-02 01:00:00,-2.1,976.5,62.6,300,57
2016-01-02 02:00:00,-2,976.8,60.4,297,55
2016-01-02 03:00:00,-2.2,976.5,63.9,296,58
2016-01-02 04:00:00,-1.9,976.5,62.5,299,55
2016-01-02 05:00:00,-1.6,976.6,62.6,299,54
2016-01-02 06:00:00,-0.8,976.4,63.2,299,53
2016-01-02 07:00:00,0,976.3,42.7,310,51
2016-01-02 08:00:00,1.2,976.2,62.6,298,46
2016-01-02 09:00:00,2.1,976.1,61.9,298,47
2016-01-02 10:00:00,2.8,975.9,61.9,298,45
2016-01-02 11:00:00,3,975.8,62.5,298,46
2016-01-02 12:00:00,3.3,975.6,61.9,298,45
2016-01-02 13:00:00,3.2,974.9,61.3,298,48
2016-01-02 14:00:00,3.5,974.5,61.9,298,45
2016-01-02 15:00:00,2.8,974,61,298,49
2016-01-02 16:00:00,2.9,973.4,61.4,299,48
2016-01-02 17:00:00,2.1,972.9,61.3,299,55
2016-01-02 18:00:00,1.5,972.4,60.2,300,55
2016-01-02 19:00:00,0.8,971.9,54.3,303,60
2016-01-02 20:00:00,0.3,971.5,63,300,60
2016-01-02 21:00:00,0.2,970.9,62.6,300,63
2016-01-02 22:00:00,-0.5,970.4,61.9,300,67
2016-01-02 23:00:00,-0.9,969.9,52.7,300,65
2016-01-03 00:00:00,-1.4,969.3,61.9,298,62
2016-01-03 01:00:00,-2.1,968.5,62.6,298,61
2016-01-03 02:00:00,-2.1,967.8,62.6,298,60
2016-01-03 03:00:00,-1.9,967,61.9,298,50
2016-01-03 04:00:00,-1.7,966.1,62.2,298,54
2016-01-03 05:00:00,-1.9,965.4,63.7,298,59
2016-01-03 06:00:00,-2.2,965.1,63.3,298,56
2016-01-03 07:00:00,-1.4,964.7,63.9,298,54
2016-01-03 08:00:00,-0.6,964.1,63.1,298,47
2016-01-03 09:00:00,0.7,963.5,67.1,298,42
2016-01-03 10:00:00,0.7,963.1,62.6,299,52
2016-01-03 11:00:00,-0.3,962.6,63.3,298,58
2016-01-03 12:00:00,-0.6,962.2,61.9,298,59
2016-01-03 13:00:00,0.1,961.5,63.1,299,61
2016-01-03 14:00:00,-0.2,961.1,62.4,298,65
2016-01-03 15:00:00,-0.8,960.6,63.2,300,69
2016-01-03 16:00:00,-1.8,960.3,63.3,300,73
2016-01-03 17:00:00,-1.9,960.1,63.2,301,74
2016-01-03 18:00:00,-2.1,960,60.4,303,79
2016-01-03 19:00:00,-2.4,959.9,63.2,298,79
2016-01-03 20:00:00,-2.8,959.8,62.6,298,82
2016-01-03 21:00:00,-3.5,959.5,63.3,298,86
2016-01-03 22:00:00,-3.7,959.4,63.3,298,87
2016-01-03 23:00:00,-3.8,959.4,63.3,298,86
2016-01-04 00:00:00,-3.9,959.4,61.3,298,87
2016-01-04 01:00:00,-4,959.5,61.9,298,87
2016-01-04 02:00:00,-4.3,959.5,67.7,299,89
2016-01-04 03:00:00,-4.5,959.5,55.6,309,90
2016-01-04 04:00:00,-4.4,959.7,29.3,312,89
2016-01-04 05:00:00,-4.6,960,61.9,298,88
2016-01-04 06:00:00,-4.1,960.6,61.9,298,86
2016-01-04 07:00:00,-2.9,960.9,61.9,298,78
2016-01-04 08:00:00,-2.5,961.3,62.6,298,76
2016-01-04 09:00:00,-1.5,961.8,63.9,298,67
2016-01-04 10:00:00,-2,962.2,63.9,298,58
2016-01-04 11:00:00,-0.1,962.7,63.9,298,53
2016-01-04 12:00:00,-0.2,963.2,62.6,298,50
2016-01-04 13:00:00,0.6,963.6,63.9,298,53
2016-01-04 14:00:00,-0.6,964.3,63.9,298,61
2016-01-04 15:00:00,-1.4,964.9,63.9,298,64
2016-01-04 16:00:00,-1.9,965.5,63.3,298,68
2016-01-04 17:00:00,-1.7,966,63.4,298,67
2016-01-04 18:00:00,-1.8,966.8,62.3,299,72
2016-01-04 19:00:00,-1.6,967.2,62.4,298,72
2016-01-04 20:00:00,-1.9,967.4,63.3,301,71
2016-01-04 21:00:00,-1.6,967.6,62.1,302,71
2016-01-04 22:00:00,-1.3,968.2,61.2,295,70
2016-01-04 23:00:00,-1.7,968.8,63.3,298,71
2016-01-05 00:00:00,-2.6,969.3,62.6,298,74
2016-01-05 01:00:00,-3.8,970,63.3,298,73
2016-01-05 02:00:00,-4.4,970.6,62.6,298,71
2016-01-05 03:00:00,-4.5,970.9,61.9,298,70
2016-01-05 04:00:00,-4.3,970.6,61.9,300,69
2016-01-05 05:00:00,-3.8,970.7,61.9,301,68
2016-01-05 06:00:00,-3.3,970.9,62.6,301,65
2016-01-05 07:00:00,-3.2,971.2,55.3,310,66
2016-01-05 08:00:00,-2.9,971,50.6,292,65
2016-01-05 09:00:00,-2.6,970.7,62.6,298,62
2016-01-05 10:00:00,-1.5,970.6,61.9,298,59
2016-01-05 11:00:00,-1.6,970.4,62.1,298,59
2016-01-05 12:00:00,-1.3,970,62.6,298,61
2016-01-05 13:00:00,-1,969.9,63.3,298,58
2016-01-05 14:00:00,-0.8,969.6,63.3,298,57
2016-01-05 15:00:00,-1.8,969.6,63.9,298,63
2016-01-05 16:00:00,-1.4,969.1,62.6,298,66
2016-01-05 17:00:00,-1,968.6,63.3,298,64
2016-01-05 18:00:00,-1,968.4,63.3,298,64
2016-01-05 19:00:00,-1.4,968.3,63.3,298,61
2016-01-05 20:00:00,-2.1,967.9,57.8,299,66
2016-01-05 21:00:00,-2.5,967.2,61.9,301,66
2016-01-05 22:00:00,-2.4,966.9,63.3,301,62
2016-01-05 23:00:00,-2.5,966.4,62.6,301,63
2016-01-06 00:00:00,-2.4,966,25.3,306,63
2016-01-06 01:00:00,-2.4,965.5,63.3,298,63
2016-01-06 02:00:00,-2.3,965.2,63.3,298,65
2016-01-06 03:00:00,-2.1,964.5,63.3,298,60
2016-01-06 04:00:00,-2.1,964.2,62,298,60
2016-01-06 05:00:00,-1.7,963.8,61.9,298,59
2016-01-06 06:00:00,-1.4,963.3,62.6,298,60
2016-01-06 07:00:00,-0.7,962.8,61.3,298,53
2016-01-06 08:00:00,-0.3,962.2,61.9,298,50
2016-01-06 09:00:00,1,961.6,61.3,298,55
2016-01-06 10:00:00,1.4,961,61.9,298,50
2016-01-06 11:00:00,1.3,960.4,61.9,298,59
2016-01-06 12:00:00,1.7,960,62.7,300,57
2016-01-06 13:00:00,1.7,959.6,62.6,301,50
2016-01-06 14:00:00,1.8,959.4,62.9,300,53
2016-01-06 15:00:00,1.2,959.3,61.9,301,53
2016-01-06 16:00:00,1.2,959.2,51.3,288,57
2016-01-06 17:00:00,0.6,959,61.3,298,59
2016-01-06 18:00:00,0.3,959.1,61.2,298,56
2016-01-06 19:00:00,0.1,959.2,61.9,298,64
2016-01-06 20:00:00,-0.4,959.4,63.3,298,68
2016-01-06 21:00:00,-1,959.6,63.3,298,66
2016-01-06 22:00:00,-2.4,959.8,63.3,298,61
2016-01-06 23:00:00,-3.5,960.2,63.2,298,68
2016-01-07 00:00:00,-4.7,960.6,63.9,298,75
2016-01-07 01:00:00,-4.7,961,62.6,301,74
2016-01-07 02:00:00,-4.9,961.3,63.3,298,73
2016-01-07 03:00:00,-4.9,961.3,62.6,298,76
2016-01-07 04:00:00,-4.7,961,60.8,298,71
2016-01-07 05:00:00,-4.4,961,61.3,298,64
2016-01-07 06:00:00,-3.6,961,61.3,298,55
2016-01-07 07:00:00,-2.7,961.1,62.6,298,59
2016-01-07 08:00:00,-1.8,960.9,61.3,298,60
2016-01-07 09:00:00,-0.3,960.7,61.3,298,52
2016-01-07 10:00:00,0.7,960.7,62.8,298,50
2016-01-07 11:00:00,1.2,961.1,62.5,301,51
2016-01-07 12:00:00,1.9,961.3,61.9,301,46
2016-01-07 13:00:00,2.8,961.4,62.6,301,43
2016-01-07 14:00:00,2.2,961.7,44.1,288,47
2016-01-07 15:00:00,1.4,961.9,62.6,298,55
2016-01-07 16:00:00,1,962.2,61.9,298,56
2016-01-07 17:00:00,0,962.6,61.9,298,61
2016-01-07 18:00:00,-0.4,962.9,63.6,298,62
2016-01-07 19:00:00,-0.8,963.5,63.3,298,60
2016-01-07 20:00:00,-1.5,963.6,63.3,298,65
2016-01-07 21:00:00,-1.4,963.9,63.3,298,62
2016-01-07 22:00:00,-1.7,964,63.3,298,56
2016-01-07 23:00:00,-2.6,964.5,63.9,298,61
2016-01-08 00:00:00,-3.5,964.5,62.6,298,63
2016-01-08 01:00:00,-3.8,964.5,64.5,299,60
2016-01-08 02:00:00,-3.1,964.2,63.3,301,56
2016-01-08 03:00:00,-2.1,963.8,63.3,301,56
2016-01-08 04:00:00,-1.8,963.4,55.5,312,58
2016-01-08 05:00:00,-0.3,963.1,62.6,298,56
2016-01-08 06:00:00,0.6,962.6,63.3,298,45
2016-01-08 07:00:00,1.3,962.7,62.6,298,45
2016-01-08 08:00:00,1.6,963,62.7,298,44
2016-01-08 09:00:00,2.3,963,61.9,298,44
2016-01-08 10:00:00,1.8,963,60.6,298,45
2016-01-08 11:00:00,1.7,963.1,60.8,298,46
2016-01-08 12:00:00,1.5,963.4,61.3,298,50
2016-01-08 13:00:00,1.4,963.6,61.3,298,51
2016-01-08 14:00:00,1.8,963.6,61.3,298,51
2016-01-08 15:00:00,2.2,963.1,61.3,298,45
2016-01-08 16:00:00,2.2,962.8,61.2,298,48
2016-01-08 17:00:00,2.4,962.4,62.6,299,49
2016-01-08 18:00:00,1.8,962.2,63.2,301,60
2016-01-08 19:00:00,1.9,962.2,63.3,301,58
2016-01-08 20:00:00,1.7,962.2,62.6,301,54
2016-01-08 21:00:00,1.5,962.5,25.9,306,52
2016-01-08 22:00:00,1.4,962.4,62.6,298,51
2016-01-08 23:00:00,1.1,962.6,63.3,298,49
2016-01-09 00:00:00,1.3,962.1,62.6,298,43
2016-01-09 01:00:00,1,962.2,63.3,298,40
2016-01-09 02:00:00,0.4,962.3,61.9,298,45
2016-01-09 03:00:00,1,962.3,62.6,298,39
2016-01-09 04:00:00,0,961.9,61.2,298,40
2016-01-09 05:00:00,-0.2,961.3,61.9,298,39
2016-01-09 06:00:00,-0.5,961.9,61.3,298,48
2016-01-09 07:00:00,-0.3,962.2,61.3,298,39
2016-01-09 08:00:00,0.3,962.2,61.9,298,41
2016-01-09 09:00:00,1.2,962.3,61.9,298,43
2016-01-09 10:00:00,2.8,962,75.4,299,38
2016-01-09 11:00:00,4.1,962.3,62.6,301,40
2016-01-09 12:00:00,3.8,962.6,61.9,301,45
2016-01-09 13:00:00,4,962.7,53.3,294,44
2016-01-09 14:00:00,4,963.4,61.9,298,50
2016-01-09 15:00:00,3.7,963.4,61.9,298,51
2016-01-09 16:00:00,3.3,963.4,62.6,298,52
2016-01-09 17:00:00,3.1,963.5,61.9,298,58
2016-01-09 18:00:00,2.9,964.1,63.3,298,56
2016-01-09 19:00:00,2.5,964.6,62.6,298,60
2016-01-09 20:00:00,1.6,965.1,63.9,298,64
2016-01-09 21:00:00,1.3,965.4,62.9,299,62
2016-01-09 22:00:00,0.7,965.6,63.3,298,67
2016-01-09 23:00:00,0.5,965.5,62.6,298,64
2016-01-10 00:00:00,0.5,965.7,62.6,298,64
2016-01-10 01:00:00,0.4,965.9,57.5,298,65
2016-01-10 02:00:00,0.5,966,61.7,300,66
2016-01-10 03:00:00,0.3,966.3,63.3,301,68
2016-01-10 04:00:00,0.6,966.3,57.9,304,68
2016-01-10 05:00:00,0.9,966.3,34.3,284,68
2016-01-10 06:00:00,1.4,966.6,63.3,298,69
2016-01-10 07:00:00,1.3,966.6,63.3,298,71
2016-01-10 08:00:00,1.5,966.8,63.3,298,72
2016-01-10 09:00:00,1.4,967,62.4,298,73
2016-01-10 10:00:00,1.2,967.2,61.3,298,70
2016-01-10 11:00:00,1.6,967.5,61.3,298,67
2016-01-10 12:00:00,1.7,967.7,61.2,298,69
2016-01-10 13:00:00,0.9,968.1,61.9,298,71
2016-01-10 14:00:00,0.7,968.3,61.9,298,72
2016-01-10 15:00:00,0.4,968.4,61.9,298,75
2016-01-10 16:00:00,0.4,968.6,62.5,298,74
2016-01-10 17:00:00,0.1,968.9,54.8,299,74
2016-01-10 18:00:00,0,969.4,62.6,301,75
2016-01-10 19:00:00,-0.1,969.6,62.6,301,76
2016-01-10 20:00:00,-0.2,970.3,56.6,298,77
2016-01-10 21:00:00,-0.3,970.7,61.4,297,76
2016-01-10 22:00:00,-0.5,971.2,62.6,298,77
2016-01-10 23:00:00,-0.7,971.3,62.6,298,78
2016-01-11 00:00:00,-0.9,971.4,63.1,298,76
2016-01-11 01:00:00,-0.9,971.2,63.3,298,77
2016-01-11 02:00:00,-0.6,971.1,62.6,298,76
2016-01-11 03:00:00,-0.9,970.9,63.9,298,80
2016-01-11 04:00:00,-1.2,970.5,63.3,298,88
2016-01-11 05:00:00,-0.7,970.3,63.9,298,82
2016-01-11 06:00:00,-0.6,970.1,63.6,298,81
2016-01-11 07:00:00,-0.2,970.1,63.3,298,76
2016-01-11 08:00:00,-0.1,970.1,62.4,298,75
2016-01-11 09:00:00,-0.2,969.8,63.1,299,73
2016-01-11 10:00:00,-0.6,969.2,63.3,301,73
2016-01-11 11:00:00,-0.4,968.9,63.3,301,71
2016-01-11 12:00:00,-0.5,968.1,47.3,306,72
2016-01-11 13:00:00,-0.6,967.4,26.4,307,73
2016-01-11 14:00:00,-0.5,967,62.6,298,71
2016-01-11 15:00:00,0.1,966.2,62.6,298,68
2016-01-11 16:00:00,0.3,965.2,62.2,298,66
2016-01-11 17:00:00,0.3,965.1,61.3,298,69
2016-01-11 18:00:00,-0.1,964.6,61.9,298,69
2016-01-11 19:00:00,0,964.3,61,298,66
2016-01-11 20:00:00,0,964.1,62.6,298,66
2016-01-11 21:00:00,0.1,963.8,62.6,298,65
2016-01-11 22:00:00,0.1,963,61.3,298,62
2016-01-11 23:00:00,0,962.6,61.3,298,59
2016-01-12 00:00:00,-0.3,962.3,61.7,298,59
2016-01-12 01:00:00,-0.5,961.8,61.9,301,59
2016-01-12 02:00:00,-0.8,961.9,61.9,301,55
2016-01-12 03:00:00,-1,961.7,59.2,301,50
2016-01-12 04:00:00,-0.7,962.2,61.9,298,47
2016-01-12 05:00:00,-0.3,961.9,62.6,298,45
2016-01-12 06:00:00,-0.1,961.4,61.9,298,47
2016-01-12 07:00:00,0.4,961.7,61.9,298,48
2016-01-12 08:00:00,0.5,962.1,63.3,298,48
2016-01-12 09:00:00,0.5,961.7,62.6,298,50
2016-01-12 10:00:00,1.1,962.3,62.3,298,47
2016-01-12 11:00:00,1.8,962.4,63.9,298,49
2016-01-12 12:00:00,2.3,962.5,63.3,298,52
2016-01-12 13:00:00,2.4,962.6,63.9,298,52
2016-01-12 14:00:00,2.2,962.8,62.6,298,51
2016-01-12 15:00:00,2.1,963.5,64,298,53
2016-01-12 16:00:00,2.1,963.4,63.2,301,46
2016-01-12 17:00:00,1.8,964.1,63.3,301,49
2016-01-12 18:00:00,1.5,964.8,58.5,297,52
2016-01-12 19:00:00,1.1,965,60.9,298,51
2016-01-12 20:00:00,0.8,965.4,62.6,298,51
2016-01-12 21:00:00,0.4,966,62.6,298,51
2016-01-12 22:00:00,0.4,965.9,62.8,298,47
2016-01-12 23:00:00,0.7,966.1,61.3,298,44
2016-01-13 00:00:00,0.4,966.1,61.9,298,39
2016-01-13 01:00:00,0,966.9,61.2,298,41
2016-01-13 02:00:00,0.3,966.9,61.9,298,38
2016-01-13 03:00:00,0,967.6,61.3,298,37
2016-01-13 04:00:00,0.8,967.9,61.9,298,35
2016-01-13 05:00:00,0.6,968.3,61.3,298,40
2016-01-13 06:00:00,1.5,969.1,61.2,299,38
2016-01-13 07:00:00,1.7,969.5,61.9,300,40
2016-01-13 08:00:00,2.7,969.9,61.9,300,35
2016-01-13 09:00:00,3.6,970.2,58.2,303,38
2016-01-13 10:00:00,3.9,970.7,62.1,298,37
2016-01-13 11:00:00,4.6,971.2,62.2,299,36
2016-01-13 12:00:00,4.2,971.6,61.9,299,39
2016-01-13 13:00:00,4.1,972,57.5,299,41
2016-01-13 14:00:00,4.2,972.5,43.6,299,43
2016-01-13 15:00:00,4.2,973,63.9,298,42
2016-01-13 16:00:00,4,973.5,63.2,298,47
2016-01-13 17:00:00,3.8,974,63.3,298,49
2016-01-13 18:00:00,3.1,974.4,63.3,298,49
2016-01-13 19:00:00,2.7,975,63.3,298,49
2016-01-13 20:00:00,2,975.6,63.9,298,48
2016-01-13 21:00:00,1.1,976,63.3,298,49
2016-01-13 22:00:00,0.5,976.4,63.2,300,47
2016-01-13 23:00:00,-0.2,976.6,62.6,300,44
2016-01-14 00:00:00,-0.9,976.7,62.6,300,44
2016-01-14 01:00:00,-1.8,976.7,63.4,295,45
2016-01-14 02:00:00,-2,977,62.5,300,39
2016-01-14 03:00:00,-2.2,977.4,62.6,299,38
2016-01-14 04:00:00,-2.1,977.7,62.6,299,38
2016-01-14 05:00:00,-1.9,978,44.1,313,39
2016-01-14 06:00:00,-1.1,977.9,61.9,297,41
2016-01-14 07:00:00,0.1,978,62.6,298,38
2016-01-14 08:00:00,0.7,978.1,62.6,298,40
2016-01-14 09:00:00,1.9,978.2,63.2,298,33
2016-01-14 10:00:00,2.5,978.2,63.9,298,34
2016-01-14 11:00:00,2.5,978.2,63.3,298,34
2016-01-14 12:00:00,2.1,978,62.6,298,40
2016-01-14 13:00:00,3.1,978,66,298,38
2016-01-14 14:00:00,2.4,977.8,63.2,299,39
2016-01-14 15:00:00,2,977.5,62.7,299,45
2016-01-14 16:00:00,1.4,977.5,61.2,297,44
2016-01-14 17:00:00,0.5,977.3,66.1,299,43
2016-01-14 18:00:00,0,977,63.2,300,42
2016-01-14 19:00:00,-0.3,976.5,62.6,300,44
2016-01-14 20:00:00,-0.8,976.4,58.7,299,48
2016-01-14 21:00:00,-0.8,976.3,61.3,294,47
2016-01-14 22:00:00,-1.3,976,63.3,298,57
2016-01-14 23:00:00,-1.6,975.9,63.3,298,54
2016-01-15 00:00:00,-2.8,975.5,63.3,298,60
2016-01-15 01:00:00,-2.1,975,62.3,298,46
2016-01-15 02:00:00,-2.1,974.8,61.9,298,46
2016-01-15 03:00:00,-2.1,974.4,61.3,298,47
2016-01-15 04:00:00,-1.6,973.4,61.9,298,45
2016-01-15 05:00:00,-1.2,972.8,61.3,298,45
2016-01-15 06:00:00,-1,972.3,63.1,299,43
2016-01-15 07:00:00,-0.8,972.4,61.3,299,47
2016-01-15 08:00:00,-0.4,971.7,61.9,299,48
2016-01-15 09:00:00,0.4,971.3,61.1,300,47
2016-01-15 10:00:00,1.3,971.4,67,299,39
2016-01-15 11:00:00,1.8,971.2,62.6,300,35
2016-01-15 12:00:00,2.2,970.3,62.6,300,30
2016-01-15 13:00:00,3,969.4,40.6,306,38
2016-01-15 14:00:00,2.6,968.8,62.6,300,43
2016-01-15 15:00:00,1.4,968.1,62.6,298,38
2016-01-15 16:00:00,1.3,967.7,61.9,298,44
2016-01-15 17:00:00,0.6,967.2,61.9,298,51
2016-01-15 18:00:00,0.2,967.2,63.9,298,50
2016-01-15 19:00:00,-0.2,967,63.3,298,53
2016-01-15 20:00:00,-0.5,966.9,63.3,298,52
2016-01-15 21:00:00,-0.3,966.8,63.9,298,48
2016-01-15 22:00:00,-1,966.8,63.2,298,55
2016-01-15 23:00:00,-1,967,61.9,298,53
2016-01-16 00:00:00,-0.9,966.9,63.3,298,50
2016-01-16 01:00:00,-1.1,967.2,63.3,298,52
2016-01-16 02:00:00,-1.2,967.6,67.7,299,51
2016-01-16 03:00:00,-1.5,967.6,63.1,301,54
2016-01-16 04:00:00,-1.3,967.4,62.6,301,51
2016-01-16 05:00:00,-1,967.5,62.6,301,50
2016-01-16 06:00:00,-0.6,967.9,24.4,312,49
2016-01-16 07:00:00,-0.6,968.2,63.3,298,45
2016-01-16 08:00:00,0.4,968.4,62.6,298,40
2016-01-16 09:00:00,0.6,968.7,63.3,298,37
2016-01-16 10:00:00,1,969,63.3,298,36
2016-01-16 11:00:00,1.5,969.3,61.3,298,37
2016-01-16 12:00:00,0.5,969.5,61.3,298,36
2016-01-16 13:00:00,0.9,969.5,61.3,298,38
2016-01-16 14:00:00,1.4,969.6,61.3,298,36
2016-01-16 15:00:00,0.8,969.4,61.3,298,42
2016-01-16 16:00:00,1,969.4,62.6,298,37
2016-01-16 17:00:00,0.5,969.3,61.9,298,42
2016-01-16 18:00:00,0.1,969.2,61.3,298,45
2016-01-16 19:00:00,-0.2,969.3,58.5,299,43
2016-01-16 20:00:00,-0.2,969.5,65.1,299,41
2016-01-16 21:00:00,-0.7,970,61.6,301,41
2016-01-16 22:00:00,-1,970.3,57.6,299,44
2016-01-16 23:00:00,-1.7,970.4,60.8,297,47
2016-01-17 00:00:00,-1.9,970.2,61.9,298,47
2016-01-17 01:00:00,-2.1,970.1,61.9,298,45
2016-01-17 02:00:00,-2.3,969.9,61.9,298,45
2016-01-17 03:00:00,-2.1,969.5,63.9,298,44
2016-01-17 04:00:00,-2.1,969.4,63.9,298,48
2016-01-17 05:00:00,-1.4,969.1,63.3,298,41
2016-01-17 06:00:00,-1,968.7,63.2,299,36
2016-01-17 07:00:00,-0.6,968.3,62.6,298,33
2016-01-17 08:00:00,-0.7,968,63.9,298,40
2016-01-17 09:00:00,-0.2,967.4,63.9,298,40
2016-01-17 10:00:00,-0.4,967,63.3,298,40
2016-01-17 11:00:00,-1.1,966.6,63.3,298,45
2016-01-17 12:00:00,-1,965.3,57.5,299,48
2016-01-17 13:00:00,-0.9,964.5,62.6,301,50
2016-01-17 14:00:00,-0.9,963.7,62.6,301,52
2016-01-17 15:00:00,-1.2,962.9,47.3,295,56
2016-01-17 16:00:00,-1.8,962.1,41,284,53
2016-01-17 17:00:00,-2.2,961.9,63.3,298,57
2016-01-17 18:00:00,-2.4,961.2,63.3,298,59
2016-01-17 19:00:00,-3,960.2,62.6,298,60
2016-01-17 20:00:00,-3.3,960.2,62.6,298,62
2016-01-17 21:00:00,-3.6,960.1,61.3,298,64
2016-01-17 22:00:00,-3.7,959.7,61.9,298,67
2016-01-17 23:00:00,-3.4,958.7,61.9,298,63
2016-01-18 00:00:00,-3.5,958.6,61.9,298,63
2016-01-18 01:00:00,-3.7,958.1,62.6,298,66
2016-01-18 02:00:00,-3.3,956.5,62.6,298,60
2016-01-18 03:00:00,-2.9,956.3,61.2,299,58
2016-01-18 04:00:00,-2.8,956.7,57.1,300,56
2016-01-18 05:00:00,-2.3,956.4,62.6,301,52
2016-01-18 06:00:00,-2.3,957.1,62.4,302,56
2016-01-18 07:00:00,-1.6,956.7,39.9,307,51
2016-01-18 08:00:00,-1.4,956.8,61.9,298,52
2016-01-18 09:00:00,-1.1,956.9,62.6,298,52
2016-01-18 10:00:00,-0.3,956.9,61.9,298,48
2016-01-18 11:00:00,-0.3,956.8,63.3,298,54
2016-01-18 12:00:00,-0.7,956.8,62.6,298,59
2016-01-18 13:00:00,-0.3,957.6,63.3,298,56
2016-01-18 14:00:00,-0.1,958.2,62.6,298,55
2016-01-18 15:00:00,0.1,958.3,63.9,298,55
2016-01-18 16:00:00,0,958.7,63.9,298,55
2016-01-18 17:00:00,-0.3,959.5,63.8,298,57
2016-01-18 18:00:00,-0.2,960,66.5,298,55
2016-01-18 19:00:00,-0.5,960.5,63.7,300,58
2016-01-18 20:00:00,0.2,960.9,62.6,301,48
2016-01-18 21:00:00,0.2,961.3,45.8,305,48
2016-01-18 22:00:00,0.2,961.1,42,281,43
2016-01-18 23:00:00,0.2,961.5,63.3,298,43
2016-01-19 00:00:00,0.2,962.1,63.3,298,41
2016-01-19 01:00:00,0,962.8,63.3,298,42
2016-01-19 02:00:00,-0.3,963.3,60.9,298,43
2016-01-19 03:00:00,-0.6,963.8,61.3,298,40
2016-01-19 04:00:00,-0.6,964.1,61.3,298,37
2016-01-19 05:00:00,-0.3,964.6,61.9,298,36
2016-01-19 06:00:00,0,965.1,61.3,298,32
2016-01-19 07:00:00,0.6,965.1,61.9,298,34
2016-01-19 08:00:00,1.6,965,61.3,298,35
2016-01-19 09:00:00,1.9,965.2,57.4,299,33
2016-01-19 10:00:00,2,965.3,62.6,301,29
2016-01-19 11:00:00,2.4,965.2,61.9,301,30
2016-01-19 12:00:00,2.8,965.4,56.1,297,33
2016-01-19 13:00:00,2.3,965.3,61.6,299,34
2016-01-19 14:00:00,2,965.1,62.6,298,38
2016-01-19 15:00:00,1.8,964.5,62.6,298,39
2016-01-19 16:00:00,1.8,964.3,62.8,298,36
2016-01-19 17:00:00,1.6,964.3,63.9,298,38
2016-01-19 18:00:00,1,964.5,63.2,298,50
2016-01-19 19:00:00,0.6,964.9,63.2,298,46
2016-01-19 20:00:00,-0.3,964.7,63.9,298,48
2016-01-19 21:00:00,-0.3,964.8,63.3,298,43
2016-01-19 22:00:00,-0.7,964.8,63.3,298,43
2016-01-19 23:00:00,-0.9,965.1,63.3,298,43
2016-01-20 00:00:00,-1,965.1,59.5,298,42
2016-01-20 01:00:00,-0.7,965.3,63.1,300,39
2016-01-20 02:00:00,-0.8,965.4,63.3,301,42
2016-01-20 03:00:00,-1.4,964.9,63.3,301,38
2016-01-20 04:00:00,-1.8,965.1,16.7,273,40
2016-01-20 05:00:00,-1.5,965.1,62.6,298,43
2016-01-20 06:00:00,-0.2,965.7,62.7,299,38
2016-01-20 07:00:00,0.5,966.4,62.6,298,38
2016-01-20 08:00:00,0.7,966.8,61.3,298,35
2016-01-20 09:00:00,1,967.3,61.9,298,37
2016-01-20 10:00:00,1.5,967.8,61.9,298,40
2016-01-20 11:00:00,2.2,968.1,61.2,298,41
2016-01-20 12:00:00,1.5,968.5,61.9,298,43
2016-01-20 13:00:00,1.4,968.9,61.9,298,47
2016-01-20 14:00:00,1.2,969.1,61.9,298,47
2016-01-20 15:00:00,1.1,969.1,62,298,49
2016-01-20 16:00:00,1.2,969,61,299,49
2016-01-20 17:00:00,1,969.3,62.3,301,53
2016-01-20 18:00:00,1.2,969.4,62.6,301,52
2016-01-20 19:00:00,0.8,969.6,44.5,295,57
2016-01-20 20:00:00,0.6,969.8,60.8,294,57
2016-01-20 21:00:00,0.1,970.2,62.6,298,58
2016-01-20 22:00:00,-0.4,970.3,61.9,298,61
2016-01-20 23:00:00,-0.6,970.3,62.7,298,65
2016-01-21 00:00:00,-0.6,970,63.1,298,59
2016-01-21 01:00:00,-0.3,969.6,62.6,298,55
2016-01-21 02:00:00,-0.4,969.6,63.3,298,54
2016-01-21 03:00:00,-0.6,969.4,63.1,298,56
2016-01-21 04:00:00,-0.6,969.1,63.3,298,45
2016-01-21 05:00:00,-0.8,968.8,63.9,298,43
2016-01-21 06:00:00,-1,968.7,63.9,298,42
2016-01-21 07:00:00,-1,968.7,63.3,298,42
2016-01-21 08:00:00,-0.4,968.7,64.5,298,47
2016-01-21 09:00:00,0.2,968.3,62.9,301,39
2016-01-21 10:00:00,0.9,968.3,62.6,301,40
2016-01-21 11:00:00,1.5,968.2,47.9,305,40
2016-01-21 12:00:00,2,967.9,30.9,325,39
2016-01-21 13:00:00,1.8,967.7,62.6,298,38
2016-01-21 14:00:00,2.2,967.5,62.6,298,37
2016-01-21 15:00:00,3,967,63.3,298,35
2016-01-21 16:00:00,1.9,966.5,63.3,298,45
2016-01-21 17:00:00,2.7,966.1,62.6,298,34
2016-01-21 18:00:00,1.9,965.9,61.9,298,40
2016-01-21 19:00:00,1,965.7,61.9,298,51
2016-01-21 20:00:00,0.7,965.4,61.3,298,52
2016-01-21 21:00:00,-0.7,965.1,61.9,298,55
2016-01-21 22:00:00,-0.9,964.7,62.6,298,51
2016-01-21 23:00:00,-2.1,964.2,61.3,298,51
2016-01-22 00:00:00,-3.2,963.9,61.9,298,49
2016-01-22 01:00:00,-3.7,963.3,75.6,299,47
2016-01-22 02:00:00,-4.1,962.9,61.9,301,46
2016-01-22 03:00:00,-3.9,962.4,62.4,297,42
2016-01-22 04:00:00,-4.4,961.9,61.9,298,42
2016-01-22 05:00:00,-3.6,961.7,61.9,298,36
2016-01-22 06:00:00,-3.1,962,62.6,298,37
2016-01-22 07:00:00,-2.3,962.2,62.5,298,43
2016-01-22 08:00:00,-1.3,962.1,63.3,298,38
2016-01-22 09:00:00,-0.9,962.1,63.3,298,38
2016-01-22 10:00:00,-0.1,962.4,63.3,299,35
2016-01-22 11:00:00,0,962.5,62.6,298,38
2016-01-22 12:00:00,-0.2,962.6,62.6,298,38
2016-01-22 13:00:00,0.6,962.6,63.3,298,39
2016-01-22 14:00:00,1,962.6,63.9,298,37
2016-01-22 15:00:00,-0.3,962.5,63.3,298,38
2016-01-22 16:00:00,-0.7,962.5,46.7,299,40
2016-01-22 17:00:00,-0.5,962.7,62.6,300,43
2016-01-22 18:00:00,-1.3,963.1,63.3,301,42
2016-01-22 19:00:00,-1.5,963.2,62.3,302,50
2016-01-22 20:00:00,-2.2,963.1,56.2,300,52
2016-01-22 21:00:00,-3.1,963.3,61.7,293,50
2016-01-22 22:00:00,-3.5,963.3,63.3,298,50
2016-01-22 23:00:00,-4.2,963.3,61.9,298,51
2016-01-23 00:00:00,-3.3,963.1,61.2,298,45
2016-01-23 01:00:00,-3.7,963.3,61.9,298,43
2016-01-23 02:00:00,-3.6,963.4,61.3,298,45
2016-01-23 03:00:00,-3,963.5,61.9,298,49
2016-01-23 04:00:00,-2.7,964,61.3,298,51
2016-01-23 05:00:00,-2.7,964.2,61.9,298,51
2016-01-23 06:00:00,-2.9,964.6,60.7,298,54
2016-01-23 07:00:00,-1.6,964.7,61.9,301,52
2016-01-23 08:00:00,-0.8,965,61.9,301,51
2016-01-23 09:00:00,0.4,965.2,43.8,297,42
2016-01-23 10:00:00,1.5,965.2,35,282,35
2016-01-23 11:00:00,2.8,965.3,62.6,298,37
2016-01-23 12:00:00,1.3,965.5,61.9,298,47
2016-01-23 13:00:00,1.3,965.6,61.9,298,47
2016-01-23 14:00:00,0.8,965.9,62,298,48
2016-01-23 15:00:00,0.6,966.2,62.6,298,53
2016-01-23 16:00:00,-0.7,966.3,63.9,298,63
2016-01-23 17:00:00,-0.6,966.2,63.9,298,54
2016-01-23 18:00:00,-0.6,966.3,63.8,298,60
2016-01-23 19:00:00,-1,966.6,63.9,298,62
2016-01-23 20:00:00,-0.7,966.8,63.3,298,58
2016-01-23 21:00:00,-1.2,966.7,63.9,298,61
2016-01-23 22:00:00,-1.8,966.7,62.6,298,53
2016-01-23 23:00:00,-2.2,966.9,63.2,298,50
2016-01-24 00:00:00,-2.9,967,60.2,300,51
2016-01-24 01:00:00,-4,966.9,63.1,301,51
2016-01-24 02:00:00,-4.3,967,63.3,298,46
2016-01-24 03:00:00,-4.5,967,61.9,298,44
2016-01-24 04:00:00,-3.9,967.1,61.3,298,39
2016-01-24 05:00:00,-3.5,967,62.6,298,43
2016-01-24 06:00:00,-3,967,61.3,298,45
2016-01-24 07:00:00,-2,967.4,61.3,298,43
2016-01-24 08:00:00,-0.7,967.5,61.3,298,40
2016-01-24 09:00:00,0.1,967.6,61.3,298,39
2016-01-24 10:00:00,1.2,967.6,61.3,298,44
2016-01-24 11:00:00,2.4,967.7,64.4,300,38
2016-01-24 12:00:00,3,967.8,61.9,301,39
2016-01-24 13:00:00,3.7,967.9,61.1,302,38
2016-01-24 14:00:00,2.9,968,55.4,303,43
2016-01-24 15:00:00,2.5,968,56.5,291,47
2016-01-24 16:00:00,2.6,967.9,61.9,298,40
2016-01-24 17:00:00,2.1,967.8,61.9,298,34
2016-01-24 18:00:00,2.2,967.7,61.9,298,45
2016-01-24 19:00:00,1.1,968,62.5,298,50
2016-01-24 20:00:00,0.1,968.1,63.9,298,45
2016-01-24 21:00:00,-1.2,968.2,63.3,298,50
2016-01-24 22:00:00,-2.9,968.2,63.9,298,52
2016-01-24 23:00:00,-3.3,968.1,63.9,298,50
2016-01-25 00:00:00,-3.5,968,63.3,298,46
2016-01-25 01:00:00,-4.1,967.9,58.9,299,45
2016-01-25 02:00:00,-3.9,967.8,58.8,296,40
2016-01-25 03:00:00,-3.5,967.7,49.2,289,38
2016-01-25 04:00:00,-3.8,967.6,63.2,299,41
2016-01-25 05:00:00,-3.7,967.6,63.2,299,40
2016-01-25 06:00:00,-3.1,967.5,63.2,299,43
2016-01-25 07:00:00,-1.9,967.6,62.5,297,44
2016-01-25 08:00:00,-0.4,967.8,61.2,297,50
2016-01-25 09:00:00,0.3,967.7,61.9,298,42
2016-01-25 10:00:00,1,967.6,61.3,298,40
2016-01-25 11:00:00,1.8,967.5,61.2,298,39
2016-01-25 12:00:00,2.6,967.6,62.6,298,40
2016-01-25 13:00:00,2.6,967.5,61.9,298,39
2016-01-25 14:00:00,0.3,967.6,61.3,298,51
2016-01-25 15:00:00,-0.6,967.6,61.9,298,71
2016-01-25 16:00:00,0,967.6,61.3,298,62
2016-01-25 17:00:00,0.5,967.7,58.1,299,60
2016-01-25 18:00:00,-1.1,967.8,61.3,300,66
2016-01-25 19:00:00,-2,968,61.3,300,70
2016-01-25 20:00:00,-2.4,968.1,58.4,294,75
2016-01-25 21:00:00,-3.4,968.3,39.7,291,76
2016-01-25 22:00:00,-3.6,968.3,62.4,299,76
2016-01-25 23:00:00,-4.3,968.5,61.9,299,79
2016-01-26 00:00:00,-4.5,968.4,63.9,298,77
2016-01-26 01:00:00,-5,968.5,63.2,300,81
2016-01-26 02:00:00,-5.2,968.6,61,298,81
2016-01-26 03:00:00,-4.9,968.6,60.3,301,79
2016-01-26 04:00:00,-4.6,968.4,62.6,298,77
2016-01-26 05:00:00,-4.6,968.4,62.6,298,75
2016-01-26 06:00:00,-3.7,968.6,62.6,298,64
2016-01-26 07:00:00,-3.6,968.6,63.2,298,66
2016-01-26 08:00:00,-2.9,968.8,61.9,298,66
2016-01-26 09:00:00,-1.7,968.8,61.9,298,61
2016-01-26 10:00:00,-1.1,968.8,61.3,298,57
2016-01-26 11:00:00,-0.9,968.9,61.8,298,51
2016-01-26 12:00:00,-0.3,969,64.8,299,49
2016-01-26 13:00:00,-2,969,61.3,299,57
2016-01-26 14:00:00,-0.6,969,61.9,299,57
2016-01-26 15:00:00,-1.5,969.1,59.3,298,62
2016-01-26 16:00:00,-1.4,969.2,59.4,298,62
2016-01-26 17:00:00,-3.1,969.6,62.8,300,74
2016-01-26 18:00:00,-4,969.8,61.9,300,76
2016-01-26 19:00:00,-4,970,61.9,300,76
2016-01-26 20:00:00,-4.2,970.3,60.5,301,75
2016-01-26 21:00:00,-4.3,970.8,62.4,299,79
2016-01-26 22:00:00,-4.2,971,63.9,298,80
2016-01-26 23:00:00,-4.5,971.2,63.2,299,79
2016-01-27 00:00:00,-4.5,971.4,56.8,298,78
2016-01-27 01:00:00,-5.1,971.7,60.1,297,78
2016-01-27 02:00:00,-5.2,972,63.3,298,79
2016-01-27 03:00:00,-5.7,972.4,61.3,298,83
2016-01-27 04:00:00,-5.8,972.6,61.8,298,77
2016-01-27 05:00:00,-7.3,973.2,61.9,298,78
2016-01-27 06:00:00,-7.5,973.5,61.3,298,80
2016-01-27 07:00:00,-7.5,974.1,61.3,299,82
2016-01-27 08:00:00,-6.2,974.4,61.3,299,67
2016-01-27 09:00:00,-5.8,975,61.7,299,71
2016-01-27 10:00:00,-4.2,975.2,59.6,303,62
2016-01-27 11:00:00,-3.5,975.5,59.2,303,61
2016-01-27 12:00:00,-3,975.6,62.6,300,60
2016-01-27 13:00:00,-1.7,975.7,61.9,300,56
2016-01-27 14:00:00,-1,975.5,22.7,290,55
2016-01-27 15:00:00,-0.5,975.5,37.9,311,54
2016-01-27 16:00:00,-0.9,975.5,61.9,298,54
2016-01-27 17:00:00,-1.9,975.8,62.6,298,61
2016-01-27 18:00:00,-2.4,975.8,61.9,298,64
2016-01-27 19:00:00,-2.7,976,62.6,298,66
2016-01-27 20:00:00,-2.9,976.2,63.9,298,66
2016-01-27 21:00:00,-3.2,976.6,63.3,298,67
2016-01-27 22:00:00,-3.5,976.9,63,298,67
2016-01-27 23:00:00,-4,976.7,61.8,298,67
2016-01-28 00:00:00,-4.9,976.8,63.3,301,59
2016-01-28 01:00:00,-4.5,976.6,63.3,298,53
2016-01-28 02:00:00,-4.6,976.4,62,298,49
2016-01-28 03:00:00,-4.3,976.4,61.9,298,48
2016-01-28 04:00:00,-3.9,976.4,61,299,44
2016-01-28 05:00:00,-2.6,976.2,61.3,298,38
2016-01-28 06:00:00,-3.8,976.1,61.3,298,51
2016-01-28 07:00:00,-2,976.2,61.9,298,48
2016-01-28 08:00:00,-1,976.1,63.3,298,37
2016-01-28 09:00:00,-0.5,975.9,63.9,298,40
2016-01-28 10:00:00,1.3,975.6,63.1,299,39
2016-01-28 11:00:00,1.7,975.2,62.6,301,37
2016-01-28 12:00:00,1.1,974.8,63.3,301,41
2016-01-28 13:00:00,1.3,974.1,53.4,295,44
2016-01-28 14:00:00,1.1,973.2,55.7,289,45
2016-01-28 15:00:00,1.4,972.5,63.1,298,45
2016-01-28 16:00:00,1,971.8,63.3,298,45
2016-01-28 17:00:00,0.7,971.1,63.3,298,38
2016-01-28 18:00:00,0.5,970.5,63.2,298,34
2016-01-28 19:00:00,0.2,970.1,61.3,298,37
2016-01-28 20:00:00,-1.4,969.3,61.9,298,56
2016-01-28 21:00:00,-3.2,968.8,61.3,298,58
2016-01-28 22:00:00,-3.4,968.2,61.9,298,55
2016-01-28 23:00:00,-3.7,967.9,61.3,298,48
2016-01-29 00:00:00,-3.6,967.2,61.9,301,47
2016-01-29 01:00:00,-5.7,966.2,62.6,298,50
2016-01-29 02:00:00,-5.3,965.1,63.3,298,42
2016-01-29 03:00:00,-3.5,964.4,63.7,298,40
2016-01-29 04:00:00,-3.2,963.5,63.9,298,43
2016-01-29 05:00:00,-2.3,962.7,63.9,298,41
2016-01-29 06:00:00,-1.8,962.1,63.9,298,42
2016-01-29 07:00:00,-1.7,961.2,63.9,298,46
2016-01-29 08:00:00,-2.3,960.5,62.6,298,57
2016-01-29 09:00:00,0.4,959.5,65.8,299,46
2016-01-29 10:00:00,1.5,958.3,63,298,45
2016-01-29 11:00:00,1.1,957,62.2,300,52
2016-01-29 12:00:00,0.9,956.1,63.3,301,52
2016-01-29 13:00:00,0.8,955,58.1,305,53
2016-01-29 14:00:00,0.9,953.8,62.7,296,54
2016-01-29 15:00:00,0.5,952.6,63.3,298,57
2016-01-29 16:00:00,-0.3,951.6,62.6,298,63
2016-01-29 17:00:00,-0.4,950.7,63.3,298,64
2016-01-29 18:00:00,0.2,949.8,62.3,298,61
2016-01-29 19:00:00,-0.6,949.1,61.9,298,65
2016-01-29 20:00:00,-1.4,948.4,61.9,298,55
2016-01-29 21:00:00,-2.8,947.9,62.4,298,60
2016-01-29 22:00:00,-3,947.6,62.3,298,61
2016-01-29 23:00:00,-4,947.6,61.3,298,72
2016-01-30 00:00:00,-5.3,947.5,61.3,298,73
2016-01-30 01:00:00,-7,947.3,40.1,314,76
2016-01-30 02:00:00,-8.8,947.4,62.6,298,77
2016-01-30 03:00:00,-10,947.6,62.6,298,79
2016-01-30 04:00:00,-10.4,947.8,63.3,298,79
2016-01-30 05:00:00,-10,948.2,62.5,300,79
2016-01-30 06:00:00,-9.6,948.7,63.3,301,78
2016-01-30 07:00:00,-7.3,949.3,44.8,315,67
2016-01-30 08:00:00,-6.9,949.7,55.5,291,70
2016-01-30 09:00:00,-5.8,950.3,63.3,298,67
2016-01-30 10:00:00,-5.4,950.9,62.6,298,68
2016-01-30 11:00:00,-3.7,951.5,62.6,298,65
2016-01-30 12:00:00,-3.3,952,61.9,298,64
2016-01-30 13:00:00,-3.7,952.4,61.3,298,65
2016-01-30 14:00:00,-2.6,952.5,61.9,298,62
2016-01-30 15:00:00,-1.5,952.8,61.3,298,63
2016-01-30 16:00:00,-2.8,953.1,62.6,298,58
2016-01-30 17:00:00,-4.5,953.9,62.6,298,65
2016-01-30 18:00:00,-4.3,954.4,61.9,298,63
2016-01-30 19:00:00,-4.5,954.9,61.9,298,67
2016-01-30 20:00:00,-4.6,955.4,61.9,298,68
2016-01-30 21:00:00,-4.8,955.8,59.4,300,71
2016-01-30 22:00:00,-5.4,956.1,19.3,287,72
2016-01-30 23:00:00,-5.8,956.5,62.6,298,66
2016-01-31 00:00:00,-5.6,956.7,63.9,298,66
2016-01-31 01:00:00,-5.8,957.3,63.9,298,66
2016-01-31 02:00:00,-6.5,957.6,66.7,299,68
2016-01-31 03:00:00,-6.3,958.1,42.7,308,71
2016-01-31 04:00:00,-6.4,958.8,62.6,298,73
2016-01-31 05:00:00,-6,959.4,61.9,298,72
2016-01-31 06:00:00,-5,959.8,61.9,298,70
2016-01-31 07:00:00,-4.3,960.4,61.9,298,68
2016-01-31 08:00:00,-4,960.7,61.9,298,67
2016-01-31 09:00:00,-2.6,961.2,61.9,298,62
2016-01-31 10:00:00,-3.1,961.7,61.3,298,67
2016-01-31 11:00:00,-2.6,962.2,61.9,298,65
2016-01-31 12:00:00,-2.1,962.7,61.9,298,62
2016-01-31 13:00:00,-1.5,963.2,62.6,298,61
2016-01-31 14:00:00,-1.1,963.9,60.3,299,60
2016-01-31 15:00:00,-1.2,964.4,62.6,301,61
2016-01-31 16:00:00,-2.1,964.8,62.6,301,63
2016-01-31 17:00:00,-2.2,965.4,52,292,64
2016-01-31 18:00:00,-2.7,965.9,21.9,290,65
2016-01-31 19:00:00,-3.4,966.3,61.9,298,69
2016-01-31 20:00:00,-3.5,966.6,61.9,298,72
2016-01-31 21:00:00,-3.5,966.7,62.8,298,71
2016-01-31 22:00:00,-3.1,967,63.9,298,69
2016-01-31 23:00:00,-3.1,967.5,63.3,298,69
2016-02-01 00:00:00,-3.3,967.6,63.3,298,72
2016-02-01 01:00:00,-3.4,967.9,62.4,299,70
2016-02-01 02:00:00,-3.9,967.9,63.9,298,73
2016-02-01 03:00:00,-3.7,967.8,64.7,298,67
2016-02-01 04:00:00,-2.8,968,60,299,61
2016-02-01 05:00:00,-3,968.5,62.6,301,63
2016-02-01 06:00:00,-3,968.8,63.3,301,64
2016-02-01 07:00:00,-2.7,969,58.6,301,64
2016-02-01 08:00:00,-2.1,969.2,13.8,307,65
2016-02-01 09:00:00,-1.6,969.6,63.3,298,64
2016-02-01 10:00:00,-1.2,969.7,63.2,298,65
2016-02-01 11:00:00,-0.8,970,62.6,298,64
2016-02-01 12:00:00,-0.8,970.2,63.3,298,69
2016-02-01 13:00:00,-0.9,970.3,61.9,298,68
2016-02-01 14:00:00,-0.9,970.2,62.6,298,68
2016-02-01 15:00:00,-1,970.1,62.6,298,72
2016-02-01 16:00:00,-1.1,970,61.9,298,72
2016-02-01 17:00:00,-1.2,969.9,61.3,298,74
2016-02-01 18:00:00,-1.5,970,61.9,298,71
2016-02-01 19:00:00,-1.8,970.1,61.3,298,69
2016-02-01 20:00:00,-2.2,970.1,61.9,298,71
2016-02-01 21:00:00,-2.6,970.1,61.9,298,72
2016-02-01 22:00:00,-2.8,970.1,61.6,299,71
2016-02-01 23:00:00,-3,969.8,59.8,298,71
2016-02-02 00:00:00,-3.1,969.6,61.9,301,70
2016-02-02 01:00:00,-3,969.4,39.3,298,69
2016-02-02 02:00:00,-3,969.1,26.5,283,72
2016-02-02 03:00:00,-2.9,968.5,61.9,298,69
2016-02-02 04:00:00,-2.9,968.5,62.6,298,71
2016-02-02 05:00:00,-2.8,968.2,62.6,298,68
2016-02-02 06:00:00,-2.5,968.4,62.1,298,65
2016-02-02 07:00:00,-2.5,968.6,63.3,298,71
2016-02-02 08:00:00,-2.5,968.8,63.9,298,74
2016-02-02 09:00:00,-2.1,968.8,62.6,298,72
2016-02-02 10:00:00,-2,968.7,63.9,298,74
2016-02-02 11:00:00,-1.4,968.6,63.9,298,68
2016-02-02 12:00:00,-0.9,968.7,63.9,298,66
2016-02-02 13:00:00,-0.4,968.6,61.9,298,65
2016-02-02 14:00:00,-0.4,968.5,63.3,298,67
2016-02-02 15:00:00,-0.1,968.5,60.7,299,64
2016-02-02 16:00:00,0,968.5,63.4,301,62
2016-02-02 17:00:00,-0.5,968.6,63.3,301,61
2016-02-02 18:00:00,-0.7,968.6,42.2,303,61
2016-02-02 19:00:00,-1.2,969,45.4,284,59
2016-02-02 20:00:00,-1.5,969.2,62.6,298,57
2016-02-02 21:00:00,-2.3,969.3,63.3,298,54
2016-02-02 22:00:00,-2.6,969.3,62.6,298,52
2016-02-02 23:00:00,-2.7,969.2,61.8,298,51
2016-02-03 00:00:00,-3,969.3,62.6,298,53
2016-02-03 01:00:00,-2.8,969.6,61.9,298,51
2016-02-03 02:00:00,-3,969.4,61.3,298,52
2016-02-03 03:00:00,-2.7,969.2,61.9,298,53
2016-02-03 04:00:00,-2.2,969.2,61.9,298,51
2016-02-03 05:00:00,-1.9,969.4,61.3,298,48
2016-02-03 06:00:00,-1.4,969.6,62.6,298,47
2016-02-03 07:00:00,-0.9,969.9,61.3,298,48
2016-02-03 08:00:00,-0.5,969.9,62.3,301,44
2016-02-03 09:00:00,0.4,970.2,62.1,301,47
2016-02-03 10:00:00,1.1,970.3,48.2,304,46
2016-02-03 11:00:00,1.7,970.5,37.8,285,46
2016-02-03 12:00:00,2.1,970.8,61.9,298,44
2016-02-03 13:00:00,2.4,970.8,61.9,298,42
2016-02-03 14:00:00,2.1,971,62.6,298,47
2016-02-03 15:00:00,2.5,971.2,63.2,298,50
2016-02-03 16:00:00,1.5,971.2,63.3,298,56
2016-02-03 17:00:00,1.1,971.4,63.3,298,55
2016-02-03 18:00:00,0.5,971.7,62.6,298,56
2016-02-03 19:00:00,0.2,972.1,62.6,298,56
2016-02-03 20:00:00,-0.8,972.1,63.3,298,56
2016-02-03 21:00:00,-1,972.2,63.9,298,48
2016-02-03 22:00:00,-1.1,972.4,63.3,298,48
2016-02-03 23:00:00,-1.9,972.6,63.9,298,43
2016-02-04 00:00:00,-2,972.7,56.6,299,43
2016-02-04 01:00:00,-2.1,972.9,63.2,301,40
2016-02-04 02:00:00,-2.3,972.8,62.6,301,39
2016-02-04 03:00:00,-2.4,972.7,63.3,301,38
2016-02-04 04:00:00,-2.3,972.8,57.5,297,38
2016-02-04 05:00:00,-2,973,61.5,303,39
2016-02-04 06:00:00,-1.7,973.1,63.3,298,38
2016-02-04 07:00:00,-0.8,973.1,63.1,298,38
2016-02-04 08:00:00,-0.5,973.3,62.6,298,38
2016-02-04 09:00:00,-0.3,973.6,62.1,298,41
2016-02-04 10:00:00,0.2,973.7,61.3,298,44
2016-02-04 11:00:00,0.6,973.6,61.9,298,37
2016-02-04 12:00:00,0.7,973.6,61.3,298,40
2016-02-04 13:00:00,0.6,973.5,63.3,298,44
2016-02-04 14:00:00,0.4,973.4,61.9,298,43
2016-02-04 15:00:00,0.2,973,61.9,298,45
2016-02-04 16:00:00,-1,972.9,63.3,298,49
2016-02-04 17:00:00,-1.5,972.6,63.9,298,49
2016-02-04 18:00:00,-2.3,972.5,60.2,298,65
2016-02-04 19:00:00,-3.8,972.4,66.3,300,84
2016-02-04 20:00:00,-4.7,972.5,48.2,289,89
2016-02-04 21:00:00,-5,972.3,62.6,298,93
2016-02-04 22:00:00,-4.8,972.2,61.2,298,94
2016-02-04 23:00:00,-5,971.9,61.3,298,93
2016-02-05 00:00:00,-5.1,971.8,62.6,301,94
2016-02-05 01:00:00,-5,971.5,53.3,286,95
2016-02-05 02:00:00,-4.9,971,63.1,298,95
2016-02-05 03:00:00,-5.1,970.8,62.5,298,95
2016-02-05 04:00:00,-5.2,970.8,63.3,298,95
2016-02-05 05:00:00,-5.1,970.4,63.3,301,95
2016-02-05 06:00:00,-5,970.4,62.6,298,95
2016-02-05 07:00:00,-4.9,970.5,61.3,298,95
2016-02-05 08:00:00,-5.5,970.4,62.6,298,95
2016-02-05 09:00:00,-4.7,969.6,61.3,298,95
2016-02-05 10:00:00,-4.8,969.7,57.5,298,95
2016-02-05 11:00:00,-4.3,969.5,61.7,301,96
2016-02-05 12:00:00,-4.3,969.5,61.3,301,96
2016-02-05 13:00:00,-4.1,968.9,59,301,96
2016-02-05 14:00:00,-4,968.6,37.3,322,96
2016-02-05 15:00:00,-4.2,968.3,62.5,298,96
2016-02-05 16:00:00,-4.2,968,62.5,299,96
2016-02-05 17:00:00,-4.5,967.7,61.2,299,96
2016-02-05 18:00:00,-4.6,967.7,62,297,96
2016-02-05 19:00:00,-4.5,967.7,63.5,298,96
2016-02-05 20:00:00,-4.6,967.6,63.9,298,96
2016-02-05 21:00:00,-4.7,968.1,63.2,300,96
2016-02-05 22:00:00,-4.7,968,63,298,96
2016-02-05 23:00:00,-4.7,968,59.9,298,96
2016-02-06 00:00:00,-4.7,968.1,61.9,298,96
2016-02-06 01:00:00,-4.8,968.1,61.9,298,96
2016-02-06 02:00:00,-4.9,967.9,55.6,301,96
2016-02-06 03:00:00,-4.9,967.6,62.6,299,96
2016-02-06 04:00:00,-4.8,967.3,63.3,298,96
2016-02-06 05:00:00,-4.6,967.5,63.3,298,96
2016-02-06 06:00:00,-4.5,967.4,63,298,96
2016-02-06 07:00:00,-4.1,967.1,59.4,299,96
2016-02-06 08:00:00,-3.9,966.4,63.3,300,97
2016-02-06 09:00:00,-3.6,966.1,60.5,305,97
2016-02-06 10:00:00,-3.4,965.5,28.5,296,97
2016-02-06 11:00:00,-3.3,965.2,63.1,299,97
2016-02-06 12:00:00,-3.1,965.4,62.6,299,97
2016-02-06 13:00:00,-3,965.1,61.8,300,97
2016-02-06 14:00:00,-3.2,964.1,43.3,302,97
2016-02-06 15:00:00,-3.2,963,62.6,298,97
2016-02-06 16:00:00,-3.1,962.3,61.9,298,97
2016-02-06 17:00:00,-2.9,962,63.2,298,97
2016-02-06 18:00:00,-2.7,961.8,61.9,298,98
2016-02-06 19:00:00,-2.5,961.6,61.3,298,98
2016-02-06 20:00:00,-2.6,961.1,61.3,298,98
2016-02-06 21:00:00,-2.4,960.7,61.3,298,97
2016-02-06 22:00:00,-2.1,960.6,61.3,299,97
2016-02-06 23:00:00,-2.3,960.8,61.9,300,97
2016-02-07 00:00:00,-2.1,960.4,57.5,302,96
2016-02-07 01:00:00,-1.5,960.2,37.4,308,96
2016-02-07 02:00:00,-1.4,960.1,61.7,299,96
2016-02-07 03:00:00,-1.2,959.4,62.6,299,96
2016-02-07 04:00:00,-1.6,960.1,61.9,299,96
2016-02-07 05:00:00,-1.6,960.4,56.4,288,95
2016-02-07 06:00:00,-2,960.7,62.8,296,96
2016-02-07 07:00:00,-1.9,960.6,63.3,298,93
2016-02-07 08:00:00,-0.9,960.9,63.3,298,92
2016-02-07 09:00:00,0.8,961.3,63.9,298,96
2016-02-07 10:00:00,0.5,961.5,63.3,298,98
2016-02-07 11:00:00,0.7,961.8,61.2,298,97
2016-02-07 12:00:00,0.9,961.7,63.3,298,96
2016-02-07 13:00:00,0,962.1,61.9,299,97
2016-02-07 14:00:00,0.7,962.4,63.2,299,96
2016-02-07 15:00:00,0.6,962.3,62.6,299,96
2016-02-07 16:00:00,0.2,962.6,51.3,312,97
2016-02-07 17:00:00,-0.5,962.6,64.7,299,94
2016-02-07 18:00:00,-0.7,962.9,62.6,300,91
2016-02-07 19:00:00,-1.9,963.3,62.6,300,88
2016-02-07 20:00:00,-2.9,963.6,51.4,305,87
2016-02-07 21:00:00,-2.8,964,29.5,313,89
2016-02-07 22:00:00,-2.7,964,62.3,298,85
2016-02-07 23:00:00,-2,964.3,61.9,298,81
2016-02-08 00:00:00,-1.5,964.5,62.6,298,75
2016-02-08 01:00:00,-2.8,964.8,62.6,298,78
2016-02-08 02:00:00,-2,965,63.6,298,75
2016-02-08 03:00:00,-1.7,965.3,63.3,298,76
2016-02-08 04:00:00,-2,965.7,63.9,298,71
2016-02-08 05:00:00,-1.4,965.9,62.8,299,77
2016-02-08 06:00:00,-1.2,966.2,64.6,298,78
2016-02-08 07:00:00,-1.3,966.8,63.2,299,82
2016-02-08 08:00:00,-1,966.9,61.3,299,80
2016-02-08 09:00:00,-0.8,967.4,63.3,299,84
2016-02-08 10:00:00,-0.8,967.3,63.2,298,85
2016-02-08 11:00:00,-1,967.4,59.9,299,86
2016-02-08 12:00:00,-1,967.6,62.9,300,78
2016-02-08 13:00:00,-0.9,967.6,62.6,300,79
2016-02-08 14:00:00,-0.9,967.6,59.3,301,81
2016-02-08 15:00:00,-1.1,967.4,63.2,301,84
2016-02-08 16:00:00,-1.2,967.2,54.5,307,85
2016-02-08 17:00:00,-1.3,967.4,62.6,298,85
2016-02-08 18:00:00,-1.5,967.5,62.6,298,87
2016-02-08 19:00:00,-1.7,967.5,63.3,298,88
2016-02-08 20:00:00,-1.7,967.6,61.3,298,90
2016-02-08 21:00:00,-1.5,967.7,61.9,298,88
2016-02-08 22:00:00,-1.8,968.1,61.5,298,91
2016-02-08 23:00:00,-2.1,968.4,61.9,298,91
2016-02-09 00:00:00,-2.3,968.4,61.3,298,86
2016-02-09 01:00:00,-2.5,968.4,61.3,298,82
2016-02-09 02:00:00,-2.7,968.6,61.3,298,83
2016-02-09 03:00:00,-2.5,968.4,61.3,298,79
2016-02-09 04:00:00,-2.3,968.4,60.7,299,77
2016-02-09 05:00:00,-2.3,968.4,63.7,300,78
2016-02-09 06:00:00,-2.4,968.6,62.6,301,74
2016-02-09 07:00:00,-2.2,968.9,62.6,301,76
2016-02-09 08:00:00,-2.1,968.9,41.2,313,77
2016-02-09 09:00:00,-1.7,969.2,61.9,298,75
2016-02-09 10:00:00,-1.5,968.9,61.9,298,76
2016-02-09 11:00:00,-1.1,968.6,61.9,298,73
2016-02-09 12:00:00,-0.9,968.5,62.6,298,75
2016-02-09 13:00:00,-0.9,968.7,63.9,298,75
2016-02-09 14:00:00,-0.8,968.4,63.9,298,74
2016-02-09 15:00:00,-0.9,967.8,63.3,298,74
2016-02-09 16:00:00,-0.7,967.3,63.3,298,72
2016-02-09 17:00:00,-1,967.4,63.7,298,73
2016-02-09 18:00:00,-1.4,967.2,63.3,298,74
2016-02-09 19:00:00,-1.7,967.4,63.9,298,77
2016-02-09 20:00:00,-1.7,967.5,62.7,298,74
2016-02-09 21:00:00,-1.8,967.4,65.8,299,72
2016-02-09 22:00:00,-1.8,967.3,63.3,301,68
2016-02-09 23:00:00,-1.4,966.8,63.3,301,65
2016-02-10 00:00:00,-1.3,966.3,60.5,300,64
2016-02-10 01:00:00,-1.3,965.6,47.8,311,61
2016-02-10 02:00:00,-0.8,965.3,61.2,295,54
2016-02-10 03:00:00,-0.8,964.9,63.3,298,50
2016-02-10 04:00:00,-1,964.6,62.6,298,49
2016-02-10 05:00:00,-2.1,963.7,62.6,298,58
2016-02-10 06:00:00,-1.4,962.8,62.6,298,50
2016-02-10 07:00:00,-1.5,962.2,62.6,298,45
2016-02-10 08:00:00,-1.9,961.7,61.9,298,49
2016-02-10 09:00:00,-1.4,961.4,62.6,298,52
2016-02-10 10:00:00,-0.6,960.4,63.9,298,41
2016-02-10 11:00:00,0,959.6,63.9,298,50
2016-02-10 12:00:00,1.5,958.8,63.3,298,43
2016-02-10 13:00:00,3,958,70.3,299,36
2016-02-10 14:00:00,2.1,957.1,63.3,301,34
2016-02-10 15:00:00,2.1,956.5,63.1,301,53
2016-02-10 16:00:00,0.5,955.4,49.8,303,55
2016-02-10 17:00:00,-1.1,954.8,36.9,280,55
2016-02-10 18:00:00,-1.5,954.4,62.6,298,45
2016-02-10 19:00:00,-1.1,954.1,62.6,298,39
2016-02-10 20:00:00,-2.8,953.9,62.6,298,46
2016-02-10 21:00:00,-4.9,953.9,62.6,298,49
2016-02-10 22:00:00,-3.5,954.3,61.3,298,42
2016-02-10 23:00:00,-3.7,955,61.3,298,40
2016-02-11 00:00:00,-4.9,955.9,61.9,301,43
2016-02-11 01:00:00,-4.8,957.1,40.6,288,46
2016-02-11 02:00:00,-4.6,958,63.3,298,40
2016-02-11 03:00:00,-4.1,958.4,63.3,298,38
2016-02-11 04:00:00,-4.9,959.2,62.6,298,45
2016-02-11 05:00:00,-5,960.1,62.6,301,47
2016-02-11 06:00:00,-4.8,960.9,54.3,289,45
2016-02-11 07:00:00,-4.5,961.9,62.6,298,47
2016-02-11 08:00:00,-3.5,962.8,62.6,298,44
2016-02-11 09:00:00,-2.6,963.8,62.6,298,45
2016-02-11 10:00:00,-1.7,964.7,62.4,298,43
2016-02-11 11:00:00,-1.1,965.6,61.9,298,48
2016-02-11 12:00:00,-0.4,966.6,61.3,298,45
2016-02-11 13:00:00,0.2,967.3,62.6,298,48
2016-02-11 14:00:00,0.6,967.8,62.1,299,46
2016-02-11 15:00:00,0.1,968.5,61.3,298,50
2016-02-11 16:00:00,0,969.2,61.3,298,45
2016-02-11 17:00:00,-0.8,970.1,61.3,298,47
2016-02-11 18:00:00,-1.9,970.8,61.3,298,45
2016-02-11 19:00:00,-4.3,971.3,63.5,298,51
2016-02-11 20:00:00,-5.6,972,61.9,301,53
2016-02-11 21:00:00,-6.4,972.7,61.7,295,57
2016-02-11 22:00:00,-6.3,973.6,62.6,298,53
2016-02-11 23:00:00,-6.5,974.2,63.4,299,54
2016-02-12 00:00:00,-6.1,974.7,63.3,298,51
2016-02-12 01:00:00,-6.9,974.7,62.5,300,51
2016-02-12 02:00:00,-7.2,975.1,62.6,298,55
2016-02-12 03:00:00,-7.6,975.4,62,298,56
2016-02-12 04:00:00,-6.7,976.1,61.9,298,52
2016-02-12 05:00:00,-6.1,976.4,61.9,298,47
2016-02-12 06:00:00,-5.9,976.6,62.6,298,60
2016-02-12 07:00:00,-5.5,976.7,61.9,298,59
2016-02-12 08:00:00,-4.7,977.1,61.3,298,56
2016-02-12 09:00:00,-3.5,977.4,61.3,301,50
2016-02-12 10:00:00,-3.2,977.5,62.1,301,51
2016-02-12 11:00:00,-1.4,977.5,62.6,301,53
2016-02-12 12:00:00,-0.9,977.6,61.9,302,51
2016-02-12 13:00:00,-0.4,977.8,59.1,290,54
2016-02-12 14:00:00,-1.5,977.3,62.6,298,54
2016-02-12 15:00:00,-1.3,977.6,62.6,298,57
2016-02-12 16:00:00,-2.5,977.4,61.9,298,64
2016-02-12 17:00:00,-3.2,977.7,61.9,298,68
2016-02-12 18:00:00,-3.1,977.8,62.6,298,66
2016-02-12 19:00:00,-3.4,977.4,63.9,298,68
2016-02-12 20:00:00,-2.6,978,63.3,298,71
2016-02-12 21:00:00,-2.6,978.1,63.9,298,73
2016-02-12 22:00:00,-2.6,977.7,63.3,298,68
2016-02-12 23:00:00,-2.1,977.9,62.8,298,71
2016-02-13 00:00:00,-1.4,977.3,61.9,298,52
2016-02-13 01:00:00,-1.7,976.9,61.3,298,55
2016-02-13 02:00:00,-1.8,977.2,61.3,298,59
2016-02-13 03:00:00,-3.8,977.1,62.3,298,56
2016-02-13 04:00:00,-4.1,977.2,62.6,301,55
2016-02-13 05:00:00,-3.7,976.8,61.9,301,53
2016-02-13 06:00:00,-3.3,976.6,55.1,299,53
2016-02-13 07:00:00,-1.7,976.1,61.6,296,55
2016-02-13 08:00:00,-1.4,975.6,62.6,298,57
2016-02-13 09:00:00,-2,975.2,62.6,298,54
2016-02-13 10:00:00,0.3,974.3,62.6,298,53
2016-02-13 11:00:00,0.3,973.5,62.9,298,46
2016-02-13 12:00:00,1.6,972.6,63.3,298,46
2016-02-13 13:00:00,1.5,971.3,63,298,40
2016-02-13 14:00:00,3.1,970.1,63.3,298,39
2016-02-13 15:00:00,2.1,969.2,63.6,298,42
2016-02-13 16:00:00,0.2,968.6,62.6,298,53
2016-02-13 17:00:00,-2.8,969.4,63.3,298,55
2016-02-13 18:00:00,-4.1,969.3,62.7,298,58
2016-02-13 19:00:00,-4.6,969.1,63.9,298,59
2016-02-13 20:00:00,-5,969.2,63.5,298,59
2016-02-13 21:00:00,-5.2,969.2,63.3,301,53
2016-02-13 22:00:00,-5.5,969.2,63.3,298,48
2016-02-13 23:00:00,-6,969,61.9,298,56
2016-02-14 00:00:00,-6.2,969.3,62.6,298,53
2016-02-14 01:00:00,-6.1,969.6,61.9,298,52
2016-02-14 02:00:00,-6.5,969.3,61.9,301,47
2016-02-14 03:00:00,-5.9,969,62.6,298,42
2016-02-14 04:00:00,-5.7,969,63.3,298,44
2016-02-14 05:00:00,-6.3,969.7,61.9,298,46
2016-02-14 06:00:00,-6.2,969.8,61.3,298,48
2016-02-14 07:00:00,-6.2,969.4,62.2,299,51
2016-02-14 08:00:00,-5,968.9,61.9,301,44
2016-02-14 09:00:00,-4.5,969.6,62.6,301,43
2016-02-14 10:00:00,-5.2,969.4,50.6,308,42
2016-02-14 11:00:00,-5.3,969.8,35.4,318,38
2016-02-14 12:00:00,-6.1,969.1,61.9,298,40
2016-02-14 13:00:00,-5,968.2,61.7,299,34
2016-02-14 14:00:00,-4.4,967.7,62.5,298,33
2016-02-14 15:00:00,-5.1,967.3,62.6,298,35
2016-02-14 16:00:00,-5,967,62.5,298,39
2016-02-14 17:00:00,-4.9,967.3,63.9,298,42
2016-02-14 18:00:00,-5.6,967.4,63.9,298,48
2016-02-14 19:00:00,-6.7,967.5,63.3,298,45
2016-02-14 20:00:00,-7.8,967.5,63.3,298,46
2016-02-14 21:00:00,-6.7,967.4,63.3,301,47
2016-02-14 22:00:00,-7.6,967.3,63.3,298,50
2016-02-14 23:00:00,-7.3,966.8,61.9,298,45
2016-02-15 00:00:00,-7.3,966.8,62.4,298,45
2016-02-15 01:00:00,-7.7,966.9,61.3,298,47
2016-02-15 02:00:00,-8.6,966.7,62.6,301,43
2016-02-15 03:00:00,-8.6,966.4,62.6,298,38
2016-02-15 04:00:00,-8.6,966.5,62.6,298,40
2016-02-15 05:00:00,-8.3,966.4,63.3,298,40
2016-02-15 06:00:00,-7.6,966.6,63.3,298,41
2016-02-15 07:00:00,-7.1,966.5,62.6,301,42
2016-02-15 08:00:00,-5.6,966.6,56.7,291,41
2016-02-15 09:00:00,-4.5,966.2,63.3,298,39
2016-02-15 10:00:00,-3.8,965.9,62.6,298,41
2016-02-15 11:00:00,-3.3,965.4,63.3,298,38
2016-02-15 12:00:00,-2.6,965.2,62.6,298,37
2016-02-15 13:00:00,-1.6,964.6,60.6,298,37
2016-02-15 14:00:00,-2.6,964.5,62.6,298,38
2016-02-15 15:00:00,-3.5,964.2,61.3,298,40
2016-02-15 16:00:00,-3.8,963.6,62.6,298,43
2016-02-15 17:00:00,-4.6,963,61.3,298,46
2016-02-15 18:00:00,-4.8,962.5,61.3,298,45
2016-02-15 19:00:00,-4.9,962.3,61.3,298,40
2016-02-15 20:00:00,-5.8,961.9,62.1,298,37
2016-02-15 21:00:00,-6.8,961.6,61.7,302,39
2016-02-15 22:00:00,-7.7,961.3,62.6,298,40
2016-02-15 23:00:00,-7.6,961,63.2,298,41
2016-02-16 00:00:00,-7.2,961.1,61.3,298,36
2016-02-16 01:00:00,-7.9,960.8,61.3,298,41
2016-02-16 02:00:00,-8.4,960.4,61.9,301,44
2016-02-16 03:00:00,-8.7,960.1,61.9,298,44
2016-02-16 04:00:00,-7.8,960.1,62.6,298,40
2016-02-16 05:00:00,-8.3,960.2,63.9,298,41
2016-02-16 06:00:00,-7,960.1,63.9,298,37
2016-02-16 07:00:00,-6,960.1,63,301,41
2016-02-16 08:00:00,-5,960.3,62.6,301,41
2016-02-16 09:00:00,-3.7,960.4,43.6,289,38
2016-02-16 10:00:00,-2.9,960,62.2,298,35
2016-02-16 11:00:00,-2,959.7,62.6,298,32
2016-02-16 12:00:00,-1.6,959.4,62.6,298,31
2016-02-16 13:00:00,-1.5,959.4,63.2,298,34
2016-02-16 14:00:00,-1.4,959.6,61.3,298,38
2016-02-16 15:00:00,-3,959.6,61.9,298,37
2016-02-16 16:00:00,-2.8,959.5,61.9,298,40
2016-02-16 17:00:00,-4.2,960.1,61.5,299,46
2016-02-16 18:00:00,-5,960.5,61.3,298,51
2016-02-16 19:00:00,-5.4,960.6,61.3,298,54
2016-02-16 20:00:00,-6.1,960.8,67.5,299,50
2016-02-16 21:00:00,-6.5,960.9,42,307,43
2016-02-16 22:00:00,-6.9,960.7,61.9,298,42
2016-02-16 23:00:00,-7.3,960.9,63.9,298,41
2016-02-17 00:00:00,-7.8,962.2,63.3,298,44
2016-02-17 01:00:00,-8.1,962.5,55.9,299,43
2016-02-17 02:00:00,-8.5,962.3,29.4,271,42
2016-02-17 03:00:00,-8.5,962.1,62.6,298,45
2016-02-17 04:00:00,-8.1,961.9,61.1,299,39
2016-02-17 05:00:00,-7.1,961.4,62.6,298,37
2016-02-17 06:00:00,-6.3,961.3,61.9,301,33
2016-02-17 07:00:00,-6.1,961.3,62.6,298,40
2016-02-17 08:00:00,-6.1,961.4,61.9,298,48
2016-02-17 09:00:00,-5.5,960.8,62.2,298,40
2016-02-17 10:00:00,-5,960.1,62.1,298,46
2016-02-17 11:00:00,-4.5,959.1,63.3,298,49
2016-02-17 12:00:00,-4.1,958.3,63.3,298,46
2016-02-17 13:00:00,-4.6,956.7,63,299,51
2016-02-17 14:00:00,-4.6,954.9,63.9,298,54
2016-02-17 15:00:00,-3.6,952.5,62.6,298,50
2016-02-17 16:00:00,-3.9,950.7,63.3,298,49
2016-02-17 17:00:00,-4,949.7,63.9,298,51
2016-02-17 18:00:00,-4.4,949,62.7,300,56
2016-02-17 19:00:00,-4.7,948.8,62.2,296,57
2016-02-17 20:00:00,-5,947.9,57.5,298,59
2016-02-17 21:00:00,-4.9,946.8,61.9,298,56
2016-02-17 22:00:00,-5.3,945.4,61.3,298,59
2016-02-17 23:00:00,-5.8,945,61.3,300,68
2016-02-18 00:00:00,-5.1,944.8,61.9,299,61
2016-02-18 01:00:00,-4.6,944,59.9,295,56
2016-02-18 02:00:00,-4.1,943.5,63.3,298,55
2016-02-18 03:00:00,-4.3,943,63.9,298,65
2016-02-18 04:00:00,-4.2,942.7,62.6,300,61
2016-02-18 05:00:00,-3.8,942.4,63.2,299,50
2016-02-18 06:00:00,-3.6,942.4,62.6,299,50
2016-02-18 07:00:00,-3.3,942,62.8,299,50
2016-02-18 08:00:00,-2.6,941.8,56.3,304,47
2016-02-18 09:00:00,-2.1,942.1,61.9,298,50
2016-02-18 10:00:00,-1.7,942.4,62.6,298,51
2016-02-18 11:00:00,-1.5,942.4,61.4,298,51
2016-02-18 12:00:00,-1.3,942.2,61.3,298,51
2016-02-18 13:00:00,-0.8,942,61.9,298,49
2016-02-18 14:00:00,-0.1,941.8,61.3,298,42
2016-02-18 15:00:00,-0.3,941.8,61.8,299,46
2016-02-18 16:00:00,-0.3,941.7,61.3,300,45
2016-02-18 17:00:00,-0.3,941.9,61.9,300,43
2016-02-18 18:00:00,-1.4,942.2,60.6,297,55
2016-02-18 19:00:00,-1.1,942.4,74.9,299,46
2016-02-18 20:00:00,-1.7,942.5,62.4,298,46
2016-02-18 21:00:00,-1.7,943,61.9,299,48
2016-02-18 22:00:00,-1.7,943.3,59.8,295,45
2016-02-18 23:00:00,-1.8,943.3,62.6,298,46
2016-02-19 00:00:00,-1.5,943.4,62.6,298,44
2016-02-19 01:00:00,-2,943.6,62.3,298,45
2016-02-19 02:00:00,-1.7,943.9,63.3,298,44
2016-02-19 03:00:00,-1.5,944.5,63.3,298,44
2016-02-19 04:00:00,-1.4,944.6,63.9,298,46
2016-02-19 05:00:00,-1.3,945,63.3,298,47
2016-02-19 06:00:00,-0.7,945.7,63.3,298,48
2016-02-19 07:00:00,0.5,946.3,63.2,299,44
2016-02-19 08:00:00,0.6,946.8,63.2,299,47
2016-02-19 09:00:00,1.3,947.5,61.5,296,46
2016-02-19 10:00:00,1.6,947.8,66.9,299,47
2016-02-19 11:00:00,1.6,948.3,63.2,300,49
2016-02-19 12:00:00,1.2,949.3,62.6,300,55
2016-02-19 13:00:00,1.5,950.2,61.6,301,53
2016-02-19 14:00:00,1.4,951.3,63.3,298,53
2016-02-19 15:00:00,1.4,951.9,62.6,298,53
2016-02-19 16:00:00,1.1,953.1,63.3,298,55
2016-02-19 17:00:00,1.2,953.8,62.6,298,51
2016-02-19 18:00:00,1.1,954.3,61.9,298,48
2016-02-19 19:00:00,1,954.6,61.3,298,45
2016-02-19 20:00:00,1.1,954.8,61.9,298,44
2016-02-19 21:00:00,0.9,955.6,61.9,298,47
2016-02-19 22:00:00,0.9,955.7,62.8,299,47
2016-02-19 23:00:00,1.1,956.4,61.3,299,47
2016-02-20 00:00:00,0.7,957.1,61.7,300,51
2016-02-20 01:00:00,0.2,958.2,57.7,306,54
2016-02-20 02:00:00,0.1,959.6,60.2,299,52
2016-02-20 03:00:00,0.1,960.4,61.9,300,52
2016-02-20 04:00:00,0,961.5,62.6,300,53
2016-02-20 05:00:00,-0.1,962.6,56.1,302,52
2016-02-20 06:00:00,-0.1,963.6,62.4,298,52
2016-02-20 07:00:00,0,964.5,62.6,298,50
2016-02-20 08:00:00,0.2,965.2,62.6,298,51
2016-02-20 09:00:00,0.3,965.8,63.4,298,53
2016-02-20 10:00:00,0.6,966.4,63.1,298,50
2016-02-20 11:00:00,1.2,967,63.9,298,51
2016-02-20 12:00:00,1.1,967.5,63.3,298,54
2016-02-20 13:00:00,1.5,967.6,63.9,298,54
2016-02-20 14:00:00,2,967.8,63.1,298,51
2016-02-20 15:00:00,1.9,968.1,63.3,298,53
2016-02-20 16:00:00,1.5,968.2,63.3,298,57
2016-02-20 17:00:00,1.4,968.5,61.9,298,53
2016-02-20 18:00:00,1.1,968.5,60.4,299,44
2016-02-20 19:00:00,0,968.6,62.5,301,45
2016-02-20 20:00:00,-0.6,968.6,62.6,301,37
2016-02-20 21:00:00,-0.8,968.8,45.4,293,36
2016-02-20 22:00:00,-1.8,968.9,57.9,292,37
2016-02-20 23:00:00,-2.1,968.9,63.3,298,37
2016-02-21 00:00:00,-2.8,968.6,63.3,298,36
2016-02-21 01:00:00,-2.9,968.3,63.3,298,37
2016-02-21 02:00:00,-4,968,61.3,298,37
2016-02-21 03:00:00,-4.1,967.7,61.9,298,38
2016-02-21 04:00:00,-3.6,967.5,61.3,298,36
2016-02-21 05:00:00,-3.6,967.4,61.9,298,35
2016-02-21 06:00:00,-3.5,967.2,61.9,299,37
2016-02-21 07:00:00,-3.1,967.3,62.6,301,39
2016-02-21 08:00:00,-2,967.4,62.6,301,36
2016-02-21 09:00:00,-1.7,967.1,43.4,287,41
2016-02-21 10:00:00,-1,966.7,51.2,288,38
2016-02-21 11:00:00,-1,966.5,61.9,298,36
2016-02-21 12:00:00,-0.9,966.1,62.6,298,36
2016-02-21 13:00:00,-0.1,966.3,61.9,298,38
2016-02-21 14:00:00,-1.4,966,63.9,298,37
2016-02-21 15:00:00,-1.9,966,63.3,298,40
2016-02-21 16:00:00,-1.7,965.5,63.3,298,38
2016-02-21 17:00:00,-2.6,965.2,63.3,299,45
2016-02-21 18:00:00,-2.6,965,63.9,298,46
2016-02-21 19:00:00,-3.5,964.5,63.6,298,50
2016-02-21 20:00:00,-4.6,963.7,63.9,298,47
2016-02-21 21:00:00,-4.7,962.7,63.3,301,38
2016-02-21 22:00:00,-5.8,961.9,63.3,298,37
2016-02-21 23:00:00,-5.9,961.1,61.9,298,36
2016-02-22 00:00:00,-6.1,960.2,61.3,298,34
2016-02-22 01:00:00,-7.1,959.5,63.2,298,37
2016-02-22 02:00:00,-7.2,958.6,53.3,305,33
2016-02-22 03:00:00,-6.8,958.2,62.6,298,31
2016-02-22 04:00:00,-7.6,957.6,63.9,298,37
2016-02-22 05:00:00,-7.5,957.5,63.3,298,37
2016-02-22 06:00:00,-7.2,957.6,63.9,298,40
2016-02-22 07:00:00,-6.7,957.4,17.2,310,43
2016-02-22 08:00:00,-6.4,957.9,63.3,298,45
2016-02-22 09:00:00,-5.7,958.7,61.9,298,44
2016-02-22 10:00:00,-5.1,959.4,61.9,298,38
2016-02-22 11:00:00,-5,960.3,61.9,298,41
2016-02-22 12:00:00,-4.5,960.6,62.6,298,45
2016-02-22 13:00:00,-3.5,961.3,61.3,298,46
2016-02-22 14:00:00,-3.6,961.9,61.3,298,47
2016-02-22 15:00:00,-3.3,962.7,61.3,298,44
2016-02-22 16:00:00,-3.8,963.2,62.2,298,48
2016-02-22 17:00:00,-3.8,963.9,61.3,298,48
2016-02-22 18:00:00,-3.8,964.7,62.7,301,43
2016-02-22 19:00:00,-3.7,967,61.9,301,46
2016-02-22 20:00:00,-6.1,968.6,61.9,298,49
2016-02-22 21:00:00,-6.4,969.3,63.3,298,58
2016-02-22 22:00:00,-6.3,970.5,62.6,298,60
2016-02-22 23:00:00,-6,972,65,298,64
2016-02-23 00:00:00,-4.8,972.2,45.8,301,68
2016-02-23 01:00:00,-4.1,973.3,62.6,298,67
2016-02-23 02:00:00,-4,974,61.9,298,68
2016-02-23 03:00:00,-3.9,975.3,61.3,298,69
2016-02-23 04:00:00,-3.4,975.9,61.3,298,61
2016-02-23 05:00:00,-3,976.5,60.9,298,56
2016-02-23 06:00:00,-2.7,977,62.6,301,52
2016-02-23 07:00:00,-2.2,977.5,62.6,301,51
2016-02-23 08:00:00,-1.6,977.3,60.9,303,49
2016-02-23 09:00:00,-1.6,977.5,61.9,298,53
2016-02-23 10:00:00,-1,977.3,62.6,298,52
2016-02-23 11:00:00,-0.5,977.4,61.5,299,47
2016-02-23 12:00:00,-0.4,976.8,62.6,298,46
2016-02-23 13:00:00,0.1,976.2,63.9,298,44
2016-02-23 14:00:00,0.6,975.6,63.9,298,38
2016-02-23 15:00:00,0.7,975.1,63.9,298,39
2016-02-23 16:00:00,0.8,973.8,63.9,298,38
2016-02-23 17:00:00,-0.1,973.3,63.9,298,42
2016-02-23 18:00:00,0.7,972.8,63.9,298,39
2016-02-23 19:00:00,1,972.4,63.3,298,42
2016-02-23 20:00:00,0.3,972,63.7,298,47
2016-02-23 21:00:00,0.1,971.1,58.3,300,46
2016-02-23 22:00:00,0.2,970.5,62.6,301,43
2016-02-23 23:00:00,0.1,969.7,63.3,301,41
2016-02-24 00:00:00,0.3,968.4,48.7,309,38
2016-02-24 01:00:00,0.4,967.4,63.3,298,36
2016-02-24 02:00:00,0.2,966.7,63.3,298,37
2016-02-24 03:00:00,0,965.9,62.6,298,38
2016-02-24 04:00:00,0,965,63.3,298,39
2016-02-24 05:00:00,-1,964.8,62.6,298,49
2016-02-24 06:00:00,-0.7,964.3,62,298,45
2016-02-24 07:00:00,-0.8,963.7,61.3,298,47
2016-02-24 08:00:00,-0.2,963,61.9,298,43
2016-02-24 09:00:00,-0.1,962.6,61.3,298,45
2016-02-24 10:00:00,0.1,962,61.9,298,45
2016-02-24 11:00:00,0.2,961.6,61.9,298,46
2016-02-24 12:00:00,0.1,961.7,62.6,298,46
2016-02-24 13:00:00,0,961.9,61.9,298,51
2016-02-24 14:00:00,-0.4,962,61.6,301,57
2016-02-24 15:00:00,-0.1,961.5,61.9,301,57
2016-02-24 16:00:00,-0.2,961.3,52.3,307,57
2016-02-24 17:00:00,-0.9,962,44.3,321,66
2016-02-24 18:00:00,-2,962.8,12.9,273,81
2016-02-24 19:00:00,-1.4,963.2,62.6,298,71
2016-02-24 20:00:00,-1,963.4,62.6,298,63
2016-02-24 21:00:00,-1.3,963.5,62.6,298,61
2016-02-24 22:00:00,-1.2,963.6,63.7,298,56
2016-02-24 23:00:00,-1.5,963.6,62.6,298,57
2016-02-25 00:00:00,-1.5,963.8,63.8,298,53
2016-02-25 01:00:00,-1.4,963.9,63.3,298,51
2016-02-25 02:00:00,-1.5,963.4,62.6,298,51
2016-02-25 03:00:00,-1.4,962.9,63.3,298,50
2016-02-25 04:00:00,-1.3,962.8,63.3,298,49
2016-02-25 05:00:00,-1.4,963.2,63.3,298,51
2016-02-25 06:00:00,-1.5,964,57.4,299,53
2016-02-25 07:00:00,-1.2,964.8,63.4,301,52
2016-02-25 08:00:00,-0.7,965.6,63.3,301,53
2016-02-25 09:00:00,-0.7,966.2,63.2,301,54
2016-02-25 10:00:00,-0.8,966.9,40.9,289,61
2016-02-25 11:00:00,-2,968.6,62.6,298,79
2016-02-25 12:00:00,-1.8,969.1,62.6,298,79
2016-02-25 13:00:00,-2,970.4,63.3,298,82
2016-02-25 14:00:00,-2.4,971.5,61.9,298,86
2016-02-25 15:00:00,-2.5,972.5,61.9,298,79
2016-02-25 16:00:00,-2.5,973.8,61.3,298,76
2016-02-25 17:00:00,-2.4,974.8,61.3,298,74
2016-02-25 18:00:00,-2.6,975.9,61.3,298,73
2016-02-25 19:00:00,-2.6,976.7,61.3,298,70
2016-02-25 20:00:00,-2.8,977.7,61.3,298,71
2016-02-25 21:00:00,-3.1,978.4,60.1,298,71
2016-02-25 22:00:00,-3.1,979,61.4,300,67
2016-02-25 23:00:00,-2.6,979.6,61.9,301,59
2016-02-26 00:00:00,-3.1,980.1,40.9,306,64
2016-02-26 01:00:00,-3,980.5,39.4,286,61
2016-02-26 02:00:00,-3.9,980.5,62.6,298,75
2016-02-26 03:00:00,-3.1,980.6,62.4,298,60
2016-02-26 04:00:00,-3.1,980.8,63.2,298,59
2016-02-26 05:00:00,-2.7,980.9,63.9,298,58
2016-02-26 06:00:00,-3.2,980.8,63.9,298,57
2016-02-26 07:00:00,-3.1,980.3,63.9,298,43
2016-02-26 08:00:00,-3.8,980.1,63.9,298,53
2016-02-26 09:00:00,-3.7,980.1,63.9,298,49
2016-02-26 10:00:00,-3.8,980,63.9,298,47
2016-02-26 11:00:00,-3.6,979.8,63.9,298,53
2016-02-26 12:00:00,-2.4,979.5,61.9,299,40
2016-02-26 13:00:00,-2.5,979.3,61.9,301,48
2016-02-26 14:00:00,-2.1,978.9,61.9,301,42
2016-02-26 15:00:00,-2,978.6,58,308,45
2016-02-26 16:00:00,-2,978.2,61.9,298,46
2016-02-26 17:00:00,-2.4,977.8,62.6,298,47
2016-02-26 18:00:00,-2.6,977.4,61.9,298,44
2016-02-26 19:00:00,-2.9,977.1,63,298,51
2016-02-26 20:00:00,-3.2,976.9,63.3,298,53
2016-02-26 21:00:00,-4.1,976.6,63.9,298,47
2016-02-26 22:00:00,-4,976.4,63.9,298,43
2016-02-26 23:00:00,-4.3,976.2,62.6,301,42
2016-02-27 00:00:00,-4.9,976,62.6,298,41
2016-02-27 01:00:00,-5.2,975.9,61.3,298,40
2016-02-27 02:00:00,-5.2,975.5,61.3,298,39
2016-02-27 03:00:00,-5.2,975.2,61.3,298,41
2016-02-27 04:00:00,-5.4,975.2,62.6,301,41
2016-02-27 05:00:00,-5.2,974.8,61.9,298,44
2016-02-27 06:00:00,-4.9,974.7,63.3,298,48
2016-02-27 07:00:00,-4.4,974.4,63.9,298,46
2016-02-27 08:00:00,-3.8,974,63.9,298,45
2016-02-27 09:00:00,-3.6,973.9,63.3,298,45
2016-02-27 10:00:00,-3.3,973.2,62.2,300,43
2016-02-27 11:00:00,-2.1,972.5,63.3,301,42
2016-02-27 12:00:00,-1.1,971.6,56.2,302,32
2016-02-27 13:00:00,-0.8,970.8,40.7,284,41
2016-02-27 14:00:00,-1,970.1,63,298,40
2016-02-27 15:00:00,-1.2,968.8,62.6,298,41
2016-02-27 16:00:00,-1.7,968.2,62.6,298,42
2016-02-27 17:00:00,-1.1,967.8,62.5,298,41
2016-02-27 18:00:00,-1.4,967,61.4,298,41
2016-02-27 19:00:00,-1.7,966.6,61.3,298,39
2016-02-27 20:00:00,-2.1,966.1,60.9,298,39
2016-02-27 21:00:00,-2.2,965.7,61.3,298,48
2016-02-27 22:00:00,-2.5,964.5,61.9,298,54
2016-02-27 23:00:00,-2.8,964.1,61.9,298,63
2016-02-28 00:00:00,-2.1,963,61.9,298,53
2016-02-28 01:00:00,-1.9,962.5,62,298,54
2016-02-28 02:00:00,-2.1,962.1,62.5,299,52
2016-02-28 03:00:00,-2.2,961.8,61.9,301,50
2016-02-28 04:00:00,-2.4,961.6,62.6,301,54
2016-02-28 05:00:00,-2.5,961.5,59.5,300,56
2016-02-28 06:00:00,-2.6,961.5,61.9,298,57
2016-02-28 07:00:00,-2.6,961.9,62.6,298,60
2016-02-28 08:00:00,-2.3,962.1,62.2,298,54
2016-02-28 09:00:00,-2.1,962.2,62.6,298,52
2016-02-28 10:00:00,-2,962.1,63.3,299,53
2016-02-28 11:00:00,-2.1,962,63.3,298,55
2016-02-28 12:00:00,-1.8,962.2,63.3,298,52
2016-02-28 13:00:00,-1.5,962.8,63.9,298,50
2016-02-28 14:00:00,-1.5,963.4,63.9,298,51
2016-02-28 15:00:00,-2,963.5,63.9,298,56
2016-02-28 16:00:00,-1.8,963.6,63.3,298,54
2016-02-28 17:00:00,-1.6,963.3,69.5,299,53
2016-02-28 18:00:00,-1.5,963.4,65.1,300,50
2016-02-28 19:00:00,-1.8,963.8,63.3,301,52
2016-02-28 20:00:00,-1.8,963.6,63.3,301,52
2016-02-28 21:00:00,-1.6,963.9,29.2,298,52
2016-02-28 22:00:00,-1.5,963.7,63.3,298,50
2016-02-28 23:00:00,-1.4,963.4,63.3,298,50
2016-02-29 00:00:00,-1.5,963.2,62.6,298,51
2016-02-29 01:00:00,-1.4,963.5,62.6,298,50
2016-02-29 02:00:00,-1.6,963.6,61.3,298,52
2016-02-29 03:00:00,-1.8,964,61.9,298,55
2016-02-29 04:00:00,-1.4,963.4,61.9,298,50
2016-02-29 05:00:00,-1.5,963.3,61.9,298,52
2016-02-29 06:00:00,-1.3,963.4,61.3,298,49
2016-02-29 07:00:00,-1.1,964,61.3,298,50
2016-02-29 08:00:00,-1.1,964.6,61.3,298,53
2016-02-29 09:00:00,-0.8,964.6,58.9,298,50
2016-02-29 10:00:00,-0.3,964.1,63.2,300,47
2016-02-29 11:00:00,0.4,963.8,61.9,301,43
2016-02-29 12:00:00,0.4,964,60.8,300,43
2016-02-29 13:00:00,0.7,963.8,24.7,290,46
2016-02-29 14:00:00,1,963.8,63.1,298,48
2016-02-29 15:00:00,0.3,963.5,62.6,298,51
2016-02-29 16:00:00,0,963.7,62.6,299,50
2016-02-29 17:00:00,-0.4,963.9,54,303,53
2016-02-29 18:00:00,-0.1,963.8,63.3,298,44
2016-02-29 19:00:00,-0.4,964.4,63.9,298,49
2016-02-29 20:00:00,-0.5,964,63.9,298,46
2016-02-29 21:00:00,-0.8,964,63.9,298,51
2016-02-29 22:00:00,-0.7,963.9,63.9,298,49
2016-02-29 23:00:00,-0.5,963.9,63.9,298,47
2016-03-01 00:00:00,-0.5,963.7,63.9,298,47
2016-03-01 01:00:00,-0.6,963.7,60.4,299,51
2016-03-01 02:00:00,-0.4,963.9,63,300,49
2016-03-01 03:00:00,-0.4,963.9,63.2,300,46
2016-03-01 04:00:00,-0.8,964.4,62.3,299,50
2016-03-01 05:00:00,-0.7,964.6,62.5,293,47
2016-03-01 06:00:00,-0.4,964.9,62.4,299,44
2016-03-01 07:00:00,-0.3,965,63.2,299,44
2016-03-01 08:00:00,0,965.3,54.9,304,44
2016-03-01 09:00:00,0,965.3,61.6,295,45
2016-03-01 10:00:00,0.6,965.4,61.9,298,45
2016-03-01 11:00:00,0.8,965,62.6,298,45
2016-03-01 12:00:00,1.2,965.2,62.6,298,46
2016-03-01 13:00:00,1.3,965.5,61.9,298,46
2016-03-01 14:00:00,1.5,965.5,61.3,298,48
2016-03-01 15:00:00,0.9,965.7,63.3,298,50
2016-03-01 16:00:00,0.4,965.9,63.3,298,47
2016-03-01 17:00:00,-0.3,965.7,61.8,299,52
2016-03-01 18:00:00,-0.8,966.1,63.2,300,55
2016-03-01 19:00:00,-0.8,965.8,61.8,300,45
2016-03-01 20:00:00,-1.3,965.7,57.7,302,48
2016-03-01 21:00:00,-2.4,965.2,63.7,299,59
2016-03-01 22:00:00,-2.2,964.6,63.2,299,52
2016-03-01 23:00:00,-2.6,964.1,63.2,299,53
2016-03-02 00:00:00,-3.1,963.5,59.5,301,54
2016-03-02 01:00:00,-2.4,963.3,61.9,298,46
2016-03-02 02:00:00,-2.4,963.1,61.9,298,47
2016-03-02 03:00:00,-1.8,962.8,61.9,298,50
2016-03-02 04:00:00,-2.1,962.6,62.5,298,53
2016-03-02 05:00:00,-2.3,962.2,61.9,298,52
2016-03-02 06:00:00,-2.4,961.7,62.6,298,51
2016-03-02 07:00:00,-2.5,961.5,61.9,298,48
2016-03-02 08:00:00,-2.4,960.8,61.6,298,46
2016-03-02 09:00:00,-3,960.3,62.4,299,50
2016-03-02 10:00:00,-1.9,959.8,61.9,299,49
2016-03-02 11:00:00,-1.7,959,61.9,299,36
2016-03-02 12:00:00,-1.4,958.6,61.7,300,45
2016-03-02 13:00:00,-1.2,958.1,51.9,297,46
2016-03-02 14:00:00,-1.4,957.5,62.1,297,44
2016-03-02 15:00:00,-1.5,956.8,61.9,300,46
2016-03-02 16:00:00,-1.6,956.1,59.1,303,50
2016-03-02 17:00:00,-2.4,955.7,36.7,294,55
2016-03-02 18:00:00,-5.3,955.2,62.6,298,55
2016-03-02 19:00:00,-5.5,955,63.5,298,55
2016-03-02 20:00:00,-5.8,954.7,63.9,298,54
2016-03-02 21:00:00,-6.1,954.7,50.2,297,53
2016-03-02 22:00:00,-6.2,954.4,62.6,300,49
2016-03-02 23:00:00,-7,954.2,62.6,298,47
2016-03-03 00:00:00,-6.4,954.5,62.9,298,52
2016-03-03 01:00:00,-8.1,954.6,58.5,298,52
2016-03-03 02:00:00,-8.3,954.9,61.9,298,62
2016-03-03 03:00:00,-8.6,954.8,62.6,300,66
2016-03-03 04:00:00,-8,954.5,62.6,298,55
2016-03-03 05:00:00,-8,954.3,62.6,298,47
2016-03-03 06:00:00,-7.5,954.9,62.6,298,53
2016-03-03 07:00:00,-8,955.3,57.9,292,52
2016-03-03 08:00:00,-7.6,955.7,62.6,300,51
2016-03-03 09:00:00,-5.4,956,56.9,293,47
2016-03-03 10:00:00,-3.4,956.3,29.7,276,44
2016-03-03 11:00:00,-3.2,956.7,62.6,298,47
2016-03-03 12:00:00,-4.2,957.3,62.6,298,54
2016-03-03 13:00:00,-2.6,957.6,62.6,298,34
2016-03-03 14:00:00,-2.3,958.1,62.7,298,30
2016-03-03 15:00:00,-3,958.4,61.3,298,35
2016-03-03 16:00:00,-3.6,958.6,61.9,298,38
2016-03-03 17:00:00,-4,959,61.7,298,34
2016-03-03 18:00:00,-5.7,959.6,62.6,298,46
2016-03-03 19:00:00,-6.7,960.1,61.3,298,49
2016-03-03 20:00:00,-7.6,960.3,62.6,301,49
2016-03-03 21:00:00,-8.1,960.3,61.9,298,47
2016-03-03 22:00:00,-8.7,960.4,63.2,298,47
2016-03-03 23:00:00,-9.1,960.5,63.2,298,47
2016-03-04 00:00:00,-9.2,960.8,63.2,298,47
2016-03-04 01:00:00,-9.3,961.3,63.2,301,47
2016-03-04 02:00:00,-9.7,961.6,63.2,298,50
2016-03-04 03:00:00,-8.7,961.8,61.8,298,43
2016-03-04 04:00:00,-8.8,961.9,61.9,298,43
2016-03-04 05:00:00,-8.3,962.8,61.8,298,48
2016-03-04 06:00:00,-10,963.6,50.8,299,56
2016-03-04 07:00:00,-7.4,963.9,61.9,298,36
2016-03-04 08:00:00,-6.6,964.5,63.9,298,35
2016-03-04 09:00:00,-5.8,964.7,63.9,298,27
2016-03-04 10:00:00,-5.4,964.7,63.3,298,31
2016-03-04 11:00:00,-4.7,965,62.6,298,32
2016-03-04 12:00:00,-4.1,965.3,63.3,298,32
2016-03-04 13:00:00,-4.3,965.4,63.9,298,32
2016-03-04 14:00:00,-3.2,964.9,64.7,298,31
2016-03-04 15:00:00,-3.9,965,62.1,300,41
2016-03-04 16:00:00,-5.4,965.4,62.7,300,48
2016-03-04 17:00:00,-5.3,965.4,63.3,301,37
2016-03-04 18:00:00,-6.9,965.7,27.7,282,50
2016-03-04 19:00:00,-7.1,965.9,63.3,298,38
2016-03-04 20:00:00,-6.8,966.5,62.3,298,38
2016-03-04 21:00:00,-6.7,966.4,62.6,298,35
2016-03-04 22:00:00,-7,967,61.9,301,35
2016-03-04 23:00:00,-6.9,967.2,61.9,298,31
2016-03-05 00:00:00,-7.1,967.4,62.6,298,32
2016-03-05 01:00:00,-7.5,967.3,63.9,298,32
2016-03-05 02:00:00,-7.7,967.3,63.3,298,33
2016-03-05 03:00:00,-7.8,967.5,62.6,301,30
2016-03-05 04:00:00,-8.2,967.5,62.8,298,31
2016-03-05 05:00:00,-8.2,967.6,61.9,298,29
2016-03-05 06:00:00,-7.8,967.7,61.3,298,28
2016-03-05 07:00:00,-8.5,967.6,63.4,298,41
2016-03-05 08:00:00,-5.8,967.8,62.6,301,27
2016-03-05 09:00:00,-6.6,967.9,29.9,283,35
2016-03-05 10:00:00,-5.4,968,62.6,298,32
2016-03-05 11:00:00,-5.7,967.7,61.9,298,36
2016-03-05 12:00:00,-4.4,968.1,62.6,298,31
2016-03-05 13:00:00,-4.7,967.7,63.2,298,31
2016-03-05 14:00:00,-4.6,967.3,62.6,298,25
2016-03-05 15:00:00,-6,967,62.6,298,41
2016-03-05 16:00:00,-6.2,966.8,63.3,298,36
2016-03-05 17:00:00,-6.7,966.8,63.3,298,41
2016-03-05 18:00:00,-7.5,967,63.3,298,43
2016-03-05 19:00:00,-9.7,966.8,73.1,299,47
2016-03-05 20:00:00,-10.8,966.6,33,298,44
2016-03-05 21:00:00,-8.6,966.7,63.2,298,38
2016-03-05 22:00:00,-9.4,966.5,61.9,298,38
2016-03-05 23:00:00,-8.6,966.2,61.9,298,33
2016-03-06 00:00:00,-10,965.9,58.7,300,39
2016-03-06 01:00:00,-11,965.5,13.9,304,39
2016-03-06 02:00:00,-9.3,965.4,62.6,298,36
2016-03-06 03:00:00,-11.8,964.8,63.2,298,44
2016-03-06 04:00:00,-12.2,965,63.2,298,53
2016-03-06 05:00:00,-11.7,964.6,62.6,301,46
2016-03-06 06:00:00,-11.1,964.3,62.6,298,50
2016-03-06 07:00:00,-9.6,963.9,62.5,298,39
2016-03-06 08:00:00,-9,963.1,61.9,298,42
2016-03-06 09:00:00,-9.6,963,62.6,298,50
2016-03-06 10:00:00,-8.9,962.8,60.4,299,40
2016-03-06 11:00:00,-8.7,962.5,62.6,301,41
2016-03-06 12:00:00,-6.1,962,62.2,301,32
2016-03-06 13:00:00,-6.4,961.3,49.4,295,32
2016-03-06 14:00:00,-6.2,960.9,61.1,295,34
2016-03-06 15:00:00,-6.7,960.2,62.6,298,41
2016-03-06 16:00:00,-6.3,960,61.9,298,27
2016-03-06 17:00:00,-6.6,959.8,62.6,298,24
2016-03-06 18:00:00,-7.7,959.7,62.6,298,44
2016-03-06 19:00:00,-9.7,959.7,63.2,298,46
2016-03-06 20:00:00,-11,959.5,62.6,298,46
2016-03-06 21:00:00,-12,959.6,63.2,301,46
2016-03-06 22:00:00,-11.6,959.9,62.6,298,55
2016-03-06 23:00:00,-10.4,959.8,62.6,298,39
2016-03-07 00:00:00,-10.8,959.7,61.3,298,42
2016-03-07 01:00:00,-10,959.8,61.9,298,38
2016-03-07 02:00:00,-11.5,959.8,62.6,301,48
2016-03-07 03:00:00,-9.9,959.5,62.6,298,34
2016-03-07 04:00:00,-9.7,959.3,63.9,298,30
2016-03-07 05:00:00,-9.8,959.3,63.2,298,34
2016-03-07 06:00:00,-9.4,959.5,65.8,298,33
2016-03-07 07:00:00,-9,960.2,49.9,308,33
2016-03-07 08:00:00,-9.1,960.7,62.6,298,37
2016-03-07 09:00:00,-8.4,961.2,62.6,298,34
2016-03-07 10:00:00,-8.2,961,61.9,298,38
2016-03-07 11:00:00,-7.5,960.7,56.2,299,40
2016-03-07 12:00:00,-7.2,960.9,40.7,307,42
2016-03-07 13:00:00,-8.2,961.6,62.6,298,40
2016-03-07 14:00:00,-7.8,961.9,63.2,298,40
2016-03-07 15:00:00,-7.4,961.5,63.3,298,38
2016-03-07 16:00:00,-7.2,961.1,63.2,301,37
2016-03-07 17:00:00,-7.5,961,62.6,298,40
2016-03-07 18:00:00,-7.7,961.2,62.6,298,36
2016-03-07 19:00:00,-8,961.9,61.9,298,44
2016-03-07 20:00:00,-8,962.2,61.9,298,41
2016-03-07 21:00:00,-8.6,962,61.9,301,41
2016-03-07 22:00:00,-7.7,961.7,51.3,287,32
2016-03-07 23:00:00,-7.8,962.6,62.6,298,32
2016-03-08 00:00:00,-8.9,963,63.2,298,35
2016-03-08 01:00:00,-8.8,963.8,63.9,298,34
2016-03-08 02:00:00,-9.4,964.1,63.2,301,36
2016-03-08 03:00:00,-9.3,964.4,63.2,298,32
2016-03-08 04:00:00,-9.8,964.4,61.9,298,34
2016-03-08 05:00:00,-9.3,965.3,61.9,298,31
2016-03-08 06:00:00,-8.6,965.9,61.3,298,30
2016-03-08 07:00:00,-8.6,966.6,39.2,295,34
2016-03-08 08:00:00,-7.1,967.1,62,299,37
2016-03-08 09:00:00,-6.3,967.8,63.3,298,33
2016-03-08 10:00:00,-5.9,967.9,63.3,298,37
2016-03-08 11:00:00,-5.2,968.4,62.8,299,33
2016-03-08 12:00:00,-4,968.8,62.6,298,33
2016-03-08 13:00:00,-4.4,969,63.3,298,32
2016-03-08 14:00:00,-5,969.2,63.3,298,35
2016-03-08 15:00:00,-5.4,969.7,63.9,298,40
2016-03-08 16:00:00,-5.8,969.8,63.3,298,43
2016-03-08 17:00:00,-6.4,969.7,62.6,301,44
2016-03-08 18:00:00,-6.9,970.1,63.2,298,44
2016-03-08 19:00:00,-7.2,970.2,61.9,298,40
2016-03-08 20:00:00,-8.2,970.2,61.3,298,45
2016-03-08 21:00:00,-8.5,970,62,298,42
2016-03-08 22:00:00,-8,969.8,61,303,36
2016-03-08 23:00:00,-8.3,969.8,62.6,298,37
2016-03-09 00:00:00,-8.3,969.1,63.2,298,34
2016-03-09 01:00:00,-8,968.7,63.9,298,33
2016-03-09 02:00:00,-7.9,968.2,58.2,299,34
2016-03-09 03:00:00,-7.2,967.7,26.4,327,30
2016-03-09 04:00:00,-7.5,967.4,63.3,298,35
2016-03-09 05:00:00,-7.3,967.2,61.3,298,34
2016-03-09 06:00:00,-6.8,966.8,61.3,298,33
2016-03-09 07:00:00,-6.3,966.6,61.9,301,32
2016-03-09 08:00:00,-5.4,965.8,35.9,307,31
2016-03-09 09:00:00,-5.3,965.2,63.2,298,34
2016-03-09 10:00:00,-5.1,964.6,63.9,298,33
2016-03-09 11:00:00,-5,963.9,63.9,298,36
2016-03-09 12:00:00,-4.6,963.1,63.3,301,34
2016-03-09 13:00:00,-4.5,962.3,61.9,298,37
2016-03-09 14:00:00,-4.4,962,63.9,298,40
2016-03-09 15:00:00,-6.6,962.3,63.3,298,85
2016-03-09 16:00:00,-6.9,961.2,73.3,299,93
2016-03-09 17:00:00,-6.9,960.5,33.3,317,93
2016-03-09 18:00:00,-6.9,960.4,63.2,298,93
2016-03-09 19:00:00,-6.8,960.1,61.2,298,93
2016-03-09 20:00:00,-6.7,959.3,61.3,298,94
2016-03-09 21:00:00,-6.6,958.8,61.9,301,94
2016-03-09 22:00:00,-6.5,958.8,61.9,298,94
2016-03-09 23:00:00,-6.2,959.1,63.3,298,94
2016-03-10 00:00:00,-6,958.7,63.3,298,94
2016-03-10 01:00:00,-5.9,958.9,63.4,299,94
2016-03-10 02:00:00,-5.7,958.9,58.7,295,94
2016-03-10 03:00:00,-5.7,958.8,63.3,298,94
2016-03-10 04:00:00,-5.7,958.9,62.6,298,94
2016-03-10 05:00:00,-5.8,959.2,61.3,298,95
2016-03-10 06:00:00,-5.8,959.5,61.9,301,94
2016-03-10 07:00:00,-5.7,959.4,62.6,298,95
2016-03-10 08:00:00,-5.6,959.6,63.3,298,95
2016-03-10 09:00:00,-5.4,959.4,63.3,298,95
2016-03-10 10:00:00,-5.4,959.5,60.2,298,95
2016-03-10 11:00:00,-5.4,959.9,62.6,301,95
2016-03-10 12:00:00,-5.4,959.9,62.6,298,95
2016-03-10 13:00:00,-5.2,960,61.9,298,95
2016-03-10 14:00:00,-5.1,959.9,61.3,298,95
2016-03-10 15:00:00,-4.9,959.8,63.3,299,95
2016-03-10 16:00:00,-4.8,959.7,62,298,95
2016-03-10 17:00:00,-4.7,959.8,63.3,298,96
2016-03-10 18:00:00,-4.7,959.9,63.9,298,96
2016-03-10 19:00:00,-4.6,959.8,63.9,298,96
2016-03-10 20:00:00,-4.5,960.1,55.2,305,96
2016-03-10 21:00:00,-4.4,960.4,62.6,298,96
2016-03-10 22:00:00,-4.4,960.7,62.6,298,96
2016-03-10 23:00:00,-4.4,961,62.6,298,96
2016-03-11 00:00:00,-4.5,961.7,61.7,300,96
2016-03-11 01:00:00,-4.5,961.9,61.4,296,96
2016-03-11 02:00:00,-4.5,962.5,62.6,298,96
2016-03-11 03:00:00,-4.4,962.8,62.9,298,96
2016-03-11 04:00:00,-4.5,963.3,62.6,298,96
2016-03-11 05:00:00,-4.3,964.5,63.9,298,96
2016-03-11 06:00:00,-4.1,964,63.2,298,96
2016-03-11 07:00:00,-4.1,964.3,63.3,298,96
2016-03-11 08:00:00,-4.1,965.3,63.9,298,96
2016-03-11 09:00:00,-3.9,966,63.3,298,96
2016-03-11 10:00:00,-3.6,966.4,63.9,298,96
2016-03-11 11:00:00,-3.2,966.9,54.7,299,97
2016-03-11 12:00:00,-2.9,967.1,62.7,301,97
2016-03-11 13:00:00,-2.7,967,62.6,301,97
2016-03-11 14:00:00,-2.6,966.8,63.3,301,97
2016-03-11 15:00:00,-2.6,966.3,40.4,279,97
2016-03-11 16:00:00,-2.8,966.2,63.3,298,97
2016-03-11 17:00:00,-3.3,965.7,63.3,298,96
2016-03-11 18:00:00,-3.3,965.4,62.6,298,96
2016-03-11 19:00:00,-3.6,964.6,61.9,298,96
2016-03-11 20:00:00,-3.6,964.4,61.3,298,96
2016-03-11 21:00:00,-3.5,964,61.9,298,95
2016-03-11 22:00:00,-3.5,963.9,61.9,298,95
2016-03-11 23:00:00,-3.7,963.9,61.3,298,95
2016-03-12 00:00:00,-3.6,963.3,61.9,298,95
2016-03-12 01:00:00,-3.3,962.5,61.3,298,95
2016-03-12 02:00:00,-3.2,962.2,61.9,298,95
2016-03-12 03:00:00,-3.3,961.8,66.8,299,95
2016-03-12 04:00:00,-3.9,961.5,61.9,300,94
2016-03-12 05:00:00,-3.5,960.9,61.3,300,94
2016-03-12 06:00:00,-3.8,961.2,52.1,300,94
2016-03-12 07:00:00,-3.9,961.3,60.9,302,93
2016-03-12 08:00:00,-3.7,960.6,62.4,299,93
2016-03-12 09:00:00,-3.5,961.5,62.6,299,92
2016-03-12 10:00:00,-3.3,962.2,59.3,301,91
2016-03-12 11:00:00,-3.6,962.4,62.8,295,92
2016-03-12 12:00:00,-3.5,962,62.6,298,92
2016-03-12 13:00:00,-3.3,962.5,63.3,298,91
2016-03-12 14:00:00,-3.6,962.3,63.9,298,89
2016-03-12 15:00:00,-3.9,962.6,63.3,298,89
2016-03-12 16:00:00,-4.1,962.7,63.9,298,88
2016-03-12 17:00:00,-4.1,962.6,62.6,298,87
2016-03-12 18:00:00,-4.3,962.8,64.4,298,87
2016-03-12 19:00:00,-4.4,962.7,64.2,299,83
2016-03-12 20:00:00,-4.5,962.8,62.6,300,82
2016-03-12 21:00:00,-4.1,962.5,51.4,305,77
2016-03-12 22:00:00,-4.1,962.7,30.4,296,76
2016-03-12 23:00:00,-4,962.4,61.2,299,72
2016-03-13 00:00:00,-3.6,962.4,62.6,299,67
2016-03-13 01:00:00,-3.8,961.9,62.6,299,64
2016-03-13 02:00:00,-3.9,961.3,43.2,303,61
2016-03-13 03:00:00,-3.2,961.5,61.9,298,56
2016-03-13 04:00:00,-3.4,961.6,62.6,298,54
2016-03-13 05:00:00,-3.7,961.7,62.6,298,52
2016-03-13 06:00:00,-3.6,962,61.3,298,49
2016-03-13 07:00:00,-3.6,962.1,61.9,298,47
2016-03-13 08:00:00,-3.4,962,61.3,298,47
2016-03-13 09:00:00,-3,962,61.3,298,49
2016-03-13 10:00:00,-3,962,60.7,299,47
2016-03-13 11:00:00,-2.8,961.8,61.7,300,42
2016-03-13 12:00:00,-3,961.7,61.9,300,44
2016-03-13 13:00:00,-2.4,961.5,52.8,304,39
2016-03-13 14:00:00,-2.3,961.5,62.4,299,41
2016-03-13 15:00:00,-2.8,961.3,61.9,299,43
2016-03-13 16:00:00,-3.6,961.2,61.9,300,50
2016-03-13 17:00:00,-4.3,961.1,41.6,309,54
2016-03-13 18:00:00,-4.8,960.8,63.3,298,58
2016-03-13 19:00:00,-5.6,961.2,63.9,298,58
2016-03-13 20:00:00,-6.1,960.8,62.6,299,58
2016-03-13 21:00:00,-6.2,960.7,65.6,299,59
2016-03-13 22:00:00,-3.6,960.6,63.2,300,40
2016-03-13 23:00:00,-4,960.5,56.3,289,40
2016-03-14 00:00:00,-4.1,960.7,61.9,298,36
2016-03-14 01:00:00,-4.6,960.3,61.2,298,39
2016-03-14 02:00:00,-5.4,960.6,54,292,38
2016-03-14 03:00:00,-5.4,959.9,62.6,300,38
2016-03-14 04:00:00,-5.5,959.7,62.6,298,37
2016-03-14 05:00:00,-5.2,960.1,63.3,298,37
2016-03-14 06:00:00,-4.8,959.8,63.1,299,34
2016-03-14 07:00:00,-4.1,959.6,63.2,299,37
2016-03-14 08:00:00,-4,960.4,62.6,299,38
2016-03-14 09:00:00,-3.2,960.1,63.1,297,35
2016-03-14 10:00:00,-3.1,960.8,61.5,300,37
2016-03-14 11:00:00,-2.9,960.7,62.6,300,34
2016-03-14 12:00:00,-1.8,960.8,45.5,306,33
2016-03-14 13:00:00,-1.8,960.7,42,285,36
2016-03-14 14:00:00,-1.5,960.6,62.6,298,35
2016-03-14 15:00:00,-2.8,960.4,62.6,298,40
2016-03-14 16:00:00,-4,960.3,62.6,298,48
2016-03-14 17:00:00,-4.4,960.4,61.9,298,52
2016-03-14 18:00:00,-4.6,960.4,61.3,298,49
2016-03-14 19:00:00,-5,960.3,61.2,298,41
2016-03-14 20:00:00,-5.4,960.3,57.8,299,44
2016-03-14 21:00:00,-6.8,960.6,21.1,305,51
2016-03-14 22:00:00,-6.6,960.8,62.6,298,49
2016-03-14 23:00:00,-6.2,960.8,63.1,298,41
2016-03-15 00:00:00,-7.7,961.2,62.6,298,49
2016-03-15 01:00:00,-7.5,961,63.2,300,45
2016-03-15 02:00:00,-6.8,961,63.3,298,42
2016-03-15 03:00:00,-7.8,961,61.9,298,46
2016-03-15 04:00:00,-6.4,960.8,61.2,298,40
2016-03-15 05:00:00,-6.5,960.6,62.5,298,40
2016-03-15 06:00:00,-6.1,960.6,62.5,301,39
2016-03-15 07:00:00,-5.8,960.7,61.9,298,44
2016-03-15 08:00:00,-4.7,960.4,62.6,298,41
2016-03-15 09:00:00,-4.2,960.2,61.9,298,42
2016-03-15 10:00:00,-3.5,959.7,61.3,298,43
2016-03-15 11:00:00,-2.1,959.8,61.8,298,38
2016-03-15 12:00:00,-2.5,958.9,61.9,298,39
2016-03-15 13:00:00,-2.4,958.8,61.3,298,44
2016-03-15 14:00:00,-1.9,958.7,62.6,298,37
2016-03-15 15:00:00,-1.9,958.7,61.9,298,38
2016-03-15 16:00:00,-4,958.6,61.9,298,46
2016-03-15 17:00:00,-5.4,958.7,60.7,298,48
2016-03-15 18:00:00,-6,958.3,62.6,301,48
2016-03-15 19:00:00,-5.3,958.2,62.6,298,36
2016-03-15 20:00:00,-5.9,957.8,63.3,298,39
2016-03-15 21:00:00,-5.8,958,63.3,298,37
2016-03-15 22:00:00,-5.6,957.9,63.9,298,36
2016-03-15 23:00:00,-5.9,957.7,63.3,301,38
2016-03-16 00:00:00,-6.1,957.6,62.6,298,39
2016-03-16 01:00:00,-6.4,957.8,62.6,298,37
2016-03-16 02:00:00,-6.1,958.3,61.9,298,33
2016-03-16 03:00:00,-6.4,958.4,61.3,298,34
2016-03-16 04:00:00,-6.9,958.8,58.8,298,35
2016-03-16 05:00:00,-7.6,959.1,61.9,298,39
2016-03-16 06:00:00,-6.8,959.5,63.9,298,37
2016-03-16 07:00:00,-6.2,959.9,63.9,298,36
2016-03-16 08:00:00,-4.6,960.5,55,298,37
2016-03-16 09:00:00,-3.8,961.1,63.9,300,25
2016-03-16 10:00:00,-3.9,961.5,62.6,301,26
2016-03-16 11:00:00,-3,962.1,33.6,323,28
2016-03-16 12:00:00,-3,962.4,63.2,301,29
2016-03-16 13:00:00,-3,962.7,62.6,298,32
2016-03-16 14:00:00,-4,963.2,63.3,298,35
2016-03-16 15:00:00,-5.5,963.4,62.6,298,37
2016-03-16 16:00:00,-6,963.9,62.4,298,39
2016-03-16 17:00:00,-6.4,965,61.3,298,37
2016-03-16 18:00:00,-7.6,965.6,61.3,298,46
2016-03-16 19:00:00,-7,966,62.6,301,36
2016-03-16 20:00:00,-7.3,966.3,62.6,298,33
2016-03-16 21:00:00,-7.7,966.7,63.9,298,37
2016-03-16 22:00:00,-7.5,967.6,63.9,298,33
2016-03-16 23:00:00,-7.7,967.7,64.2,298,30
2016-03-17 00:00:00,-7.8,967.7,53.9,308,32
2016-03-17 01:00:00,-7.9,968,63.3,298,31
2016-03-17 02:00:00,-8.6,968.1,61.9,298,34
2016-03-17 03:00:00,-9.3,968,61.3,298,37
2016-03-17 04:00:00,-9.6,968.3,60.3,300,37
2016-03-17 05:00:00,-9.9,968.6,46.6,285,38
2016-03-17 06:00:00,-10,968.5,62.6,298,40
2016-03-17 07:00:00,-9.7,968.6,62.6,298,43
2016-03-17 08:00:00,-8.6,968.2,63.9,298,38
2016-03-17 09:00:00,-7.8,968.9,63.3,301,32
2016-03-17 10:00:00,-4.9,968.8,58.3,304,26
2016-03-17 11:00:00,-5.8,968.7,31.6,279,31
2016-03-17 12:00:00,-5.1,968.7,62.6,298,27
2016-03-17 13:00:00,-4.1,968.5,62.6,298,26
2016-03-17 14:00:00,-5.3,968.4,63.3,298,31
2016-03-17 15:00:00,-5.6,968.2,61.3,298,26
2016-03-17 16:00:00,-6,968.2,61.9,298,26
2016-03-17 17:00:00,-8.9,968,61.3,298,44
2016-03-17 18:00:00,-9.1,967.7,61.3,298,41
2016-03-17 19:00:00,-8.9,967.8,61.9,301,40
2016-03-17 20:00:00,-10.5,967.9,61.9,298,47
2016-03-17 21:00:00,-10.3,968,62.6,298,42
2016-03-17 22:00:00,-11.2,967.9,62.6,298,46
2016-03-17 23:00:00,-10.7,967.7,63,298,41
2016-03-18 00:00:00,-9.8,967.6,61.6,305,37
2016-03-18 01:00:00,-10,967.4,63.2,298,37
2016-03-18 02:00:00,-10.2,967.3,61.9,298,37
2016-03-18 03:00:00,-10.3,967.2,61.3,298,37
2016-03-18 04:00:00,-10.1,967.3,66.8,299,38
2016-03-18 05:00:00,-11.9,967.4,21.9,312,41
2016-03-18 06:00:00,-12.8,968,61.9,298,44
2016-03-18 07:00:00,-8.9,968.2,63.2,298,33
2016-03-18 08:00:00,-8.4,968.4,63.3,298,31
2016-03-18 09:00:00,-7.2,968.6,62.6,301,30
2016-03-18 10:00:00,-7.6,969.1,35.5,313,29
2016-03-18 11:00:00,-5.6,969.6,63.3,298,28
2016-03-18 12:00:00,-6.1,969.8,63.3,298,32
2016-03-18 13:00:00,-7,970.6,61.3,298,35
2016-03-18 14:00:00,-8.1,970.3,61.3,298,47
2016-03-18 15:00:00,-7.8,970.3,61.9,298,43
2016-03-18 16:00:00,-7.4,970.4,62,298,43
2016-03-18 17:00:00,-8,970.7,61.8,303,48
2016-03-18 18:00:00,-8.8,971.1,62.6,298,51
2016-03-18 19:00:00,-9.2,971.3,61.9,298,53
2016-03-18 20:00:00,-10,971.4,61.9,298,52
2016-03-18 21:00:00,-10.3,971.6,67.4,299,49
2016-03-18 22:00:00,-9.9,971.9,58.8,298,45
2016-03-18 23:00:00,-9.8,972.1,61.9,298,43
2016-03-19 00:00:00,-10.3,972.4,63.9,298,42
2016-03-19 01:00:00,-10.4,972.5,62.6,298,41
2016-03-19 02:00:00,-10.5,972.6,58.8,300,41
2016-03-19 03:00:00,-10.6,972.8,35.6,284,41
2016-03-19 04:00:00,-10.5,973.1,63.2,298,39
2016-03-19 05:00:00,-10.7,973.5,61.2,298,40
2016-03-19 06:00:00,-10.8,973.8,61.3,298,41
2016-03-19 07:00:00,-10.4,973.9,61.9,301,40
2016-03-19 08:00:00,-9.8,974.1,62.6,298,40
2016-03-19 09:00:00,-9.2,974.7,62.8,298,39
2016-03-19 10:00:00,-9.7,975.3,63,299,42
2016-03-19 11:00:00,-9,975.6,63.3,298,37
2016-03-19 12:00:00,-9.1,976.1,62.6,301,42
2016-03-19 13:00:00,-9.1,975.8,63.3,298,41
2016-03-19 14:00:00,-9,975.7,61.3,298,42
2016-03-19 15:00:00,-9.2,975.7,61.3,298,44
2016-03-19 16:00:00,-9.4,975.6,61.9,298,44
2016-03-19 17:00:00,-9.7,975.8,62.6,301,47
2016-03-19 18:00:00,-9.7,975.8,61.9,298,43
2016-03-19 19:00:00,-9.9,975.5,62.6,298,47
2016-03-19 20:00:00,-10.1,974.7,63.9,298,47
2016-03-19 21:00:00,-10.1,974.5,60.5,298,46
2016-03-19 22:00:00,-10.3,974,47.5,299,46
2016-03-19 23:00:00,-10.2,972.9,62.5,298,47
2016-03-20 00:00:00,-10.3,971.6,61.3,298,55
2016-03-20 01:00:00,-11.3,970.8,61.3,298,87
2016-03-20 02:00:00,-11.3,969.1,62.9,300,89
2016-03-20 03:00:00,-10.8,967.9,46.9,283,90
2016-03-20 04:00:00,-10.6,966.4,62.4,298,90
2016-03-20 05:00:00,-10.6,965.5,62,298,90
2016-03-20 06:00:00,-10.3,964.7,63.9,298,90
2016-03-20 07:00:00,-10,963.6,63.2,301,91
2016-03-20 08:00:00,-10,962.5,63.2,298,91
2016-03-20 09:00:00,-9.7,960.8,61.3,298,91
2016-03-20 10:00:00,-9.4,960.6,61.9,298,91
2016-03-20 11:00:00,-8.9,960.1,75.3,299,92
2016-03-20 12:00:00,-8.4,959.5,28.9,284,92
2016-03-20 13:00:00,-8.1,958.9,62.6,298,92
2016-03-20 14:00:00,-7.9,957.9,63.4,298,93
2016-03-20 15:00:00,-7.6,957.7,63.3,298,93
2016-03-20 16:00:00,-7.4,957.8,62.6,301,93
2016-03-20 17:00:00,-7.5,958.1,62.6,298,93
2016-03-20 18:00:00,-7.4,958,62,298,93
2016-03-20 19:00:00,-7.6,958,61.9,298,93
2016-03-20 20:00:00,-7.6,958.1,61.9,298,93
2016-03-20 21:00:00,-7.5,958.2,52.6,314,93
2016-03-20 22:00:00,-7.4,958.1,62.6,298,93
2016-03-20 23:00:00,-7.3,958.7,62.8,298,93
2016-03-21 00:00:00,-7.2,958.6,62.6,298,93
2016-03-21 01:00:00,-7.4,958.2,62.5,300,93
2016-03-21 02:00:00,-7.5,957.3,62.6,298,93
2016-03-21 03:00:00,-7.5,956.9,61.9,298,93
2016-03-21 04:00:00,-7.3,956.3,61.3,298,93
2016-03-21 05:00:00,-7.2,956.1,62.2,298,93
2016-03-21 06:00:00,-7.2,955.9,43.3,293,93
2016-03-21 07:00:00,-7.1,955.3,61.9,298,93
2016-03-21 08:00:00,-6.9,954.7,63.9,298,94
2016-03-21 09:00:00,-6.8,954.2,63.3,298,94
2016-03-21 10:00:00,-6.8,953.8,63.3,301,94
2016-03-21 11:00:00,-6.6,953.7,63.3,298,94
2016-03-21 12:00:00,-6.6,953.9,61.3,298,94
2016-03-21 13:00:00,-6.6,953.5,61.9,298,94
2016-03-21 14:00:00,-6.6,953.4,62.8,298,94
2016-03-21 15:00:00,-6.5,953.5,60.7,304,94
2016-03-21 16:00:00,-6.6,953.2,61.9,298,94
2016-03-21 17:00:00,-6.6,953,63.3,298,94
2016-03-21 18:00:00,-6.4,952.9,63.9,298,94
2016-03-21 19:00:00,-6.4,952.5,61.1,299,94
2016-03-21 20:00:00,-6.3,952.3,34.6,283,94
2016-03-21 21:00:00,-6.8,952.1,62.6,298,92
2016-03-21 22:00:00,-7.9,952,61.3,298,91
2016-03-21 23:00:00,-8.9,951.5,61.3,298,91
2016-03-22 00:00:00,-9.1,951,61.9,301,90
2016-03-22 01:00:00,-8.7,950.5,62.6,298,90
2016-03-22 02:00:00,-9,949.9,63.9,298,90
2016-03-22 03:00:00,-9.3,949.2,63.3,298,89
2016-03-22 04:00:00,-11,948.9,63.2,298,88
2016-03-22 05:00:00,-12.1,949.1,63.2,301,87
2016-03-22 06:00:00,-13.1,949.2,62.6,298,86
2016-03-22 07:00:00,-12.8,949.5,61.9,298,86
2016-03-22 08:00:00,-12.3,949.5,61.9,298,86
2016-03-22 09:00:00,-11.8,949.4,62.1,301,86
2016-03-22 10:00:00,-11.5,949.7,61.9,298,88
2016-03-22 11:00:00,-11.5,949.6,61.9,298,87
2016-03-22 12:00:00,-11.5,949.9,63.9,298,87
2016-03-22 13:00:00,-9.8,950.1,63.3,298,88
2016-03-22 14:00:00,-8.1,950.4,63.3,298,93
2016-03-22 15:00:00,-7.5,950.7,64.4,298,93
2016-03-22 16:00:00,-9.7,951.1,42.2,295,91
2016-03-22 17:00:00,-10.5,951.6,63.2,298,90
2016-03-22 18:00:00,-11,952.3,61.3,298,89
2016-03-22 19:00:00,-11.3,953,61.9,298,89
2016-03-22 20:00:00,-10.5,953.5,61.1,300,84
2016-03-22 21:00:00,-10.6,953.8,61.6,297,85
2016-03-22 22:00:00,-10.6,954,62.8,298,86
2016-03-22 23:00:00,-10.5,954.6,62.4,297,88
2016-03-23 00:00:00,-9.8,955,62.6,298,85
2016-03-23 01:00:00,-10.1,955.2,63.2,301,88
2016-03-23 02:00:00,-9.6,955.8,63.3,298,87
2016-03-23 03:00:00,-9.1,956.2,61.9,298,88
2016-03-23 04:00:00,-8.7,956.5,61.9,298,88
2016-03-23 05:00:00,-9.3,957.2,61.5,298,89
2016-03-23 06:00:00,-9.1,957.4,57.1,302,90
2016-03-23 07:00:00,-8.7,957.8,61.9,298,91
2016-03-23 08:00:00,-8.8,958.3,63.3,298,91
2016-03-23 09:00:00,-8.8,958.7,63.3,298,91
2016-03-23 10:00:00,-8.4,959,63,298,92
2016-03-23 11:00:00,-7.5,959.5,62.8,300,93
2016-03-23 12:00:00,-7.3,960.2,38.4,283,93
2016-03-23 13:00:00,-7.5,961.2,63.2,298,92
2016-03-23 14:00:00,-8,962.3,61.2,298,91
2016-03-23 15:00:00,-8.3,962.4,61.3,298,90
2016-03-23 16:00:00,-8,962.7,61.9,300,89
2016-03-23 17:00:00,-7.6,963,62.5,298,89
2016-03-23 18:00:00,-7.4,963.5,61.3,298,91
2016-03-23 19:00:00,-7.6,964,62.6,298,90
2016-03-23 20:00:00,-7.8,963.6,61.9,298,90
2016-03-23 21:00:00,-7.9,963.5,50.9,298,91
2016-03-23 22:00:00,-7.9,963.5,62.6,299,91
2016-03-23 23:00:00,-8,963.5,63.3,298,91
2016-03-24 00:00:00,-7.9,963.4,62.6,298,91
2016-03-24 01:00:00,-7.9,963.7,63.2,300,90
2016-03-24 02:00:00,-7.7,963.6,62.1,298,89
2016-03-24 03:00:00,-7.5,963.6,57,302,87
2016-03-24 04:00:00,-8.1,963.3,61.9,298,87
2016-03-24 05:00:00,-8.3,963.3,61.9,298,85
2016-03-24 06:00:00,-8.6,963.1,61.2,301,84
2016-03-24 07:00:00,-9,963.1,62.6,299,80
2016-03-24 08:00:00,-9.3,963.2,63.2,298,79
2016-03-24 09:00:00,-8.8,963,62.6,298,78
2016-03-24 10:00:00,-8.4,962.5,64.2,299,76
2016-03-24 11:00:00,-8.6,961.9,63.3,298,75
2016-03-24 12:00:00,-8.4,961.5,61,295,75
2016-03-24 13:00:00,-8.5,961,61.9,298,69
2016-03-24 14:00:00,-9,960.6,61.3,298,66
2016-03-24 15:00:00,-10.2,960.4,61.9,300,66
2016-03-24 16:00:00,-11.2,960,62.6,299,65
2016-03-24 17:00:00,-12.1,960.3,63.2,298,66
2016-03-24 18:00:00,-12.8,959.5,63.9,298,61
2016-03-24 19:00:00,-13,959.2,61.5,299,60
2016-03-24 20:00:00,-12.3,958.8,54.9,293,52
2016-03-24 21:00:00,-13.3,958.8,55.4,298,55
2016-03-24 22:00:00,-12.1,959.1,62.6,298,52
2016-03-24 23:00:00,-14.8,958.9,62.6,298,64
2016-03-25 00:00:00,-13.9,958.8,61.3,299,53
2016-03-25 01:00:00,-14.3,958.6,62.6,300,50
2016-03-25 02:00:00,-13,958.1,41.4,303,44
2016-03-25 03:00:00,-12.2,957.9,62.6,298,39
2016-03-25 04:00:00,-13.2,957.4,66.1,299,47
2016-03-25 05:00:00,-13.1,957.7,39.7,304,47
2016-03-25 06:00:00,-13.2,957.9,62.6,300,42
2016-03-25 07:00:00,-14,958.2,62.5,298,48
2016-03-25 08:00:00,-13.7,958.7,61.3,298,53
2016-03-25 09:00:00,-11.5,959.4,61.3,299,49
2016-03-25 10:00:00,-11.9,959.8,61.9,300,46
2016-03-25 11:00:00,-12.8,959.6,57.4,293,50
2016-03-25 12:00:00,-11.5,959.9,63.9,298,45
2016-03-25 13:00:00,-10.9,960,56.6,298,42
2016-03-25 14:00:00,-11.9,960.4,62.6,299,44
2016-03-25 15:00:00,-11.4,960.7,63.2,300,42
2016-03-25 16:00:00,-13.6,961.1,63.2,298,50
2016-03-25 17:00:00,-16.1,961.2,61.9,298,51
2016-03-25 18:00:00,-15.8,961.7,61.3,299,52
2016-03-25 19:00:00,-16.3,962.4,57.8,299,56
2016-03-25 20:00:00,-16.9,962.8,55.3,293,58
2016-03-25 21:00:00,-16,963.3,62.3,298,53
2016-03-25 22:00:00,-16.7,963.7,62.9,298,55
2016-03-25 23:00:00,-17.6,964.3,62.1,300,58
2016-03-26 00:00:00,-17.6,964.4,63.2,300,52
2016-03-26 01:00:00,-17.1,964.3,63.2,298,51
2016-03-26 02:00:00,-17.8,964.5,62.6,298,53
2016-03-26 03:00:00,-16.2,964.7,54.1,294,47
2016-03-26 04:00:00,-16.2,964.3,53.6,296,46
2016-03-26 05:00:00,-15.7,964.5,62.6,298,42
2016-03-26 06:00:00,-15.6,964.5,62.6,298,44
2016-03-26 07:00:00,-15.9,964.4,62.6,298,48
2016-03-26 08:00:00,-13.9,964.5,62.4,300,38
2016-03-26 09:00:00,-14.4,965,62.4,297,52
2016-03-26 10:00:00,-14.7,964.9,61.9,298,55
2016-03-26 11:00:00,-14.6,964.8,64.3,298,55
2016-03-26 12:00:00,-14.3,964.9,59.9,298,54
2016-03-26 13:00:00,-13.6,964.5,62.6,301,47
2016-03-26 14:00:00,-13.9,964.9,62.6,298,55
2016-03-26 15:00:00,-14.1,964.6,63.9,298,56
2016-03-26 16:00:00,-14.1,964.5,62.6,298,55
2016-03-26 17:00:00,-14.4,964.1,58.1,300,52
2016-03-26 18:00:00,-14.5,964.3,35.9,276,53
2016-03-26 19:00:00,-14.4,964.5,61.3,298,48
2016-03-26 20:00:00,-14.1,964.1,61.3,298,50
2016-03-26 21:00:00,-13.7,964.4,61.3,298,51
2016-03-26 22:00:00,-13.6,964.4,61.9,301,55
2016-03-26 23:00:00,-13.9,964.4,61.9,298,58
2016-03-27 00:00:00,-13.8,964.6,62.6,298,59
2016-03-27 01:00:00,-13.5,964.5,63.9,298,58
2016-03-27 02:00:00,-12.8,965,63.9,298,57
2016-03-27 03:00:00,-12.8,965.3,28.3,292,51
2016-03-27 04:00:00,-13,965.2,62.5,298,57
2016-03-27 05:00:00,-12.3,965.4,62.5,298,53
2016-03-27 06:00:00,-12.1,965.9,61.3,298,55
2016-03-27 07:00:00,-11.5,966.5,61.9,301,53
2016-03-27 08:00:00,-12,967.1,61.9,298,56
2016-03-27 09:00:00,-11.3,967.4,63.9,298,55
2016-03-27 10:00:00,-10.8,967.4,63.9,298,52
2016-03-27 11:00:00,-10.9,967.6,65.2,299,49
2016-03-27 12:00:00,-10.3,968.2,23.1,319,42
2016-03-27 13:00:00,-10.2,968.3,63.2,298,43
2016-03-27 14:00:00,-10.8,967.8,61.3,298,54
2016-03-27 15:00:00,-10.3,968,61.9,298,54
2016-03-27 16:00:00,-9.8,967.6,61.9,301,51
2016-03-27 17:00:00,-9.5,967.7,61.9,298,44
2016-03-27 18:00:00,-9.2,967.5,63.2,298,48
2016-03-27 19:00:00,-9.3,967.3,62.6,298,48
2016-03-27 20:00:00,-8.8,967.4,63.9,298,44
2016-03-27 21:00:00,-8.8,967.1,23.5,308,43
2016-03-27 22:00:00,-9,966.3,62.5,298,50
2016-03-27 23:00:00,-9.3,965.6,61.9,298,58
2016-03-28 00:00:00,-9.5,965.4,61.3,298,65
2016-03-28 01:00:00,-9.9,964.8,62.6,301,85
2016-03-28 02:00:00,-10.1,964,61.9,298,90
2016-03-28 03:00:00,-10,963.2,62.6,298,90
2016-03-28 04:00:00,-10,962.5,63.2,298,91
2016-03-28 05:00:00,-9.6,962.7,72.6,299,91
2016-03-28 06:00:00,-9.5,962.6,25.7,297,91
2016-03-28 07:00:00,-9.3,962.5,62.6,298,91
2016-03-28 08:00:00,-9.2,962.6,61.2,298,91
2016-03-28 09:00:00,-9.2,962.9,61.9,298,91
2016-03-28 10:00:00,-9.1,963.3,61.9,301,91
2016-03-28 11:00:00,-9.3,963.3,61.9,298,91
2016-03-28 12:00:00,-9.2,963.9,63.9,298,91
2016-03-28 13:00:00,-9.2,963.9,63.3,298,91
2016-03-28 14:00:00,-9.2,963.6,56.1,299,91
2016-03-28 15:00:00,-9.1,963.9,32.1,282,91
2016-03-28 16:00:00,-9,964.6,63,298,92
2016-03-28 17:00:00,-8.9,964.9,61.2,298,92
2016-03-28 18:00:00,-8.9,965.4,61.9,298,92
2016-03-28 19:00:00,-9,965.5,61.9,301,92
2016-03-28 20:00:00,-9,965.6,61.9,298,92
2016-03-28 21:00:00,-9,965.6,63.2,298,92
2016-03-28 22:00:00,-8.8,965.3,63.3,298,92
2016-03-28 23:00:00,-8.7,964.8,65.6,299,92
2016-03-29 00:00:00,-8.8,964.3,25.9,275,92
2016-03-29 01:00:00,-8.6,963.1,62.6,298,92
2016-03-29 02:00:00,-8.5,961.7,61.2,298,92
2016-03-29 03:00:00,-8.2,960,61.9,298,92
2016-03-29 04:00:00,-8,958.6,62.6,301,92
2016-03-29 05:00:00,-7.6,956.4,62.6,298,93
2016-03-29 06:00:00,-7.3,954.5,63.9,298,93
2016-03-29 07:00:00,-7,953,63.3,298,93
2016-03-29 08:00:00,-6.7,950.6,64.8,299,94
2016-03-29 09:00:00,-6.4,947.4,26.7,309,94
2016-03-29 10:00:00,-6,944.5,62.5,298,94
2016-03-29 11:00:00,-6.4,943.2,61.9,299,94
2016-03-29 12:00:00,-6.5,942.5,61.3,298,94
2016-03-29 13:00:00,-6.6,941.4,61.9,301,94
2016-03-29 14:00:00,-6.6,941,61.9,298,94
2016-03-29 15:00:00,-6.6,939.9,63.3,298,94
2016-03-29 16:00:00,-6.4,940,63.3,298,94
2016-03-29 17:00:00,-6.3,939.3,64.5,299,94
2016-03-29 18:00:00,-6.3,938.8,28.9,308,94
2016-03-29 19:00:00,-6.1,938.4,63.3,298,94
2016-03-29 20:00:00,-6,937.4,62.6,298,94
2016-03-29 21:00:00,-5.8,937.3,61.9,298,94
2016-03-29 22:00:00,-5.6,936.9,61.9,301,95
2016-03-29 23:00:00,-5.6,937.2,61.9,298,95
2016-03-30 00:00:00,-5.2,937.5,63.3,298,95
2016-03-30 01:00:00,-5,937.9,63.9,298,95
2016-03-30 02:00:00,-4.7,938,63.3,298,95
2016-03-30 03:00:00,-4.5,937.9,63.9,298,95
2016-03-30 04:00:00,-4.2,938.1,63.8,298,95
2016-03-30 05:00:00,-3.8,937.6,62.6,301,95
2016-03-30 06:00:00,-3.8,937.8,61.6,303,96
2016-03-30 07:00:00,-3,938.1,28.1,316,96
2016-03-30 08:00:00,-2.4,937.7,62.6,298,97
2016-03-30 09:00:00,-2.2,939.2,63.3,298,97
2016-03-30 10:00:00,-2.1,941.3,63.3,298,98
2016-03-30 11:00:00,-2.2,943.6,61.3,298,99
2016-03-30 12:00:00,-2.1,946,61.3,298,99
2016-03-30 13:00:00,-2.1,948.3,61.3,298,99
2016-03-30 14:00:00,-2.6,950.6,61.9,298,99
2016-03-30 15:00:00,-3.2,952.8,61.3,298,98
2016-03-30 16:00:00,-3.4,953.9,61.9,298,97
2016-03-30 17:00:00,-3.3,955,61.3,298,97
2016-03-30 18:00:00,-2.9,956,66.3,300,98
2016-03-30 19:00:00,-2.6,957.1,61.9,301,98
2016-03-30 20:00:00,-2.5,958.4,62.6,301,98
2016-03-30 21:00:00,-2.7,959.7,55,297,98
2016-03-30 22:00:00,-2.7,960.7,61.9,298,98
2016-03-30 23:00:00,-2.5,961.7,61.9,298,98
2016-03-31 00:00:00,-2.5,962.6,62.6,298,99
2016-03-31 01:00:00,-2.3,963.6,62.6,298,99
2016-03-31 02:00:00,-2.3,964.7,63.3,298,99
2016-03-31 03:00:00,-2.5,965.5,63.9,298,99
2016-03-31 04:00:00,-2.6,966.1,63.6,299,99
2016-03-31 05:00:00,-2.6,966.5,62.6,298,98
2016-03-31 06:00:00,-2.7,967.8,63.3,298,98
2016-03-31 07:00:00,-2.9,968.7,63.3,298,98
2016-03-31 08:00:00,-3,969.5,64.3,298,98
2016-03-31 09:00:00,-3,970.2,61,300,98
2016-03-31 10:00:00,-3.2,971.4,62.6,301,98
2016-03-31 11:00:00,-3.3,972.6,53.2,310,98
2016-03-31 12:00:00,-3.7,972.7,35.5,280,97
2016-03-31 13:00:00,-4,972.7,62.6,298,97
2016-03-31 14:00:00,-4.2,972.9,63.3,298,97
2016-03-31 15:00:00,-4.4,973.7,61.9,298,97
2016-03-31 16:00:00,-4.5,973.8,61.3,298,96
2016-03-31 17:00:00,-4.7,974.4,61.3,298,96
2016-03-31 18:00:00,-4.9,974.4,61.9,301,96
2016-03-31 19:00:00,-5,974.3,62.6,298,96
2016-03-31 20:00:00,-5.1,974.1,63.3,298,96
2016-03-31 21:00:00,-5.1,973.9,63.9,298,96
2016-03-31 22:00:00,-5.1,973.7,62.9,300,96
2016-03-31 23:00:00,-5.2,973.6,59.6,293,96
2016-04-01 21:00:00,-6.4,960.8,61.9,298,94
2016-04-01 22:00:00,-6.4,960.2,62.6,301,94
2016-04-01 23:00:00,-6.3,959.8,62.6,298,94
2016-04-02 00:00:00,-6.5,959.7,63.3,298,94
2016-04-02 01:00:00,-6.6,959.4,63.3,298,94
2016-04-02 02:00:00,-6.8,959,60.3,298,93
2016-04-02 03:00:00,-6.9,958.7,60.4,301,94
2016-04-02 04:00:00,-6.9,958.6,63.2,298,93
2016-04-02 05:00:00,-7,958.7,61.2,298,93
2016-04-02 06:00:00,-7.1,958.6,61.9,298,93
2016-04-02 07:00:00,-7.2,958.6,62.6,301,93
2016-04-02 08:00:00,-7.1,958.9,62.6,298,93
2016-04-02 09:00:00,-7,959,63.3,298,93
2016-04-02 10:00:00,-6.8,959.1,63.3,298,93
2016-04-02 11:00:00,-6.6,959.2,63,298,93
2016-04-02 12:00:00,-6.6,959.1,62.6,301,93
2016-04-02 13:00:00,-6.5,959.5,62.6,298,93
2016-04-02 14:00:00,-6.6,959.8,61.9,298,93
2016-04-02 15:00:00,-6.7,960,62.6,298,93
2016-04-02 16:00:00,-6.7,960.2,62.1,301,93
2016-04-02 17:00:00,-6.9,960.8,62.6,298,93
2016-04-02 18:00:00,-6.8,961.1,63.2,298,93
2016-04-02 19:00:00,-6.9,961.7,63.3,298,93
2016-04-02 20:00:00,-7.1,962.3,63.9,298,93
2016-04-02 21:00:00,-7.3,962.4,63.2,301,93
2016-04-02 22:00:00,-7.3,962.7,62.6,298,93
2016-04-02 23:00:00,-7.5,963.4,61.9,298,93
2016-04-03 00:00:00,-7.5,963.4,61.9,298,93
2016-04-03 01:00:00,-7.3,963.5,64.7,300,93
2016-04-03 02:00:00,-7,963.5,23.7,272,93
2016-04-03 03:00:00,-6.9,963.3,62.8,298,93
2016-04-03 04:00:00,-6.7,962.8,62.7,298,94
2016-04-03 05:00:00,-6.2,962.5,63.3,298,94
2016-04-03 06:00:00,-5.8,962.3,63.3,301,94
2016-04-03 07:00:00,-5.7,962.5,62.6,298,95
2016-04-03 08:00:00,-5.4,962.3,61.3,298,95
2016-04-03 09:00:00,-5.2,963.1,61.9,298,95
2016-04-03 10:00:00,-5,963.7,60,299,95
2016-04-03 11:00:00,-5,963.9,36.4,303,96
2016-04-03 12:00:00,-4.7,964.3,62.6,298,96
2016-04-03 13:00:00,-4.8,964.6,63.9,298,96
2016-04-03 14:00:00,-5,964.4,61.9,298,95
2016-04-03 15:00:00,-5.2,965,62.6,301,95
2016-04-03 16:00:00,-5.4,964.9,62.6,298,95
2016-04-03 17:00:00,-5.6,965.1,61.9,298,95
2016-04-03 18:00:00,-5.9,965.4,61.9,298,94
2016-04-03 19:00:00,-5.5,964.7,63.9,298,94
2016-04-03 20:00:00,-5.7,964.6,50.3,300,94
2016-04-03 21:00:00,-6,964.4,61.9,298,93
2016-04-03 22:00:00,-6.3,964.7,63.9,298,93
2016-04-03 23:00:00,-6.6,965,63.3,298,92
2016-04-04 00:00:00,-6.7,965,63.2,300,92
2016-04-04 01:00:00,-5.9,964.9,66.1,298,92
2016-04-04 02:00:00,-7.2,965.5,62.5,299,92
2016-04-04 03:00:00,-7.6,965.2,61.9,298,91
2016-04-04 04:00:00,-7.8,965.4,61.9,298,91
2016-04-04 05:00:00,-7.4,965.5,61.5,300,91
2016-04-04 06:00:00,-7.6,966.2,61.3,298,91
2016-04-04 07:00:00,-7.7,966.8,63.9,298,91
2016-04-04 08:00:00,-7.8,967.2,63.3,298,90
2016-04-04 09:00:00,-7.9,967.5,63.3,298,90
2016-04-04 10:00:00,-7.5,967.7,63,298,90
2016-04-04 11:00:00,-7.6,967.8,61.6,297,90
2016-04-04 12:00:00,-7.6,968.1,61.3,298,90
2016-04-04 13:00:00,-7.2,968.5,61.9,298,90
2016-04-04 14:00:00,-7.6,968.8,61.3,300,90
2016-04-04 15:00:00,-7.7,969,62.6,299,90
2016-04-04 16:00:00,-7.8,969.3,63.3,298,89
2016-04-04 17:00:00,-8.1,969.7,63.9,298,89
2016-04-04 18:00:00,-8.4,970,64.5,299,88
2016-04-04 19:00:00,-9,970.4,57.7,292,88
2016-04-04 20:00:00,-8.7,970.7,50.1,303,87
2016-04-04 21:00:00,-8.2,970.9,61.9,298,86
2016-04-04 22:00:00,-8.2,971.3,61.3,298,89
2016-04-04 23:00:00,-10.2,971.7,61.9,300,90
2016-04-05 00:00:00,-11.2,971.9,61.8,299,87
2016-04-05 01:00:00,-11.4,971.8,62.6,298,85
2016-04-05 02:00:00,-11.4,972,63.2,298,86
2016-04-05 03:00:00,-11.7,971.8,67,299,85
2016-04-05 04:00:00,-12.7,971.7,61.6,301,84
2016-04-05 05:00:00,-12.4,971.7,63.2,299,84
2016-04-05 06:00:00,-11.3,971.6,63.2,298,85
2016-04-05 07:00:00,-11.4,971.8,61.9,298,85
2016-04-05 08:00:00,-10.9,971.9,61.2,299,85
2016-04-05 09:00:00,-9,972,61.5,299,90
2016-04-05 10:00:00,-9.6,971.7,62.6,300,85
2016-04-05 11:00:00,-11,971.3,62.6,298,84
2016-04-05 12:00:00,-11,970.6,62.6,298,84
2016-04-05 13:00:00,-8.7,969.8,62.6,299,84
2016-04-05 14:00:00,-9.5,969.4,64.6,299,82
2016-04-05 15:00:00,-8.8,968.5,58.2,296,81
2016-04-05 16:00:00,-9.8,967.9,61.9,298,83
2016-04-05 17:00:00,-10.8,967.2,61.3,298,83
2016-04-05 18:00:00,-10.5,966.1,61.2,299,81
2016-04-05 19:00:00,-9.6,964.7,62,300,80
2016-04-05 20:00:00,-9.1,963,63.2,298,80
2016-04-05 21:00:00,-8.4,960.8,63.1,298,79
2016-04-05 22:00:00,-8.6,960,63.7,298,77
2016-04-05 23:00:00,-8.7,958.6,63,298,76
2016-04-06 00:00:00,-8.8,957.2,62.6,300,80
2016-04-06 01:00:00,-9.3,955.9,62.6,298,83
2016-04-06 02:00:00,-9.7,953.4,63.2,298,88
2016-04-06 03:00:00,-10.5,952.5,63.5,298,90
2016-04-06 04:00:00,-10.3,952,63.2,298,90
2016-04-06 05:00:00,-10.1,951.2,36.1,311,91
2016-04-06 06:00:00,-10.1,949.5,63.2,298,91
2016-04-06 07:00:00,-10.5,949.5,61.2,298,90
2016-04-06 08:00:00,-10.6,948.4,59.2,299,90
2016-04-06 09:00:00,-10.4,947.9,62.6,300,90
2016-04-06 10:00:00,-10,948.2,62.6,298,91
2016-04-06 11:00:00,-9.6,948.5,63.2,298,91
2016-04-06 12:00:00,-9.4,949.6,63.2,299,91
2016-04-06 13:00:00,-9.1,950.8,63.5,298,92
2016-04-06 14:00:00,-9.1,951.1,34.3,304,91
2016-04-06 15:00:00,-9.3,951.8,62.6,298,91
2016-04-06 16:00:00,-9.5,952.8,61.2,298,91
2016-04-06 17:00:00,-9.5,952.9,61.1,296,91
2016-04-06 18:00:00,-9.5,953.9,61.9,300,91
2016-04-06 19:00:00,-9.6,954.4,61.9,298,91
2016-04-06 20:00:00,-9,955.8,63.2,298,91
2016-04-06 21:00:00,-8.6,956,62.6,298,91
2016-04-06 22:00:00,-8.1,957,63.8,299,91
2016-04-06 23:00:00,-7.4,957.7,43.6,284,92
2016-04-07 00:00:00,-7.5,958.1,62.5,298,92
2016-04-07 01:00:00,-7.6,958.5,61.2,298,92
2016-04-07 02:00:00,-7.6,960.3,62.6,298,91
2016-04-07 03:00:00,-6.9,961,61.9,301,91
2016-04-07 04:00:00,-7.1,961.6,61.9,298,91
2016-04-07 05:00:00,-7.4,962,63.3,298,91
2016-04-07 06:00:00,-7.2,963.3,63.3,298,90
2016-04-07 07:00:00,-8.3,964.1,72.3,299,89
2016-04-07 08:00:00,-7.3,964.4,31.1,295,90
2016-04-07 09:00:00,-7.1,965,62.3,298,90
2016-04-07 10:00:00,-6.9,966,61.9,298,92
2016-04-07 11:00:00,-6.6,966.7,61.9,298,93
2016-04-07 12:00:00,-8.3,966.9,62.6,298,90
2016-04-07 13:00:00,-7.6,967.8,61.2,300,88
2016-04-07 14:00:00,-8.2,967.2,62.6,301,89
2016-04-07 15:00:00,-9.7,967.3,61.9,298,84
2016-04-07 16:00:00,-10.1,966.9,63.2,298,82
2016-04-07 17:00:00,-11.7,967.4,63.2,298,77
2016-04-07 18:00:00,-10.8,967.2,64,299,75
2016-04-07 19:00:00,-11.5,967.1,28.3,306,68
2016-04-07 20:00:00,-12.2,966.9,63.2,298,69
2016-04-07 21:00:00,-11.9,966,61.3,298,67
2016-04-07 22:00:00,-11.7,964.9,61.3,298,62
2016-04-07 23:00:00,-10.7,964.4,63.3,300,63
2016-04-08 00:00:00,-11.6,963.3,62.6,298,55
2016-04-08 01:00:00,-10.2,962.4,63.9,298,46
2016-04-08 02:00:00,-9.9,961.1,63.9,298,39
2016-04-08 03:00:00,-9.9,960.2,63.9,298,46
2016-04-08 04:00:00,-10.1,959.4,63,301,38
2016-04-08 05:00:00,-10.1,959,62.6,298,43
2016-04-08 06:00:00,-10.3,958.9,61.9,298,43
2016-04-08 07:00:00,-11.3,958.6,61.3,298,54
2016-04-08 08:00:00,-10.8,958.4,61.9,301,48
2016-04-08 09:00:00,-11.4,958.5,62.6,298,49
2016-04-08 10:00:00,-11,958.3,63.3,298,49
2016-04-08 11:00:00,-10,958.3,63.9,298,45
2016-04-08 12:00:00,-9.5,958.4,63.9,298,50
2016-04-08 13:00:00,-9.3,958.7,62.6,301,57
2016-04-08 14:00:00,-8.5,958.4,62.5,298,55
2016-04-08 15:00:00,-9.2,958.3,61.9,298,50
2016-04-08 16:00:00,-11.2,958.1,61.3,298,53
2016-04-08 17:00:00,-13.8,958.2,60.8,298,62
2016-04-08 18:00:00,-14.7,958.2,14.4,265,64
2016-04-08 19:00:00,-14.5,958.2,61.9,298,60
2016-04-08 20:00:00,-15.3,958.3,61.6,298,60
2016-04-08 21:00:00,-16,958,63.9,298,63
2016-04-08 22:00:00,-15.4,957.7,63.2,301,61
2016-04-08 23:00:00,-16.1,957.3,63.2,298,61
2016-04-09 00:00:00,-17.7,957.1,61.9,298,66
2016-04-09 01:00:00,-17.2,956.3,61.9,298,64
2016-04-09 02:00:00,-17.3,955.8,63.4,299,63
2016-04-09 03:00:00,-13.5,955.3,25.6,315,42
2016-04-09 04:00:00,-12.9,954.9,62.6,298,39
2016-04-09 05:00:00,-13.3,955.1,62.3,298,43
2016-04-09 06:00:00,-14.4,955.1,63.9,298,48
2016-04-09 07:00:00,-16.2,955.3,62.6,301,56
2016-04-09 08:00:00,-14.5,955.1,62.6,298,51
2016-04-09 09:00:00,-16.4,955.2,61.9,298,58
2016-04-09 10:00:00,-15.3,955.7,61.9,298,61
2016-04-09 11:00:00,-12.9,955.3,58.9,299,47
2016-04-09 12:00:00,-13.1,955.5,59.2,306,49
2016-04-09 13:00:00,-13.2,955.5,61.9,298,53
2016-04-09 14:00:00,-12.1,955.3,63.2,298,45
2016-04-09 15:00:00,-12.2,954.9,63.2,298,49
2016-04-09 16:00:00,-12.6,954.8,63.2,301,50
2016-04-09 17:00:00,-12.7,955.1,63.2,298,44
2016-04-09 18:00:00,-12.8,955.3,61.9,298,38
2016-04-09 19:00:00,-13.8,955.5,61.9,298,40
2016-04-09 20:00:00,-13.2,956.1,61.3,298,39
2016-04-09 21:00:00,-13.5,955.8,61.9,301,38
2016-04-09 22:00:00,-12.6,955.9,61.9,298,34
2016-04-09 23:00:00,-13.4,956.2,63.9,298,39
2016-04-10 00:00:00,-12.9,956.4,63.9,298,34
2016-04-10 01:00:00,-13.9,956.5,63.2,301,35
2016-04-10 02:00:00,-14.1,956.5,63.2,298,36
2016-04-10 03:00:00,-14.6,956.6,61.9,298,40
2016-04-10 04:00:00,-15.6,956.2,62.6,298,44
2016-04-10 05:00:00,-15.7,956.1,61.2,298,46
2016-04-10 06:00:00,-15.7,956.1,41.6,305,46
2016-04-10 07:00:00,-15.5,955.5,62.6,298,41
2016-04-10 08:00:00,-15.6,955.2,63.2,298,45
2016-04-10 09:00:00,-15.7,954.8,63.9,298,46
2016-04-10 10:00:00,-16,954.5,62.6,301,47
2016-04-10 11:00:00,-15.8,954,43.2,286,49
2016-04-10 12:00:00,-15.5,953.8,61.3,298,51
2016-04-10 13:00:00,-15.3,953.6,62.6,298,51
2016-04-10 14:00:00,-15.4,953.5,61.6,299,52
2016-04-10 15:00:00,-15.7,953.5,57.5,302,56
2016-04-10 16:00:00,-15.8,953.6,61.9,298,56
2016-04-10 17:00:00,-15.6,953.4,62,299,56
2016-04-10 18:00:00,-15.5,953.4,63.9,298,56
2016-04-10 19:00:00,-15.3,953.3,63.2,301,56
2016-04-10 20:00:00,-15.2,953.1,63.2,298,54
2016-04-10 21:00:00,-15.3,953.1,61.3,298,56
2016-04-10 22:00:00,-14.9,953.2,61.3,298,49
2016-04-10 23:00:00,-14.6,953.4,60.5,299,45
2016-04-11 00:00:00,-15.1,953.6,46.6,285,51
2016-04-11 01:00:00,-14.6,953.6,62.1,298,48
2016-04-11 02:00:00,-14.2,953.8,62.6,298,46
2016-04-11 03:00:00,-14,953.6,62.6,298,47
2016-04-11 04:00:00,-13.8,953.4,63.2,301,40
2016-04-11 05:00:00,-14.1,953.3,63.2,298,46
2016-04-11 06:00:00,-13.8,953.5,61.3,298,43
2016-04-11 07:00:00,-14,953.7,61.9,298,46
2016-04-11 08:00:00,-13.7,953.8,58,300,40
2016-04-11 09:00:00,-13.3,954,54.6,289,40
2016-04-11 10:00:00,-13.3,954,62.9,298,40
2016-04-11 11:00:00,-12.9,954.3,63.9,298,41
2016-04-11 12:00:00,-13.2,954.6,63.2,298,38
2016-04-11 13:00:00,-12.8,955.2,63.2,301,35
2016-04-11 14:00:00,-13.3,955.7,63.2,298,39
2016-04-11 15:00:00,-14.2,955.9,61.9,298,36
2016-04-11 16:00:00,-14.8,956.2,61.3,298,37
2016-04-11 17:00:00,-15.5,956.6,43.1,299,36
2016-04-11 18:00:00,-15.3,957.1,20.8,307,34
2016-04-11 19:00:00,-16.5,958,62.1,298,37
2016-04-11 20:00:00,-16.9,958.9,63.2,298,41
2016-04-11 21:00:00,-16.3,959.1,63.2,298,37
2016-04-11 22:00:00,-17.1,960,62.2,300,45
2016-04-11 23:00:00,-16.9,960.5,62.6,298,42
2016-04-12 00:00:00,-18.4,961,61.3,298,48
2016-04-12 01:00:00,-18.3,961.5,61.9,301,48
2016-04-12 02:00:00,-18.6,962.1,62.6,298,46
2016-04-12 03:00:00,-17.9,962.5,63.9,298,44
2016-04-12 04:00:00,-18.4,963.5,62.9,298,45
2016-04-12 05:00:00,-18.8,964.1,63.2,298,45
2016-04-12 06:00:00,-19.1,964.8,61.9,298,46
2016-04-12 07:00:00,-20.6,965.9,62.6,301,53
2016-04-12 08:00:00,-19,966.7,61.9,298,49
2016-04-12 09:00:00,-18.2,967.5,62.6,298,48
2016-04-12 10:00:00,-17.1,968,63.9,298,45
2016-04-12 11:00:00,-16.3,968.6,63.9,298,43
2016-04-12 12:00:00,-17,969.2,43.2,304,46
2016-04-12 13:00:00,-16.2,969.7,62.6,298,44
2016-04-12 14:00:00,-15.9,970,61.9,298,46
2016-04-12 15:00:00,-17.3,970.4,61.9,298,48
2016-04-12 16:00:00,-18.9,970.7,61.9,301,53
2016-04-12 17:00:00,-19.4,970.8,63.2,298,51
2016-04-12 18:00:00,-19.5,971.5,62.9,298,50
2016-04-12 19:00:00,-19.4,971.7,57.2,294,52
2016-04-12 20:00:00,-18.1,972.1,61.9,298,50
2016-04-12 21:00:00,-21,972.9,61.9,298,56
2016-04-12 22:00:00,-20.3,972.7,62.6,298,55
2016-04-12 23:00:00,-20.2,972.4,63.2,298,56
2016-04-13 00:00:00,-20.4,972.6,62.6,301,56
2016-04-13 01:00:00,-20.7,972.4,62.6,298,58
2016-04-13 02:00:00,-21,972.4,62.6,298,60
2016-04-13 03:00:00,-20.9,972.4,57.9,301,59
2016-04-13 04:00:00,-20.6,972.4,63.2,298,59
2016-04-13 05:00:00,-20.1,972.4,63.6,298,59
2016-04-13 06:00:00,-19.8,972.5,63.2,298,58
2016-04-13 07:00:00,-20.1,973,61.9,298,58
2016-04-13 08:00:00,-18.7,973.3,61.9,298,55
2016-04-13 09:00:00,-17.3,973.8,61.4,302,53
2016-04-13 10:00:00,-14.9,973.8,61.9,298,50
2016-04-13 11:00:00,-13.3,973.6,62.6,298,48
2016-04-13 12:00:00,-11.3,973.6,63.3,298,43
2016-04-13 13:00:00,-9.4,973.4,55.2,299,36
2016-04-13 14:00:00,-9.4,973.4,19,326,35
2016-04-13 15:00:00,-9.4,973.1,62.6,298,35
2016-04-13 16:00:00,-9,972.6,61.9,298,31
2016-04-13 17:00:00,-9.4,972.5,61.3,298,34
2016-04-13 18:00:00,-10.6,972,61.9,301,34
2016-04-13 19:00:00,-10.3,972.2,61.9,298,34
2016-04-13 20:00:00,-13.1,972.3,63.2,298,41
2016-04-13 21:00:00,-14.1,971.9,63.2,298,42
2016-04-13 22:00:00,-13.8,971.7,63,298,42
2016-04-13 23:00:00,-12.1,971.1,45.5,303,42
2016-04-14 00:00:00,-11.3,970.6,62.6,298,38
2016-04-14 01:00:00,-9.7,970.2,61.9,298,31
2016-04-14 02:00:00,-11.9,969.9,61.3,298,40
2016-04-14 03:00:00,-14.2,969.5,61.8,301,45
2016-04-14 04:00:00,-13.9,968.7,61.8,298,46
2016-04-14 05:00:00,-13,968.5,63.2,298,43
2016-04-14 06:00:00,-14.3,968.3,63.2,298,45
2016-04-14 07:00:00,-9.3,967.8,63.2,298,34
2016-04-14 08:00:00,-12.2,967.5,63.1,302,40
2016-04-14 09:00:00,-7.3,966.1,63.3,298,33
2016-04-14 10:00:00,-5.6,966,61.3,298,30
2016-04-14 11:00:00,-6,966.2,61.3,298,35
2016-04-14 12:00:00,-5.2,966.5,62.2,300,30
2016-04-14 13:00:00,-5.9,966.2,41.5,280,33
2016-04-14 14:00:00,-6.1,965.8,61.9,298,34
2016-04-14 15:00:00,-7.4,966.3,63.8,298,38
2016-04-14 16:00:00,-8.2,966.7,63.3,298,40
2016-04-14 17:00:00,-8.2,967.2,62.6,301,39
2016-04-14 18:00:00,-9.5,968,62.6,298,44
2016-04-14 19:00:00,-9.5,967.5,63.2,298,44
2016-04-14 20:00:00,-9.3,967.6,61.8,299,42
2016-04-14 21:00:00,-9,967.7,61.3,298,37
2016-04-14 22:00:00,-8.3,967.8,60.6,301,36
2016-04-14 23:00:00,-8.5,967.6,61.9,298,34
2016-04-15 00:00:00,-8.4,967.4,63.9,298,37
2016-04-15 01:00:00,-7.6,967.5,63.9,298,35
2016-04-15 02:00:00,-8.4,967.5,62.9,300,41
2016-04-15 03:00:00,-8.8,966.9,62.9,298,39
2016-04-15 04:00:00,-8.6,966.5,59.1,296,33
2016-04-15 05:00:00,-8.8,966.6,61.3,298,34
2016-04-15 06:00:00,-9.6,966.5,62.3,298,37
2016-04-15 07:00:00,-9.7,966.2,42.8,294,38
2016-04-15 08:00:00,-10,966.3,61.9,299,39
2016-04-15 09:00:00,-9.5,966.2,63.2,298,37
2016-04-15 10:00:00,-9.4,966,63.3,298,39
2016-04-15 11:00:00,-9.4,965.7,62.6,300,39
2016-04-15 12:00:00,-9,965.3,60.9,298,38
2016-04-15 13:00:00,-8.7,965.1,59.1,300,33
2016-04-15 14:00:00,-9.5,964.8,61.9,298,38
2016-04-15 15:00:00,-10.2,964.4,61.9,298,38
2016-04-15 16:00:00,-11.2,964.2,61.3,300,38
2016-04-15 17:00:00,-11.3,963.8,61.9,299,37
2016-04-15 18:00:00,-11.7,963.4,63.2,298,36
2016-04-15 19:00:00,-12,963.3,63.2,298,34
2016-04-15 20:00:00,-13.1,963,62,299,36
2016-04-15 21:00:00,-12.1,962.4,54.8,288,35
2016-04-15 22:00:00,-12.4,962.1,57.9,298,33
2016-04-15 23:00:00,-13.6,962,62.6,298,34
2016-04-16 00:00:00,-14.1,961.7,62,298,36
2016-04-16 01:00:00,-13.9,961.5,61.9,300,35
2016-04-16 02:00:00,-13,961,61.9,299,30
2016-04-16 03:00:00,-13.6,960.9,63.2,298,32
2016-04-16 04:00:00,-14.1,960.7,62.6,298,34
2016-04-16 05:00:00,-13.9,960.5,62.6,299,31
2016-04-16 06:00:00,-14.1,960.4,62.6,300,32
2016-04-16 07:00:00,-14.2,960.2,51,300,31
2016-04-16 08:00:00,-14,960,62.6,298,31
2016-04-16 09:00:00,-14.2,959.9,61.9,298,32
2016-04-16 10:00:00,-14.2,959.5,61.3,300,34
2016-04-16 11:00:00,-14.2,959.3,62.6,299,35
2016-04-16 12:00:00,-14.6,959,62.6,298,36
2016-04-16 13:00:00,-14.5,958.8,63.2,298,34
2016-04-16 14:00:00,-14.7,958.5,63.8,298,35
2016-04-16 15:00:00,-15,958.4,58.8,292,35
2016-04-16 16:00:00,-15.6,958.2,49.6,299,35
2016-04-16 17:00:00,-16.3,958.1,63.2,298,36
2016-04-16 18:00:00,-16.4,958.3,61.9,298,36
2016-04-16 19:00:00,-15.8,958.6,61.3,299,36
2016-04-16 20:00:00,-16.7,958.7,61.9,300,36
2016-04-16 21:00:00,-16.1,958.8,62.6,298,36
2016-04-16 22:00:00,-17.4,959.2,63.2,298,40
2016-04-16 23:00:00,-17.6,959.8,63.1,298,40
2016-04-17 00:00:00,-16.4,960.9,62.3,299,38
2016-04-17 01:00:00,-17.3,961.8,59.7,294,39
2016-04-17 02:00:00,-17.8,962.1,62.6,298,42
2016-04-17 03:00:00,-18.7,962.6,62.6,298,41
2016-04-17 04:00:00,-19,962.9,61.4,298,43
2016-04-17 05:00:00,-18.5,963.6,62.6,298,42
2016-04-17 06:00:00,-19.1,964,63.8,298,45
2016-04-17 07:00:00,-18.9,964.8,65.5,299,43
2016-04-17 08:00:00,-18.1,965.9,62.6,298,39
2016-04-17 09:00:00,-17.3,966.7,61.3,298,43
2016-04-17 10:00:00,-18.1,967,62.2,299,45
2016-04-17 11:00:00,-16.5,967.8,55.5,299,38
2016-04-17 12:00:00,-15.3,968.4,48.2,305,36
2016-04-17 13:00:00,-15.6,969,61.9,298,39
2016-04-17 14:00:00,-17,969.7,63.2,298,40
2016-04-17 15:00:00,-16.1,970.8,62.6,299,36
2016-04-17 16:00:00,-16.3,971.5,62.3,300,37
2016-04-17 17:00:00,-16.6,972.1,62.6,298,36
2016-04-17 18:00:00,-16.1,973.8,61.9,298,36
2016-04-17 19:00:00,-17,974.3,61.9,298,41
2016-04-17 20:00:00,-17.3,974.5,62.5,298,36
2016-04-17 21:00:00,-16.2,975.4,60.9,302,33
2016-04-17 22:00:00,-15.9,976.8,62.6,298,33
2016-04-17 23:00:00,-14.4,977.5,63.2,298,29
2016-04-18 00:00:00,-15.6,977.8,63.1,298,33
2016-04-18 01:00:00,-17.1,978.8,60.6,300,37
2016-04-18 02:00:00,-16.9,979.8,62.5,297,38
2016-04-18 03:00:00,-16.2,980.1,62.9,298,35
2016-04-18 04:00:00,-16,980.8,61.9,298,36
2016-04-18 05:00:00,-15.8,981.4,61.3,298,36
2016-04-18 06:00:00,-13.1,981.7,62.6,301,32
2016-04-18 07:00:00,-11.9,982.2,62.6,298,28
2016-04-18 08:00:00,-12.1,982.8,62.6,298,31
2016-04-18 09:00:00,-11.8,983.3,62.6,298,36
2016-04-18 10:00:00,-11.1,984,58.9,300,37
2016-04-18 11:00:00,-10.7,984.5,61.9,301,37
2016-04-18 12:00:00,-10.4,985,62.1,298,37
2016-04-18 13:00:00,-10.1,985.7,62.5,299,36
2016-04-18 14:00:00,-10,986.1,61.3,298,38
2016-04-18 15:00:00,-10.1,986.7,61.9,301,37
2016-04-18 16:00:00,-9.9,987.2,61.9,298,37
2016-04-18 17:00:00,-9.6,987.6,63.2,298,37
2016-04-18 18:00:00,-9.7,987.6,63.5,298,38
2016-04-18 19:00:00,-9.5,987.9,67.6,299,38
2016-04-18 20:00:00,-9.1,988.4,27.5,308,38
2016-04-18 21:00:00,-8.6,988.9,62.6,298,34
2016-04-18 22:00:00,-8.9,988.7,61.9,298,39
2016-04-18 23:00:00,-8.5,988.9,61.9,298,37
2016-04-19 00:00:00,-8.5,989.1,61.9,301,37
2016-04-19 01:00:00,-8.3,989,62.6,298,36
2016-04-19 02:00:00,-7.8,989.1,62.6,298,34
2016-04-19 03:00:00,-8,989.1,63.9,298,37
2016-04-19 04:00:00,-8.2,989.6,64.9,298,36
2016-04-19 05:00:00,-9.6,990.4,53.7,298,45
2016-04-19 06:00:00,-10.3,990.6,62.6,298,40
2016-04-19 07:00:00,-9.7,990.2,61.3,298,36
2016-04-19 08:00:00,-8.9,989.4,61.3,298,41
2016-04-19 09:00:00,-8.8,990.1,62.3,301,46
2016-04-19 10:00:00,-8.4,990.3,61,296,44
2016-04-19 11:00:00,-7.8,989.7,62.6,298,43
2016-04-19 12:00:00,-7.1,989.4,63.9,298,42
2016-04-19 13:00:00,-6.5,989.4,63.3,298,38
2016-04-19 14:00:00,-6.2,988.7,63.3,301,40
2016-04-19 15:00:00,-5.8,989.2,62.6,298,40
2016-04-19 16:00:00,-5.8,989.3,61.9,298,42
2016-04-19 17:00:00,-5.6,989.2,61.9,298,41
2016-04-19 18:00:00,-5.2,989.1,61.6,299,37
2016-04-19 19:00:00,-4.9,989,33.4,324,37
2016-04-19 20:00:00,-4.8,989.9,62.6,298,38
2016-04-19 21:00:00,-4.9,989.6,62.5,299,41
2016-04-19 22:00:00,-4.6,989.6,63.9,298,38
2016-04-19 23:00:00,-5.3,990,63.3,301,43
2016-04-20 00:00:00,-5.4,989.7,63.3,298,46
2016-04-20 01:00:00,-5.1,989.8,61.3,298,45
2016-04-20 02:00:00,-4.8,989.3,61.9,298,36
2016-04-20 03:00:00,-5,989.3,62.9,298,35
2016-04-20 04:00:00,-5.7,988.6,41.4,301,43
2016-04-20 05:00:00,-6.3,987.8,62.5,298,53
2016-04-20 06:00:00,-5,987.7,63.9,298,40
2016-04-20 07:00:00,-5.2,987.2,63.3,298,45
2016-04-20 08:00:00,-4.6,986.8,63.2,300,39
2016-04-20 09:00:00,-4.9,986.6,62.6,298,32
2016-04-20 10:00:00,-4.5,985.9,61.5,298,33
2016-04-20 11:00:00,-3,985,62.6,298,27
2016-04-20 12:00:00,-3.7,984.3,61.3,298,34
2016-04-20 13:00:00,-4,983.8,61.2,298,35
2016-04-20 14:00:00,-4.4,984.1,61.3,298,36
2016-04-20 15:00:00,-4.9,983.3,50.2,299,37
2016-04-20 16:00:00,-4.6,982.6,59.5,303,40
2016-04-20 17:00:00,-4.9,982.8,62.6,298,40
2016-04-20 18:00:00,-8.9,983.1,63.2,298,58
2016-04-20 19:00:00,-8.4,983.1,63.3,298,52
2016-04-20 20:00:00,-7.5,983.2,62.6,301,37
2016-04-20 21:00:00,-7,983.5,63.3,298,36
2016-04-20 22:00:00,-6.4,982.7,61.3,298,37
2016-04-20 23:00:00,-5.2,982.2,62.6,298,33
2016-04-21 00:00:00,-5.3,982.8,61.3,298,37
2016-04-21 01:00:00,-6.2,982.2,61.9,301,37
2016-04-21 02:00:00,-5.8,982.4,61.9,298,41
2016-04-21 03:00:00,-7.2,982.4,63.3,298,43
2016-04-21 04:00:00,-6.5,981.8,63.3,298,43
2016-04-21 05:00:00,-5.8,981.5,68.8,299,37
2016-04-21 06:00:00,-7,981.6,27.4,300,39
2016-04-21 07:00:00,-8,981.3,63.2,298,49
2016-04-21 08:00:00,-6.7,982.4,60.6,299,39
2016-04-21 09:00:00,-6.8,982.1,61.3,298,35
2016-04-21 10:00:00,-7.5,981.1,61.9,301,46
2016-04-21 11:00:00,-6.2,982.7,62.4,298,41
2016-04-21 12:00:00,-6.3,982.5,63.3,298,33
2016-04-21 13:00:00,-6.1,980.9,63.3,298,41
2016-04-21 14:00:00,-5.1,980.9,62.6,298,37
2016-04-21 15:00:00,-7.3,981.5,46.4,306,43
2016-04-21 16:00:00,-6.3,981.6,63.3,298,37
2016-04-21 17:00:00,-7.2,982.4,61.9,298,43
2016-04-21 18:00:00,-7.4,982.6,61.9,298,39
2016-04-21 19:00:00,-6.4,981.4,62.5,301,30
2016-04-21 20:00:00,-7.5,982.1,62.3,298,36
2016-04-21 21:00:00,-7.4,981.7,62.8,298,36
2016-04-21 22:00:00,-8,981.9,63.9,298,38
2016-04-21 23:00:00,-9,981.9,63.2,298,41
2016-04-22 00:00:00,-9.2,981.4,62.6,301,40
2016-04-22 01:00:00,-8.8,980.9,63.2,298,38
2016-04-22 02:00:00,-8.8,980.7,61.9,298,38
2016-04-22 03:00:00,-10.7,980.4,61.3,298,42
2016-04-22 04:00:00,-11.2,980.5,56.7,299,41
2016-04-22 05:00:00,-14.5,980.7,58.1,297,53
2016-04-22 06:00:00,-15.4,980.3,62.3,298,56
2016-04-22 07:00:00,-15.9,979.9,62.8,299,56
2016-04-22 08:00:00,-16,980,62.6,298,56
2016-04-22 09:00:00,-15,979.5,63.2,301,54
2016-04-22 10:00:00,-14.1,978.8,62.6,298,51
2016-04-22 11:00:00,-11.8,977.5,61.3,298,47
2016-04-22 12:00:00,-9.6,976.8,61.3,298,37
2016-04-22 13:00:00,-9.9,975.8,62.5,299,45
2016-04-22 14:00:00,-10,975.7,56.9,310,40
2016-04-22 15:00:00,-10.8,974.8,61.9,298,38
2016-04-22 16:00:00,-10.2,974.3,63.9,298,37
2016-04-22 17:00:00,-10.7,973.8,62.6,298,37
2016-04-22 18:00:00,-10.6,973.3,62.6,301,35
2016-04-22 19:00:00,-12.1,972.3,63.2,298,40
2016-04-22 20:00:00,-12.2,970.7,61.9,298,46
2016-04-22 21:00:00,-12.2,969.7,61.9,298,47
2016-04-22 22:00:00,-12.2,969.3,60.9,298,47
2016-04-22 23:00:00,-11.7,969.5,43.1,291,47
2016-04-23 00:00:00,-9.6,968.4,62.5,299,39
2016-04-23 01:00:00,-8.8,967.9,63.2,298,40
2016-04-23 02:00:00,-8.2,967.6,63.9,298,39
2016-04-23 03:00:00,-7.7,967.5,63.3,301,39
2016-04-23 04:00:00,-7.6,967.4,63.2,298,41
2016-04-23 05:00:00,-7.8,967,62.1,298,37
2016-04-23 06:00:00,-8.4,967.3,61.3,298,39
2016-04-23 07:00:00,-7.5,967.4,61.9,298,31
2016-04-23 08:00:00,-7.2,967.6,60.1,304,30
2016-04-23 09:00:00,-7.4,967.8,62.6,298,29
2016-04-23 10:00:00,-7.4,968,62.6,298,32
2016-04-23 11:00:00,-7.5,968,63.3,298,30
2016-04-23 12:00:00,-7.9,968.5,63.1,300,31
2016-04-23 13:00:00,-8.2,968.4,55.8,291,31
2016-04-23 14:00:00,-8.7,968.7,62.6,298,35
2016-04-23 15:00:00,-8.9,968.5,61.9,298,36
2016-04-23 16:00:00,-8.6,968.6,61.9,298,36
2016-04-23 17:00:00,-8.1,968.4,61.9,301,40
2016-04-23 18:00:00,-8,968.3,61.9,298,44
2016-04-23 19:00:00,-7.4,968.3,63.3,298,44
2016-04-23 20:00:00,-7.1,968.6,63.3,298,47
2016-04-23 21:00:00,-6.7,968.8,63.9,298,47
2016-04-23 22:00:00,-6.9,969.1,61.6,295,54
2016-04-23 23:00:00,-6.6,968.5,62.1,298,53
2016-04-24 00:00:00,-6.1,968.8,61.9,298,50
2016-04-24 01:00:00,-5.7,969.1,61.3,298,46
2016-04-24 02:00:00,-5.5,968.9,62.6,301,47
2016-04-24 03:00:00,-5.3,968.4,62.6,298,50
2016-04-24 04:00:00,-4.8,968,62.6,298,48
2016-04-24 05:00:00,-4.8,967.8,63.3,298,55
2016-04-24 06:00:00,-4.8,968,63.5,298,57
2016-04-24 07:00:00,-5.5,968.8,50.3,285,66
2016-04-24 08:00:00,-6.3,970.8,62.6,298,88
2016-04-24 09:00:00,-6.6,972.5,61.9,298,93
2016-04-24 10:00:00,-6.6,974.2,61.5,298,93
2016-04-24 11:00:00,-6.7,975.4,62.6,301,92
2016-04-24 12:00:00,-6.8,975.9,61.9,298,91
2016-04-24 13:00:00,-6.7,976.5,63.3,298,90
2016-04-24 14:00:00,-6.7,976.6,63.3,298,84
2016-04-24 15:00:00,-6.2,976.6,68.7,300,71
2016-04-24 16:00:00,-5.8,976.1,48.5,281,63
2016-04-24 17:00:00,-5.4,976.1,62.9,298,56
2016-04-24 18:00:00,-5.1,975.6,61.3,298,55
2016-04-24 19:00:00,-4.8,975.6,61.3,298,54
2016-04-24 20:00:00,-4.5,976,61.9,301,54
2016-04-24 21:00:00,-4.4,975.9,62.6,298,57
2016-04-24 22:00:00,-4.1,975.1,63.3,298,52
2016-05-02 07:00:00,-15.6,974.6,62.6,298,30
2016-05-02 08:00:00,-15.5,974.5,62.6,298,30
2016-05-02 09:00:00,-15.2,974.4,55.8,304,29
2016-05-02 10:00:00,-15.4,974.9,63.2,298,33
2016-05-02 11:00:00,-15.3,975,61.3,298,33
2016-05-02 12:00:00,-15.3,975.3,61.3,298,36
2016-05-02 13:00:00,-15,974.9,62.6,301,35
2016-05-02 14:00:00,-15,975,62.6,298,34
2016-05-02 15:00:00,-14.3,974.6,63.2,298,32
2016-05-02 16:00:00,-13.8,974.9,63.9,298,33
2016-05-02 17:00:00,-13.9,975.2,63.4,299,33
2016-05-02 18:00:00,-13.5,975.1,58.6,302,32
2016-05-02 19:00:00,-13.2,975.2,62.5,298,31
2016-05-02 20:00:00,-13.1,975,60.6,298,34
2016-05-02 21:00:00,-12.6,975.2,61.3,298,33
2016-05-02 22:00:00,-12.3,975.5,61.9,301,35
2016-05-02 23:00:00,-12.1,975.7,62.6,298,34
2016-05-03 00:00:00,-11.7,975.5,63.9,298,33
2016-05-03 01:00:00,-11.6,975.5,63.9,298,32
2016-05-03 02:00:00,-11.4,975.7,71.6,299,34
2016-05-03 03:00:00,-11,975.5,63.2,301,33
2016-05-03 04:00:00,-10.8,975.6,63.2,298,36
2016-05-03 05:00:00,-10.9,975.7,61.3,298,43
2016-05-03 06:00:00,-10.6,975.9,61.9,298,42
2016-05-03 07:00:00,-10.4,976.3,62,301,45
2016-05-03 08:00:00,-10.3,976.7,61.9,298,52
2016-05-03 09:00:00,-10.3,977.7,63.9,298,58
2016-05-03 10:00:00,-10.4,978.5,63.2,298,70
2016-05-03 11:00:00,-10.6,978.9,63.6,298,84
2016-05-03 12:00:00,-10.4,979.1,26.1,315,88
2016-05-03 13:00:00,-10.4,979.5,63.2,298,89
2016-05-03 14:00:00,-10.5,980,61.2,298,88
2016-05-03 15:00:00,-10.5,980.2,61.3,298,88
2016-05-03 16:00:00,-10.3,980.3,61.9,301,87
2016-05-03 17:00:00,-10.3,980.8,61.9,298,83
2016-05-03 18:00:00,-10.8,981,63.9,298,86
2016-05-03 19:00:00,-10.6,980.5,63.9,298,87
2016-05-03 20:00:00,-10.5,981,62.4,300,82
2016-05-03 21:00:00,-11.1,981.7,26.5,272,82
2016-05-03 22:00:00,-11,981.3,62,298,78
2016-05-03 23:00:00,-10.8,981.6,61.9,298,76
2016-05-04 00:00:00,-10.9,981.6,62.6,298,76
2016-05-04 01:00:00,-10.4,980.5,61.9,301,75
2016-05-04 02:00:00,-10.4,980.3,61.9,298,73
2016-05-04 03:00:00,-10.5,979.8,63.9,298,73
2016-05-04 04:00:00,-10.4,979.7,63.9,298,77
2016-05-04 05:00:00,-10.1,978.9,69.7,299,84
2016-05-04 06:00:00,-10.3,978.7,15.1,290,86
2016-05-04 07:00:00,-10.4,978.4,62.8,298,87
2016-05-04 08:00:00,-10.5,977.5,61.3,298,88
2016-05-04 09:00:00,-10.9,977.2,61.3,298,89
2016-05-04 10:00:00,-10.8,975.9,61.9,301,89
2016-05-04 11:00:00,-10.5,974.9,61.9,298,90
2016-05-04 12:00:00,-10.3,974.3,63.2,298,90
2016-05-04 13:00:00,-10.2,972.6,63.2,298,90
2016-05-04 14:00:00,-9.9,971.1,66.8,299,91
2016-05-04 15:00:00,-9.7,969.5,51,312,91
2016-05-04 16:00:00,-9.7,968.5,62.6,298,91
2016-05-04 17:00:00,-9.6,967.7,60.6,298,91
2016-05-04 18:00:00,-9.6,967.3,61.3,298,91
2016-05-04 19:00:00,-10,966.2,62.4,300,91
2016-05-04 20:00:00,-10.2,965.6,62.6,298,90
2016-05-04 21:00:00,-10.4,964.9,62.6,298,90
2016-05-04 22:00:00,-10.8,964.6,62.6,298,90
2016-05-04 23:00:00,-10.5,964.4,63.9,298,90
2016-05-05 00:00:00,-10.9,964.6,25.9,296,90
2016-05-05 01:00:00,-11,965.4,62.6,298,90
2016-05-05 02:00:00,-10.7,966.5,61.9,298,90
2016-05-05 03:00:00,-10.8,966.8,61.9,298,90
2016-05-05 04:00:00,-10.8,966.8,61.9,301,90
2016-05-05 05:00:00,-10.7,966.6,62.6,298,90
2016-05-05 06:00:00,-10.6,967.8,63.2,298,90
2016-05-05 07:00:00,-10.3,967.6,63.9,298,90
2016-05-05 08:00:00,-10,968.4,60.9,299,91
2016-05-05 09:00:00,-9.8,968.4,31.4,289,91
2016-05-05 10:00:00,-9.7,968.6,62.6,298,91
2016-05-05 11:00:00,-9.4,968.8,61.3,299,91
2016-05-05 12:00:00,-9.2,969,61.9,298,91
2016-05-05 13:00:00,-9.1,969.5,61.9,301,92
2016-05-05 14:00:00,-8.9,970.4,62.6,298,92
2016-05-05 15:00:00,-9,970.4,62.6,298,92
2016-05-05 16:00:00,-8.9,970.5,63.3,298,92
2016-05-05 17:00:00,-8.9,970.9,56.5,299,92
2016-05-05 18:00:00,-8.9,971.2,44.7,283,92
2016-05-05 19:00:00,-8.9,972,62.4,298,92
2016-05-05 20:00:00,-8.9,972.4,61.9,298,92
2016-05-05 21:00:00,-8.8,972.8,61.9,298,92
2016-05-05 22:00:00,-8.7,973.3,61.9,301,92
2016-05-05 23:00:00,-8.6,974,62.6,298,92
2016-05-06 00:00:00,-8.8,974.1,63.9,298,92
2016-05-06 01:00:00,-8.6,974.7,63.9,298,92
2016-05-06 02:00:00,-8.4,974.9,62.1,299,92
2016-05-06 03:00:00,-8.4,974.9,27.1,280,92
2016-05-06 04:00:00,-8.3,976.1,62.6,298,92
2016-05-06 05:00:00,-8.2,976,61.9,298,92
2016-05-06 06:00:00,-8,976.1,61.9,298,93
2016-05-06 07:00:00,-8,976.7,61.9,301,92
2016-05-06 08:00:00,-8,976.7,61.9,298,93
2016-05-06 09:00:00,-8.1,976.8,62.6,298,92
2016-05-06 10:00:00,-8.1,977.4,63.9,298,92
2016-05-06 11:00:00,-8.1,977.6,60.2,299,92
2016-05-06 12:00:00,-8.2,977.6,57.4,306,92
2016-05-06 13:00:00,-8.2,978.2,63.3,298,92
2016-05-06 14:00:00,-7.9,978.1,61.3,298,93
2016-05-06 15:00:00,-7.7,977.9,61.9,298,93
2016-05-06 16:00:00,-7.6,977.7,61.9,301,93
2016-05-06 17:00:00,-7.6,978.1,62.6,298,93
2016-05-06 18:00:00,-7.7,978.4,62.6,298,93
2016-05-06 19:00:00,-7.7,978.8,63.9,298,93
2016-05-06 20:00:00,-7.8,978.7,68.2,299,93
2016-05-06 21:00:00,-7.8,978,62.6,301,93
2016-05-06 22:00:00,-7.6,978,63.3,298,93
2016-05-06 23:00:00,-7.6,977.2,61.9,298,93
2016-05-07 00:00:00,-7.5,976.9,61.3,298,93
2016-05-07 01:00:00,-7.6,976.5,61.9,301,93
2016-05-07 02:00:00,-7.9,975.9,61.9,298,93
2016-05-07 03:00:00,-8.3,975.5,63.3,298,92
2016-05-07 04:00:00,-8.5,974.4,63.9,298,92
2016-05-07 05:00:00,-8.5,972.9,63.3,298,92
2016-05-07 06:00:00,-8.5,972,63.2,301,92
2016-05-07 07:00:00,-8.2,971.2,63.3,298,92
2016-05-07 08:00:00,-8.3,970.6,61.9,298,92
2016-05-07 09:00:00,-8.4,969.9,61.9,298,92
2016-05-07 10:00:00,-8.6,969.1,68.5,299,92
2016-05-07 11:00:00,-8.9,968,54.6,309,92
2016-05-07 12:00:00,-9.3,966.8,61.9,298,91
2016-05-07 13:00:00,-9.2,965.3,63.2,298,91
2016-05-07 14:00:00,-9.5,963.7,61.3,298,91
2016-05-07 15:00:00,-9.2,962.3,61.3,300,91
2016-05-07 16:00:00,-9.3,961.8,62.5,298,91
2016-05-07 17:00:00,-9.7,960.8,60.3,300,90
2016-05-07 18:00:00,-9.8,960.1,63.9,298,90
2016-05-07 19:00:00,-10,959.7,62.7,298,90
2016-05-07 20:00:00,-10.1,959.2,63.2,300,90
2016-05-07 21:00:00,-9.9,958.1,62.6,299,90
2016-05-07 22:00:00,-9.6,957.8,61.9,298,90
2016-05-07 23:00:00,-9.2,958.2,61.9,298,90
2016-05-08 00:00:00,-8.8,957.7,60.4,300,91
2016-05-08 01:00:00,-8.4,957.6,61.4,298,91
2016-05-08 02:00:00,-8,957.5,60.5,299,91
2016-05-08 03:00:00,-8,957.2,63.3,298,90
2016-05-08 04:00:00,-8.1,956.7,63.9,298,90
2016-05-08 05:00:00,-8,958.1,63.2,300,91
2016-05-08 06:00:00,-8.1,959.3,61.9,299,90
2016-05-08 07:00:00,-8,959.8,61.9,298,90
2016-05-08 08:00:00,-8.2,960.4,61.9,298,90
2016-05-08 09:00:00,-8.1,960,61.3,298,90
2016-05-08 10:00:00,-8.1,960.4,27.9,310,90
2016-05-08 11:00:00,-8.1,961.2,61.9,299,90
2016-05-08 12:00:00,-8.4,961.7,62.5,298,90
2016-05-08 13:00:00,-8.8,961.9,63.2,298,90
2016-05-08 14:00:00,-9,960.4,63.2,300,90
2016-05-08 15:00:00,-9.2,961,63.3,299,90
2016-05-08 16:00:00,-9.3,961.8,61.8,295,90
2016-05-08 17:00:00,-9.7,961.1,61.3,298,89
2016-05-08 18:00:00,-9.9,960.3,64,299,89
2016-05-08 19:00:00,-9.8,959.9,31.1,317,89
2016-05-08 20:00:00,-9.6,959.7,62.6,299,89
2016-05-08 21:00:00,-9.7,959.4,63.2,298,89
2016-05-08 22:00:00,-9.5,959.2,63.9,298,89
2016-05-08 23:00:00,-9.9,959,62.7,299,89
2016-05-09 00:00:00,-10.1,958.8,63.2,299,88
2016-05-09 01:00:00,-10.4,958.7,62.6,298,88
2016-05-09 02:00:00,-10.5,958.2,62.3,298,88
2016-05-09 03:00:00,-10.4,957.9,64.1,299,87
2016-05-09 04:00:00,-10.2,957.9,61.9,299,87
2016-05-09 05:00:00,-10.4,957.8,62.6,300,87
2016-05-09 06:00:00,-10.7,958.1,63.2,298,86
2016-05-09 07:00:00,-11.4,957.8,63.9,298,86
2016-05-09 08:00:00,-11.7,958.2,63.1,299,85
2016-05-09 09:00:00,-12.3,958.1,60.6,299,85
2016-05-09 10:00:00,-12.3,958,61.2,297,84
2016-05-09 11:00:00,-13.1,959.3,62,298,84
2016-05-09 12:00:00,-13.6,960.2,62,298,84
2016-05-09 13:00:00,-14.3,960.5,57,297,83
2016-05-09 14:00:00,-14.1,960.4,62.6,300,82
2016-05-09 15:00:00,-14.5,960.9,61.9,298,82
2016-05-09 16:00:00,-14.9,962,63.2,298,83
2016-05-09 17:00:00,-14.5,962.1,62.6,299,82
2016-05-09 18:00:00,-14.2,962.6,63.1,300,82
2016-05-09 19:00:00,-13.8,962.9,63.2,298,82
2016-05-09 20:00:00,-13.3,963,62.6,298,81
2016-05-09 21:00:00,-12.9,963.8,61.9,298,81
2016-05-09 22:00:00,-12.7,962.6,44.9,294,82
2016-05-09 23:00:00,-12.3,962.6,59.7,301,82
2016-05-10 00:00:00,-12.1,963,62.6,298,81
2016-05-10 01:00:00,-11.9,963.1,63.2,298,81
2016-05-10 02:00:00,-11.6,963.5,63.2,299,80
2016-05-10 03:00:00,-11.4,963.4,63.2,300,80
2016-05-10 04:00:00,-11.2,963.2,62.6,298,80
2016-05-10 05:00:00,-11.3,963.1,61.3,298,79
2016-05-10 06:00:00,-10.6,963.3,61,298,79
2016-05-10 07:00:00,-10.7,963.4,55.5,298,79
2016-05-10 08:00:00,-10.4,963.3,48.8,305,76
2016-05-10 09:00:00,-10.3,963.6,62.6,298,76
2016-05-10 10:00:00,-11.7,963.3,63.9,298,75
2016-05-10 11:00:00,-11.9,963.7,63.2,298,73
2016-05-10 12:00:00,-12,964.1,63.3,300,73
2016-05-10 13:00:00,-11.6,963.9,62.6,298,71
2016-05-10 14:00:00,-11.2,964.2,61.3,298,70
2016-05-10 15:00:00,-10.8,963.9,62,298,68
2016-05-10 16:00:00,-10.2,964.5,61.8,298,68
2016-05-10 17:00:00,-9.9,964.8,45.8,299,65
2016-05-10 18:00:00,-9.5,965,61.9,298,61
2016-05-10 19:00:00,-9.6,965.6,63.9,298,61
2016-05-10 20:00:00,-10.2,966.2,63.9,298,63
2016-05-10 21:00:00,-9.9,966.1,62.6,301,57
2016-05-10 22:00:00,-9.4,966.4,63.2,298,54
2016-05-10 23:00:00,-9.6,966.8,61.9,298,56
2016-05-11 00:00:00,-9.7,967.2,61.9,298,54
2016-05-11 01:00:00,-9.6,967.3,62.6,298,50
2016-05-11 02:00:00,-10.1,967.4,61.9,301,51
2016-05-11 03:00:00,-10.4,967.8,62.6,298,42
2016-05-11 04:00:00,-10.4,967.8,63.9,298,46
2016-05-11 05:00:00,-10.6,968.2,63.2,298,45
2016-05-11 06:00:00,-11.5,968.4,63.9,298,47
2016-05-11 07:00:00,-11.5,968.6,62,301,42
2016-05-11 08:00:00,-11.8,968.9,62.6,298,43
2016-05-11 09:00:00,-11.7,969.5,61.9,298,42
2016-05-11 10:00:00,-12.1,970,61.9,298,42
2016-05-11 11:00:00,-12.7,970.1,61.9,301,47
2016-05-11 12:00:00,-12.9,970.3,61.9,298,46
2016-05-11 13:00:00,-12.5,970.5,63.2,298,40
2016-05-11 14:00:00,-12.7,970.8,63.2,298,43
2016-05-11 15:00:00,-12.5,971.1,63.9,298,43
2016-05-11 16:00:00,-12.5,971.3,41.5,313,40
2016-05-11 17:00:00,-12.1,971.6,62.6,298,38
2016-05-11 18:00:00,-12,971.9,61.9,298,39
2016-05-11 19:00:00,-11.8,972.3,61.9,298,40
2016-05-11 20:00:00,-12.6,972.5,64.3,300,43
2016-05-11 21:00:00,-12.4,972.7,62.1,302,42
2016-05-11 22:00:00,-11.9,973.1,63,298,40
2016-05-11 23:00:00,-12,973.1,63,298,42
2016-05-12 00:00:00,-11.8,973.6,63.9,298,37
2016-05-12 01:00:00,-11.8,973.7,62.6,301,39
2016-05-12 02:00:00,-12.4,973.7,62.6,298,42
2016-05-12 03:00:00,-12.8,973.5,61.9,298,44
2016-05-12 04:00:00,-12.3,973.5,61.3,298,40
2016-05-12 05:00:00,-11.6,973.6,61.7,298,41
2016-05-12 06:00:00,-11.2,973.8,30.3,296,48
2016-05-12 07:00:00,-11.5,974.2,61.9,298,64
2016-05-12 08:00:00,-11,974.3,63.2,298,53
2016-05-12 09:00:00,-11,974.8,63.2,298,56
2016-05-12 10:00:00,-10.5,974.7,63.2,301,53
2016-05-12 11:00:00,-10.7,975.1,63.2,298,56
2016-05-12 12:00:00,-10.9,975.1,61.9,298,56
2016-05-12 13:00:00,-11,975.2,61.3,298,57
2016-05-12 14:00:00,-11.1,975,63.9,299,55
2016-05-12 15:00:00,-11.1,975.2,46.4,305,55
2016-05-12 16:00:00,-11.3,974.9,61.9,298,54
2016-05-12 17:00:00,-11.7,974.7,62.9,299,54
2016-05-12 18:00:00,-11.7,974.6,63.2,298,59
2016-05-12 19:00:00,-11.8,974.5,63.2,301,65
2016-05-12 20:00:00,-11.6,973.9,63.2,298,70
2016-05-12 21:00:00,-11.7,973.8,61.3,298,65
2016-05-12 22:00:00,-12.4,973.4,61.3,298,63
2016-05-12 23:00:00,-12.2,973.2,62,298,64
2016-05-13 00:00:00,-12,972.9,55,307,68
2016-05-13 01:00:00,-12.2,972.6,62.6,298,67
2016-05-13 02:00:00,-12.2,972,62.6,298,67
2016-05-13 03:00:00,-12.3,971.9,63.2,298,68
2016-05-13 04:00:00,-12.6,971.6,62.7,300,73
2016-05-13 05:00:00,-12.5,971.2,62.6,298,67
2016-05-13 06:00:00,-13.3,971,62.1,298,67
2016-05-13 07:00:00,-13.1,970.6,61.3,298,60
2016-05-13 08:00:00,-13.4,970.4,62.6,298,56
2016-05-13 09:00:00,-14.1,970.5,62.6,301,57
2016-05-13 10:00:00,-14.7,970.2,61.9,298,59
2016-05-13 11:00:00,-14.9,970.4,63.2,298,60
2016-05-13 12:00:00,-15.3,970.5,63.9,298,61
2016-05-13 13:00:00,-14.9,970.1,65.2,300,58
2016-05-13 14:00:00,-15,969.9,35.9,285,60
2016-05-13 15:00:00,-15.1,969.6,63.2,298,58
2016-05-13 16:00:00,-14.8,969.2,61.9,298,52
2016-05-13 17:00:00,-15.1,969,61.3,298,50
2016-05-13 18:00:00,-14.8,968.9,61.9,301,49
2016-05-13 19:00:00,-14.7,968.6,61.9,298,46
2016-05-13 20:00:00,-14.4,968.9,63.2,298,42
2016-05-13 21:00:00,-14.6,968.7,63.9,298,44
2016-05-13 22:00:00,-14.5,968.4,63.2,298,45
2016-05-13 23:00:00,-14.4,968.5,18.5,331,42
2016-05-14 00:00:00,-13.6,967.9,63.2,298,38
2016-05-14 01:00:00,-13.9,968.2,61.3,298,39
2016-05-14 02:00:00,-13.1,968.1,61.3,298,34
2016-05-14 03:00:00,-13.1,967.6,62.5,301,34
2016-05-14 04:00:00,-12.8,967.3,61.9,298,30
2016-05-14 05:00:00,-12.8,967.4,63.2,298,36
2016-05-14 06:00:00,-12.5,967.2,63.9,298,31
2016-05-14 07:00:00,-12,967.8,63.7,298,33
2016-05-14 08:00:00,-12.3,968.1,59.5,304,35
2016-05-14 09:00:00,-12,967.9,63.2,298,37
2016-05-14 10:00:00,-11.8,967.9,62.6,298,46
2016-05-14 11:00:00,-11.3,968.5,61.9,298,40
2016-05-14 12:00:00,-11.2,968.7,62.6,301,41
2016-05-14 13:00:00,-10.6,969.1,62.6,298,37
2016-05-14 14:00:00,-10.7,969.4,63.9,298,38
2016-05-14 15:00:00,-11,969.8,63.9,298,41
2016-05-14 16:00:00,-11.1,970.1,63.1,298,42
2016-05-14 17:00:00,-11,970.6,47.7,301,40
2016-05-14 18:00:00,-10.9,970.4,62.6,298,38
2016-05-14 19:00:00,-10.4,970.5,62.6,298,37
2016-05-14 20:00:00,-10.1,970.8,61.9,298,35
2016-05-14 21:00:00,-10.3,971.2,62,301,35
2016-05-14 22:00:00,-10.3,971.8,62.6,298,36
2016-05-14 23:00:00,-10.9,971.9,63.2,298,39
2016-05-15 00:00:00,-10.4,971.9,62.6,298,40
2016-05-15 01:00:00,-10.7,971.8,63.9,298,44
2016-05-15 02:00:00,-10,971.5,63.2,301,33
2016-05-15 03:00:00,-10.4,971.5,63.2,298,39
2016-05-15 04:00:00,-11.2,971.2,62.6,298,42
2016-05-15 05:00:00,-10.6,971.3,61.9,298,35
2016-05-15 06:00:00,-11.8,971.4,53.4,299,40
2016-05-15 07:00:00,-12.8,971.8,46.7,309,45
2016-05-15 08:00:00,-14,971.7,62.6,298,50
2016-05-15 09:00:00,-15.3,971.9,63.2,298,57
2016-05-15 10:00:00,-16,971.8,63.2,298,58
2016-05-15 11:00:00,-16.5,971.8,62.6,301,58
2016-05-15 12:00:00,-17.1,971.9,63.2,298,61
2016-05-15 13:00:00,-17.8,971.9,61.9,298,59
2016-05-15 14:00:00,-18.2,971.7,61.3,298,59
2016-05-15 15:00:00,-18.7,972.1,57.3,305,59
2016-05-15 16:00:00,-19.3,971.9,63.9,298,60
2016-05-15 17:00:00,-19.6,972.4,63.2,298,59
2016-05-15 18:00:00,-19.9,972.4,63.2,298,58
2016-05-15 19:00:00,-18.9,972.1,61.3,298,51
2016-05-15 20:00:00,-19.4,972.7,59.8,300,49
2016-05-15 21:00:00,-18.7,972.8,61.9,298,40
2016-05-15 22:00:00,-19.1,973.1,62.6,298,42
2016-05-15 23:00:00,-20.2,972.8,63.3,298,46
2016-05-16 00:00:00,-19.1,972.7,63.2,298,39
2016-05-16 01:00:00,-19.1,972.5,61.9,298,41
2016-05-16 02:00:00,-19,972.4,61.9,301,40
2016-05-16 03:00:00,-18.8,972.4,63,298,38
2016-05-16 04:00:00,-19.1,972.6,63.2,298,42
2016-05-16 05:00:00,-19.2,972.6,47,312,41
2016-05-16 06:00:00,-19.2,972.9,61.9,298,39
2016-05-16 07:00:00,-19.3,972.6,61.9,298,42
2016-05-16 08:00:00,-18.4,973.3,61.6,297,36
2016-05-16 09:00:00,-19.2,973.5,63.9,298,38
2016-05-16 10:00:00,-19.1,973.5,65.4,299,36
2016-05-16 11:00:00,-18.8,973.6,62.6,298,37
2016-05-16 12:00:00,-18.6,973.7,62.6,298,35
2016-05-16 13:00:00,-18.8,974,61.9,298,35
2016-05-16 14:00:00,-18.9,974,62.6,301,36
2016-05-16 15:00:00,-18.7,973.5,62.6,298,35
2016-05-16 16:00:00,-18.1,973.6,63.9,298,34
2016-05-16 17:00:00,-17.8,973.2,63.9,298,34
2016-05-16 18:00:00,-18.3,973.1,61.9,298,37
2016-05-16 19:00:00,-18.6,972.8,61.9,298,36
2016-05-16 20:00:00,-18,972.3,63,298,34
2016-05-16 21:00:00,-17.4,971.8,63.7,299,32
2016-05-16 22:00:00,-17.3,971.6,63.2,298,32
2016-05-16 23:00:00,-17,971,38,307,33
2016-05-17 00:00:00,-16.9,970.1,62.6,298,32
2016-05-17 01:00:00,-15.9,969,61.9,298,30
2016-05-17 02:00:00,-15.5,968.8,62,298,31
2016-05-17 03:00:00,-15.6,968.1,61.9,301,31
2016-05-17 04:00:00,-15.2,967.2,61.9,298,30
2016-05-17 05:00:00,-14.9,966.6,63.8,298,30
2016-05-17 06:00:00,-14.7,967.1,63.9,298,30
2016-05-17 07:00:00,-14.6,966.4,63.9,298,29
2016-05-17 08:00:00,-14.3,965.8,63,301,30
2016-05-17 09:00:00,-14.4,966.2,62.6,298,28
2016-05-17 10:00:00,-13.9,966.3,62.6,298,30
2016-05-17 11:00:00,-13.7,966,62.6,298,30
2016-05-17 12:00:00,-12.9,965.4,61.4,301,24
2016-05-17 13:00:00,-12.8,965.2,62.3,299,26
2016-05-17 14:00:00,-12.9,964.9,63.2,298,31
2016-05-17 15:00:00,-12.6,964.9,62.6,298,34
2016-05-17 16:00:00,-12.5,964.8,63.9,298,33
2016-05-17 17:00:00,-11.5,965,49.5,303,28
2016-05-17 18:00:00,-11.7,965.3,63.1,298,40
2016-05-17 19:00:00,-12,965,61.2,298,57
2016-05-17 20:00:00,-11.3,965.6,61.3,298,48
2016-05-17 21:00:00,-11,965.3,61.9,301,39
2016-05-17 22:00:00,-11,965.6,61.9,298,39
2016-05-17 23:00:00,-10.6,965.3,62.6,298,37
2016-05-18 00:00:00,-10.1,964.9,63.9,298,37
2016-05-18 01:00:00,-9.3,965.2,62.5,299,37
2016-05-18 02:00:00,-8.7,964.8,37.7,309,38
2016-05-18 03:00:00,-8.4,964.7,61.5,298,41
2016-05-18 04:00:00,-8.2,964.1,61.3,298,40
2016-05-18 05:00:00,-8.2,964.4,61.9,298,39
2016-05-18 06:00:00,-7.9,964.9,61.9,301,39
2016-05-18 07:00:00,-8.2,965.2,62.6,298,42
2016-05-18 08:00:00,-8.8,965.6,63.2,298,46
2016-05-18 09:00:00,-8.8,966,63.9,298,44
2016-05-18 10:00:00,-8.4,966.4,57,300,41
2016-05-18 11:00:00,-8.1,965.8,56.6,287,38
2016-05-18 12:00:00,-7.9,966.4,62.2,298,40
2016-05-18 13:00:00,-7.7,966,61.9,298,38
2016-05-18 14:00:00,-7.8,965.7,61.9,298,41
2016-05-18 15:00:00,-7.9,965.7,61.9,301,42
2016-05-18 16:00:00,-7.5,965.8,61.9,298,40
2016-05-18 17:00:00,-7.5,966,63.3,298,40
2016-05-18 18:00:00,-7.2,965.3,63.3,298,37
2016-05-18 19:00:00,-7.3,965.5,67.4,300,34
2016-05-18 20:00:00,-7.8,965.9,54.7,307,38
2016-05-18 21:00:00,-7.5,965.8,61.8,298,38
2016-05-18 22:00:00,-7.3,965.5,61.9,298,38
2016-05-18 23:00:00,-6.8,964.5,61.3,298,37
2016-05-19 00:00:00,-6.2,964.2,61.3,300,36
2016-05-19 01:00:00,-6.8,964,62.6,299,36
2016-05-19 02:00:00,-6.8,963.5,62.6,298,38
2016-05-19 03:00:00,-6.9,962.9,62.6,298,40
2016-05-19 04:00:00,-6.8,962.5,64.9,300,40
2016-05-19 05:00:00,-6.5,962.2,58.9,294,38
2016-05-19 06:00:00,-6.2,962.1,53.7,290,40
2016-05-19 07:00:00,-6.3,962.5,61.2,298,41
2016-05-19 08:00:00,-6.4,962.4,61.3,298,43
2016-05-19 09:00:00,-6.8,962.7,61.9,300,49
2016-05-19 10:00:00,-7,962.7,62.6,299,53
2016-05-19 11:00:00,-6.7,962.9,63.3,298,49
2016-05-19 12:00:00,-6.8,963.2,63.3,298,50
2016-05-19 13:00:00,-7.1,963.3,62.4,298,52
2016-05-19 14:00:00,-7.7,963.6,41.7,298,63
2016-05-19 15:00:00,-7.7,963.9,49,305,60
2016-05-19 16:00:00,-7.5,964.2,63.3,298,44
2016-05-19 17:00:00,-7.9,964.6,61.9,298,44
2016-05-19 18:00:00,-8.5,965,61.9,300,46
2016-05-19 19:00:00,-8.6,965,62.6,299,37
2016-05-19 20:00:00,-8.6,964.7,62.6,298,34
2016-05-19 21:00:00,-8.9,964.9,63.9,298,34
2016-05-19 22:00:00,-9.3,965.3,62.4,299,36
2016-05-19 23:00:00,-9.5,965.5,36.7,292,35
2016-05-20 00:00:00,-9.5,965.5,62.4,299,34
2016-05-20 01:00:00,-10.4,965.4,63.2,298,38
2016-05-20 02:00:00,-11.3,965.2,61.9,298,38
2016-05-20 03:00:00,-11.4,965.2,61.3,300,37
2016-05-20 04:00:00,-11.5,965.4,62.5,299,37
2016-05-20 05:00:00,-11.5,965,58,294,39
2016-05-20 06:00:00,-12.2,964.9,63.9,298,39
2016-05-20 07:00:00,-12.4,965,64,299,41
2016-05-20 08:00:00,-12.2,964.5,62.2,300,36
2016-05-20 09:00:00,-13,964.5,62.6,300,41
2016-05-20 10:00:00,-12.9,964.2,61.9,298,41
2016-05-20 11:00:00,-11.4,963.9,61.9,298,37
2016-05-20 12:00:00,-11.2,963.8,61.3,299,37
2016-05-20 13:00:00,-10.7,963.2,66.2,299,36
2016-05-20 14:00:00,-10.4,962.3,56.4,307,36
2016-05-20 15:00:00,-10.5,960.9,63.3,298,37
2016-05-20 16:00:00,-10.6,959.3,63.6,298,38
2016-05-20 17:00:00,-10.5,957.8,63.2,299,38
2016-05-20 18:00:00,-10.5,958,63.2,300,38
2016-05-20 19:00:00,-10.9,957.2,62.8,298,39
2016-05-20 20:00:00,-11,956.2,61.3,298,39
2016-05-20 21:00:00,-11.2,955.3,61.9,299,43
2016-05-20 22:00:00,-10.6,954.3,61.5,299,48
2016-05-20 23:00:00,-10,953.8,42.8,310,48
2016-05-21 00:00:00,-10,952.1,62,298,51
2016-05-21 01:00:00,-10,951.6,62.5,298,48
2016-05-21 02:00:00,-9.7,949.9,62.3,297,46
2016-05-21 03:00:00,-9.5,947.7,62.6,300,52
2016-05-21 04:00:00,-9,946.2,62.6,298,56
2016-05-21 05:00:00,-8.1,943.8,61.9,298,48
2016-05-21 06:00:00,-8.5,942.7,61.3,299,64
2016-05-21 07:00:00,-7.9,940.3,69.8,299,54
2016-05-21 08:00:00,-7.7,938.9,30.1,311,55
2016-05-21 09:00:00,-8.1,938.5,62.1,298,64
2016-05-21 10:00:00,-7,936.8,62.6,298,52
2016-05-21 11:00:00,-6.3,934.8,63.2,299,47
2016-05-21 12:00:00,-5.8,932.6,63.2,300,45
2016-05-21 13:00:00,-5.7,932.3,62.6,298,52
2016-05-21 14:00:00,-6.8,932,61.3,298,77
2016-05-21 15:00:00,-7.2,931.4,61.9,298,93
2016-05-21 16:00:00,-7.2,930.2,61.8,299,93
2016-05-21 17:00:00,-7.2,929.4,38,278,93
2016-05-21 18:00:00,-7.5,928.2,63.3,298,93
2016-05-21 19:00:00,-7.3,927.9,63.9,298,93
2016-05-21 20:00:00,-7.2,928.1,62.6,298,93
2016-05-21 21:00:00,-7,929.2,62.6,301,93
2016-05-21 22:00:00,-6.9,929,62.6,298,94
2016-05-21 23:00:00,-6.7,928.9,61.9,298,94
2016-05-22 00:00:00,-6.7,929.5,61.3,298,94
2016-05-22 01:00:00,-6.6,929.3,63.6,301,94
2016-05-22 02:00:00,-6.4,929.8,62.4,298,94
2016-05-22 03:00:00,-6.3,929.9,63.2,298,94
2016-05-22 04:00:00,-6.4,930.5,63.9,298,94
2016-05-22 05:00:00,-6.4,931,63.3,298,94
2016-05-22 06:00:00,-6.4,931.3,63.3,301,94
2016-05-22 07:00:00,-6.5,931.6,62.6,298,93
2016-05-22 08:00:00,-6.5,932.4,62.6,298,93
2016-05-22 09:00:00,-6.5,933.5,61.3,298,93
2016-05-22 10:00:00,-6.6,935.9,61.6,298,93
2016-05-22 11:00:00,-6.5,939.1,57.1,307,93
2016-05-22 12:00:00,-6.3,941,63.1,298,94
2016-05-22 13:00:00,-6.3,942.8,62.6,298,94
2016-05-22 14:00:00,-6.2,943.5,62.6,298,94
2016-05-22 15:00:00,-6.4,943.8,63.3,301,94
2016-05-22 16:00:00,-6.7,944.4,63.3,298,93
2016-05-22 17:00:00,-6.8,945.5,62.6,298,92
2016-05-22 18:00:00,-7.4,946.8,61.9,298,92
2016-05-22 19:00:00,-7.2,947.8,62.7,299,92
2016-05-22 20:00:00,-7,948.8,42.6,277,90
2016-05-22 21:00:00,-6.7,950.1,63.3,298,87
2016-05-22 22:00:00,-6.1,951.2,63.9,298,81
2016-05-22 23:00:00,-6.1,951.6,62.6,298,78
2016-05-23 00:00:00,-6.5,952.6,63.3,301,73
2016-05-23 01:00:00,-6.7,952.8,62.6,298,68
2016-05-23 02:00:00,-8.1,953.9,62.6,298,64
2016-05-23 03:00:00,-8.6,954.2,61.2,298,59
2016-05-23 04:00:00,-8.6,954.2,65.7,299,52
2016-05-23 05:00:00,-8.8,954.3,32.1,318,41
2016-05-23 06:00:00,-8.7,954.6,62,298,38
2016-05-23 07:00:00,-8.5,955.2,62.6,298,38
2016-05-23 08:00:00,-9.5,955.7,63.9,298,41
2016-05-23 09:00:00,-7.7,955.8,63.2,301,40
2016-05-23 10:00:00,-7.4,956.3,63.3,298,43
2016-05-23 11:00:00,-7.4,956.6,61.9,298,50
2016-05-23 12:00:00,-8.1,956.5,61.3,298,62
2016-05-23 13:00:00,-7.9,956.4,61.9,298,53
2016-05-23 14:00:00,-7.4,956.5,36.6,297,45
2016-05-23 15:00:00,-7.5,956.6,61.9,298,43
2016-05-23 16:00:00,-7.7,955.9,63.9,298,43
2016-05-23 17:00:00,-7.9,956.1,62.6,298,41
2016-05-23 18:00:00,-8,956.2,62.7,301,40
2016-05-23 19:00:00,-8.2,956,62.5,298,34
2016-05-23 20:00:00,-9.2,955.9,62.7,298,37
2016-05-23 21:00:00,-9.6,956,61.3,298,34
2016-05-23 22:00:00,-9.9,956,61.3,298,35
2016-05-23 23:00:00,-10.2,956.1,62,301,37
2016-05-24 00:00:00,-11.1,956.8,61.9,298,37
2016-05-24 01:00:00,-11.1,957,63.2,298,37
2016-05-24 02:00:00,-11,956.8,62.6,298,39
2016-05-24 03:00:00,-11.3,957.5,59,299,37
2016-05-24 04:00:00,-11.5,957.6,36.8,288,38
2016-05-24 05:00:00,-11.7,958.1,63.2,298,37
2016-05-24 06:00:00,-11.9,958.4,61,298,36
2016-05-24 07:00:00,-11.9,958.8,61.3,298,36
2016-05-24 08:00:00,-11.6,958.6,61.9,301,36
2016-05-24 09:00:00,-11.6,959.9,61.9,298,35
2016-05-24 10:00:00,-12,960.6,63.9,298,36
2016-05-24 11:00:00,-12.2,960.4,63.9,298,34
2016-05-24 12:00:00,-12.5,961,61.7,299,38
2016-05-24 13:00:00,-12.4,961.1,51.2,311,40
2016-05-24 14:00:00,-12.1,961.5,62.6,298,42
2016-05-24 15:00:00,-11.7,962.1,61.3,298,44
2016-05-24 16:00:00,-11.6,961.8,61.9,298,53
2016-05-24 17:00:00,-11.1,961.6,61.9,301,53
2016-05-24 18:00:00,-10.7,961.6,62.6,298,47
2016-05-24 19:00:00,-10.6,961.6,63.9,298,47
2016-05-24 20:00:00,-10.3,961.8,63.2,298,44
2016-05-24 21:00:00,-10,961.8,63.3,298,45
2016-05-24 22:00:00,-9.9,962,61.3,300,54
2016-05-24 23:00:00,-9.4,962.3,63.2,298,44
2016-05-25 00:00:00,-9.4,962.5,61.2,298,44
2016-05-25 01:00:00,-9.1,963,61.3,298,41
2016-05-25 02:00:00,-8.6,962.6,61.9,301,38
2016-05-25 03:00:00,-8.1,962.6,62.6,298,36
2016-05-25 04:00:00,-8.5,962.2,63.9,298,35
2016-05-25 05:00:00,-10.1,962.2,63.9,298,38
2016-05-25 06:00:00,-9.5,962.1,63.6,298,34
2016-05-25 07:00:00,-10.1,962.3,56.7,292,35
2016-05-25 08:00:00,-10,962.5,63.2,298,38
2016-05-25 09:00:00,-10.7,962.3,61.3,298,36
2016-05-25 10:00:00,-10.5,961.4,61.3,298,31
2016-05-25 11:00:00,-10.6,961.1,62.6,301,32
2016-05-25 12:00:00,-10.4,961.1,62.6,298,31
2016-05-25 13:00:00,-10.8,961.1,63.9,298,33
2016-05-25 14:00:00,-10.8,961.5,63.2,298,33
2016-05-25 15:00:00,-10.3,961.6,68,299,34
2016-05-25 16:00:00,-10.7,961.6,61.7,302,35
2016-05-25 17:00:00,-10.1,961.4,63.2,298,35
2016-05-25 18:00:00,-10.1,961.7,61.9,298,36
2016-05-25 19:00:00,-9.7,961.9,61.3,298,36
2016-05-25 20:00:00,-8.9,961.9,61.9,301,36
2016-05-25 21:00:00,-8.9,962,62.6,298,37
2016-05-25 22:00:00,-8.4,961.9,62.6,298,38
2016-05-25 23:00:00,-8.4,961.9,63.3,298,38
2016-05-26 00:00:00,-8.2,961.6,63.7,298,40
2016-05-26 01:00:00,-8.7,961.4,63.2,301,43
2016-05-26 02:00:00,-8.3,961.1,62.6,298,44
2016-05-26 03:00:00,-8.4,961.4,61.9,298,44
2016-05-26 04:00:00,-9.4,961,61.3,298,52
2016-05-26 05:00:00,-11.1,960.8,62,300,63
2016-05-26 06:00:00,-11.3,960.4,62.6,298,61
2016-05-26 07:00:00,-11,960.3,63.1,298,60
2016-05-26 08:00:00,-11.7,960,63.9,298,64
2016-05-26 09:00:00,-12,959.6,63.9,298,55
2016-05-26 10:00:00,-12.7,959.3,63.2,301,59
2016-05-26 11:00:00,-14.2,958.8,62.8,298,67
2016-05-26 12:00:00,-13.8,958.4,62.6,298,56
2016-05-26 13:00:00,-14.2,957.5,61.9,298,54
2016-05-26 14:00:00,-14,957.2,62.2,299,55
2016-05-26 15:00:00,-14.7,957.1,39.6,288,54
2016-05-26 16:00:00,-14.8,956.8,63.8,298,52
2016-05-26 17:00:00,-15.2,956.8,63.9,298,52
2016-05-26 18:00:00,-16.1,956.7,63.2,298,60
2016-05-26 19:00:00,-15.8,956.3,63.2,301,54
2016-05-26 20:00:00,-16.1,956,62.6,298,54
2016-05-26 21:00:00,-17.7,956.2,61.9,298,60
2016-05-26 22:00:00,-16,955.9,61.3,298,51
2016-05-26 23:00:00,-16.8,955.8,61,298,52
2016-05-27 00:00:00,-17.1,955.8,44.1,314,52
2016-05-27 01:00:00,-16,955.4,61.9,298,45
2016-05-27 02:00:00,-16.5,955.4,63.2,299,47
2016-05-27 03:00:00,-17.3,955.3,63.2,298,48
2016-05-27 04:00:00,-17.9,955.5,63.2,301,52
2016-05-27 05:00:00,-17.4,955.3,63.2,298,49
2016-05-27 06:00:00,-16.4,955.6,62.6,298,38
2016-05-27 07:00:00,-16.2,956.4,61.9,298,40
2016-05-27 08:00:00,-15.9,956.5,61.9,298,38
2016-05-27 09:00:00,-15.8,956.4,57.6,301,40
2016-05-27 10:00:00,-15.8,956.6,62.6,298,41
2016-05-27 11:00:00,-14.9,956.6,63.2,298,40
2016-05-27 12:00:00,-14.7,957.2,61.9,298,41
2016-05-27 13:00:00,-14.4,957.7,63.2,301,45
2016-05-27 14:00:00,-13.4,957.3,62.6,298,50
2016-05-27 15:00:00,-12.7,957.8,61.3,298,50
2016-05-27 16:00:00,-12.1,958.2,61.2,298,51
2016-05-27 17:00:00,-12.9,958.7,62.1,298,48
2016-05-27 18:00:00,-13.9,959.4,53.2,311,51
2016-05-27 19:00:00,-14.3,960.3,62.6,298,66
2016-05-27 20:00:00,-14.9,960.8,63.2,298,83
2016-05-27 21:00:00,-15,961.7,63.9,298,86
2016-05-27 22:00:00,-14.8,962.1,62.6,301,86
2016-05-27 23:00:00,-14.4,962.3,62.6,298,86
2016-05-28 00:00:00,-13.6,962.9,62.1,298,84
2016-05-28 01:00:00,-12.9,963.1,61.8,299,78
2016-05-28 02:00:00,-12.7,963.3,61.3,298,68
2016-05-28 03:00:00,-12.1,963.1,62.6,301,57
2016-05-28 04:00:00,-11.5,963.5,62.6,298,52
2016-05-28 05:00:00,-10.9,963.9,63.9,298,50
2016-05-28 06:00:00,-10.2,964.1,63.2,298,48
2016-05-28 07:00:00,-9.4,964.2,63.2,301,47
2016-05-28 08:00:00,-9.1,964.6,63.2,298,47
2016-05-28 09:00:00,-8.5,964.7,61.3,298,46
2016-05-28 10:00:00,-8.3,964.7,61.3,298,47
2016-05-28 11:00:00,-8.1,964.6,62.1,298,45
2016-05-28 12:00:00,-7.9,965.5,61.9,301,46
2016-05-28 13:00:00,-8,966.5,61.9,298,45
2016-05-28 14:00:00,-8,967.1,63.2,298,44
2016-05-28 15:00:00,-7.8,966.9,63.9,298,42
2016-05-28 16:00:00,-7.4,967.2,63.2,301,38
2016-05-28 17:00:00,-7.3,967.4,63.3,298,37
2016-05-28 18:00:00,-7.8,968.2,61.4,298,36
2016-05-28 19:00:00,-7,967.3,61.9,298,31
2016-05-28 20:00:00,-7.1,968.6,61.8,298,35
2016-05-28 21:00:00,-7.2,968.2,49.6,297,35
2016-05-28 22:00:00,-6.8,967.9,61.9,298,35
2016-05-28 23:00:00,-6.5,967.8,63.3,298,34
2016-05-29 00:00:00,-6.3,968.2,62.6,298,35
2016-05-29 01:00:00,-6.6,968.8,63.2,301,34
2016-05-29 02:00:00,-6.7,969.2,62.6,299,35
2016-05-29 03:00:00,-7.6,969.1,62.6,298,37
2016-05-29 04:00:00,-7.5,969,61.9,298,32
2016-05-29 05:00:00,-8.8,968.8,61.3,298,41
2016-05-29 06:00:00,-8.9,968.9,39.6,296,41
2016-05-29 07:00:00,-8.8,968.9,62.6,298,36
2016-05-29 08:00:00,-9.1,969.3,62.6,298,36
2016-05-29 09:00:00,-9,969,63.2,298,33
2016-05-29 10:00:00,-9.5,968.9,62.6,301,36
2016-05-29 11:00:00,-10.3,968,60.2,295,38
2016-05-29 12:00:00,-10.4,967.8,61.7,299,37
2016-05-29 13:00:00,-10.1,967.4,61.9,298,37
2016-05-29 14:00:00,-10.2,966.9,62.6,298,35
2016-05-29 15:00:00,-10.8,966.6,62.6,301,36
2016-05-29 16:00:00,-10.8,966.5,61.9,298,35
2016-05-29 17:00:00,-11.2,966.4,63.2,298,37
2016-05-29 18:00:00,-11.4,966,63.9,298,35
2016-05-29 19:00:00,-11.7,966,63.8,300,34
2016-05-29 20:00:00,-12.3,966.1,47.5,286,40
2016-05-29 21:00:00,-12.8,966,61,298,39
2016-05-29 22:00:00,-12.8,965.9,60.8,299,36
2016-05-29 23:00:00,-13.8,965.5,61.3,298,40
2016-05-30 00:00:00,-13.8,964.9,61.9,300,36
2016-05-30 01:00:00,-14,964.9,62.5,298,36
2016-05-30 02:00:00,-13.8,964.5,63.2,298,35
2016-05-30 03:00:00,-13.8,963.6,63.2,298,34
2016-05-30 04:00:00,-13.8,963,54.6,299,33
2016-05-30 05:00:00,-13.9,962.6,54.4,307,36
2016-05-30 06:00:00,-14.7,962.3,62.5,299,36
2016-05-30 07:00:00,-14.1,962.1,61.9,298,35
2016-05-30 08:00:00,-14.8,961.8,61.9,298,36
2016-05-30 09:00:00,-14.8,961.3,61.3,300,36
2016-05-30 10:00:00,-15.1,961.1,62.4,298,36
2016-05-30 11:00:00,-15.2,960.5,63.8,299,37
2016-05-30 12:00:00,-14.6,959.9,63.2,298,35
2016-05-30 13:00:00,-14.9,959.3,64.3,298,36
2016-05-30 14:00:00,-14.3,959.1,56.4,299,33
2016-05-30 15:00:00,-14.9,958.9,63.1,299,35
2016-05-30 16:00:00,-15,958.5,61.3,298,33
2016-05-30 17:00:00,-14.7,958.3,61.9,298,31
2016-05-30 18:00:00,-14.8,957.9,61.9,300,31
2016-05-30 19:00:00,-15.2,958,64.4,299,33
2016-05-30 20:00:00,-15,957.5,52.9,302,30
2016-05-30 21:00:00,-15.2,957.4,62.6,298,29
2016-05-30 22:00:00,-15.1,957.4,59.9,298,28
2016-05-30 23:00:00,-15.3,957.3,52.3,302,30
2016-05-31 00:00:00,-15.3,957.1,63.2,299,28
2016-05-31 01:00:00,-15.6,956.7,62.6,298,31
2016-05-31 02:00:00,-15.5,956.4,61.3,298,31
2016-05-31 03:00:00,-14.7,956,61.9,300,29
2016-05-31 04:00:00,-15.4,956,62.7,298,35
2016-05-31 05:00:00,-14.2,955.8,59.6,304,27
2016-05-31 06:00:00,-14.3,955.6,61.9,298,33
2016-05-31 07:00:00,-14.3,955.5,63.2,299,34
2016-05-31 08:00:00,-14.4,955.5,62.5,300,40
2016-05-31 09:00:00,-14.4,955.3,62.6,299,41
2016-05-31 10:00:00,-14.2,955.2,62.6,298,42
2016-05-31 11:00:00,-14.2,955,60.1,146,45
2016-05-31 12:00:00,-13.8,954.9,59.9,146,45
2016-05-31 13:00:00,-13.6,954.5,60.3,136,45
2016-05-31 14:00:00,-13.6,954.6,60.6,135,48
2016-05-31 15:00:00,-12.7,954.6,59.8,142,46
2016-05-31 16:00:00,-13,954.5,59.7,142,47
2016-05-31 17:00:00,-12.5,954,60,142,48
2016-05-31 18:00:00,-12.2,953.8,59.9,141,55
2016-05-31 19:00:00,-12,953.2,59.6,140,57
2016-05-31 20:00:00,-11.3,953.1,59.8,137,60
2016-05-31 21:00:00,-10.9,952.7,59.5,140,61
2016-05-31 22:00:00,-10.9,952.7,59.8,138,67
2016-05-31 23:00:00,-11.2,952.2,59.9,136,76
2016-06-01 00:00:00,-11.4,952.1,57.6,129,84
2016-06-01 01:00:00,-11,952,59.5,136,79
2016-06-01 02:00:00,-11.1,951.7,62.9,135,79
2016-06-01 03:00:00,-11,951.4,61,120,80
2016-06-01 04:00:00,-10.9,950,57.5,131,88
2016-06-01 05:00:00,-10.7,950,58.8,129,86
2016-06-01 06:00:00,-10.7,950.3,58.4,132,82
2016-06-01 07:00:00,-10.4,950.4,58.6,129,72
2016-06-01 08:00:00,-10,950.2,59.9,135,63
2016-06-01 09:00:00,-9.6,950.1,59.8,132,58
2016-06-01 10:00:00,-9.9,950.6,59.8,137,62
2016-06-01 11:00:00,-10.4,950.7,59.8,136,64
2016-06-01 12:00:00,-10.2,950.5,59.7,138,62
2016-06-01 13:00:00,-9.6,949.9,59.6,140,54
2016-06-01 14:00:00,-9.8,949.5,59.8,139,57
2016-06-01 15:00:00,-9.2,949.4,59.6,139,45
2016-06-01 16:00:00,-9.5,949,59.7,139,41
2016-06-01 17:00:00,-10.1,949,59.6,139,51
2016-06-01 18:00:00,-9.6,948.7,60,139,47
2016-06-01 19:00:00,-9.8,948.5,59.8,140,42
2016-06-01 20:00:00,-10.7,948.6,60.7,131,49
2016-06-01 21:00:00,-10.5,947.5,60.7,131,41
2016-06-01 22:00:00,-10.4,947,61.2,125,37
2016-06-01 23:00:00,-10.5,947.7,59.9,139,41
2016-06-02 00:00:00,-11,947.3,60.4,139,43
2016-06-02 01:00:00,-11.7,947.4,60,139,50
2016-06-02 02:00:00,-11.8,947.4,59.6,140,41
2016-06-02 03:00:00,-11.8,947.4,59.6,141,42
2016-06-02 04:00:00,-11.9,946.9,60.2,139,38
2016-06-02 05:00:00,-11.8,946.9,60,139,36
2016-06-02 06:00:00,-12,947.6,60.3,143,44
2016-06-02 07:00:00,-12.4,947.9,59.9,141,42
2016-06-02 08:00:00,-12.5,948.6,59.7,142,41
2016-06-02 09:00:00,-12.3,948.7,60.2,143,37
2016-06-02 10:00:00,-12.5,949.2,60.2,145,45
2016-06-02 11:00:00,-12.4,949.5,59.6,146,44
2016-06-02 12:00:00,-11.4,949.3,59.8,143,42
2016-06-02 13:00:00,-12.1,949.4,59.6,145,49
2016-06-02 14:00:00,-12.5,949.5,59.8,145,50
2016-06-02 15:00:00,-12.3,950.1,60.4,135,46
2016-06-02 16:00:00,-12.3,950.6,59.6,145,46
2016-06-02 17:00:00,-11.8,950.9,59.5,144,44
2016-06-02 18:00:00,-11.3,950.8,59.9,143,42
2016-06-02 19:00:00,-10.8,951.1,60.3,134,41
2016-06-02 20:00:00,-11.3,951.3,60.3,134,47
2016-06-02 21:00:00,-11.7,951,59.8,140,47
2016-06-02 22:00:00,-11.5,950.7,60.1,139,42
2016-06-02 23:00:00,-11.5,951.5,59.9,140,39
2016-06-03 00:00:00,-12.1,952,60,139,42
2016-06-03 01:00:00,-12.3,952.3,60.5,131,39
2016-06-03 02:00:00,-12.5,952.4,60.7,131,41
2016-06-03 03:00:00,-12.8,952.3,60,138,44
2016-06-03 04:00:00,-13.4,952.2,60.1,138,45
2016-06-03 05:00:00,-12.9,952.5,60.2,137,42
2016-06-03 06:00:00,-12.3,952.9,60.9,128,40
2016-06-03 07:00:00,-12.9,952.9,60.1,128,43
2016-06-03 08:00:00,-12.5,952.9,60.2,136,41
2016-06-03 09:00:00,-12.5,953,60.2,137,39
2016-06-03 10:00:00,-13.1,953.1,60.8,133,38
2016-06-03 11:00:00,-13.2,953.2,59.8,144,38
2016-06-03 12:00:00,-11.5,953.5,59.8,141,39
2016-06-03 13:00:00,-11.6,953.8,59.7,141,41
2016-06-03 14:00:00,-11.7,953.8,59.7,141,42
2016-06-03 15:00:00,-12.1,953.8,59.9,138,45
2016-06-03 16:00:00,-11.7,954,59.9,138,41
2016-06-03 17:00:00,-12.3,954,59.8,139,43
2016-06-03 18:00:00,-12.5,954,60.1,135,43
2016-06-03 19:00:00,-12.9,953.7,60.8,130,45
2016-06-03 20:00:00,-14,953.8,60.2,137,40
2016-06-03 21:00:00,-14.7,953.6,60,137,41
2016-06-03 22:00:00,-14.8,953.4,60.3,137,41
2016-06-03 23:00:00,-15.3,953.2,60.3,135,42
2016-06-04 00:00:00,-15.6,952.6,60.2,135,38
2016-06-04 01:00:00,-16,952.1,60.3,135,37
2016-06-04 02:00:00,-16.4,951.9,60.3,135,40
2016-06-04 03:00:00,-17,951.5,61.1,129,40
2016-06-04 04:00:00,-17.1,950.9,60.4,137,37
2016-06-04 05:00:00,-16.7,950.4,60.3,137,36
2016-06-04 06:00:00,-16.8,950.8,60.7,128,38
2016-06-04 07:00:00,-16.1,950.6,60.3,135,36
2016-06-04 08:00:00,-15.3,950.3,60.4,136,37
2016-06-04 09:00:00,-13.8,950.6,60.3,133,40
2016-06-04 10:00:00,-12.9,949.8,60.9,127,56
2016-06-04 11:00:00,-11.9,949.6,60.3,134,59
2016-06-04 12:00:00,-11.4,949.5,60.1,133,64
2016-06-04 13:00:00,-11.2,949.6,60.1,135,69
2016-06-04 14:00:00,-10.9,949.6,60.3,133,67
2016-06-04 15:00:00,-10.7,949.2,59.7,134,68
2016-06-04 16:00:00,-10.4,949,59.9,135,69
2016-06-04 17:00:00,-10.5,948.9,59.6,137,78
2016-06-04 18:00:00,-9.9,948.8,59.4,136,71
2016-06-04 19:00:00,-9.7,948.6,60.4,132,66
2016-06-04 20:00:00,-11.4,948.9,60.1,132,69
2016-06-04 21:00:00,-15.4,948.8,60.3,133,74
2016-06-04 22:00:00,-14.4,949.1,60,131,69
2016-06-04 23:00:00,-15.1,949,60.1,132,81
2016-06-05 00:00:00,-11.6,949.6,59.8,130,63
2016-06-05 01:00:00,-16.6,950.1,60,132,71
2016-06-05 02:00:00,-20.1,951.5,60.4,132,72
2016-06-05 03:00:00,-21.1,952.2,60.3,131,75
2016-06-05 04:00:00,-21.5,952.2,60.2,133,77
2016-06-05 05:00:00,-21.3,952.5,60.5,134,76
2016-06-05 06:00:00,-21.2,952.5,60.2,134,75
2016-06-05 07:00:00,-21.1,952.6,61.2,121,75
2016-06-05 08:00:00,-21,952.4,60.2,136,75
2016-06-05 09:00:00,-21,952.6,60.3,135,76
2016-06-05 10:00:00,-20.7,952.4,59.9,139,76
2016-06-05 11:00:00,-20.6,952.9,60,141,75
2016-06-05 12:00:00,-20.7,953,60,138,76
2016-06-05 13:00:00,-20.3,953,59.7,139,77
2016-06-05 14:00:00,-19.8,953,60.1,137,75
2016-06-05 15:00:00,-19.6,953,60.2,136,76
2016-06-05 16:00:00,-19.3,953,61.1,121,76
2016-06-05 17:00:00,-17.9,952.8,60,135,77
2016-06-05 18:00:00,-17.8,952.8,59.9,135,73
2016-06-05 19:00:00,-18.2,953,60,135,73
2016-06-05 20:00:00,-18.6,952.2,60.2,135,76
2016-06-05 21:00:00,-13.2,951.4,58.6,136,87
2016-06-05 22:00:00,-13.2,951.1,59.8,140,87
2016-06-05 23:00:00,-13.2,950.9,56.7,126,88
2016-06-06 00:00:00,-12.9,950.7,57.2,131,88
2016-06-06 01:00:00,-12.8,950.8,53.5,126,88
2016-06-06 02:00:00,-12.8,951.1,55.4,128,88
2016-06-06 03:00:00,-12.5,951.1,56.5,125,88
2016-06-06 04:00:00,-12.3,951.3,57.4,135,88
2016-06-06 05:00:00,-12.7,951.4,57.6,137,88
2016-06-06 06:00:00,-12.6,951.6,57.4,128,88
2016-06-06 07:00:00,-13,952.3,52.4,129,88
2016-06-06 08:00:00,-13.3,953,52.7,133,88
2016-06-06 09:00:00,-13.1,953.1,54,131,88
2016-06-06 10:00:00,-12.8,953.1,51.9,120,88
2016-06-06 11:00:00,-12.5,953.9,55.5,123,88
2016-06-06 12:00:00,-12.8,954.1,60.6,137,87
2016-06-06 13:00:00,-13,954.1,58.3,130,87
2016-06-06 14:00:00,-13.9,954.4,60,137,86
2016-06-06 15:00:00,-14.5,954.3,59.7,138,85
2016-06-06 16:00:00,-14.2,954,59.5,133,86
2016-06-06 17:00:00,-13.5,954.2,60,135,86
2016-06-06 18:00:00,-13.7,954.1,60.1,136,85
2016-06-06 19:00:00,-13.6,953.8,60,136,85
2016-06-06 20:00:00,-13.5,954,60,139,84
2016-06-06 21:00:00,-14.4,954.6,59.9,138,83
2016-06-06 22:00:00,-15,954.7,60,138,83
2016-06-06 23:00:00,-14.7,954.5,60.5,130,82
2016-06-07 00:00:00,-15,954.5,60.5,131,82
2016-06-07 01:00:00,-15.2,954.7,59.8,140,81
2016-06-07 02:00:00,-15,954.7,59.9,138,81
2016-06-07 03:00:00,-14.8,955.1,59.7,138,80
2016-06-07 04:00:00,-15.2,955.2,59.9,138,79
2016-06-07 05:00:00,-14.7,955.3,60,136,79
2016-06-07 06:00:00,-14.4,955.5,60.1,136,78
2016-06-07 07:00:00,-14.8,956,60.2,139,76
2016-06-07 08:00:00,-15.1,956.6,60,139,75
2016-06-07 09:00:00,-15.1,957,60.1,138,73
2016-06-07 10:00:00,-15.1,957.4,60.1,138,70
2016-06-07 11:00:00,-15.3,957.7,60.2,137,66
2016-06-07 12:00:00,-15.3,958.2,60.1,141,61
2016-06-07 13:00:00,-15.6,958.5,60,141,58
2016-06-07 14:00:00,-15.6,958.7,60.7,132,53
2016-06-07 15:00:00,-16.3,958.8,60,141,50
2016-06-07 16:00:00,-17.4,958.9,59.8,141,49
2016-06-07 17:00:00,-16.4,959.4,59.9,141,45
2016-06-07 18:00:00,-16.5,960.3,60,141,47
2016-06-07 19:00:00,-16.7,960.7,60,139,46
2016-06-07 20:00:00,-16.1,961,60.2,139,42
2016-06-07 21:00:00,-16.4,961.4,60.1,138,42
2016-06-07 22:00:00,-17.2,961.6,60.1,140,43
2016-06-07 23:00:00,-17.3,962.1,60.2,141,43
2016-06-08 00:00:00,-17.5,962.6,60.1,140,40
2016-06-08 01:00:00,-17.4,963.6,60,141,39
2016-06-08 02:00:00,-16.7,963.7,60.3,137,37
2016-06-08 03:00:00,-16.6,963.6,60.4,136,37
2016-06-08 04:00:00,-16.9,964.5,60.4,135,40
2016-06-08 05:00:00,-16.4,964.8,60.1,129,41
2016-06-08 06:00:00,-16.1,965.4,60.4,135,43
2016-06-08 07:00:00,-16.1,965.8,60.9,127,43
2016-06-08 08:00:00,-15.8,966.2,60.3,131,42
2016-06-08 09:00:00,-16.7,966.3,60.6,131,41
2016-06-08 10:00:00,-16.3,966.9,60.4,134,43
2016-06-08 11:00:00,-16.1,967.3,60.8,129,44
2016-06-08 12:00:00,-16.1,967.2,60.4,135,43
2016-06-08 13:00:00,-16.4,967.7,60.3,137,44
2016-06-08 14:00:00,-16.4,967.7,60.5,134,42
2016-06-08 15:00:00,-16.6,967.8,60.3,135,45
2016-06-08 16:00:00,-16.9,968.1,61,128,44
2016-06-08 17:00:00,-16.8,968.3,60.3,135,47
2016-06-08 18:00:00,-16.5,968.6,60.3,135,44
2016-06-08 19:00:00,-16.8,967.9,60.3,135,43
2016-06-08 20:00:00,-16.9,968.5,60.4,134,44
2016-06-08 21:00:00,-16.8,967.9,60.5,134,44
2016-06-08 22:00:00,-17.5,967.8,60.3,135,43
2016-06-08 23:00:00,-16.8,967.6,60.4,137,40
2016-06-09 00:00:00,-16.9,967,60.2,139,39
2016-06-09 01:00:00,-17,966.4,60.3,140,39
2016-06-09 02:00:00,-16.9,966.1,60,139,40
2016-06-09 03:00:00,-16.5,965.7,60.2,138,40
2016-06-09 04:00:00,-16.4,965.4,60.1,140,43
2016-06-09 05:00:00,-16.2,965,60,141,50
2016-06-09 06:00:00,-16.1,964.9,60.1,138,61
2016-06-09 07:00:00,-16.1,965,61.2,144,71
2016-06-09 08:00:00,-16,964.8,60.4,141,72
2016-06-09 09:00:00,-15.6,964.8,59.7,137,64
2016-06-09 10:00:00,-15.2,964.8,60.7,131,62
2016-06-09 11:00:00,-14.4,964.7,61.1,130,63
2016-06-09 12:00:00,-15.2,964.7,60.1,135,65
2016-06-09 13:00:00,-14.5,964.5,59.8,134,66
2016-06-09 14:00:00,-14.7,964.1,60.6,134,67
2016-06-09 15:00:00,-14.7,963.6,60.2,133,64
2016-06-09 16:00:00,-14.6,963.6,60.1,133,62
2016-06-09 17:00:00,-14.7,963.5,60.3,132,58
2016-06-09 18:00:00,-14.8,963,60.4,134,56
2016-06-09 19:00:00,-14.6,962.7,60.5,134,52
2016-06-09 20:00:00,-14.5,962.5,60.3,134,45
2016-06-09 21:00:00,-14.4,961.9,60.1,135,41
2016-06-09 22:00:00,-14.4,961.5,60.2,135,40
2016-06-09 23:00:00,-14.2,961.1,60.2,136,43
2016-06-10 00:00:00,-14.5,960.9,60.1,138,44
2016-06-10 01:00:00,-14.6,960.5,60,138,39
2016-06-10 02:00:00,-15.2,960.3,60.2,135,40
2016-06-10 03:00:00,-15.5,960.1,60.8,128,41
2016-06-10 04:00:00,-16,960,60.2,134,42
2016-06-10 05:00:00,-17.5,960.4,60.3,133,49
2016-06-10 06:00:00,-18.1,960.7,59.8,114,50
2016-06-10 07:00:00,-18.2,960.9,60.4,133,47
2016-06-10 08:00:00,-19.2,961.5,60.5,133,51
2016-06-10 09:00:00,-19.8,961.6,60.5,133,51
2016-06-10 10:00:00,-20.2,962.1,60.8,129,51
2016-06-10 11:00:00,-20.4,962.3,60.3,137,52
2016-06-10 12:00:00,-20.4,962.2,60.4,135,50
2016-06-10 13:00:00,-20,962.4,60.3,135,49
2016-06-10 14:00:00,-20.4,962.5,60.8,129,48
2016-06-10 15:00:00,-20.9,963.2,60.4,136,51
2016-06-10 16:00:00,-19.8,963.5,60.3,135,47
2016-06-10 17:00:00,-20,963.9,60.3,134,49
2016-06-10 18:00:00,-19.9,964.3,60.6,132,48
2016-06-10 19:00:00,-20.4,964.4,60.2,133,48
2016-06-10 20:00:00,-22.5,965,60.6,133,47
2016-06-10 21:00:00,-23.1,965,60.6,135,53
2016-06-10 22:00:00,-22.1,965.7,60.3,134,46
2016-06-10 23:00:00,-21.7,965.8,60.3,134,42
2016-06-11 00:00:00,-22.9,966,60.5,134,45
2016-06-11 01:00:00,-24.1,966.3,61.1,127,46
2016-06-11 02:00:00,-24.7,966.5,60.6,133,48
2016-06-11 03:00:00,-24.4,966.8,60.3,134,47
2016-06-11 04:00:00,-23.5,966.7,60.5,133,39
2016-06-11 05:00:00,-23.5,967.2,60.5,134,38
2016-06-11 06:00:00,-23,966.9,60.7,134,37
2016-06-11 07:00:00,-23.8,967,60.3,136,44
2016-06-11 08:00:00,-24.1,967,60.5,137,43
2016-06-11 09:00:00,-24,967.1,60.7,138,38
2016-06-11 10:00:00,-24,967.3,60.4,139,40
2016-06-11 11:00:00,-24.4,967.5,60.2,140,41
2016-06-11 12:00:00,-24.4,967.4,60.4,139,42
2016-06-11 13:00:00,-24.4,967.6,60.5,139,41
2016-06-11 14:00:00,-24.5,967.7,60.6,138,44
2016-06-11 15:00:00,-24.3,967.8,60.7,136,43
2016-06-11 16:00:00,-24.5,967.8,61.6,139,44
2016-06-11 17:00:00,-24.5,967.5,60.6,129,45
2016-06-11 18:00:00,-24.5,967.6,60.6,139,43
2016-06-11 19:00:00,-24.1,967.4,60.5,138,40
2016-06-11 20:00:00,-24,967.3,60.9,131,41
2016-06-11 21:00:00,-23.7,967.2,60.2,139,39
2016-06-11 22:00:00,-22.8,967.3,60.8,135,36
2016-06-11 23:00:00,-23.8,967.6,60.7,139,38
2016-06-12 00:00:00,-22.7,967.4,60.6,139,35
2016-06-12 01:00:00,-22.7,967.3,60.4,139,34
2016-06-12 02:00:00,-22.7,967.1,60.8,131,35
2016-06-12 03:00:00,-22.4,966.7,60.5,137,35
2016-06-12 04:00:00,-22.3,966.6,60.5,139,34
2016-06-12 05:00:00,-22.2,966,60.6,137,33
2016-06-12 06:00:00,-21.7,965.9,60.3,140,32
2016-06-12 07:00:00,-21.7,965.6,60.2,142,33
2016-06-12 08:00:00,-21.5,965.1,60.4,139,33
2016-06-12 09:00:00,-20.7,965.2,60.4,141,39
2016-06-12 10:00:00,-20.6,964.8,60.8,137,43
2016-06-12 11:00:00,-21.2,964.2,60.9,138,41
2016-06-12 12:00:00,-19.2,963.9,59.2,132,38
2016-06-12 13:00:00,-19.4,963.1,60.3,140,42
2016-06-12 14:00:00,-18.8,962.6,56.5,136,38
2016-06-12 15:00:00,-18.5,961.7,55.9,132,41
2016-06-12 16:00:00,-18.3,960.5,53.3,123,47
2016-06-12 17:00:00,-17.9,960,51.2,123,47
2016-06-12 18:00:00,-17.5,959.4,56.9,129,45
2016-06-12 19:00:00,-17.2,958.6,50.5,125,46
2016-06-12 20:00:00,-16.6,957.6,53.3,134,54
2016-06-12 21:00:00,-16.5,956.1,53.1,125,51
2016-06-12 22:00:00,-16,954.9,53.5,129,46
2016-06-12 23:00:00,-15.5,954,59.3,141,38
2016-06-13 00:00:00,-16.2,953,59.5,134,54
2016-06-13 01:00:00,-15.2,951.8,60,144,44
2016-06-13 02:00:00,-15.2,950.6,59.6,115,43
2016-06-13 03:00:00,-14.7,949.3,59.5,145,41
2016-06-13 04:00:00,-14.3,948.3,60,145,42
2016-06-13 05:00:00,-14.4,947.3,58.9,141,44
2016-06-13 06:00:00,-13.1,947,58.7,142,37
2016-06-13 07:00:00,-12.7,946.4,55.4,133,39
2016-06-13 08:00:00,-12.1,946.2,55.8,127,37
2016-06-13 09:00:00,-11.8,945,56.2,133,32
2016-06-13 10:00:00,-11.7,944.3,57.8,132,30
2016-06-13 11:00:00,-11,944.1,58.3,141,26
2016-06-13 12:00:00,-10.7,943.5,59,139,26
2016-06-13 13:00:00,-10.4,942.9,60.4,142,27
2016-06-13 14:00:00,-10.1,941.9,59.4,135,27
2016-06-13 15:00:00,-10,941.2,60.5,144,28
2016-06-13 16:00:00,-9.8,940.6,59.6,144,28
2016-06-13 17:00:00,-9.2,940.5,60,144,25
2016-06-13 18:00:00,-8.7,940.3,59.3,143,24
2016-06-13 19:00:00,-8.5,939.7,59.5,144,25
2016-06-13 20:00:00,-8.2,939.1,59.8,144,25
2016-06-13 21:00:00,-8.5,938.9,59.6,144,25
2016-06-13 22:00:00,-10.7,937.8,59.9,142,41
2016-06-13 23:00:00,-10.8,937.1,59.6,144,42
2016-06-14 00:00:00,-10.7,936.1,59.6,143,36
2016-06-14 01:00:00,-11,935.5,60,142,39
2016-06-14 02:00:00,-11,934.6,60.2,142,41
2016-06-14 03:00:00,-10.3,933.2,60.7,143,33
2016-06-14 04:00:00,-10.2,932.6,60.3,135,33
2016-06-14 05:00:00,-10.5,932.7,59.7,143,38
2016-06-14 06:00:00,-10.8,932.1,59.9,141,38
2016-06-14 07:00:00,-10.7,931.9,59.9,143,40
2016-06-14 08:00:00,-10.7,931.6,60,140,36
2016-06-14 09:00:00,-10.8,931.3,60.2,139,40
2016-06-14 10:00:00,-9.8,930.9,60.2,140,36
2016-06-14 11:00:00,-10,930.7,60.1,143,47
2016-06-14 12:00:00,-9.5,931.2,59.9,141,47
2016-06-14 13:00:00,-9.5,931.1,60,139,48
2016-06-14 14:00:00,-8.8,931.6,59.9,139,45
2016-06-14 15:00:00,-8.5,932.6,59.7,144,48
2016-06-14 16:00:00,-9.4,933.9,65.5,154,90
2016-06-14 17:00:00,-9.7,937,54.9,113,91
2016-06-14 18:00:00,-9.9,939.1,59.1,134,91
2016-06-14 19:00:00,-9.3,940.9,60,132,91
2016-06-14 20:00:00,-9.1,942.6,58.1,138,91
2016-06-14 21:00:00,-9.6,944.2,58.9,131,91
2016-06-14 22:00:00,-9.6,946.5,60.1,131,91
2016-06-14 23:00:00,-9.8,948.2,58.6,133,91
2016-06-15 00:00:00,-10.1,950,60,141,90
2016-06-15 01:00:00,-10.4,951.6,60,139,90
2016-06-15 02:00:00,-10.2,953.6,60,131,90
2016-06-15 03:00:00,-10.1,955.3,60.5,124,90
2016-06-15 04:00:00,-10,957,60,132,90
2016-06-15 05:00:00,-9.9,958.1,60.4,132,90
2016-06-15 06:00:00,-10.1,959.5,59.6,131,90
2016-06-15 07:00:00,-10.2,961.2,60.1,132,90
2016-06-15 08:00:00,-10,962.9,60.9,125,90
2016-06-15 09:00:00,-10,964.2,60.1,131,89
2016-06-15 10:00:00,-9.8,965.4,60,134,87
2016-06-15 11:00:00,-9.5,966.6,60,133,82
2016-06-15 12:00:00,-9,967.8,60.1,136,76
2016-06-15 13:00:00,-7.9,968.8,60.3,132,64
2016-06-15 14:00:00,-8,969.7,61,125,60
2016-06-15 15:00:00,-8.2,970.5,60.2,131,53
2016-06-15 16:00:00,-8.7,971.1,60.1,132,51
2016-06-15 17:00:00,-9.2,972.4,60.2,134,47
2016-06-15 18:00:00,-9.6,973.4,60,136,45
2016-06-15 19:00:00,-9.8,974.1,59.9,136,43
2016-06-15 20:00:00,-9.7,974.8,59.7,139,39
2016-06-15 21:00:00,-10.1,975.2,60.5,131,39
2016-06-15 22:00:00,-10.3,975.5,59.7,139,37
2016-06-15 23:00:00,-10.4,976.4,60,139,35
2016-06-16 00:00:00,-10.6,977.2,60,139,35
2016-06-16 01:00:00,-10.6,977.6,60,140,35
2016-06-16 02:00:00,-10.9,978,59.8,140,36
2016-06-16 03:00:00,-12,978.7,59.9,140,42
2016-06-16 04:00:00,-12.1,979.1,59.9,142,41
2016-06-16 05:00:00,-11.7,979.3,59.8,141,37
2016-06-16 06:00:00,-11.7,979.5,60,141,37
2016-06-16 07:00:00,-11.8,980,59.8,143,36
2016-06-16 08:00:00,-11.8,980.3,59.9,141,35
2016-06-16 09:00:00,-11.8,980.6,59.9,140,34
2016-06-16 10:00:00,-11.9,980.8,60.1,141,35
2016-06-16 11:00:00,-11.8,981,60.5,134,33
2016-06-16 12:00:00,-12,981.1,59.7,142,34
2016-06-16 13:00:00,-12.1,981.2,59.9,142,33
2016-06-16 14:00:00,-12.3,980.8,59.8,142,35
2016-06-16 15:00:00,-12.3,980.4,60.6,136,33
2016-06-16 16:00:00,-13.4,980.3,59.8,143,36
2016-06-16 17:00:00,-13.8,980,59.9,144,34
2016-06-16 18:00:00,-13.3,979.7,60.4,135,33
2016-06-16 19:00:00,-14.1,979.5,59.7,143,36
2016-06-16 20:00:00,-15.2,978.8,60,142,41
2016-06-16 21:00:00,-14.7,978.7,59.9,143,36
2016-06-16 22:00:00,-14.7,978.9,59.9,143,36
2016-06-16 23:00:00,-14.6,978.8,60.1,141,33
2016-06-17 00:00:00,-14.9,978.9,60.6,131,35
2016-06-17 01:00:00,-15.8,978.9,60.1,139,36
2016-06-17 02:00:00,-15.6,977.9,60.1,137,32
2016-06-17 03:00:00,-16.3,978,60.2,138,36
2016-06-17 04:00:00,-16.6,976.7,60.2,139,36
2016-06-17 05:00:00,-15.9,975.6,60.8,130,33
2016-06-17 06:00:00,-15.8,974.8,60,140,33
2016-06-17 07:00:00,-16.5,974.1,60.6,133,36
2016-06-17 08:00:00,-16.4,973,60.1,140,35
2016-06-17 09:00:00,-16.9,971.9,60.3,140,34
2016-06-17 10:00:00,-16.9,970.9,60.1,142,34
2016-06-17 11:00:00,-16.9,970,60.1,144,35
2016-06-17 12:00:00,-16.8,969,59.5,136,35
2016-06-17 14:00:00,-16.4,966.6,60.6,136,33
2016-06-17 15:00:00,-15.7,965.3,60.1,144,32
2016-06-17 16:00:00,-16.6,964.5,59.9,145,34
2016-06-17 17:00:00,-16.5,963.8,59.7,144,31
2016-06-17 18:00:00,-17.4,963,60,145,34
2016-06-17 19:00:00,-16.3,962.2,59.9,145,32
2016-06-17 20:00:00,-16.6,961.6,59.8,145,33
2016-06-17 21:00:00,-17.1,960.9,59.8,144,34
2016-06-17 22:00:00,-16.9,960.8,59.9,144,33
2016-06-17 23:00:00,-16.6,960.5,60,143,31
2016-06-18 00:00:00,-16.9,960.2,59.8,143,32
2016-06-18 01:00:00,-17.3,959.9,60.2,140,33
2016-06-18 02:00:00,-18,959.7,60.1,140,34
2016-06-18 03:00:00,-18.6,959.8,60.3,138,35
2016-06-18 04:00:00,-18.2,959.9,60.4,137,35
2016-06-18 05:00:00,-16.7,959.6,60.2,136,32
2016-06-18 06:00:00,-15.8,959.7,60.5,136,32
2016-06-18 07:00:00,-14.7,959.8,60.5,134,35
2016-06-18 08:00:00,-14.1,960,60.3,135,39
2016-06-18 09:00:00,-14,959.9,60.2,136,43
2016-06-18 10:00:00,-13.5,959.7,60.4,138,43
2016-06-18 13:00:00,-12.7,959.7,68.2,17,39
2016-06-18 14:00:00,-12.8,959.9,67.6,21,38
2016-06-18 15:00:00,-13.2,960.2,2.6,3,40
2016-06-18 16:00:00,-12.6,960.4,2.6,3,41
2016-06-18 17:00:00,-12.4,960.8,2.6,3,42
2016-06-18 18:00:00,-12.2,960.6,2.6,3,40
2016-06-18 19:00:00,-12.3,960.8,2.6,3,42
2016-06-18 20:00:00,-12.2,961.1,2.6,3,41
2016-06-18 21:00:00,-11.9,961.5,2.6,3,48
2016-06-18 22:00:00,-11.7,961.6,2.6,3,52
2016-06-18 23:00:00,-11.9,962,2.6,3,58
2016-06-19 00:00:00,-12,962.2,2.6,3,66
2016-06-19 01:00:00,-12,962.4,2.6,3,61
2016-06-19 02:00:00,-11.8,962.6,2.6,3,60
2016-06-19 03:00:00,-12.6,962.5,2.6,3,68
2016-06-19 04:00:00,-12.1,962.7,2.6,3,63
2016-06-19 05:00:00,-12.2,962.8,2.6,3,69
2016-06-19 06:00:00,-12.1,963.4,2.6,3,68
2016-06-19 07:00:00,-12,963.8,2.6,3,71
2016-06-19 08:00:00,-12.2,964.2,2.6,3,73
2016-06-19 09:00:00,-12.3,964.9,2.6,3,73
2016-06-19 10:00:00,-12.4,965.1,2.6,3,71
2016-06-19 11:00:00,-12.5,965.5,2.6,3,73
2016-06-19 12:00:00,-12.7,966.2,2.6,3,77
2016-06-19 13:00:00,-12.7,966.4,2.6,3,75
2016-06-19 14:00:00,-12.7,966.7,2.6,3,71
2016-06-19 15:00:00,-12.7,966.7,2.6,3,69
2016-06-19 16:00:00,-12.7,966.6,2.6,3,68
2016-06-19 17:00:00,-13,967,2.6,3,68
2016-06-19 18:00:00,-13,968.3,2.6,3,62
2016-06-19 19:00:00,-13,969,66.2,12,62
2016-06-19 20:00:00,-13.5,969.5,69.9,16,72
2016-06-19 21:00:00,-13.5,969.5,67.4,20,66
2016-06-19 22:00:00,-13.6,969.3,68.7,18,62
2016-06-19 23:00:00,-13.5,969,67.3,18,57
2016-06-20 00:00:00,-13.5,969.3,69.1,12,58
2016-06-20 01:00:00,-13.6,970,68.2,18,56
2016-06-20 02:00:00,-13.8,969.9,68.3,19,58
2016-06-20 03:00:00,-13.5,969.7,68.3,19,55
2016-06-20 04:00:00,-13.4,969.4,68.4,19,56
2016-06-20 05:00:00,-13.7,969.4,68.4,20,51
2016-06-20 06:00:00,-13.7,969.4,68.3,21,48
2016-06-20 07:00:00,-13.6,969.6,68.6,21,50
2016-06-20 08:00:00,-13.7,969.5,68.3,21,45
2016-06-20 09:00:00,-13.5,969.6,68.6,21,46
2016-06-20 10:00:00,-13.7,969.9,68.2,24,44
2016-06-20 11:00:00,-13.5,969.5,67.8,27,39
2016-06-20 12:00:00,-13.5,969.4,69,26,39
2016-06-20 13:00:00,-13.4,969.3,68.2,24,38
2016-06-20 14:00:00,-12.9,968.9,68.1,25,35
2016-06-20 15:00:00,-12.8,968.8,69,17,37
2016-06-20 16:00:00,-12.9,968.6,68,24,38
2016-06-20 17:00:00,-13,968.4,68.2,20,41
2016-06-20 18:00:00,-13.5,968.5,69.7,3,41
2016-06-20 19:00:00,-14.2,968.1,68.5,19,40
2016-06-20 20:00:00,-14.5,968,68.2,21,41
2016-06-20 21:00:00,-15.2,968.1,68.2,19,43
2016-06-20 22:00:00,-15.5,967.9,68.3,21,46
2016-06-20 23:00:00,-15.3,967.9,68.4,20,46
2016-06-21 00:00:00,-15.3,968.4,68.3,20,43
2016-06-21 01:00:00,-16.1,968.9,68.3,22,47
2016-06-21 02:00:00,-16.8,969.6,68.5,20,51
2016-06-21 03:00:00,-17.9,969.9,68.8,19,56
2016-06-21 04:00:00,-18.2,970.2,69.2,12,58
2016-06-21 05:00:00,-18,970.3,68.5,19,58
2016-06-21 06:00:00,-18,970.7,68.4,22,51
2016-06-21 07:00:00,-18.5,970.9,68.3,14,45
2016-06-21 08:00:00,-18.2,971.2,68.6,23,44
2016-06-21 09:00:00,-18.2,971,68.5,24,40
2016-06-21 10:00:00,-18,970.6,68.5,21,39
2016-06-21 11:00:00,-18,970.8,68.4,21,41
2016-06-21 12:00:00,-18.3,970.8,68.3,22,47
2016-06-21 13:00:00,-18.1,970.9,68.3,19,37
2016-06-21 14:00:00,-19.1,970.8,68.6,19,36
2016-06-21 15:00:00,-19.4,970.3,68.9,17,37
2016-06-21 16:00:00,-21.4,969.3,68.7,16,48
2016-06-21 17:00:00,-21.4,969.9,70.1,5,49
2016-06-21 18:00:00,-21.1,969.6,69.5,9,42
2016-06-21 19:00:00,-19.6,969.6,71,2,36
2016-06-21 20:00:00,-20.1,969.5,68.9,22,35
2016-06-21 21:00:00,-20.9,969.4,68.9,18,39
2016-06-21 22:00:00,-21.8,969.1,68.7,18,41
2016-06-21 23:00:00,-21.1,969.2,68.6,19,36
2016-06-22 00:00:00,-21,968.9,68.7,18,37
2016-06-22 01:00:00,-21.1,968.9,68.8,20,37
2016-06-22 02:00:00,-22.6,968.7,69.6,5,40
2016-06-22 03:00:00,-23.5,968.8,68.7,17,46
2016-06-22 04:00:00,-23.3,968.4,68.7,18,44
2016-06-22 05:00:00,-23.6,968.2,69,17,44
2016-06-22 06:00:00,-23.7,968.2,69.4,17,44
2016-06-22 07:00:00,-25.2,968.3,69.1,16,47
2016-06-22 08:00:00,-24.4,968.7,69.2,19,46
2016-06-22 09:00:00,-24.9,968.8,69.1,16,47
2016-06-22 10:00:00,-24.9,969,68.9,17,46
2016-06-22 11:00:00,-25.5,969.1,68.8,18,46
2016-06-22 12:00:00,-25.6,969.7,69.1,17,49
2016-06-22 13:00:00,-24.5,969.8,69.6,10,44
2016-06-22 14:00:00,-24.1,969.8,69,15,38
2016-06-22 15:00:00,-24.6,969.9,69,16,43
2016-06-22 16:00:00,-25.2,969.9,68.9,16,47
2016-06-22 17:00:00,-25.6,970.5,69.2,14,47
2016-06-22 18:00:00,-25.2,970.9,69.2,15,47
2016-06-22 19:00:00,-23.5,970.8,69,14,36
2016-06-22 20:00:00,-22.8,971.4,69.1,16,35
2016-06-22 21:00:00,-23.8,971.6,69.2,16,36
2016-06-22 22:00:00,-22.7,971.4,69.1,17,34
2016-06-22 23:00:00,-22,971.4,69.2,17,32
2016-06-23 00:00:00,-21.5,971.3,69,17,30
2016-06-23 01:00:00,-20.3,972.2,69.1,17,29
2016-06-23 02:00:00,-20.8,972.2,69,17,31
2016-06-23 03:00:00,-20.9,972,69,17,30
2016-06-23 04:00:00,-20.4,971.9,69,17,29
2016-06-23 05:00:00,-20.3,971.7,69.1,16,31
2016-06-23 06:00:00,-19.8,972,69.1,16,29
2016-06-23 07:00:00,-19.1,971.9,68.8,17,33
2016-06-23 08:00:00,-18.7,972.4,68.9,17,34
2016-06-23 09:00:00,-18.4,972.6,69.2,16,37
2016-06-23 10:00:00,-17.8,972.7,68.9,18,39
2016-06-23 11:00:00,-17.7,972.8,68.8,19,45
2016-06-23 12:00:00,-17.9,972.3,68.6,20,43
2016-06-23 13:00:00,-17.1,972.4,68.4,23,43
2016-06-23 14:00:00,-16.5,972.3,68.3,22,42
2016-06-23 15:00:00,-16.5,972.4,68.3,21,45
2016-06-23 16:00:00,-15.8,972.2,68.4,22,42
2016-06-23 17:00:00,-15.7,972,68.5,21,43
2016-06-23 18:00:00,-15.9,972.2,68.8,22,44
2016-06-23 19:00:00,-15.7,972.2,68.1,23,43
2016-06-23 20:00:00,-15.6,972.2,68.3,23,42
2016-06-23 21:00:00,-15.8,971.8,68.3,22,44
2016-06-23 22:00:00,-16,971.1,68.5,22,43
2016-06-23 23:00:00,-14.8,970.7,68.2,23,38
2016-06-24 00:00:00,-14.3,970.4,68.3,22,37
2016-06-24 01:00:00,-13.9,969.7,68,25,36
2016-06-24 02:00:00,-14.6,969.3,69.6,8,39
2016-06-24 03:00:00,-13.7,968.9,68.2,22,36
2016-06-24 04:00:00,-13.4,968.1,68.4,21,37
2016-06-24 05:00:00,-12.8,967.7,68.3,21,36
2016-06-24 06:00:00,-14.3,967.5,68.4,20,39
2016-06-24 07:00:00,-15,967.4,68.3,21,41
2016-06-24 08:00:00,-13.9,966.6,68.4,21,42
2016-06-24 09:00:00,-13.2,965.6,68.4,18,36
2016-06-24 10:00:00,-13,965.2,68.5,21,36
2016-06-24 11:00:00,-13,965.1,68.2,21,35
2016-06-24 12:00:00,-12.9,964.7,68.5,20,35
2016-06-24 13:00:00,-14,964.3,68.5,21,36
2016-06-24 14:00:00,-14.8,963.7,68.7,19,36
2016-06-24 15:00:00,-14.6,963.5,68.8,17,33
2016-06-24 16:00:00,-15.5,962.9,68.7,17,35
2016-06-24 17:00:00,-16,962.3,68.9,17,33
2016-06-24 18:00:00,-16.7,962.5,68.6,17,35
2016-06-24 19:00:00,-18,961.8,69,18,42
2016-06-24 20:00:00,-18.5,961,68.7,18,43
2016-06-24 21:00:00,-22.2,960.7,69.5,10,55
2016-06-24 22:00:00,-22.1,959.9,69,16,55
2016-06-24 23:00:00,-22.2,959.4,68.9,19,53
2016-06-25 00:00:00,-22.1,959.1,68.6,18,54
2016-06-25 01:00:00,-20.2,958.5,68.8,18,44
2016-06-25 02:00:00,-22.1,958.1,68.9,18,49
2016-06-25 03:00:00,-22.6,957.7,68.9,16,51
2016-06-25 04:00:00,-21.3,957.3,68.5,19,47
2016-06-25 05:00:00,-19.5,956.5,68.6,16,36
2016-06-25 06:00:00,-22.5,957.1,69.1,17,44
2016-06-25 07:00:00,-23.1,957,69.1,16,48
2016-06-25 08:00:00,-23.4,957.1,68.7,16,49
2016-06-25 09:00:00,-20.7,956.5,69.1,13,44
2016-06-25 10:00:00,-21.1,956.9,69.6,11,44
2016-06-25 11:00:00,-22.4,956.7,68.5,23,45
2016-06-25 12:00:00,-23.3,957,69.6,12,51
2016-06-25 13:00:00,-22.8,956.8,69.4,12,47
2016-06-25 14:00:00,-21.8,957.1,68.9,18,47
2016-06-25 15:00:00,-21.7,957.4,68.9,17,45
2016-06-25 16:00:00,-20.9,957.7,68.8,19,43
2016-06-25 17:00:00,-20.2,957.9,69,17,38
2016-06-25 18:00:00,-20.1,957.8,68.8,18,42
2016-06-25 19:00:00,-19.7,958.2,69,16,37
2016-06-25 20:00:00,-19.5,958.5,69,19,36
2016-06-25 21:00:00,-19.1,959.1,68.8,21,35
2016-06-25 22:00:00,-19.4,960,69.4,13,35
2016-06-25 23:00:00,-19.5,960.5,68.8,21,35
2016-06-26 00:00:00,-20,960.8,68.6,21,41
2016-06-26 01:00:00,-21.3,961.9,68.6,23,43
2016-06-26 02:00:00,-22.4,963.3,68.4,24,45
2016-06-26 03:00:00,-23.1,963.8,68.7,23,47
2016-06-26 04:00:00,-21.8,963.7,68.6,23,39
2016-06-26 05:00:00,-22,964.8,69.2,16,39
2016-06-26 06:00:00,-23.4,964.9,69.5,7,47
2016-06-26 07:00:00,-23.2,965.9,68.5,22,47
2016-06-26 08:00:00,-22.6,966.9,68.5,23,43
2016-06-26 09:00:00,-22.7,967.4,68.7,24,41
2016-06-26 10:00:00,-22.3,967.8,68.7,23,40
2016-06-26 11:00:00,-22.6,967.6,68.4,23,42
2016-06-26 12:00:00,-23.4,967.6,68.6,24,42
2016-06-26 13:00:00,-23.5,967.3,68.4,23,43
2016-06-26 14:00:00,-22.9,968,69.1,16,41
2016-06-26 15:00:00,-23.1,968.6,69.1,15,41
2016-06-26 16:00:00,-20.7,968.5,68.5,25,38
2016-06-26 17:00:00,-19,967.5,68.5,25,37
2016-06-26 18:00:00,-18.7,967.5,67.8,12,36
2016-06-26 19:00:00,-18.7,967.5,68.3,24,36
2016-06-26 20:00:00,-18.2,967.5,69.8,16,35
2016-06-26 21:00:00,-18.2,967.8,69.1,16,36
2016-06-26 22:00:00,-18.1,967.6,68.7,24,36
2016-06-26 23:00:00,-17.9,967.4,68.5,23,35
2016-06-27 00:00:00,-18.2,967.6,68.4,25,36
2016-06-27 01:00:00,-17.7,967.8,69,18,34
2016-06-27 02:00:00,-17.5,967.7,68.2,26,33
2016-06-27 03:00:00,-17.6,967.5,68.2,26,35
2016-06-27 04:00:00,-17.8,967.2,68.2,26,35
2016-06-27 05:00:00,-17.4,966.7,68.9,18,33
2016-06-27 06:00:00,-17.9,967,68,28,35
2016-06-27 07:00:00,-18.6,967.1,68.2,28,38
2016-06-27 08:00:00,-17.8,966.8,68.1,26,33
2016-06-27 09:00:00,-19.3,967.4,68.3,26,36
2016-06-27 10:00:00,-18.8,967.4,68.3,26,36
2016-06-27 11:00:00,-21,967.1,68.5,27,40
2016-06-27 12:00:00,-19.4,966,68.3,25,37
2016-06-27 13:00:00,-17.5,965.7,68.2,25,33
2016-06-27 14:00:00,-17.9,966,68.3,23,33
2016-06-27 15:00:00,-17.9,965.9,68.5,24,32
2016-06-27 16:00:00,-17.9,965.6,68.6,23,32
2016-06-27 17:00:00,-18,965.5,68.2,22,31
2016-06-27 18:00:00,-18,965.1,68.4,23,31
2016-06-27 19:00:00,-18.1,965.1,68.7,22,32
2016-06-27 20:00:00,-18,964.6,68.4,24,31
2016-06-27 21:00:00,-18.4,964.7,68.5,23,34
2016-06-27 22:00:00,-17.9,964.3,68.2,14,31
2016-06-27 23:00:00,-18.2,963.8,68.5,21,32
2016-06-28 00:00:00,-18.4,963.6,68.6,21,34
2016-06-28 01:00:00,-18.3,963.4,68.5,20,33
2016-06-28 02:00:00,-18.2,963.1,68.7,21,33
2016-06-28 03:00:00,-17.9,963.2,68.5,21,31
2016-06-28 04:00:00,-18.4,963.3,68.4,21,34
2016-06-28 05:00:00,-18.8,962.9,67.3,15,35
2016-06-28 06:00:00,-18.3,962.7,68.7,20,33
2016-06-28 07:00:00,-18.3,962.7,68.5,21,32
2016-06-28 08:00:00,-18,962.7,68.8,21,32
2016-06-28 09:00:00,-18.1,962.2,69.7,13,31
2016-06-28 10:00:00,-18.1,961.9,68.6,25,33
2016-06-28 11:00:00,-18.2,961.5,68.3,25,34
2016-06-28 12:00:00,-18,961,68.3,26,34
2016-06-28 13:00:00,-17.5,960.7,68.2,30,32
2016-06-28 14:00:00,-18.5,960.6,68.1,28,36
2016-06-28 15:00:00,-18.2,959.9,68,28,34
2016-06-28 16:00:00,-16.9,959.7,68.1,27,30
2016-06-28 17:00:00,-17.4,960.1,68,28,33
2016-06-28 18:00:00,-17.2,959.6,68.5,28,35
2016-06-28 19:00:00,-16.9,959.3,68.3,27,33
2016-06-28 20:00:00,-16.2,959.5,68.4,27,34
2016-06-28 21:00:00,-16.6,959.2,68.3,25,35
2016-06-28 22:00:00,-16,959.1,68.4,24,35
2016-06-28 23:00:00,-15.8,959.3,68.4,22,35
2016-06-29 00:00:00,-15.8,959.3,69,14,35
2016-06-29 01:00:00,-16.4,959.1,68.7,20,36
2016-06-29 02:00:00,-15.8,958.7,68.8,22,35
2016-06-29 03:00:00,-15.8,958.3,69.3,13,36
2016-06-29 04:00:00,-15.7,958.3,68.5,22,36
2016-06-29 05:00:00,-16,958.6,68.6,20,39
2016-06-29 06:00:00,-15.3,959.2,68.7,17,35
2016-06-29 07:00:00,-15,959.4,67.9,8,35
2016-06-29 08:00:00,-15.2,959.6,68.9,19,36
2016-06-29 09:00:00,-16.2,959.4,68.8,18,38
2016-06-29 10:00:00,-15.3,959.1,70.3,14,35
2016-06-29 11:00:00,-17.4,959,68.2,26,46
2016-06-29 12:00:00,-18.8,959,68.4,24,59
2016-06-29 13:00:00,-19,958.6,71.2,5,61
2016-06-29 14:00:00,-19.2,958.2,71.5,10,62
2016-06-29 15:00:00,-19.2,957.5,68,25,61
2016-06-29 16:00:00,-18.2,956.4,71.7,359,61
2016-06-29 17:00:00,-13.3,955.5,71.7,1,45
2016-06-29 18:00:00,-12.7,954.4,68.3,26,45
2016-06-29 19:00:00,-12.2,953.9,68.1,25,44
2016-06-29 20:00:00,-12.4,954,68.3,26,50
2016-06-29 21:00:00,-12.9,954.1,67.8,25,52
2016-06-29 22:00:00,-12.6,954,68.2,25,52
2016-06-29 23:00:00,-12.8,954.5,67.9,23,55
2016-06-30 00:00:00,-13,954.8,67.8,23,54
2016-06-30 01:00:00,-13.9,955.3,69.2,8,63
2016-06-30 02:00:00,-14,955,68,25,61
2016-06-30 03:00:00,-13.9,954.7,69,16,63
2016-06-30 04:00:00,-14.1,955,69,15,70
2016-06-30 05:00:00,-13,954,68.9,14,62
2016-06-30 06:00:00,-12.3,953.8,67.1,11,73
2016-06-30 07:00:00,-12,954,67.8,20,76
2016-06-30 08:00:00,-11.7,953.9,67.3,22,78
2016-06-30 09:00:00,-11.5,953.1,67.5,24,83
2016-06-30 10:00:00,-11,952.8,67.8,22,87
2016-06-30 11:00:00,-10.4,951.6,70.4,24,90
2016-06-30 12:00:00,-9.7,952.1,67.2,27,82
2016-06-30 13:00:00,-7.7,951.5,67.4,25,37
2016-06-30 14:00:00,-7.3,951.6,68.1,29,32
2016-06-30 15:00:00,-7.2,951.6,68.4,27,31
2016-06-30 16:00:00,-7,951.5,66.9,22,31
2016-06-30 17:00:00,-6.9,951.7,67.8,26,30
2016-06-30 18:00:00,-6.9,952.1,67.9,25,30
2016-06-30 19:00:00,-6.8,952.2,67.7,25,28
2016-06-30 20:00:00,-6.9,952,67.7,25,28
2016-06-30 21:00:00,-6.8,951.6,68.1,27,27
2016-06-30 22:00:00,-6.5,951.6,67.9,23,25
2016-06-30 23:00:00,-6.8,951.7,67.9,25,31
2016-07-01 00:00:00,-8.7,951.1,67.9,22,38
2016-07-01 01:00:00,-8.8,951.3,67.9,21,35
2016-07-01 02:00:00,-8.9,951.2,67.9,23,31
2016-07-01 03:00:00,-9.2,951.3,68.3,22,32
2016-07-01 04:00:00,-9.9,951.5,68.1,23,34
2016-07-01 05:00:00,-10.1,951.7,68.2,21,33
2016-07-01 06:00:00,-11.2,951.9,68.5,20,34
2016-07-01 07:00:00,-11.1,951.5,68.2,23,31
2016-07-01 08:00:00,-11.1,951,68.3,20,30
2016-07-01 09:00:00,-12,950.3,68.5,19,33
2016-07-01 10:00:00,-12.1,950.1,68.3,24,31
2016-07-01 11:00:00,-12.1,949.5,68.1,24,32
2016-07-01 12:00:00,-11.7,949,68.2,25,26
2016-07-01 13:00:00,-12.7,948.4,68.2,23,31
2016-07-01 14:00:00,-13.6,948.2,68.4,23,36
2016-07-01 15:00:00,-11.9,948.5,68.2,23,25
2016-07-01 16:00:00,-13.1,947.8,68.3,23,26
2016-07-01 17:00:00,-14,947.3,69.9,6,30
2016-07-01 18:00:00,-13.8,947.6,68.4,22,26
2016-07-01 19:00:00,-13.9,946.9,68.5,21,28
2016-07-01 20:00:00,-14.4,946.6,68.5,21,30
2016-07-01 21:00:00,-15.8,947.1,68.3,19,33
2016-07-01 22:00:00,-16.3,947.4,69.3,10,33
2016-07-01 23:00:00,-14.7,947.5,68.6,16,29
2016-07-02 00:00:00,-14.9,947.9,68.7,17,29
2016-07-02 01:00:00,-15.1,947.8,68.8,18,26
2016-07-02 02:00:00,-15.8,947.5,69,17,33
2016-07-02 03:00:00,-15.3,947.9,68.9,16,30
2016-07-02 04:00:00,-15.6,948,68.7,15,29
2016-07-02 05:00:00,-15.6,948.7,68.8,15,35
2016-07-02 06:00:00,-15.3,948.8,68.8,16,34
2016-07-02 07:00:00,-15.8,949.4,69,15,36
2016-07-02 08:00:00,-15.4,949.8,68.7,20,33
2016-07-02 09:00:00,-15.9,950.2,68.8,19,36
2016-07-02 10:00:00,-15.9,950.8,68.5,22,37
2016-07-02 11:00:00,-16,951,71.3,7,40
2016-07-02 12:00:00,-15.8,951.4,68.5,25,45
2016-07-02 13:00:00,-15.6,952,68.1,24,43
2016-07-02 14:00:00,-15.4,952.8,68.4,23,51
2016-07-02 15:00:00,-15.1,953.3,69.1,15,52
2016-07-02 16:00:00,-15,953.6,68.2,15,53
2016-07-02 17:00:00,-14.6,954.2,68.4,19,50
2016-07-02 18:00:00,-14.4,954.7,68.3,19,49
2016-07-02 19:00:00,-14.8,954.8,68.7,19,57
2016-07-02 20:00:00,-14.4,955.4,68.5,18,50
2016-07-02 21:00:00,-14.5,956,68.6,17,44
2016-07-02 22:00:00,-14.4,956.7,68.8,18,41
2016-07-02 23:00:00,-14.5,956.7,68.7,19,42
2016-07-03 00:00:00,-14.5,957.2,68.8,16,45
2016-07-03 01:00:00,-14.6,957.4,69.2,11,44
2016-07-03 02:00:00,-15,957.5,68.6,10,42
2016-07-03 03:00:00,-14.9,957.5,68.8,16,39
2016-07-03 04:00:00,-15,957.8,68.7,17,40
2016-07-03 05:00:00,-15,958,68.6,18,38
2016-07-03 06:00:00,-14.7,958.2,68.7,16,33
2016-07-03 07:00:00,-15.2,958.6,68.8,16,39
2016-07-03 08:00:00,-14.9,958.8,68.8,14,33
2016-07-03 09:00:00,-15.5,959.1,68.8,14,41
2016-07-03 10:00:00,-15.5,959,68.5,18,36
2016-07-03 11:00:00,-15.3,959.3,68.5,20,34
2016-07-03 12:00:00,-15.3,959.3,68.7,20,33
2016-07-03 13:00:00,-16.5,959.4,68.7,18,47
2016-07-03 14:00:00,-16.1,959.4,68.6,15,40
2016-07-03 15:00:00,-16,959.5,68.5,15,36
2016-07-03 16:00:00,-16,959.2,68.6,17,32
2016-07-03 17:00:00,-17.8,959.2,68.6,19,38
2016-07-03 18:00:00,-17.5,959.3,68.6,19,41
2016-07-03 19:00:00,-17.6,959.2,68.3,20,45
2016-07-03 20:00:00,-17.5,959.3,68.5,13,42
2016-07-03 21:00:00,-18.6,960.4,68.6,13,45
2016-07-03 22:00:00,-19.7,960.6,68.9,14,47
2016-07-03 23:00:00,-19.8,960.8,68.8,12,46
2016-07-04 00:00:00,-20.3,961.2,68.9,16,44
2016-07-04 01:00:00,-20.7,960.9,69.1,15,42
2016-07-04 02:00:00,-21,961.3,70.2,7,43
2016-07-04 03:00:00,-21.7,961.9,69,11,42
2016-07-04 04:00:00,-21.8,961.9,69,13,44
2016-07-04 05:00:00,-21.9,962.2,69.2,13,42
2016-07-04 06:00:00,-21.6,962.4,69,12,40
2016-07-04 07:00:00,-21.3,962.5,69.4,3,38
2016-07-04 08:00:00,-22.4,963.5,69.4,12,40
2016-07-04 09:00:00,-21.8,963.9,69.2,9,37
2016-07-04 10:00:00,-23.2,964,69.3,12,43
2016-07-04 11:00:00,-22.8,964.3,68.7,17,42
2016-07-04 12:00:00,-23,965,69,15,44
2016-07-04 13:00:00,-23.2,965.2,69.2,17,45
2016-07-04 14:00:00,-21.5,965.2,68.9,13,36
2016-07-04 15:00:00,-22.9,966.3,71.5,354,41
2016-07-04 16:00:00,-22.3,966.4,72,343,36
2016-07-04 17:00:00,-21.7,966.6,69.2,11,38
2016-07-04 18:00:00,-23.3,967.4,69.3,11,43
2016-07-04 19:00:00,-22.3,968.1,69.2,13,43
2016-07-04 20:00:00,-23.5,968.3,69.3,15,46
2016-07-04 21:00:00,-22.4,967.7,69.6,8,46
2016-07-04 22:00:00,-22.2,969,69,13,47
2016-07-04 23:00:00,-21,970,69.1,15,48
2016-07-05 00:00:00,-22.3,969.6,69.6,9,49
2016-07-05 01:00:00,-22.2,969,68.9,16,47
2016-07-05 02:00:00,-22.3,970.5,68.8,17,47
2016-07-05 03:00:00,-23.2,970.8,69,15,52
2016-07-05 04:00:00,-21,970.3,69,15,48
2016-07-05 05:00:00,-19.6,970,69,11,41
2016-07-05 06:00:00,-21.9,970.2,69.2,12,48
2016-07-05 07:00:00,-22.3,970.3,69,11,48
2016-07-05 08:00:00,-22.4,971.1,69.3,9,46
2016-07-05 09:00:00,-21.4,971.5,69,9,43
2016-07-05 10:00:00,-21,971.4,69.1,11,42
2016-07-05 11:00:00,-20.8,970.9,69.2,13,40
2016-07-05 12:00:00,-18.5,970.5,68.9,13,35
2016-07-05 13:00:00,-15.7,970.6,69,17,32
2016-07-05 14:00:00,-18.2,970.6,69,18,31
2016-07-05 15:00:00,-17.6,970.7,68.9,15,35
2016-07-05 16:00:00,-15.6,971,68.9,15,29
2016-07-05 17:00:00,-16.3,971.8,68.8,17,32
2016-07-05 18:00:00,-17.4,971.3,69.4,7,34
2016-07-05 19:00:00,-17.3,972.1,69.3,10,36
2016-07-05 20:00:00,-19.6,972.5,68.9,17,36
2016-07-05 21:00:00,-23,972.4,69,17,35
2016-07-05 22:00:00,-22.9,972.6,68.8,19,43
2016-07-05 23:00:00,-22.1,973.1,68.5,21,44
2016-07-06 00:00:00,-22.1,973.5,68.6,23,42
2016-07-06 01:00:00,-22.2,973.2,68.4,23,45
2016-07-06 02:00:00,-23.6,973.7,68.6,23,48
2016-07-06 03:00:00,-23.9,974,68.5,21,51
2016-07-06 04:00:00,-18.2,973.5,68.5,20,39
2016-07-06 05:00:00,-22.9,973.3,69.4,11,49
2016-07-06 06:00:00,-22.6,973.4,69.4,10,48
2016-07-06 07:00:00,-22,973.1,68.7,19,49
2016-07-06 08:00:00,-22,972.9,68.7,18,49
2016-07-06 09:00:00,-22.9,973,68.9,15,50
2016-07-06 10:00:00,-20.4,972.8,69,16,45
2016-07-06 11:00:00,-22.1,972.4,68.7,18,46
2016-07-06 12:00:00,-22.1,972.3,68.7,17,49
2016-07-06 13:00:00,-21.3,971.9,68.6,19,49
2016-07-06 14:00:00,-21.7,971.4,69.4,12,51
2016-07-06 15:00:00,-21.9,970.6,68.8,18,50
2016-07-06 16:00:00,-22.4,970,68.9,17,52
2016-07-06 17:00:00,-22.4,969.3,69,17,54
2016-07-06 18:00:00,-22.6,968.3,69.1,16,52
2016-07-06 19:00:00,-24.2,967.8,69.5,12,58
2016-07-06 20:00:00,-22.8,967.1,68.8,22,51
2016-07-06 21:00:00,-21.8,966.8,68.8,22,47
2016-07-06 22:00:00,-22.6,966.2,68.8,22,46
2016-07-06 23:00:00,-23.2,965.8,68.7,23,51
2016-07-07 00:00:00,-22.6,964.8,68.7,22,49
2016-07-07 01:00:00,-21.6,963.7,68.5,23,43
2016-07-07 02:00:00,-18.8,962.5,68.3,24,35
2016-07-07 03:00:00,-17,961.2,68.3,22,29
2016-07-07 04:00:00,-21.9,961,68.7,24,34
2016-07-07 05:00:00,-19,960.3,68.2,22,33
2016-07-07 06:00:00,-21.6,960.4,68.4,21,41
2016-07-07 07:00:00,-19.9,959.3,69.1,15,40
2016-07-07 08:00:00,-23.6,958.9,68.5,24,43
2016-07-07 09:00:00,-20.4,958.3,68.6,21,35
2016-07-07 10:00:00,-25.7,958.2,68.7,22,50
2016-07-07 11:00:00,-23.7,957.5,68.3,23,46
2016-07-07 12:00:00,-24.6,957.4,68.7,22,46
2016-07-07 13:00:00,-25.2,957.3,68.7,23,46
2016-07-07 14:00:00,-25.6,957.3,68.8,24,50
2016-07-07 15:00:00,-24.3,957,68.8,22,48
2016-07-07 16:00:00,-26,957.4,68.7,23,47
2016-07-07 17:00:00,-26.1,957.6,68.7,23,53
2016-07-07 18:00:00,-25.8,958,68.7,24,52
2016-07-07 19:00:00,-27,958.6,68.8,24,51
2016-07-07 20:00:00,-29.3,959.5,68.5,26,57
2016-07-07 21:00:00,-26.7,959.6,68.3,24,54
2016-07-07 22:00:00,-27,960.4,68.6,25,54
2016-07-07 23:00:00,-26.9,961.1,68.5,27,53
2016-07-08 00:00:00,-24.4,961.7,68.1,27,45
2016-07-08 01:00:00,-24.2,962.5,68.4,28,46
2016-07-08 02:00:00,-24.6,963.5,68.4,27,42
2016-07-08 03:00:00,-24.6,964,68.3,27,47
2016-07-08 04:00:00,-21.9,964.6,68.4,25,31
2016-07-08 05:00:00,-22.2,965.1,68.4,25,34
2016-07-08 06:00:00,-22.3,965.7,68.3,25,34
2016-07-08 07:00:00,-22.2,967,68.4,28,31
2016-07-08 08:00:00,-22.4,968,68.4,26,30
2016-07-08 09:00:00,-22.1,968.9,68.5,25,27
2016-07-08 10:00:00,-22.6,970,68.1,26,30
2016-07-08 11:00:00,-22.4,971.1,68.3,28,27
2016-07-08 12:00:00,-22.4,972.5,68.2,26,28
2016-07-08 13:00:00,-22.5,973.4,68.2,27,27
2016-07-08 14:00:00,-22.6,974.5,68.4,29,28
2016-07-08 15:00:00,-22.8,975.8,68.3,28,29
2016-07-08 16:00:00,-22.8,976.6,68.3,27,29
2016-07-08 17:00:00,-22.3,977.6,68.3,25,26
2016-07-08 18:00:00,-22.9,978.9,68.2,26,27
2016-07-08 19:00:00,-23.1,979.5,68.3,26,28
2016-07-08 20:00:00,-23.4,980.6,68.4,27,29
2016-07-08 21:00:00,-22.1,981.3,68.3,28,24
2016-07-08 22:00:00,-22.6,982,68.4,30,26
2016-07-08 23:00:00,-22.2,982.9,68.6,19,27
2016-07-09 00:00:00,-22.6,983.4,69.3,10,28
2016-07-09 01:00:00,-24.9,984,69.2,19,36
2016-07-09 02:00:00,-25.4,985.3,68.4,28,39
2016-07-09 03:00:00,-22.7,985.8,69.1,16,31
2016-07-09 04:00:00,-23.7,986.1,68.6,24,35
2016-07-09 05:00:00,-23.9,986.1,68.4,24,34
2016-07-09 06:00:00,-25.1,986.4,68.6,27,37
2016-07-09 07:00:00,-25.2,987.4,68.2,26,37
2016-07-09 08:00:00,-23.8,987.1,68.3,26,33
2016-07-09 09:00:00,-25,987,68.5,26,36
2016-07-09 10:00:00,-23.1,986.8,68.3,28,33
2016-07-09 11:00:00,-24,986.2,68.3,27,35
2016-07-09 12:00:00,-26.2,986.7,68.5,26,40
2016-07-09 13:00:00,-25.6,986.3,68.4,26,38
2016-07-09 14:00:00,-25.1,985.3,68.3,26,40
2016-07-09 15:00:00,-24.7,984.9,68.3,24,40
2016-07-09 16:00:00,-24.5,984.6,68.8,17,39
2016-07-09 17:00:00,-24.1,984.4,68.6,24,39
2016-07-09 18:00:00,-24.4,984.1,68.8,22,40
2016-07-09 19:00:00,-24.2,984.2,68.3,25,40
2016-07-09 20:00:00,-24.2,983.7,68.6,25,41
2016-07-09 21:00:00,-21.8,982.9,68.5,25,42
2016-07-09 22:00:00,-22,982.6,68.1,25,42
2016-07-09 23:00:00,-23.1,982,68.3,25,45
2016-07-10 00:00:00,-21.2,981.8,68.3,23,45
2016-07-10 01:00:00,-20.3,981.7,68.9,16,39
2016-07-10 02:00:00,-18.6,981,68.2,25,36
2016-07-10 03:00:00,-17.9,980.4,68.3,23,35
2016-07-10 04:00:00,-18.8,979.8,68.3,22,38
2016-07-10 05:00:00,-17.7,979.4,68.3,19,36
2016-07-10 06:00:00,-18.8,979.5,68.6,21,39
2016-07-10 07:00:00,-19.6,979,68.5,19,39
2016-07-10 08:00:00,-20.3,977.7,68.6,20,38
2016-07-10 09:00:00,-17.8,977,68.5,22,36
2016-07-10 10:00:00,-15.3,977.5,68.6,20,31
2016-07-10 11:00:00,-17.2,977,68.5,21,34
2016-07-10 12:00:00,-15.6,975.9,68.6,19,33
2016-07-10 13:00:00,-14.1,976.5,68.2,21,31
2016-07-10 14:00:00,-17.3,977.1,68.5,22,38
2016-07-10 15:00:00,-18.6,976.6,68.4,21,42
2016-07-10 16:00:00,-19.4,976,68.8,20,42
2016-07-10 17:00:00,-19.3,976.3,68.4,19,41
2016-07-10 18:00:00,-16.8,974.9,68.5,18,38
2016-07-10 19:00:00,-16.8,975.8,68.8,20,40
2016-07-10 20:00:00,-17.7,975.5,68.7,21,41
2016-07-10 21:00:00,-14.2,975.1,68.4,21,29
2016-07-10 22:00:00,-15.6,975.8,68.6,22,35
2016-07-10 23:00:00,-17.5,976.4,68.6,21,38
2016-07-11 00:00:00,-15.9,976.1,68.6,22,35
2016-07-11 01:00:00,-15.1,974.8,68.6,22,33
2016-07-11 02:00:00,-14.6,973.8,68.2,24,32
2016-07-11 03:00:00,-13.7,972.4,68.4,23,31
2016-07-11 04:00:00,-12.6,970.3,68.2,22,27
2016-07-11 05:00:00,-12.3,969.5,68.8,16,26
2016-07-11 06:00:00,-12.3,968.3,68.3,26,27
2016-07-11 07:00:00,-12,965.5,67.7,25,27
2016-07-11 08:00:00,-11.5,963.3,68.2,20,26
2016-07-11 09:00:00,-12.1,961.7,69,29,33
2016-07-11 10:00:00,-11.9,959.8,68.8,30,30
2016-07-11 11:00:00,-12,956.9,64.1,13,37
2016-07-11 12:00:00,-11.9,954.9,66.9,22,37
2016-07-11 13:00:00,-11.4,952.9,37.6,21,36
2016-07-11 14:00:00,-11.2,951.1,62.8,2,36
2016-07-11 15:00:00,-11.1,950.7,68.8,22,40
2016-07-11 16:00:00,-10.9,950.4,68.1,16,41
2016-07-11 17:00:00,-11,950.5,68.6,22,44
2016-07-11 18:00:00,-10.8,949.6,70.9,10,37
2016-07-11 19:00:00,-11,948.2,66.1,26,42
2016-07-11 20:00:00,-11.1,948.3,67.8,29,43
2016-07-11 21:00:00,-11,946.8,66.5,28,40
2016-07-11 22:00:00,-11.1,946.2,68.5,30,43
2016-07-11 23:00:00,-11.2,945.7,68,28,52
2016-07-12 00:00:00,-12.9,945.2,67.6,27,80
2016-07-12 01:00:00,-12,943.6,67.5,26,58
2016-07-12 02:00:00,-11.7,942.8,67.8,25,55
2016-07-12 03:00:00,-11.7,942.2,68.5,16,53
2016-07-12 04:00:00,-11.8,941.7,67.5,24,53
2016-07-12 05:00:00,-11.9,941.4,67.7,23,55
2016-07-12 06:00:00,-11.7,940.2,67.7,24,52
2016-07-12 07:00:00,-11.7,940.1,67.8,23,61
2016-07-12 08:00:00,-12.8,939.7,67.8,23,75
2016-07-12 09:00:00,-12.3,939.3,68.1,22,55
2016-07-12 10:00:00,-12.2,938.7,67.4,28,51
2016-07-12 11:00:00,-12.2,939.2,67.5,28,47
2016-07-12 12:00:00,-12.1,938.6,67.8,27,44
2016-07-12 13:00:00,-12.6,939.5,67.6,27,56
2016-07-12 14:00:00,-13.1,940.3,67.3,28,65
2016-07-12 15:00:00,-13.6,940.2,68.6,18,56
2016-07-12 16:00:00,-13.5,940.8,67.6,27,53
2016-07-12 17:00:00,-13.2,942.1,68,27,59
2016-07-12 18:00:00,-12.4,943.4,68.7,18,60
2016-07-12 19:00:00,-11.5,943.5,67.9,28,50
2016-07-12 20:00:00,-11.2,944.1,67.5,24,49
2016-07-12 21:00:00,-10.5,944.6,65.8,19,47
2016-07-12 22:00:00,-10.2,945,68.3,25,51
2016-07-12 23:00:00,-9.8,945.7,67.5,25,47
2016-07-13 00:00:00,-9.5,945.4,67.9,24,44
2016-07-13 01:00:00,-8.3,945.8,68.1,25,41
2016-07-13 02:00:00,-8,946.7,67,25,41
2016-07-13 03:00:00,-9.2,946.6,67.8,24,53
2016-07-13 04:00:00,-11.7,950.8,67.7,24,75
2016-07-13 05:00:00,-12.3,951.9,68.8,16,72
2016-07-13 06:00:00,-12.4,954,67.7,22,71
2016-07-13 07:00:00,-12.3,955.6,67.8,21,66
2016-07-13 08:00:00,-12.5,956.8,67.7,24,64
2016-07-13 09:00:00,-12.2,957.1,67.9,22,58
2016-07-13 10:00:00,-12.1,957.4,67.7,24,58
2016-07-13 11:00:00,-11.5,956.6,67.3,26,56
2016-07-13 12:00:00,-10.6,955.2,67.8,25,52
2016-07-13 13:00:00,-11.4,955.5,67.2,27,74
2016-07-13 14:00:00,-12.2,956.9,67.5,25,70
2016-07-13 15:00:00,-12,956.9,67.6,23,64
2016-07-13 16:00:00,-11.9,956.4,69,15,62
2016-07-13 17:00:00,-11.7,956.3,67.5,21,61
2016-07-13 18:00:00,-11.8,957.3,69.2,16,66
2016-07-13 19:00:00,-11.9,957.9,68.8,16,65
2016-07-13 20:00:00,-11.8,958.1,69.5,8,68
2016-07-13 21:00:00,-11.9,958.2,70.9,358,68
2016-07-13 22:00:00,-12,958.4,71.5,359,69
2016-07-13 23:00:00,-12.1,958.4,69.9,6,70
2016-07-14 00:00:00,-12.2,959,68.1,18,81
2016-07-14 01:00:00,-12.4,960,69.4,18,84
2016-07-14 02:00:00,-12.6,960.8,67.7,17,85
2016-07-14 03:00:00,-12.8,961.7,68,18,85
2016-07-14 04:00:00,-13.4,962,68.7,22,85
2016-07-14 05:00:00,-13.6,962.5,68.1,8,84
2016-07-14 06:00:00,-13.6,962.9,68.7,17,84
2016-07-14 07:00:00,-13.8,963,66.4,15,83
2016-07-14 08:00:00,-13.8,963,66,14,81
2016-07-14 09:00:00,-14,962.8,67.6,13,83
2016-07-14 10:00:00,-13.9,962.8,68.9,20,84
2016-07-14 11:00:00,-13.9,962.5,66.4,13,83
2016-07-14 12:00:00,-13.6,962.5,68.7,23,78
2016-07-14 13:00:00,-13.7,961.9,66.8,25,79
2016-07-14 14:00:00,-13.8,961.7,67.6,25,80
2016-07-14 15:00:00,-14,961.9,67.6,22,79
2016-07-14 16:00:00,-14.2,961.8,67.5,26,80
2016-07-14 17:00:00,-14.6,962,68.3,13,83
2016-07-14 18:00:00,-14.7,962,68,24,78
2016-07-14 19:00:00,-14.8,962,67.2,24,74
2016-07-14 20:00:00,-14.9,961.8,67.7,22,77
2016-07-14 21:00:00,-14.8,961.5,67.9,21,72
2016-07-14 22:00:00,-14.8,960.8,67.9,21,73
2016-07-14 23:00:00,-14.4,960.7,68.1,19,56
2016-07-15 00:00:00,-14.1,960.4,68.3,20,51
2016-07-15 01:00:00,-14.1,960.1,68.2,20,50
2016-07-15 02:00:00,-13.8,960,68.1,21,44
2016-07-15 03:00:00,-13.7,959.6,68.4,19,41
2016-07-15 04:00:00,-13.7,959.5,68.3,19,40
2016-07-15 05:00:00,-14,959.4,68.5,17,42
2016-07-15 06:00:00,-14.1,959.3,68.4,18,42
2016-07-15 07:00:00,-14.3,959.2,68.7,16,43
2016-07-15 08:00:00,-14.1,959.2,69.3,12,44
2016-07-15 09:00:00,-14.4,960.1,69.2,11,49
2016-07-15 10:00:00,-14.2,960.4,68.3,21,51
2016-07-15 11:00:00,-14.3,959.6,68.3,22,49
2016-07-15 12:00:00,-12.7,959.3,68.2,20,46
2016-07-15 13:00:00,-12.1,958.5,68.5,22,51
2016-07-15 14:00:00,-12.6,958.7,67.7,22,69
2016-07-15 15:00:00,-13.1,958.9,69.3,15,80
2016-07-15 16:00:00,-12.4,959.4,68.3,20,58
2016-07-15 17:00:00,-11.9,959.3,68.4,19,49
2016-07-15 18:00:00,-11.6,959.5,68.2,17,47
2016-07-15 19:00:00,-11.6,960.2,68.3,20,45
2016-07-15 20:00:00,-11.7,960.2,68.3,18,44
2016-07-15 21:00:00,-11.8,960.3,68.2,19,44
2016-07-15 22:00:00,-11.9,960.7,69.6,12,45
2016-07-15 23:00:00,-11.9,960.7,68.7,18,44
2016-07-16 00:00:00,-12.2,961.1,69.3,11,48
2016-07-16 01:00:00,-13,961.8,69.7,10,51
2016-07-16 02:00:00,-13.3,962,68.2,16,65
2016-07-16 03:00:00,-14.2,963.7,67.7,17,82
2016-07-16 04:00:00,-15.9,966.4,68.7,16,75
2016-07-16 05:00:00,-16.5,967.5,68.4,15,76
2016-07-16 06:00:00,-17.4,969.1,68.6,16,72
2016-07-16 07:00:00,-18.2,970.1,68.8,14,73
2016-07-16 08:00:00,-17.7,969.9,68.5,15,72
2016-07-16 09:00:00,-16.5,969.9,68.7,14,70
2016-07-16 10:00:00,-16.3,970.5,68.6,15,64
2016-07-16 11:00:00,-16.3,970.7,67.8,19,63
2016-07-16 12:00:00,-16.3,970.9,68.2,20,59
2016-07-16 13:00:00,-16.2,971.3,68.7,19,54
2016-07-16 14:00:00,-16.4,971.2,69.3,11,50
2016-07-16 15:00:00,-16.3,971.3,68.7,18,48
2016-07-16 16:00:00,-16.6,971.1,68.6,19,49
2016-07-16 17:00:00,-16.6,971,69.5,10,46
2016-07-16 18:00:00,-16.9,971.1,69.4,11,45
2016-07-16 19:00:00,-16.8,971.4,68.6,20,46
2016-07-16 20:00:00,-17.1,971.7,68.7,17,43
2016-07-16 21:00:00,-17.6,971.7,68.7,16,44
2016-07-16 22:00:00,-18.1,972.3,68.9,16,44
2016-07-16 23:00:00,-18.4,972.2,68.8,14,44
2016-07-17 00:00:00,-18.8,972.3,68.8,15,43
2016-07-17 01:00:00,-18.8,972.3,68.9,14,39
2016-07-17 02:00:00,-19.2,972.8,68.9,15,40
2016-07-17 03:00:00,-18.7,972.5,68.9,15,35
2016-07-17 04:00:00,-18.9,972.3,69.1,14,34
2016-07-17 05:00:00,-19.7,972.4,69.1,13,36
2016-07-17 06:00:00,-19.1,972.2,68.9,10,33
2016-07-17 07:00:00,-19,972.1,69.1,10,33
2016-07-17 08:00:00,-19.7,972.3,69.2,10,34
2016-07-17 09:00:00,-21.4,972.3,69.2,10,39
2016-07-17 10:00:00,-21.1,972.2,69.2,14,37
2016-07-17 11:00:00,-21.9,972.2,69.1,14,40
2016-07-17 12:00:00,-24.4,972.3,68.9,17,50
2016-07-17 13:00:00,-24.2,971.9,69,19,50
2016-07-17 14:00:00,-24.8,971.5,68.6,22,51
2016-07-17 15:00:00,-25,971.2,68.8,22,50
2016-07-17 16:00:00,-23.8,970.9,68.8,18,43
2016-07-17 17:00:00,-23.7,970.2,69.1,20,44
2016-07-17 18:00:00,-24.9,969.8,69,20,47
2016-07-17 19:00:00,-24.9,970,69.6,13,46
2016-07-17 20:00:00,-23.8,969.9,68.9,21,40
2016-07-17 21:00:00,-22.7,969.3,69,21,36
2016-07-17 22:00:00,-22.8,969.4,68.5,21,40
2016-07-17 23:00:00,-22.8,969.1,68.8,21,34
2016-07-18 00:00:00,-23.2,969.1,68.7,22,35
2016-07-18 01:00:00,-23.1,968.8,68.6,22,36
2016-07-18 02:00:00,-23.1,968.5,68.7,22,36
2016-07-18 03:00:00,-23,968,69.5,13,35
2016-07-18 04:00:00,-23.6,967.6,68.7,23,35
2016-07-18 05:00:00,-23.5,967.3,68.7,23,35
2016-07-18 06:00:00,-23.2,966.9,68.7,23,34
2016-07-18 07:00:00,-23.8,966.6,68.5,22,35
2016-07-18 08:00:00,-22.9,966.2,68.7,23,32
2016-07-18 09:00:00,-25.6,966.1,68.6,25,39
2016-07-18 10:00:00,-22.5,965.9,68.5,23,32
2016-07-18 11:00:00,-24.4,965.1,68.6,25,36
2016-07-18 12:00:00,-24.6,964.4,68.6,28,36
2016-07-18 13:00:00,-24.4,963.7,68.3,27,35
2016-07-18 14:00:00,-24.3,962.4,68.6,27,37
2016-07-18 15:00:00,-26.6,962.9,69.2,26,44
2016-07-18 16:00:00,-23.9,961.4,69,17,37
2016-07-18 17:00:00,-23.3,960.3,68.6,25,36
2016-07-18 18:00:00,-23,959.2,68.3,26,38
2016-07-18 19:00:00,-22.9,958.6,68.2,27,38
2016-07-18 20:00:00,-23.9,958.6,68.6,27,40
2016-07-18 21:00:00,-23,957.4,68.7,26,39
2016-07-18 22:00:00,-22.9,956.6,68.9,26,38
2016-07-18 23:00:00,-22.3,955.7,68.4,27,37
2016-07-19 00:00:00,-21.6,954.3,68.5,23,36
2016-07-19 01:00:00,-21.4,953.3,68.4,24,35
2016-07-19 02:00:00,-22,952.5,68.2,25,36
2016-07-19 03:00:00,-21.6,951.5,68.4,25,35
2016-07-19 04:00:00,-22,950.7,68.5,25,36
2016-07-19 05:00:00,-21.9,950,68.3,26,35
2016-07-19 06:00:00,-22.4,949.4,68.3,27,36
2016-07-19 07:00:00,-22.1,948.7,68.9,17,34
2016-07-19 08:00:00,-22.6,947.9,68.6,24,35
2016-07-19 09:00:00,-22.2,947.7,68.1,24,35
2016-07-19 10:00:00,-21.8,947.3,68.3,29,36
2016-07-19 11:00:00,-22.1,947,68.6,20,36
2016-07-19 12:00:00,-21.5,946.9,68.8,19,34
2016-07-19 13:00:00,-22.1,946.6,68.2,27,36
2016-07-19 14:00:00,-21.5,946.2,68.1,27,35
2016-07-19 15:00:00,-21.2,945.9,68.4,25,35
2016-07-19 16:00:00,-21.7,945.6,68.2,25,37
2016-07-19 17:00:00,-21.2,945.8,68.3,28,38
2016-07-19 18:00:00,-20.9,945.5,68.4,23,36
2016-07-19 19:00:00,-21,945.7,68.3,27,38
2016-07-19 20:00:00,-20.4,945.9,68.6,26,36
2016-07-19 21:00:00,-19.9,945.4,68.9,26,36
2016-07-19 22:00:00,-19.8,945.2,68.2,25,37
2016-07-19 23:00:00,-19.8,945,68.7,27,41
2016-07-20 00:00:00,-19.5,944.8,69.4,27,42
2016-07-20 01:00:00,-17.9,945.2,69.1,22,33
2016-07-20 02:00:00,-17.6,945,68.4,26,36
2016-07-20 03:00:00,-16.1,944.6,68.8,30,42
2016-07-20 04:00:00,-14.7,943.8,68.7,26,39
2016-07-20 05:00:00,-13.7,944,67.8,26,45
2016-07-20 06:00:00,-12.4,943.9,67.8,29,43
2016-07-20 07:00:00,-12,944.1,67.9,26,41
2016-07-20 08:00:00,-11.5,944.1,68,24,43
2016-07-20 09:00:00,-11.2,943.8,68.3,23,43
2016-07-20 10:00:00,-11.4,943.9,67.8,25,42
2016-07-20 11:00:00,-11.4,944.1,67.8,25,40
2016-07-20 12:00:00,-11.1,944.3,68.2,24,38
2016-07-20 13:00:00,-11,944.7,67.8,24,37
2016-07-20 14:00:00,-12.1,945.2,68.2,24,43
2016-07-20 15:00:00,-13.7,945.3,68.2,23,40
2016-07-20 16:00:00,-14.7,945.3,68.3,17,36
2016-07-20 17:00:00,-14.6,946,67.9,19,36
2016-07-20 18:00:00,-14.5,946.9,69.1,12,36
2016-07-20 19:00:00,-14.7,947.6,68.9,19,37
2016-07-20 20:00:00,-14.5,948.6,68.1,22,37
2016-07-20 21:00:00,-14.7,948.7,69,22,38
2016-07-20 22:00:00,-13.8,949.1,67.6,16,37
2016-07-20 23:00:00,-13.7,949.7,68,24,36
2016-07-21 00:00:00,-14,950.6,68,25,36
2016-07-21 01:00:00,-13.7,951.3,68,28,37
2016-07-21 02:00:00,-14.2,952.3,68.1,26,36
2016-07-21 03:00:00,-14.1,952.9,68,25,36
2016-07-21 04:00:00,-13.8,953.5,67.8,25,36
2016-07-21 05:00:00,-14.2,954.2,69,15,40
2016-07-21 06:00:00,-14.4,954.8,68.5,21,38
2016-07-21 07:00:00,-14.7,955.7,68.2,22,37
2016-07-21 08:00:00,-14.9,956.7,68.6,22,36
2016-07-21 09:00:00,-15.1,957,68.5,22,33
2016-07-21 10:00:00,-15,957.6,68.3,22,35
2016-07-21 11:00:00,-16.1,958.1,68.2,24,34
2016-07-21 12:00:00,-16.6,958.7,68.3,21,34
2016-07-21 13:00:00,-16.7,959.3,68.6,20,34
2016-07-21 14:00:00,-16.9,959.7,68.2,21,32
2016-07-21 15:00:00,-17.2,960.3,69,19,32
2016-07-21 16:00:00,-17.3,960.8,68.7,21,34
2016-07-21 17:00:00,-17.1,961.2,68.5,21,31
2016-07-21 18:00:00,-17.9,961.8,68.5,19,34
2016-07-21 19:00:00,-17.5,962.3,68.7,23,33
2016-07-21 20:00:00,-17.7,962.7,68.2,22,34
2016-07-21 21:00:00,-17.9,962.4,68.2,23,33
2016-07-21 22:00:00,-17.7,962.8,68.4,19,33
2016-07-21 23:00:00,-18.3,963.2,69.5,17,34
2016-07-22 00:00:00,-18,963.5,68.7,26,33
2016-07-22 01:00:00,-18.6,963.9,68.2,28,32
2016-07-22 02:00:00,-19.4,964,68.8,28,34
2016-07-22 03:00:00,-20.1,963.9,68,24,33
2016-07-22 04:00:00,-20.7,963.8,68.8,28,33
2016-07-22 05:00:00,-21.2,963.8,68.3,25,33
2016-07-22 06:00:00,-21.2,964.3,69.5,25,33
2016-07-22 07:00:00,-20.7,964.3,69,27,34
2016-07-22 08:00:00,-22.3,965.5,68.6,32,39
2016-07-22 09:00:00,-21.7,965.6,68,26,37
2016-07-22 10:00:00,-22.9,966,68.4,28,42
2016-07-22 11:00:00,-22.6,965.9,68.7,19,41
2016-07-22 12:00:00,-23.4,966.5,69.1,20,46
2016-07-22 13:00:00,-22.7,966.5,68.2,28,41
2016-07-22 14:00:00,-21.7,967,68.1,27,38
2016-07-22 15:00:00,-21.9,967,68.2,26,38
2016-07-22 16:00:00,-23,967.2,68.7,27,41
2016-07-22 17:00:00,-22.9,967.7,68.1,25,40
2016-07-22 18:00:00,-22.6,968.5,68.6,25,40
2016-07-22 19:00:00,-22.7,968.2,68.4,25,39
2016-07-22 20:00:00,-23.4,969.4,68.7,24,40
2016-07-22 21:00:00,-22.6,969.6,68.7,23,41
2016-07-22 22:00:00,-22.9,969.9,68.5,24,41
2016-07-22 23:00:00,-23.4,970.3,68.5,22,41
2016-07-23 00:00:00,-22.1,970.8,68.4,22,38
2016-07-23 01:00:00,-22.2,970.9,68.5,23,39
2016-07-23 02:00:00,-22.9,970.9,68.4,22,41
2016-07-23 03:00:00,-22.8,971.8,68.9,21,37
2016-07-23 04:00:00,-22.4,972.6,68.4,20,36
2016-07-23 05:00:00,-23.7,973.3,68.9,20,40
2016-07-23 06:00:00,-23.6,974.1,68.6,21,41
2016-07-23 07:00:00,-24.2,974.7,69.4,12,40
2016-07-23 08:00:00,-23.1,974.8,68.7,19,42
2016-07-23 09:00:00,-26.2,976,69.2,13,47
2016-07-23 10:00:00,-23.3,976,68.8,21,41
2016-07-23 11:00:00,-23.1,976.3,69.1,13,42
2016-07-23 12:00:00,-25,977.2,69,22,40
2016-07-23 13:00:00,-26.7,977.7,68.5,25,50
2016-07-23 14:00:00,-24.3,978.2,68.4,26,46
2016-07-23 15:00:00,-23.7,978.3,68.7,24,41
2016-07-23 16:00:00,-23.6,978.5,69.3,15,40
2016-07-23 17:00:00,-23.9,978.6,69.2,14,40
2016-07-23 18:00:00,-23.1,978.9,68.7,22,38
2016-07-23 19:00:00,-26.7,979.6,68.6,23,45
2016-07-23 20:00:00,-24.8,979.9,68.8,23,41
2016-07-23 21:00:00,-23.9,979.6,68.7,24,42
2016-07-23 22:00:00,-24,979.9,68.6,24,42
2016-07-23 23:00:00,-23.4,979.7,68.5,24,40
2016-07-24 00:00:00,-23.8,980.4,68.5,27,41
2016-07-24 01:00:00,-24.1,980.5,68.3,26,45
2016-07-24 02:00:00,-23.9,980.5,68.3,27,43
2016-07-24 03:00:00,-24.9,980.7,68.3,25,45
2016-07-24 04:00:00,-24.5,980.1,68.3,24,45
2016-07-24 05:00:00,-24.4,980.2,68.6,24,42
2016-07-24 06:00:00,-24.8,980.5,68.6,23,46
2016-07-24 07:00:00,-21.6,980,68.5,23,38
2016-07-24 08:00:00,-19.6,979.5,68.6,22,34
2016-07-24 09:00:00,-22.8,979.9,68.5,22,36
2016-07-24 10:00:00,-22,978.7,68.2,23,41
2016-07-24 11:00:00,-20.3,978.2,68.4,24,36
2016-07-24 12:00:00,-21.7,977.6,68.8,23,42
2016-07-24 13:00:00,-21.9,976.7,68.5,23,44
2016-07-24 14:00:00,-14.8,975.3,68.6,20,28
2016-07-24 15:00:00,-14.6,974.6,68.7,21,27
2016-07-24 16:00:00,-14.7,974.3,68.5,22,29
2016-07-24 17:00:00,-15.2,973.6,68.7,22,30
2016-07-24 18:00:00,-14.9,972.4,68.3,23,31
2016-07-24 19:00:00,-13.5,971.2,68.3,23,26
2016-07-24 20:00:00,-13.6,970.1,68.4,22,29
2016-07-24 21:00:00,-12.6,968.6,68,23,24
2016-07-24 22:00:00,-12.1,967.4,68,22,25
2016-07-24 23:00:00,-11.2,966.5,68.2,24,24
2016-07-25 00:00:00,-11.1,965.9,68.9,17,26
2016-07-25 01:00:00,-11.8,965.9,69,17,30
2016-07-25 02:00:00,-12.1,965.5,69,16,33
2016-07-25 03:00:00,-11.3,964.7,68.2,23,30
2016-07-25 04:00:00,-11.7,965.1,68.2,24,32
2016-07-25 05:00:00,-12.2,964.6,68.1,23,36
2016-07-25 06:00:00,-12.3,964.9,68.1,22,36
2016-07-25 07:00:00,-12.6,964.7,68.3,22,38
2016-07-25 08:00:00,-13.7,965.2,68.4,23,41
2016-07-25 09:00:00,-14.9,965.4,68.3,22,48
2016-07-25 10:00:00,-14.7,965.5,68.1,26,48
2016-07-25 11:00:00,-15,966.4,68,27,56
2016-07-25 12:00:00,-15.1,967,68,25,55
2016-07-25 13:00:00,-15.4,968,68.1,25,54
2016-07-25 14:00:00,-15.3,968.5,68.3,23,53
2016-07-25 15:00:00,-15.4,969,68.1,22,51
2016-07-25 16:00:00,-15.6,969.8,68.5,22,51
2016-07-25 17:00:00,-15.6,970.9,68.3,22,47
2016-07-25 18:00:00,-16,972.5,68.1,23,45
2016-07-25 19:00:00,-16.3,973.9,68.6,23,46
2016-07-25 20:00:00,-17,975.6,68.2,23,50
2016-07-25 21:00:00,-17.5,976.6,69.1,14,50
2016-07-25 22:00:00,-18.5,977.7,68.5,20,55
2016-07-25 23:00:00,-19.4,978.4,68.4,20,56
2016-07-26 00:00:00,-19.1,979.6,68.6,20,51
2016-07-26 01:00:00,-20,980.4,68.5,18,51
2016-07-26 02:00:00,-20.9,981.2,69.4,12,51
2016-07-26 03:00:00,-21.3,981.3,69.4,12,53
2016-07-26 04:00:00,-21.6,982.1,68.6,18,53
2016-07-26 05:00:00,-21.8,981.9,68.6,18,53
2016-07-26 06:00:00,-20.1,981.5,68.6,11,46
2016-07-26 07:00:00,-18.9,981.6,68.8,18,36
2016-07-26 08:00:00,-18.4,981.1,68.8,21,34
2016-07-26 09:00:00,-18.7,980.5,68.7,20,36
2016-07-26 10:00:00,-19.2,979.8,68.5,24,40
2016-07-26 11:00:00,-17.1,978.4,69.5,10,35
2016-07-26 12:00:00,-16.5,976.7,68.3,27,33
2016-07-26 13:00:00,-15.3,975,68,26,32
2016-07-26 14:00:00,-14.6,972.3,68.3,26,33
2016-07-26 15:00:00,-14.1,969.9,67.8,25,34
2016-07-26 16:00:00,-15,968.2,67.9,27,46
2016-07-26 17:00:00,-14.7,966.4,67.8,25,47
2016-07-26 18:00:00,-15,965.7,69.4,26,54
2016-07-26 19:00:00,-15.2,964,64.7,11,77
2016-07-26 20:00:00,-15.4,962.7,63.3,20,84
2016-07-26 21:00:00,-15.6,961.6,52.9,10,84
2016-07-26 22:00:00,-14.9,959.8,64.9,11,82
2016-07-26 23:00:00,-14.6,958.1,52.2,9,86
2016-07-27 00:00:00,-14.5,956.9,52.5,7,86
2016-07-27 01:00:00,-14.2,955.6,67.5,18,85
2016-07-27 02:00:00,-13.5,954.6,68.2,17,80
2016-07-27 03:00:00,-13,954.3,67.6,24,72
2016-07-27 04:00:00,-12.7,955.6,67.7,26,66
2016-07-27 05:00:00,-12.5,955.8,67.7,23,56
2016-07-27 06:00:00,-12.6,956.5,68,23,56
2016-07-27 07:00:00,-12.6,957,68.6,27,55
2016-07-27 08:00:00,-12.5,957.7,67.9,21,52
2016-07-27 09:00:00,-12.6,958.5,67.4,24,53
2016-07-27 10:00:00,-12.4,959.8,68.4,27,44
2016-07-27 11:00:00,-12.3,961.7,67.8,29,42
2016-07-27 12:00:00,-12.3,963.3,67.4,27,41
2016-07-27 13:00:00,-12.8,965.2,67.7,29,44
2016-07-27 14:00:00,-13.6,966.5,67.7,28,48
2016-07-27 15:00:00,-13.5,967,68.4,18,44
2016-07-27 16:00:00,-13.7,968.1,67.8,29,39
2016-07-27 17:00:00,-14.2,968.8,67.9,27,38
2016-07-27 18:00:00,-14.7,969.7,68.1,29,41
2016-07-27 19:00:00,-15.1,970.6,67.8,29,39
2016-07-27 20:00:00,-15.5,972.1,67.6,29,39
2016-07-27 21:00:00,-16,973.1,67.6,28,42
2016-07-27 22:00:00,-16.4,974,68.1,28,41
2016-07-27 23:00:00,-16.6,974.6,68.6,18,40
2016-07-28 00:00:00,-17.1,975,68,25,41
2016-07-28 01:00:00,-17.3,975.3,68.2,25,41
2016-07-28 02:00:00,-17.6,975.5,69.1,16,39
2016-07-28 03:00:00,-17.7,975.6,68.2,24,41
2016-07-28 04:00:00,-18.4,976,69,15,38
2016-07-28 05:00:00,-18.7,976.3,68.2,24,37
2016-07-28 06:00:00,-18.8,976.4,69.2,15,35
2016-07-28 07:00:00,-18.7,976.1,68.3,24,33
2016-07-28 08:00:00,-19.1,976.4,68.8,17,33
2016-07-28 09:00:00,-19.2,976,68.4,24,33
2016-07-28 10:00:00,-19.2,976.5,68.4,27,33
2016-07-28 11:00:00,-19.3,976.5,68,28,34
2016-07-28 12:00:00,-19,975.7,68.2,28,33
2016-07-28 13:00:00,-19.7,976.1,68,28,36
2016-07-28 14:00:00,-19.8,975.6,68.8,19,35
2016-07-28 15:00:00,-20.3,975.1,68.4,27,39
2016-07-28 16:00:00,-19.6,974.8,68.3,26,35
2016-07-28 17:00:00,-19.6,974.8,68.1,26,37
2016-07-28 18:00:00,-19.2,974.9,68.3,25,35
2016-07-28 19:00:00,-20.2,975.2,69.1,15,41
2016-07-28 20:00:00,-19.8,974.9,68.5,26,34
2016-07-28 21:00:00,-19.5,975.1,68.4,25,33
2016-07-28 22:00:00,-19.3,975.1,68.1,26,33
2016-07-28 23:00:00,-19.3,975.3,68.1,26,32
2016-07-29 00:00:00,-18.4,975.3,68.1,25,31
2016-07-29 01:00:00,-19.3,976,68.1,27,33
2016-07-29 02:00:00,-19.9,976.8,67.9,26,35
2016-07-29 03:00:00,-20.9,976.9,68.3,26,39
2016-07-29 04:00:00,-22.6,977.9,68.4,25,46
2016-07-29 05:00:00,-23.4,978.7,68.5,24,49
2016-07-29 06:00:00,-23.2,979,68.9,15,45
2016-07-29 07:00:00,-23.7,979.5,68.5,23,45
2016-07-29 08:00:00,-23.5,980,68.6,23,43
2016-07-29 09:00:00,-24.8,980.7,69.1,14,43
2016-07-29 10:00:00,-23.5,981.6,68.2,24,42
2016-07-29 11:00:00,-24.4,982.2,68.5,24,45
2016-07-29 12:00:00,-25.2,983,68.5,26,47
2016-07-29 13:00:00,-24.4,983.3,68.3,27,44
2016-07-29 14:00:00,-25.7,983.6,68.4,29,46
2016-07-29 15:00:00,-24.9,983.7,68.2,28,41
2016-07-29 16:00:00,-26.7,984.5,68.4,29,47
2016-07-29 17:00:00,-27.1,985.2,68.3,29,48
2016-07-29 18:00:00,-25.8,985.4,68.3,27,43
2016-07-29 19:00:00,-25.1,985.3,68.1,27,37
2016-07-29 20:00:00,-25.3,985.2,68.4,27,40
2016-07-29 21:00:00,-24.4,985.5,68.6,26,35
2016-07-29 22:00:00,-24.9,985.3,68.4,25,36
2016-07-29 23:00:00,-26.6,985.9,68.6,25,42
2016-07-30 00:00:00,-27.2,986.1,68.6,25,44
2016-07-30 01:00:00,-25.5,986,68.4,23,35
2016-07-30 02:00:00,-25.4,985.1,68.4,23,36
2016-07-30 03:00:00,-25.9,985.5,68.6,22,38
2016-07-30 04:00:00,-25.7,985.3,68.5,22,36
2016-07-30 05:00:00,-25.4,985.2,68.9,22,37
2016-07-30 06:00:00,-25.3,985,68.7,22,36
2016-07-30 07:00:00,-25.1,985,68.6,22,36
2016-07-30 08:00:00,-24.2,984.4,68.7,22,31
2016-07-30 09:00:00,-24.8,984.5,68.9,20,34
2016-07-30 10:00:00,-23.7,984.3,68.9,23,29
2016-07-30 11:00:00,-23.2,984.2,68.6,24,30
2016-07-30 12:00:00,-23.1,984,68.8,25,27
2016-07-30 13:00:00,-22.9,983.6,68.6,25,28
2016-07-30 14:00:00,-22.8,983.4,68.5,26,27
2016-07-30 15:00:00,-22.9,983.3,68.7,24,28
2016-07-30 16:00:00,-22.8,982.5,68.4,27,28
2016-07-30 17:00:00,-22.7,982.1,68.3,27,26
2016-07-30 18:00:00,-22.2,981.9,68.5,29,26
2016-07-30 19:00:00,-22.9,981.5,68.1,28,29
2016-07-30 20:00:00,-22.1,981.1,68.2,28,27
2016-07-30 21:00:00,-22.2,981,68.5,26,29
2016-07-30 22:00:00,-21.9,980.5,68.5,26,29
2016-07-30 23:00:00,-21.8,979.6,68.6,26,28
2016-07-31 00:00:00,-21.9,979.2,68.6,24,29
2016-07-31 01:00:00,-21.4,978.5,68.1,26,29
2016-07-31 02:00:00,-20.9,977.4,68.4,25,30
2016-07-31 03:00:00,-21.3,976.1,68.2,24,28
2016-07-31 04:00:00,-21.4,975.1,68.7,24,30
2016-07-31 05:00:00,-21.1,974.1,68.4,24,30
2016-07-31 06:00:00,-21,973,68.6,24,29
2016-07-31 07:00:00,-20.6,972,68.1,26,29
2016-07-31 08:00:00,-20.4,971.2,68.5,28,29
2016-07-31 09:00:00,-20.1,970.3,68.5,28,29
2016-07-31 10:00:00,-19.8,968.8,68.3,30,28
2016-07-31 11:00:00,-19.6,967.9,68.4,24,28
2016-07-31 12:00:00,-19.4,966.4,68.1,30,27
2016-07-31 13:00:00,-19.3,965.8,68.5,31,28
2016-07-31 14:00:00,-18.9,965.1,68.2,29,27
2016-07-31 15:00:00,-19,964.1,68.1,26,28
2016-07-31 16:00:00,-18.9,963.7,68.3,29,28
2016-07-31 17:00:00,-19.1,963,68.7,28,28
2016-07-31 18:00:00,-19.6,962.6,68,29,31
2016-07-31 19:00:00,-19.1,962.2,68.7,30,29
2016-07-31 20:00:00,-18.5,962,68.6,29,28
2016-07-31 21:00:00,-18.1,962.3,68.6,30,27
2016-07-31 22:00:00,-19.2,962,68.3,27,31
2016-07-31 23:00:00,-19.4,962.9,68,29,31
2016-08-01 00:00:00,-19.6,962.9,68.3,24,29
2016-08-01 01:00:00,-19.3,963.4,68.1,28,28
2016-08-01 02:00:00,-20.3,963.9,68.6,26,31
2016-08-01 03:00:00,-22.6,964.3,69,17,35
2016-08-01 04:00:00,-22.6,964.6,68.3,24,35
2016-08-01 05:00:00,-22.1,964.9,68.6,23,34
2016-08-01 06:00:00,-23.6,965.6,73,20,38
2016-08-01 07:00:00,-23.2,966.2,69.4,20,36
2016-08-01 08:00:00,-22.3,967.1,68.6,19,35
2016-08-01 09:00:00,-21.6,967.6,69.4,11,33
2016-08-01 10:00:00,-18.4,968.2,69.3,14,26
2016-08-01 11:00:00,-18.7,969.1,69.6,9,27
2016-08-01 12:00:00,-18.6,969.9,68.6,23,27
2016-08-01 13:00:00,-18.1,970.5,68.5,22,26
2016-08-01 14:00:00,-18.2,971,68.6,22,27
2016-08-01 15:00:00,-17.2,971.6,68.5,24,24
2016-08-01 16:00:00,-17.2,972.8,69.3,14,26
2016-08-01 17:00:00,-17.4,973.2,68.6,21,30
2016-08-01 18:00:00,-17.4,974,68.6,19,32
2016-08-01 19:00:00,-17.3,974.7,68.7,22,30
2016-08-01 20:00:00,-16.7,975.1,68.4,24,30
2016-08-01 21:00:00,-16.1,975.1,68.9,14,28
2016-08-01 22:00:00,-15.8,975.6,69.3,16,30
2016-08-01 23:00:00,-15.9,976.3,68.3,23,28
2016-08-02 00:00:00,-15.1,975.7,68.4,22,25
2016-08-02 01:00:00,-14.8,976,68.2,27,25
2016-08-02 02:00:00,-15.1,976.4,68.3,29,33
2016-08-02 03:00:00,-15.4,976.4,68.4,28,37
2016-08-02 04:00:00,-15.6,976.3,68.3,28,45
2016-08-02 05:00:00,-15.6,976.1,68,28,48
2016-08-02 06:00:00,-15.2,975.7,68.2,28,49
2016-08-02 07:00:00,-14.9,975.9,68.4,29,51
2016-08-02 08:00:00,-14.7,976.1,67.9,28,55
2016-08-02 09:00:00,-14.2,975.3,68.3,27,53
2016-08-02 10:00:00,-14,974,68.2,28,58
2016-08-02 11:00:00,-13.8,973.7,67.4,29,60
2016-08-02 12:00:00,-13.8,973.3,67.6,27,67
2016-08-02 13:00:00,-14,973.1,65.3,14,75
2016-08-02 14:00:00,-14,972.3,68.2,22,71
2016-08-02 15:00:00,-13.7,972,67.8,28,56
2016-08-02 16:00:00,-13.5,971.4,67.6,27,51
2016-08-02 17:00:00,-13.4,970.6,67.5,27,50
2016-08-02 18:00:00,-13.5,970.2,67.2,28,53
2016-08-02 19:00:00,-13.6,969.5,67.9,29,56
2016-08-02 20:00:00,-13.9,969.5,68.6,27,62
2016-08-02 21:00:00,-13.8,969.5,64.4,344,58
2016-08-02 22:00:00,-14,969.8,67.4,28,60
2016-08-02 23:00:00,-14,970.3,68,28,61
2016-08-03 00:00:00,-14.1,970.5,67.7,29,60
2016-08-03 01:00:00,-14.1,970.6,67.6,28,60
2016-08-03 02:00:00,-14.1,970.7,68.4,30,61
2016-08-03 03:00:00,-14,970,67.7,28,58
2016-08-03 04:00:00,-14,970.1,68.9,19,56
2016-08-03 05:00:00,-13.9,970.5,67.8,27,55
2016-08-03 06:00:00,-14,970.6,67.7,26,55
2016-08-03 07:00:00,-14.3,970.9,68,29,55
2016-08-03 08:00:00,-14.1,971.1,67.8,27,51
2016-08-03 09:00:00,-14,971.4,67.7,26,49
2016-08-03 10:00:00,-14,972.4,67.6,26,46
2016-08-03 11:00:00,-14.6,972.8,67.9,27,52
2016-08-03 12:00:00,-15.7,973.4,67.8,26,51
2016-08-03 13:00:00,-16.2,974.1,68.9,18,49
2016-08-03 14:00:00,-15.9,974.5,67.7,28,42
2016-08-03 15:00:00,-16,975,67.9,27,42
2016-08-03 16:00:00,-16.1,975.8,67.8,25,40
2016-08-03 17:00:00,-16.7,976.4,68.1,25,42
2016-08-03 18:00:00,-16.9,976.7,68.1,24,41
2016-08-03 19:00:00,-17,977.3,68.2,22,38
2016-08-03 20:00:00,-16.9,977.2,68,24,36
2016-08-03 21:00:00,-17.1,977.8,68.3,22,34
2016-08-03 22:00:00,-17.3,978.7,68.4,23,33
2016-08-03 23:00:00,-17.9,978.8,68.3,24,36
2016-08-04 00:00:00,-18,978.8,68.1,15,35
2016-08-04 01:00:00,-18.1,978.7,68.6,23,35
2016-08-04 02:00:00,-18.3,979,68.4,23,36
2016-08-04 03:00:00,-18.3,979,68.3,23,35
2016-08-04 04:00:00,-17.7,979,68.3,22,33
2016-08-04 05:00:00,-17.8,978.8,69.2,13,34
2016-08-04 06:00:00,-17.6,978.5,68.6,21,32
2016-08-04 07:00:00,-17.1,978.7,68.6,22,31
2016-08-04 08:00:00,-17.1,978.3,68.5,23,32
2016-08-04 09:00:00,-16.9,978.4,68.4,23,32
2016-08-04 10:00:00,-16.8,978.1,68.4,27,32
2016-08-04 11:00:00,-16,977.5,68.1,28,30
2016-08-04 12:00:00,-15.3,976.2,69.2,16,29
2016-08-04 13:00:00,-15.6,975.6,68.4,26,30
2016-08-04 14:00:00,-15.5,974.7,68.4,27,33
2016-08-04 15:00:00,-15.4,974.1,68.5,18,33
2016-08-04 16:00:00,-14.6,973.1,69,26,32
2016-08-04 17:00:00,-14.8,973.4,68.3,26,37
2016-08-04 18:00:00,-14.2,971.8,68.5,17,35
2016-08-04 19:00:00,-13.9,971.3,68.6,29,33
2016-08-04 20:00:00,-13.5,971,67,24,34
2016-08-04 21:00:00,-12.7,970.4,68,30,35
2016-08-04 22:00:00,-11.9,969.4,67.7,27,32
2016-08-04 23:00:00,-11.3,968.5,68.7,19,32
2016-08-05 00:00:00,-10.7,967.3,68.1,28,34
2016-08-05 01:00:00,-10.1,964.9,68.5,27,32
2016-08-05 02:00:00,-9.8,964.5,68.2,29,34
2016-08-05 03:00:00,-9.4,963.5,67.9,26,33
2016-08-05 04:00:00,-9.2,961.9,68,27,35
2016-08-05 05:00:00,-9.1,961.5,68.7,28,36
2016-08-05 06:00:00,-9.1,961.8,68.3,25,37
2016-08-05 07:00:00,-8.8,960.7,68.1,23,37
2016-08-05 08:00:00,-8.4,960.3,69.6,25,35
2016-08-05 09:00:00,-8.2,959.5,68.1,16,37
2016-08-05 10:00:00,-7.8,957.5,67.1,12,38
2016-08-05 11:00:00,-8.1,957.7,67,15,43
2016-08-05 12:00:00,-8.6,956.4,66.2,13,48
2016-08-05 13:00:00,-8.6,956.6,68,25,55
2016-08-05 14:00:00,-8.5,957.7,67.9,24,56
2016-08-05 15:00:00,-9,960.2,67.9,21,65
2016-08-05 16:00:00,-9.1,962,67.6,26,68
2016-08-05 17:00:00,-8.8,963.5,67.8,27,61
2016-08-05 18:00:00,-8.4,963.9,68.7,14,58
2016-08-05 19:00:00,-8.3,963.8,68,22,56
2016-08-05 20:00:00,-7.9,964.1,67.3,27,53
2016-08-05 21:00:00,-7.8,964.6,68.4,20,52
2016-08-05 22:00:00,-8,964.7,67.4,27,53
2016-08-05 23:00:00,-8.1,965.3,67.8,30,57
2016-08-06 00:00:00,-8,965,67.2,29,54
2016-08-06 01:00:00,-8,965.2,66.7,24,55
2016-08-06 02:00:00,-8,965.1,67.6,26,55
2016-08-06 03:00:00,-7.9,965.4,67.4,25,54
2016-08-06 04:00:00,-8,965.8,67.6,27,54
2016-08-06 05:00:00,-8,965.6,67.5,26,53
2016-08-06 06:00:00,-7.8,965.3,67.9,27,51
2016-08-06 07:00:00,-7.7,965.3,67.7,26,50
2016-08-06 08:00:00,-7.6,965.4,68,15,50
2016-08-06 09:00:00,-7.6,965.7,67.9,27,52
2016-08-06 10:00:00,-7.4,965.6,67.4,28,51
2016-08-06 11:00:00,-7,964.2,67.8,25,49
2016-08-06 12:00:00,-6.6,962.5,68.7,15,49
2016-08-06 13:00:00,-6.5,963,68.1,25,50
2016-08-06 14:00:00,-6.2,961.8,67.2,17,48
2016-08-06 15:00:00,-5.8,960.4,67.8,24,45
2016-08-06 16:00:00,-5,960,67.8,21,42
2016-08-06 17:00:00,-4.9,958.7,66.7,21,46
2016-08-06 18:00:00,-4.9,957.9,68.1,20,48
2016-08-06 19:00:00,-5,958.5,67,24,50
2016-08-06 20:00:00,-5.6,957.7,67.7,27,57
2016-08-06 21:00:00,-6.3,958.1,67.8,26,73
2016-08-06 22:00:00,-6.2,957.9,67.9,20,68
2016-08-06 23:00:00,-6.4,957.8,68.3,19,68
2016-08-07 00:00:00,-6.8,957.4,67,20,75
2016-08-07 01:00:00,-6.7,958,67.5,23,69
2016-08-07 02:00:00,-6.5,957.7,67.5,24,64
2016-08-07 03:00:00,-6.6,958.3,67.6,24,61
2016-08-07 04:00:00,-6.6,958.5,67.8,23,59
2016-08-07 05:00:00,-6.2,958.4,68.2,22,53
2016-08-07 06:00:00,-6.1,958.2,68.1,21,53
2016-08-07 07:00:00,-6.3,957.6,67.9,23,54
2016-08-07 08:00:00,-6.5,956.8,68.1,22,56
2016-08-07 09:00:00,-6.1,955.8,68.1,19,50
2016-08-07 10:00:00,-5.8,955.1,67.9,22,49
2016-08-07 11:00:00,-5.7,953.8,67.8,22,46
2016-08-07 12:00:00,-5.8,953.2,69.2,13,47
2016-08-07 13:00:00,-5.9,952.6,68.2,22,45
2016-08-07 14:00:00,-6,951.7,68.2,20,43
2016-08-07 15:00:00,-6.2,951.2,68.5,19,46
2016-08-07 16:00:00,-6.3,951.3,68.1,19,46
2016-08-07 17:00:00,-5.9,951.2,68.3,19,40
2016-08-07 18:00:00,-6,950.6,68.3,18,42
2016-08-07 19:00:00,-5.9,950,68.3,20,43
2016-08-07 20:00:00,-5.9,949.3,68.4,23,42
2016-08-07 21:00:00,-6.2,949.8,68.1,21,43
2016-08-07 22:00:00,-6.4,949.5,68,21,45
2016-08-07 23:00:00,-6.5,950.5,68,20,45
2016-08-08 00:00:00,-6.5,951.1,68.5,21,41
2016-08-08 01:00:00,-6.8,951.1,67.9,24,43
2016-08-08 02:00:00,-7.3,951.8,68,23,52
2016-08-08 03:00:00,-7.6,952.4,68.2,23,53
2016-08-08 04:00:00,-7.6,952.8,67.8,23,49
2016-08-08 05:00:00,-7.3,952.2,69.4,12,45
2016-08-08 06:00:00,-7.7,953.2,68.2,23,59
2016-08-08 07:00:00,-8,954.8,69.3,14,63
2016-08-08 08:00:00,-8.3,955.4,68,21,65
2016-08-08 09:00:00,-8.9,956.4,68.2,21,70
2016-08-08 10:00:00,-9.1,958.9,67.4,23,77
2016-08-08 11:00:00,-9.1,960.1,67.6,24,70
2016-08-08 12:00:00,-9.1,960.5,67.7,23,61
2016-08-08 13:00:00,-8.8,960.6,67.5,27,57
2016-08-08 14:00:00,-8.4,960.9,67.7,25,48
2016-08-08 15:00:00,-8.5,961.6,67.9,26,58
2016-08-08 16:00:00,-9.7,963.4,67.5,25,89
2016-08-08 17:00:00,-9.6,966.1,68.1,34,89
2016-08-08 18:00:00,-9.7,968.1,68.8,36,89
2016-08-08 19:00:00,-10.2,971,67.8,29,89
2016-08-08 20:00:00,-10.2,972.4,67.6,21,71
2016-08-08 21:00:00,-10.6,972.9,67.8,20,68
2016-08-08 22:00:00,-10.1,973.3,68.2,20,57
2016-08-08 23:00:00,-9.4,973.6,68.2,19,46
2016-08-09 00:00:00,-9.3,974.1,68.3,20,42
2016-08-09 01:00:00,-9.4,974.2,69.3,12,40
2016-08-09 02:00:00,-9.5,974.6,68.5,20,42
2016-08-09 03:00:00,-9.6,975.2,68.3,19,42
2016-08-09 04:00:00,-9.7,975.2,68.3,19,40
2016-08-09 05:00:00,-9.9,975.8,68.3,18,39
2016-08-09 06:00:00,-9.9,976.3,68.2,16,37
2016-08-09 07:00:00,-10.1,976.8,68.6,16,39
2016-08-09 08:00:00,-10.5,976.8,68.4,17,38
2016-08-09 09:00:00,-11,976.8,69,17,38
2016-08-09 10:00:00,-11.6,976.7,68.7,18,38
2016-08-09 11:00:00,-11.5,976.7,68.6,17,37
2016-08-09 12:00:00,-11.6,976.8,68.7,16,39
2016-08-09 13:00:00,-11.3,976.8,68.5,19,40
2016-08-09 14:00:00,-12.1,976.9,68.2,20,40
2016-08-09 15:00:00,-12.8,976.7,68.4,20,40
2016-08-09 16:00:00,-13.2,976.2,68.3,19,43
2016-08-09 17:00:00,-13.3,975.9,68.2,16,39
2016-08-09 18:00:00,-13.3,975.4,68.3,14,37
2016-08-09 19:00:00,-13.2,975.6,69.1,19,37
2016-08-09 20:00:00,-13.1,975.4,68.3,20,38
2016-08-09 21:00:00,-13.7,975.4,68.1,14,39
2016-08-09 22:00:00,-12.7,975.3,68.8,11,35
2016-08-09 23:00:00,-13.3,975.1,67,11,37
2016-08-10 00:00:00,-13.3,975.4,68.4,13,38
2016-08-10 01:00:00,-13,975.8,67.3,13,36
2016-08-10 02:00:00,-12.1,975.5,67.8,18,36
2016-08-10 03:00:00,-10.4,976.1,68.8,13,37
2016-08-10 04:00:00,-8.5,977,68.1,20,37
2016-08-10 05:00:00,-8.8,977.2,68.6,19,44
2016-08-10 06:00:00,-8.4,977.5,68.3,17,47
2016-08-10 07:00:00,-7.9,978.3,68.5,17,52
2016-08-10 08:00:00,-7.4,979.1,68.4,20,67
2016-08-10 09:00:00,-6.7,979.5,68.5,15,54
2016-08-10 10:00:00,-6.2,980,69.3,11,45
2016-08-10 11:00:00,-6,980.9,68.2,18,42
2016-08-10 12:00:00,-5.4,981.6,68.3,16,40
2016-08-10 13:00:00,-6.2,982.5,68.4,15,38
2016-08-10 14:00:00,-6.5,982.9,68.5,16,40
2016-08-10 15:00:00,-7,983.7,68.3,15,39
2016-08-10 16:00:00,-8.1,984.5,68.2,14,39
2016-08-10 17:00:00,-8.3,985.3,68.4,17,40
2016-08-10 18:00:00,-8.8,985.3,68.3,18,40
2016-08-10 19:00:00,-8.6,985.2,68.3,12,39
2016-08-10 20:00:00,-8.6,986.4,69.3,9,40
2016-08-10 21:00:00,-7.7,986.7,68.8,14,37
2016-08-10 22:00:00,-8.4,987.3,68.5,19,38
2016-08-10 23:00:00,-8.1,987.5,68.5,15,37
2016-08-11 00:00:00,-7.9,987.8,68.5,14,37
2016-08-11 01:00:00,-7.9,988.3,68.9,15,36
2016-08-11 02:00:00,-8,988.9,68.7,13,37
2016-08-11 03:00:00,-8,989.1,69,13,36
2016-08-11 04:00:00,-8.8,989.6,68.7,14,37
2016-08-11 05:00:00,-7.2,990.1,68.7,11,35
2016-08-11 06:00:00,-9.6,991,68.9,11,43
2016-08-11 07:00:00,-6.8,991.6,68.8,11,35
2016-08-11 08:00:00,-7.3,992.6,68.8,13,35
2016-08-11 09:00:00,-7.7,993.4,69.5,4,37
2016-08-11 10:00:00,-7.7,994,68.7,15,35
2016-08-11 11:00:00,-7.6,994.8,68.6,16,34
2016-08-11 12:00:00,-8.2,995.3,68.6,17,39
2016-08-11 13:00:00,-8.1,996,68.6,13,37
2016-08-11 14:00:00,-8.7,996.2,68.5,16,39
2016-08-11 15:00:00,-9.5,996.4,68.4,15,42
2016-08-11 16:00:00,-9.7,996.6,68.7,14,43
2016-08-11 17:00:00,-9.8,996.6,68.4,15,48
2016-08-11 18:00:00,-10.1,996.3,68.4,15,49
2016-08-11 19:00:00,-9.4,996.1,68.7,14,48
2016-08-11 20:00:00,-9.4,996.2,68.8,12,48
2016-08-11 21:00:00,-9.8,996.4,69.3,5,47
2016-08-11 22:00:00,-10.1,996.5,68.7,10,50
2016-08-11 23:00:00,-11.1,996.5,68.9,12,55
2016-08-12 00:00:00,-11.5,996.3,69.5,5,61
2016-08-12 01:00:00,-11.5,996,68.8,11,61
2016-08-12 02:00:00,-10.8,995.4,68.7,11,57
2016-08-12 03:00:00,-11.7,995,68.8,11,60
2016-08-12 04:00:00,-11.5,994.4,68.8,11,60
2016-08-12 05:00:00,-11.1,993.6,68.6,10,58
2016-08-12 06:00:00,-10.7,993.2,69.4,4,61
2016-08-12 07:00:00,-10.7,993.3,68.6,10,57
2016-08-12 08:00:00,-10.6,993.3,69.5,5,58
2016-08-12 09:00:00,-10.5,992.9,68.6,10,61
2016-08-12 10:00:00,-10.2,992.3,68.6,13,61
2016-08-12 11:00:00,-9.4,992.4,68.6,16,58
2016-08-12 12:00:00,-7.4,991.6,69.2,7,55
2016-08-12 13:00:00,-9.5,991.6,68.5,16,59
2016-08-12 14:00:00,-6,990.8,67.9,15,53
2016-08-12 15:00:00,-9.4,990.4,68.5,15,59
2016-08-12 16:00:00,-11.7,990,69.4,8,63
2016-08-12 17:00:00,-11.2,988.9,68.2,16,61
2016-08-12 18:00:00,-6.8,989,68.3,17,50
2016-08-12 19:00:00,-8.6,989.1,68.3,16,53
2016-08-12 20:00:00,-2.7,989,68.8,14,30
2016-08-12 21:00:00,-4.1,989.2,68.3,15,35
2016-08-12 22:00:00,-9.6,989.6,68.5,15,52
2016-08-12 23:00:00,-8.9,989.2,68.6,14,48
2016-08-13 00:00:00,-3.5,989.8,68.5,12,33
2016-08-13 01:00:00,-5.5,990.4,68.5,13,41
2016-08-13 02:00:00,-5.5,989.8,68.4,13,38
2016-08-13 03:00:00,-5,988.8,68.4,15,36
2016-08-13 04:00:00,-8.1,988.1,68.6,15,47
2016-08-13 05:00:00,-6.8,987.4,68.5,13,45
2016-08-13 06:00:00,-8.2,987.6,68.3,14,50
2016-08-13 07:00:00,-7.4,987.5,69.6,6,41
2016-08-13 08:00:00,-8.9,986.1,68.3,14,48
2016-08-13 09:00:00,-9,986,68.6,14,47
2016-08-13 10:00:00,-6.3,985.2,68.7,14,38
2016-08-13 11:00:00,-3.9,984.8,68.7,16,34
2016-08-13 12:00:00,-7.4,984.6,68.3,14,42
2016-08-13 13:00:00,-6.8,984.3,68.3,17,40
2016-08-13 14:00:00,-5.3,982.2,68.7,3,38
2016-08-13 15:00:00,-4.6,981,69,3,32
2016-08-13 16:00:00,-5.5,980.3,68.3,8,35
2016-08-13 17:00:00,-5.8,980.9,66.9,12,34
2016-08-13 18:00:00,-6.1,980.8,68.1,9,32
2016-08-13 19:00:00,-5.6,979.9,65.9,359,26
2016-08-13 20:00:00,-5.8,979.4,67.8,7,25
2016-08-13 21:00:00,-6,979.3,68,14,25
2016-08-13 22:00:00,-6.3,978.6,67,9,24
2016-08-13 23:00:00,-7.7,978.9,70.1,6,31
2016-08-14 00:00:00,-7.2,978.7,68.4,14,27
2016-08-14 01:00:00,-7.7,979.2,69.3,18,26
2016-08-14 02:00:00,-8.5,980.6,68.2,18,28
2016-08-14 03:00:00,-10.9,981.6,68.5,22,38
2016-08-14 04:00:00,-12.6,982.4,68.5,19,43
2016-08-14 05:00:00,-13.7,982.1,68.7,16,45
2016-08-14 06:00:00,-13.5,982.6,68.4,15,42
2016-08-14 07:00:00,-13.8,982.8,68.6,16,38
2016-08-14 08:00:00,-13.1,982.5,69.3,10,35
2016-08-14 09:00:00,-13.6,982.8,68.7,17,34
2016-08-14 10:00:00,-14.5,983.6,68.3,15,38
2016-08-14 11:00:00,-14.5,983.2,68.1,24,35
2016-08-14 12:00:00,-14.8,983.5,68.1,24,37
2016-08-14 13:00:00,-14.8,983.3,68.2,27,33
2016-08-14 14:00:00,-14.9,983.3,68.2,27,36
2016-08-14 15:00:00,-16.3,983.2,68.2,25,36
2016-08-14 16:00:00,-16.2,983.1,68.7,27,35
2016-08-14 17:00:00,-16.3,982.6,68.3,26,35
2016-08-14 18:00:00,-15.8,982.3,67.7,27,33
2016-08-14 19:00:00,-15.7,982.1,68.2,26,32
2016-08-14 20:00:00,-15.8,982.1,68.7,25,33
2016-08-14 21:00:00,-15.5,981.5,68.2,24,32
2016-08-14 22:00:00,-15.8,981.7,68.6,23,34
2016-08-14 23:00:00,-16,981.3,68.4,21,35
2016-08-15 00:00:00,-16,980.3,68.5,21,34
2016-08-15 01:00:00,-15.7,978.8,68.6,15,32
2016-08-15 02:00:00,-15.5,978.4,66.3,6,30
2016-08-15 03:00:00,-15.8,977.8,67.6,15,32
2016-08-15 04:00:00,-15.9,977.1,68,16,32
2016-08-15 05:00:00,-15.8,976.3,68.5,12,32
2016-08-15 06:00:00,-15.2,975,67.7,11,31
2016-08-15 07:00:00,-15.5,974.3,69.2,21,35
2016-08-15 08:00:00,-15.2,973.3,68.6,12,34
2016-08-15 09:00:00,-14.9,971.6,67.9,19,32
2016-08-15 10:00:00,-15,970.2,68,23,35
2016-08-15 11:00:00,-15,969.2,68.9,23,35
2016-08-15 12:00:00,-13.8,967.6,69,25,32
2016-08-15 13:00:00,-13,965.6,68.5,19,32
2016-08-15 14:00:00,-12.2,964.3,67.9,20,36
2016-08-15 15:00:00,-11.4,963.1,68.3,20,40
2016-08-15 16:00:00,-10.3,961.6,68.6,13,39
2016-08-15 17:00:00,-10.2,960.4,68.5,20,37
2016-08-15 18:00:00,-9.8,959.3,68.5,19,37
2016-08-15 19:00:00,-10.3,958.2,68.7,18,39
2016-08-15 20:00:00,-10.4,956.8,68.7,17,36
2016-08-15 21:00:00,-9.8,955.8,68.4,16,37
2016-08-15 22:00:00,-9.5,954.2,69.2,10,38
2016-08-15 23:00:00,-7.9,953.1,67.8,19,36
2016-08-16 00:00:00,-6.2,952,68.4,21,44
2016-08-16 01:00:00,-6.5,951.8,70,18,53
2016-08-16 02:00:00,-8.1,951.6,67.3,28,77
2016-08-16 03:00:00,-7.8,951.9,67.8,20,65
2016-08-16 04:00:00,-7.8,953.4,67.8,21,69
2016-08-16 05:00:00,-7.4,954.4,68.2,19,63
2016-08-16 06:00:00,-7.4,955.2,68.1,19,69
2016-08-16 07:00:00,-7.5,956.4,68.1,19,69
2016-08-16 08:00:00,-7.5,956.7,67.9,18,67
2016-08-16 09:00:00,-7.4,958,68.3,16,68
2016-08-16 10:00:00,-7.4,958.8,68.3,18,68
2016-08-16 11:00:00,-7.4,959.4,68.1,17,66
2016-08-16 12:00:00,-7.6,960.1,68,17,67
2016-08-16 13:00:00,-7.8,960.8,68,18,65
2016-08-16 14:00:00,-8.2,961.2,68.2,17,63
2016-08-16 15:00:00,-8.2,961.6,68.2,19,61
2016-08-16 16:00:00,-8.7,962.2,68.3,18,71
2016-08-16 17:00:00,-9.1,963,67.8,19,71
2016-08-16 18:00:00,-9,963.4,68.4,11,72
2016-08-16 19:00:00,-9.5,963.6,68.2,16,78
2016-08-16 20:00:00,-10,962.8,69,17,90
2016-08-16 21:00:00,-10.3,964,67.2,10,90
2016-08-16 22:00:00,-10.8,966.3,66.4,16,90
2016-08-16 23:00:00,-11,967.7,68.5,23,90
2016-08-17 00:00:00,-10.8,968.4,67.6,20,89
2016-08-17 01:00:00,-11.1,970.3,67.8,21,88
2016-08-17 02:00:00,-11.4,972,67.7,22,86
2016-08-17 03:00:00,-11.4,972.7,67.8,22,83
2016-08-17 04:00:00,-11.6,974.1,67.8,22,80
2016-08-17 05:00:00,-11.6,975.3,68,20,79
2016-08-17 06:00:00,-11.8,976.5,68,20,79
2016-08-17 07:00:00,-12,977.5,68.7,17,83
2016-08-17 08:00:00,-12.5,978.5,67.6,16,82
2016-08-17 09:00:00,-12.6,979.4,68.1,17,76
2016-08-17 10:00:00,-12.5,979.8,67.1,16,79
2016-08-17 11:00:00,-12.3,980.8,66.1,19,80
2016-08-17 12:00:00,-12.1,981.5,67.4,19,79
2016-08-17 13:00:00,-11.8,981.7,67.2,19,76
2016-08-17 14:00:00,-11.7,982.1,68.1,20,71
2016-08-17 15:00:00,-11.6,982.5,67.8,22,66
2016-08-17 16:00:00,-11.6,982.9,70.7,9,56
2016-08-17 17:00:00,-12,983.1,68.2,21,55
2016-08-17 18:00:00,-12.6,983.1,68.3,20,54
2016-08-17 19:00:00,-12.9,983.3,68,21,55
2016-08-17 20:00:00,-13.2,983.4,69.3,12,56
2016-08-17 21:00:00,-13.4,983.5,68.3,20,58
2016-08-17 22:00:00,-13.7,983.5,68.1,19,60
2016-08-17 23:00:00,-13.8,983.6,68.4,20,60
2016-08-18 00:00:00,-14,983.6,68.1,20,61
2016-08-18 01:00:00,-13.3,983.8,68.4,12,58
2016-08-18 02:00:00,-13.4,983.7,68.4,18,61
2016-08-18 03:00:00,-12.4,983.4,68.4,18,57
2016-08-18 04:00:00,-12.5,983.1,68.1,18,64
2016-08-18 05:00:00,-12.7,983,68.2,18,56
2016-08-18 06:00:00,-12.6,982.8,69.2,10,56
2016-08-18 07:00:00,-12.5,982.5,68.6,17,55
2016-08-18 08:00:00,-12.6,982.4,68.7,17,55
2016-08-18 09:00:00,-11.8,982.3,68.7,14,50
2016-08-18 10:00:00,-11.8,981.9,68.7,14,52
2016-08-18 11:00:00,-12,981.2,68.6,15,43
2016-08-18 12:00:00,-12.7,980.6,69.4,7,44
2016-08-18 13:00:00,-12.4,980.2,68.8,12,43
2016-08-18 14:00:00,-12.2,979.6,68.8,14,41
2016-08-18 15:00:00,-13.3,978.9,69,14,41
2016-08-18 16:00:00,-13.5,978.7,68.6,16,43
2016-08-18 17:00:00,-15.7,978.4,68.7,14,48
2016-08-18 18:00:00,-17.3,978.2,69.1,15,57
2016-08-18 19:00:00,-17.6,978.1,69,17,58
2016-08-18 20:00:00,-18,977.8,68.5,16,58
2016-08-18 21:00:00,-16.5,977.6,69,11,50
2016-08-18 22:00:00,-14.9,977.7,67.9,19,39
2016-08-18 23:00:00,-15.9,977.5,68.4,21,45
2016-08-19 00:00:00,-15.9,977.5,68.6,19,42
2016-08-19 01:00:00,-15.1,976.9,68.7,19,36
2016-08-19 02:00:00,-16.2,977.6,68.5,19,43
2016-08-19 03:00:00,-15.5,977.1,68.6,19,37
2016-08-19 04:00:00,-16.6,977,68.5,18,44
2016-08-19 05:00:00,-20.6,977.7,68.9,18,57
2016-08-19 06:00:00,-20.4,978.1,68.1,18,59
2016-08-19 07:00:00,-17.5,977.9,68.6,16,44
2016-08-19 08:00:00,-16.9,977.8,69.9,3,37
2016-08-19 09:00:00,-15.6,977.7,68.5,14,38
2016-08-19 10:00:00,-17.1,978.2,68.5,16,44
2016-08-19 11:00:00,-16.1,978.3,68.7,16,42
2016-08-19 12:00:00,-17.4,978.6,68.6,13,47
2016-08-19 13:00:00,-19.3,978.9,68.7,14,53
2016-08-19 14:00:00,-19.1,979.1,68.8,16,52
2016-08-19 15:00:00,-19.4,979,69.5,9,53
2016-08-19 16:00:00,-18.7,978.7,68.8,16,48
2016-08-19 17:00:00,-18.9,978.6,68.7,15,46
2016-08-19 18:00:00,-19.2,978.5,68.9,14,46
2016-08-19 19:00:00,-19.5,978.9,69.1,14,46
2016-08-19 20:00:00,-20.2,979.4,68.8,15,46
2016-08-19 21:00:00,-20.4,979.8,68.4,17,49
2016-08-19 22:00:00,-18.5,979.9,68.6,16,39
2016-08-19 23:00:00,-17.3,979.4,68.8,18,36
2016-08-20 00:00:00,-17.3,979.4,68.4,19,36
2016-08-20 01:00:00,-16.5,979.8,68.7,20,35
2016-08-20 02:00:00,-17.4,979.6,68.9,20,36
2016-08-20 03:00:00,-19.9,979.2,69.4,11,46
2016-08-20 04:00:00,-21.9,980.5,68.9,17,45
2016-08-20 05:00:00,-18.3,980.3,68.7,17,38
2016-08-20 06:00:00,-17.3,979.9,69.3,10,33
2016-08-20 07:00:00,-16.6,979.9,68.7,18,32
2016-08-20 08:00:00,-16.8,980.5,68.9,18,36
2016-08-20 09:00:00,-16.7,980.4,68.7,14,35
2016-08-20 10:00:00,-17.3,980.4,68.9,15,36
2016-08-20 11:00:00,-16.4,979.7,68.5,18,31
2016-08-20 12:00:00,-15.8,980,68.9,17,32
2016-08-20 13:00:00,-16.4,979.8,68.7,16,36
2016-08-20 14:00:00,-16.7,979.6,68.7,17,36
2016-08-20 15:00:00,-17.2,979.2,68.9,16,37
2016-08-20 16:00:00,-17.3,979.1,68.8,17,36
2016-08-20 17:00:00,-17,978.7,68.9,19,35
2016-08-20 18:00:00,-16.6,978.1,68.7,18,35
2016-08-20 19:00:00,-16.6,977.8,69.1,21,37
2016-08-20 20:00:00,-16.6,977.2,68.7,20,37
2016-08-20 21:00:00,-16.5,976.8,68.5,21,37
2016-08-20 22:00:00,-15.8,976.3,68.5,22,35
2016-08-20 23:00:00,-16,976.1,68.4,24,44
2016-08-21 00:00:00,-15.7,975.7,68.3,26,41
2016-08-21 01:00:00,-15.7,975,68.9,26,38
2016-08-21 02:00:00,-15.1,974.2,68.6,25,35
2016-08-21 03:00:00,-14.8,973.6,68.9,16,36
2016-08-21 04:00:00,-14.4,972.7,68.2,26,34
2016-08-21 05:00:00,-14.2,972.3,67.8,26,34
2016-08-21 06:00:00,-14.4,972.4,68.3,28,36
2016-08-21 07:00:00,-14.2,971.9,68.4,28,36
2016-08-21 08:00:00,-13.6,971.6,68.1,27,36
2016-08-21 09:00:00,-13.5,970.8,68.3,27,36
2016-08-21 10:00:00,-12.5,969.8,68.1,27,32
2016-08-21 11:00:00,-12.6,969.2,67.9,28,35
2016-08-21 12:00:00,-12.5,968.5,67.8,27,35
2016-08-21 13:00:00,-12.7,968.1,67.9,28,36
2016-08-21 14:00:00,-13.2,967.5,67.8,26,37
2016-08-21 15:00:00,-14.3,967.5,67.7,19,48
2016-08-21 16:00:00,-14.6,967.1,68.2,26,48
2016-08-21 17:00:00,-14.1,967.2,68,28,41
2016-08-21 18:00:00,-14.7,966.5,67.8,28,46
2016-08-21 19:00:00,-14.2,965.8,68,27,43
2016-08-21 20:00:00,-13.9,965.2,67.9,27,40
2016-08-21 21:00:00,-14,964.4,68,27,42
2016-08-21 22:00:00,-13.7,964,68.1,27,37
2016-08-21 23:00:00,-13.4,963.4,67.8,28,37
2016-08-22 00:00:00,-13.1,962.9,67.6,18,35
2016-08-22 01:00:00,-13.2,962.1,67.9,27,37
2016-08-22 02:00:00,-12.8,960.9,67.9,26,36
2016-08-22 03:00:00,-13,960.4,68.1,27,37
2016-08-22 04:00:00,-12.9,960.3,67.8,25,38
2016-08-22 05:00:00,-12.7,959.9,68,25,39
2016-08-22 06:00:00,-12.5,959.3,68.9,18,40
2016-08-22 07:00:00,-12.4,958.7,68.2,26,41
2016-08-22 08:00:00,-12,958,67.7,28,40
2016-08-22 09:00:00,-11.7,957.4,67.9,27,39
2016-08-22 10:00:00,-11.9,956.8,67.8,28,42
2016-08-22 11:00:00,-11.3,956.5,67.8,29,40
2016-08-22 12:00:00,-11.2,955.3,67.7,26,39
2016-08-22 13:00:00,-11.3,955.3,67.6,28,39
2016-08-22 14:00:00,-11.8,955.2,68,29,42
2016-08-22 15:00:00,-11.8,955.1,68.2,29,40
2016-08-22 16:00:00,-12,954.9,67.8,30,40
2016-08-22 17:00:00,-11.9,954.2,67.8,27,39
2016-08-22 18:00:00,-11.4,954.4,67.6,28,39
2016-08-22 19:00:00,-10.7,953.6,67.5,27,40
2016-08-22 20:00:00,-10.3,952.5,68.4,21,40
2016-08-22 21:00:00,-9.8,952.4,67.9,28,38
2016-08-22 22:00:00,-9.8,952.6,68,28,41
2016-08-22 23:00:00,-10,952.7,67.7,30,44
2016-08-23 00:00:00,-10.7,952.8,67.8,29,48
2016-08-23 01:00:00,-10.8,952.5,68,28,49
2016-08-23 02:00:00,-10.7,953.7,67.9,26,47
2016-08-23 03:00:00,-10.9,954.2,68.2,26,51
2016-08-23 04:00:00,-11.1,954.3,68.1,25,54
2016-08-23 05:00:00,-11.4,954.6,67.8,25,57
2016-08-23 06:00:00,-11.6,955.1,67.7,27,59
2016-08-23 07:00:00,-11.6,955.3,67.7,26,57
2016-08-23 08:00:00,-11.5,955.9,68,28,56
2016-08-23 09:00:00,-11.5,956.7,67.8,27,57
2016-08-23 10:00:00,-11.6,957.3,67.5,19,58
2016-08-23 11:00:00,-11.1,956.9,67.6,28,49
2016-08-23 12:00:00,-10.7,957.2,69.4,35,47
2016-08-23 13:00:00,-10.5,956.7,67.8,27,46
2016-08-23 14:00:00,-10.5,956.1,67.7,23,43
2016-08-23 15:00:00,-10.5,956.4,67.8,25,41
2016-08-23 16:00:00,-10.3,956.7,68.8,25,39
2016-08-23 17:00:00,-10.1,956.7,67.3,24,40
2016-08-23 18:00:00,-9.5,957.1,68.5,26,36
2016-08-23 19:00:00,-9.4,956.8,68.8,21,36
2016-08-23 20:00:00,-8.8,956.3,68,26,34
2016-08-23 21:00:00,-9.2,956.1,68.5,28,37
2016-08-23 22:00:00,-9,955.5,68.1,25,37
2016-08-23 23:00:00,-9.2,956.1,67.7,24,38
2016-08-24 00:00:00,-9.4,955.9,67.5,24,40
2016-08-24 01:00:00,-9.5,955.8,68.8,11,39
2016-08-24 02:00:00,-9.3,955.7,68.6,25,40
2016-08-24 03:00:00,-9.4,956.5,68.6,23,40
2016-08-24 04:00:00,-9.3,957.2,68.1,27,40
2016-08-24 05:00:00,-9.2,957.9,68.2,27,37
2016-08-24 06:00:00,-9,958.5,67.7,25,37
2016-08-24 07:00:00,-8.7,958.5,67.9,23,35
2016-08-24 08:00:00,-8.7,959,68.2,25,36
2016-08-24 09:00:00,-8.4,958.6,68.2,25,35
2016-08-24 10:00:00,-7.9,959,67.7,27,34
2016-08-24 11:00:00,-7.9,959,67.9,27,36
2016-08-24 12:00:00,-8.1,959,67.7,26,35
2016-08-24 13:00:00,-8.1,958.9,69,18,36
2016-08-24 14:00:00,-8.1,958.6,67.9,27,37
2016-08-24 15:00:00,-8.1,958.8,67.9,24,37
2016-08-24 16:00:00,-8.3,960.6,68.1,26,38
2016-08-24 17:00:00,-8.8,961.1,67.9,25,42
2016-08-24 18:00:00,-9.2,961.3,68.2,24,47
2016-08-24 19:00:00,-10,961.3,68.3,28,56
2016-08-24 20:00:00,-10.2,962.2,68.1,25,59
2016-08-24 21:00:00,-10.8,962.6,68.8,17,66
2016-08-24 22:00:00,-10.9,962.6,67.8,23,65
2016-08-24 23:00:00,-10.8,962.8,67.8,22,69
2016-08-25 00:00:00,-10.8,962.6,67.9,23,67
2016-08-25 01:00:00,-10.8,962.7,67.8,21,69
2016-08-25 02:00:00,-10.5,962.8,67.9,20,67
2016-08-25 03:00:00,-10.6,962.9,67.6,20,59
2016-08-25 04:00:00,-10.5,962.8,68.1,21,54
2016-08-25 05:00:00,-10.1,962.4,68.3,21,51
2016-08-25 06:00:00,-10,962,68,21,41
2016-08-25 07:00:00,-10.9,961.6,68.1,20,52
2016-08-25 08:00:00,-10.7,961.1,69.1,13,51
2016-08-25 09:00:00,-10.6,960.4,68,19,48
2016-08-25 10:00:00,-10.5,959.8,68.2,21,47
2016-08-25 11:00:00,-10.7,959.3,68.3,22,45
2016-08-25 12:00:00,-11.3,958.7,68.1,21,47
2016-08-25 13:00:00,-11.9,958.6,68.1,22,50
2016-08-25 14:00:00,-12.1,958.3,68.4,22,46
2016-08-25 15:00:00,-13.4,957.9,68.1,19,44
2016-08-25 16:00:00,-13.7,957.9,68.4,18,45
2016-08-25 17:00:00,-14.4,957.9,68.3,17,47
2016-08-25 18:00:00,-14.7,957.7,68.8,19,45
2016-08-25 19:00:00,-15.2,957.4,68.2,17,45
2016-08-25 20:00:00,-17,957.2,68.6,17,55
2016-08-25 21:00:00,-18,957.9,68.6,16,58
2016-08-25 22:00:00,-17.7,958.1,68.6,15,55
2016-08-25 23:00:00,-17.9,958.5,68.5,16,52
2016-08-26 00:00:00,-15.7,959,68.9,17,40
2016-08-26 01:00:00,-16,959.6,69.4,9,38
2016-08-26 02:00:00,-15.4,959.5,69.5,9,32
2016-08-26 03:00:00,-15.8,960.1,68.7,16,36
2016-08-26 04:00:00,-17.7,960.5,68.8,16,43
2016-08-26 05:00:00,-16.5,960.6,69,17,38
2016-08-26 06:00:00,-18.3,960.8,68.7,15,48
2016-08-26 07:00:00,-17,960.9,69.4,9,41
2016-08-26 08:00:00,-18.1,961.2,68.9,16,47
2016-08-26 09:00:00,-17.6,961.5,69,13,46
2016-08-26 10:00:00,-16.8,961.9,68.1,10,38
2016-08-26 11:00:00,-15.2,962.5,69.8,14,36
2016-08-26 12:00:00,-15.7,962.9,68.4,20,39
2016-08-26 13:00:00,-14.6,962.8,68.9,16,36
2016-08-26 14:00:00,-16.5,963,68.7,18,40
2016-08-26 15:00:00,-18.1,963.2,68.5,18,46
2016-08-26 16:00:00,-19.4,963.3,69,18,49
2016-08-26 17:00:00,-19.2,963.1,68.7,19,47
2016-08-26 18:00:00,-19.4,962.9,69.3,12,47
2016-08-26 19:00:00,-19.1,963,68.5,19,46
2016-08-26 20:00:00,-21,962.9,68.6,19,50
2016-08-26 21:00:00,-22.1,962.8,68.5,20,56
2016-08-26 22:00:00,-21.9,962.7,68.6,19,55
2016-08-26 23:00:00,-22.7,962.7,68.6,21,59
2016-08-27 00:00:00,-22.3,962.6,68.3,21,57
2016-08-27 01:00:00,-21.9,962.5,68.4,21,54
2016-08-27 02:00:00,-22.8,962.5,68.5,21,55
2016-08-27 03:00:00,-23.1,962.4,69.2,13,59
2016-08-27 04:00:00,-24,962.5,68.4,22,58
2016-08-27 05:00:00,-23.6,962.5,68.6,21,61
2016-08-27 06:00:00,-23.4,962.6,68.4,23,58
2016-08-27 07:00:00,-23,962.9,68.3,23,61
2016-08-27 08:00:00,-20.9,963,68.1,22,57
2016-08-27 09:00:00,-21.8,963.2,68.2,24,53
2016-08-27 10:00:00,-21.8,963.6,67.9,25,52
2016-08-27 11:00:00,-20.6,963.8,67.8,28,49
2016-08-27 12:00:00,-20.6,964.1,67.9,28,52
2016-08-27 13:00:00,-20.6,964.7,68.6,19,47
2016-08-27 14:00:00,-21.3,964.6,67.7,28,51
2016-08-27 15:00:00,-21,965.2,67.9,27,53
2016-08-27 16:00:00,-22,965.2,68.9,17,58
2016-08-27 17:00:00,-22,966.6,68.4,25,75
2016-08-27 18:00:00,-21.2,966.4,67.9,25,64
2016-08-27 19:00:00,-21.1,966.7,68,25,71
2016-08-27 20:00:00,-20.6,966.5,68.2,22,77
2016-08-27 21:00:00,-18.5,966,68.2,22,51
2016-08-27 22:00:00,-17.2,965.6,68.3,21,42
2016-08-27 23:00:00,-17.7,965.8,68.3,20,44
2016-08-28 00:00:00,-17.7,965.3,68.5,21,43
2016-08-28 01:00:00,-17.3,965.2,68.5,19,38
2016-08-28 02:00:00,-17.7,964.6,68.4,20,41
2016-08-28 03:00:00,-17.4,964.2,69.2,12,37
2016-08-28 04:00:00,-17.9,964.2,68.5,20,42
2016-08-28 05:00:00,-16.6,963.2,68.6,18,36
2016-08-28 06:00:00,-16.5,963.8,68.5,20,36
2016-08-28 07:00:00,-17.6,963.9,69.3,9,40
2016-08-28 08:00:00,-17.5,963.3,68.6,18,41
2016-08-28 09:00:00,-16.1,963,68.6,17,35
2016-08-28 10:00:00,-15.2,962.5,68.1,23,33
2016-08-28 11:00:00,-14.6,962.2,68.1,25,33
2016-08-28 12:00:00,-14.1,961.5,67.9,25,31
2016-08-28 13:00:00,-14.1,960.8,68.1,23,33
2016-08-28 14:00:00,-13.2,960.8,69.3,13,30
2016-08-28 15:00:00,-13.3,960.2,68.4,22,30
2016-08-28 16:00:00,-14.1,959.7,68.3,21,32
2016-08-28 17:00:00,-13.7,959.7,68.5,20,33
2016-08-28 18:00:00,-12.8,959.1,68.3,20,33
2016-08-28 19:00:00,-12,958.9,69.2,13,36
2016-08-28 20:00:00,-12.5,959.4,68.3,21,41
2016-08-28 21:00:00,-12.2,959.8,68.2,20,43
2016-08-28 22:00:00,-11.3,960.5,68.5,19,44
2016-08-28 23:00:00,-11.4,961.3,68.3,19,44
2016-08-29 00:00:00,-10.3,961.8,68.3,19,42
2016-08-29 01:00:00,-10.6,962.4,68.5,19,45
2016-08-29 02:00:00,-10.7,962.9,68.1,18,49
2016-08-29 03:00:00,-10.8,964,68.4,19,51
2016-08-29 04:00:00,-11.1,964.2,68.4,18,53
2016-08-29 05:00:00,-11.1,964.9,68.3,19,56
2016-08-29 06:00:00,-10.8,965.4,68.1,21,53
2016-08-29 07:00:00,-11,965.9,68.3,19,60
2016-08-29 08:00:00,-10.7,966.4,68.3,20,52
2016-08-29 09:00:00,-10.3,967,68.2,19,54
2016-08-29 10:00:00,-10.3,967.6,67.4,20,56
2016-08-29 11:00:00,-10,967.6,68.1,22,51
2016-08-29 12:00:00,-10,967.8,68.9,12,54
2016-08-29 13:00:00,-10.1,968.1,69.3,11,57
2016-08-29 14:00:00,-10.1,967.8,68.2,17,61
2016-08-29 15:00:00,-10.1,967.9,68.3,18,59
2016-08-29 16:00:00,-10.5,968.1,68.4,16,60
2016-08-29 17:00:00,-12.1,968.3,68.3,16,69
2016-08-29 18:00:00,-12.5,968.6,69.3,9,65
2016-08-29 19:00:00,-11.8,968.4,69.2,10,59
2016-08-29 20:00:00,-11.8,968.6,68.4,17,59
2016-08-29 21:00:00,-11,968.5,69.3,11,53
2016-08-29 22:00:00,-11.4,968.6,68.3,18,53
2016-08-29 23:00:00,-11.7,968.4,69.1,12,51
2016-08-30 00:00:00,-11.8,968.3,68.2,20,44
2016-08-30 01:00:00,-11.8,968.1,68.2,20,44
2016-08-30 02:00:00,-12.1,967.7,68.2,19,46
2016-08-30 03:00:00,-12,967.5,68.2,18,48
2016-08-30 04:00:00,-12.3,966.5,68.2,18,47
2016-08-30 05:00:00,-12.9,966.4,68.3,19,48
2016-08-30 06:00:00,-13.3,966.3,68.4,17,44
2016-08-30 07:00:00,-13.3,966.1,68.6,17,44
2016-08-30 08:00:00,-12.9,965.5,68.4,17,41
2016-08-30 09:00:00,-11.6,965.3,68.5,16,38
2016-08-30 10:00:00,-11.9,965,69.3,8,39
2016-08-30 11:00:00,-11.5,964.3,68.3,15,39
2016-08-30 12:00:00,-11.7,963.6,68.9,11,38
2016-08-30 13:00:00,-11.4,963,69,10,40
2016-08-30 14:00:00,-11.9,962.1,68.7,12,39
2016-08-30 15:00:00,-12.4,961.4,68.7,13,40
2016-08-30 16:00:00,-11.7,961.1,68.9,13,37
2016-08-30 17:00:00,-11.6,961,68.9,13,39
2016-08-30 18:00:00,-10.9,960.4,68.5,15,34
2016-08-30 19:00:00,-11.1,959.8,68.4,15,37
2016-08-30 20:00:00,-10.8,959,68.5,16,32
2016-08-30 21:00:00,-11.9,958,68.3,16,37
2016-08-30 22:00:00,-12.2,956.9,68.4,18,36
2016-08-30 23:00:00,-12.5,956.7,68.3,21,36
2016-08-31 00:00:00,-12.8,955.7,68.4,19,37
2016-08-31 01:00:00,-12.4,955.1,69,19,37
2016-08-31 02:00:00,-12.6,954.7,68.9,19,38
2016-08-31 03:00:00,-12.4,954.4,68.6,21,37
2016-08-31 04:00:00,-11,954.1,68.3,22,37
2016-08-31 05:00:00,-10.8,953.9,68.5,21,42
2016-08-31 06:00:00,-10.3,953.7,69.1,12,41
2016-08-31 07:00:00,-10.1,954,68.8,20,46
2016-08-31 08:00:00,-10.4,954.4,68.3,20,54
2016-08-31 09:00:00,-10,954.7,68.4,17,57
2016-08-31 10:00:00,-9.9,954.8,69.2,11,60
2016-08-31 11:00:00,-9.8,955.1,68,19,58
2016-08-31 12:00:00,-9.5,955.3,68.2,16,66
2016-08-31 13:00:00,-10.3,955.3,68,18,72
2016-08-31 14:00:00,-10.2,955.2,67.9,19,76
2016-08-31 15:00:00,-10.4,955.6,67.7,3,74
2016-08-31 16:00:00,-10.5,955.9,68.4,15,72
2016-08-31 17:00:00,-10.7,956.1,68.3,15,74
2016-08-31 18:00:00,-11,956.4,68.7,16,73
2016-08-31 19:00:00,-11.2,956.5,68.5,15,70
2016-08-31 20:00:00,-10.2,956.6,68.2,15,66
2016-08-31 21:00:00,-10.4,957,68.3,15,64
2016-08-31 22:00:00,-10.6,957,68.2,17,63
2016-08-31 23:00:00,-10.2,957.1,68.1,17,57
2016-09-01 00:00:00,-10,957.4,69.2,10,53
2016-09-01 01:00:00,-10.1,957.7,68.2,17,51
2016-09-01 02:00:00,-10.1,957.9,68.2,18,49
2016-09-01 03:00:00,-10.5,957.7,68.2,17,49
2016-09-01 04:00:00,-10.7,958.1,68.3,17,49
2016-09-01 05:00:00,-10.9,958.5,68.1,17,47
2016-09-01 06:00:00,-11.2,958.7,68.1,19,46
2016-09-01 07:00:00,-11.2,959.3,68.2,18,44
2016-09-01 08:00:00,-11.2,959.4,68.4,18,41
2016-09-01 09:00:00,-11,959.6,68.3,17,41
2016-09-01 10:00:00,-11.1,960.3,68.4,15,50
2016-09-01 11:00:00,-10.9,960.6,68.3,18,34
2016-09-01 12:00:00,-11.5,961,69,12,37
2016-09-01 13:00:00,-11.8,960.6,68.9,11,37
2016-09-01 14:00:00,-11.9,960.3,69.2,10,35
2016-09-01 15:00:00,-12.2,959.9,69.1,8,38
2016-09-01 16:00:00,-12.8,960.8,68.8,15,35
2016-09-01 17:00:00,-13.6,960.7,68.7,14,41
2016-09-01 18:00:00,-14.1,960.6,68.6,15,51
2016-09-01 19:00:00,-14,960.6,68.4,15,44
2016-09-01 20:00:00,-14.2,960,68.6,14,44
2016-09-01 21:00:00,-14.3,959.9,68.6,15,44
2016-09-01 22:00:00,-14.7,959.7,68.6,17,39
2016-09-01 23:00:00,-14.9,959.4,68.3,17,36
2016-09-02 00:00:00,-15.5,959.1,68.6,18,41
2016-09-02 01:00:00,-16.2,958.7,68.7,18,41
2016-09-02 02:00:00,-16.4,958.1,68.5,17,38
2016-09-02 03:00:00,-16.6,957.3,69.2,10,42
2016-09-02 04:00:00,-16.4,956.9,68.4,18,38
2016-09-02 05:00:00,-16.4,957,68.5,17,38
2016-09-02 06:00:00,-17,956.7,68.5,17,42
2016-09-02 07:00:00,-16.7,956.1,68.4,18,40
2016-09-02 08:00:00,-16.5,956,68.3,19,37
2016-09-02 09:00:00,-16.3,955.3,68.7,18,43
2016-09-02 10:00:00,-15.5,955.1,68.5,20,38
2016-09-02 11:00:00,-15.4,954.4,68.4,20,40
2016-09-02 12:00:00,-16.3,954,69.2,11,48
2016-09-02 13:00:00,-17,953.6,68.4,18,49
2016-09-02 14:00:00,-17.2,953,69.3,11,54
2016-09-02 15:00:00,-17.5,952.9,68.8,16,55
2016-09-02 16:00:00,-16.9,953.1,68.6,18,50
2016-09-02 17:00:00,-17.4,953.1,68.7,18,48
2016-09-02 18:00:00,-18.1,952.9,68.6,16,51
2016-09-02 19:00:00,-18.3,952.6,68.5,21,51
2016-09-02 20:00:00,-19.8,952.9,68.5,20,70
2016-09-02 21:00:00,-19.1,952.8,68.5,20,67
2016-09-02 22:00:00,-19.6,952.2,68.3,19,54
2016-09-02 23:00:00,-19.9,951.9,68.3,21,69
2016-09-03 00:00:00,-20.1,951.1,68.4,24,52
2016-09-03 01:00:00,-19.4,950.5,68.2,23,47
2016-09-03 02:00:00,-19.1,949.6,68.5,22,43
2016-09-03 03:00:00,-19.2,949,68.2,23,46
2016-09-03 04:00:00,-19.2,948.5,68.2,23,45
2016-09-03 05:00:00,-19.1,948.4,68.5,21,43
2016-09-03 06:00:00,-19.3,947.9,68.5,21,46
2016-09-03 07:00:00,-19.5,947.5,68.2,21,45
2016-09-03 08:00:00,-18.4,946.8,68.5,19,41
2016-09-03 09:00:00,-17.9,946.2,68.4,18,44
2016-09-03 10:00:00,-17.3,945.7,68.4,16,42
2016-09-03 11:00:00,-17.3,945.3,68.4,18,46
2016-09-03 12:00:00,-17.3,945,68.9,13,49
2016-09-03 13:00:00,-17.1,944.6,69.5,5,48
2016-09-03 14:00:00,-17.3,944.5,68.7,14,44
2016-09-03 15:00:00,-17.8,944.3,68.7,14,43
2016-09-03 16:00:00,-18.2,944.3,68.9,14,41
2016-09-03 17:00:00,-17.9,944.7,69.5,7,45
2016-09-03 18:00:00,-19.9,945.4,69,15,52
2016-09-03 19:00:00,-20.7,946.1,68.9,17,46
2016-09-03 20:00:00,-20.9,947.3,69.4,9,44
2016-09-03 21:00:00,-21.9,948.2,68.8,17,51
2016-09-03 22:00:00,-22.3,948.9,69,17,50
2016-09-03 23:00:00,-22.6,949.1,69,19,50
2016-09-04 00:00:00,-22.4,949.4,68.7,18,55
2016-09-04 01:00:00,-22.5,949.6,68.7,21,56
2016-09-04 02:00:00,-22.2,950.5,68.5,20,53
2016-09-04 03:00:00,-22.7,951,68.9,19,48
2016-09-04 04:00:00,-23.5,951.8,68.9,21,51
2016-09-04 05:00:00,-24.4,953.1,68.7,19,54
2016-09-04 06:00:00,-24.9,953.5,68.8,19,55
2016-09-04 07:00:00,-25.1,954.1,68.9,20,51
2016-09-04 08:00:00,-24.4,954.7,68.4,18,48
2016-09-04 09:00:00,-22.5,955.7,68.7,15,42
2016-09-04 10:00:00,-23.2,956.3,69.2,11,41
2016-09-04 11:00:00,-22.1,956.9,68.8,21,35
2016-09-04 12:00:00,-23.1,957.6,68.5,19,35
2016-09-04 13:00:00,-22.2,957.9,68.7,20,36
2016-09-04 14:00:00,-22.4,958.1,68.3,21,36
2016-09-04 15:00:00,-23.7,958.7,68.5,20,36
2016-09-04 16:00:00,-24.3,959.2,68.8,22,38
2016-09-04 17:00:00,-24.8,959.5,68.9,21,41
2016-09-04 18:00:00,-24.7,959.7,68.9,22,39
2016-09-04 19:00:00,-24.9,960,68.7,24,38
2016-09-04 20:00:00,-25,960.1,68.8,24,40
2016-09-04 21:00:00,-25.6,959.9,68.7,24,37
2016-09-04 22:00:00,-25.2,960.1,68.5,24,38
2016-09-04 23:00:00,-25.1,960.6,68.7,25,35
2016-09-05 00:00:00,-25.5,960.7,68.4,25,34
2016-09-05 01:00:00,-25.9,960.9,68.3,27,35
2016-09-05 02:00:00,-25.2,960.9,68.8,27,35
2016-09-05 03:00:00,-27,960.7,69,17,39
2016-09-05 04:00:00,-25.7,960.7,68.8,25,34
2016-09-05 05:00:00,-25.8,960.9,68.6,25,35
2016-09-05 06:00:00,-25.9,961.3,68.5,25,33
2016-09-05 07:00:00,-25.8,961.3,68.4,25,35
2016-09-05 08:00:00,-25.2,961.1,68.4,23,33
2016-09-05 09:00:00,-24.3,961.4,68.6,22,31
2016-09-05 10:00:00,-24.3,961.6,69.1,15,32
2016-09-05 11:00:00,-23.3,961.8,68.3,26,33
2016-09-05 12:00:00,-23.1,961.6,69,16,34
2016-09-05 13:00:00,-22.9,961.6,67.9,27,33
2016-09-05 14:00:00,-23.1,961.6,68.2,27,34
2016-09-05 15:00:00,-23.4,961.9,67.9,30,33
2016-09-05 16:00:00,-23.8,961.6,68.1,28,37
2016-09-05 17:00:00,-24.6,961.5,68.3,29,35
2016-09-05 18:00:00,-24.6,961.8,68.7,19,34
2016-09-05 19:00:00,-24.9,961.4,68.2,28,36
2016-09-05 20:00:00,-25.6,961.3,68.5,26,33
2016-09-05 21:00:00,-24.7,961,69.6,10,33
2016-09-05 22:00:00,-24.7,961,68.5,26,32
2016-09-05 23:00:00,-24.7,960.6,68.4,23,34
2016-09-06 00:00:00,-25,960.5,68.9,24,33
2016-09-06 01:00:00,-24.6,960.3,68.8,23,32
2016-09-06 02:00:00,-24.8,960.1,68.8,22,32
2016-09-06 03:00:00,-24.6,959.6,68.8,22,33
2016-09-06 04:00:00,-24.8,959.8,69.3,13,33
2016-09-06 05:00:00,-24.7,959.6,68.5,21,35
2016-09-06 06:00:00,-24.6,958.7,69,21,32
2016-09-06 07:00:00,-24.3,958.9,69,20,32
2016-09-06 08:00:00,-23.5,958.7,69.3,13,32
2016-09-06 09:00:00,-22.8,959.1,69.5,12,33
2016-09-06 10:00:00,-21.7,958.9,68.1,23,31
2016-09-06 11:00:00,-21,958.5,68.2,27,31
2016-09-06 12:00:00,-20.8,958.5,68.5,27,32
2016-09-06 13:00:00,-20.8,958.6,68.3,17,34
2016-09-06 14:00:00,-21,958.7,69,18,39
2016-09-06 15:00:00,-21.3,958.8,68.1,26,40
2016-09-06 16:00:00,-21.3,958.8,68.6,28,37
2016-09-06 17:00:00,-21.1,958.9,67.9,20,36
2016-09-06 18:00:00,-21.2,959,68.4,30,37
2016-09-06 19:00:00,-21.4,959.2,68.2,29,36
2016-09-06 20:00:00,-20.8,959.1,68.5,28,35
2016-09-06 21:00:00,-21.7,959.2,68.5,27,38
2016-09-06 22:00:00,-20.6,959.1,68.3,25,35
2016-09-06 23:00:00,-20.2,959.2,69,17,35
2016-09-07 00:00:00,-20.1,959.5,68.4,24,35
2016-09-07 01:00:00,-20.1,959.9,69.4,14,36
2016-09-07 02:00:00,-20,960.2,68.7,21,35
2016-09-07 03:00:00,-20.1,960,68.6,20,35
2016-09-07 04:00:00,-20.1,959.9,69.4,14,36
2016-09-07 05:00:00,-20.2,959.6,69,20,38
2016-09-07 06:00:00,-20.2,960,69,20,38
2016-09-07 07:00:00,-19.6,960,69.1,17,36
2016-09-07 08:00:00,-18.8,960.3,68.9,17,35
2016-09-07 09:00:00,-18.1,960.2,69.7,10,34
2016-09-07 10:00:00,-18,960.3,68.8,21,33
2016-09-07 11:00:00,-17.7,960.4,68.5,25,33
2016-09-07 12:00:00,-17.4,960,68.2,26,32
2016-09-07 13:00:00,-17,959.6,68.2,24,32
2016-09-07 14:00:00,-17.6,959.5,68.3,25,33
2016-09-07 15:00:00,-18.7,959.3,68.4,23,33
2016-09-07 16:00:00,-19.8,958.8,68.6,21,35
2016-09-07 17:00:00,-20.3,958.6,68.9,23,35
2016-09-07 18:00:00,-21.1,958.1,69,22,34
2016-09-07 19:00:00,-21.8,958.4,68.5,23,42
2016-09-07 20:00:00,-22.6,958.6,68.1,26,41
2016-09-07 21:00:00,-21.9,958.1,68.6,24,36
2016-09-07 22:00:00,-22.3,957.9,68.7,22,35
2016-09-07 23:00:00,-23.9,957.1,68.8,23,40
2016-09-08 00:00:00,-25.7,956.9,68.7,23,48
2016-09-08 01:00:00,-25.9,956,68.9,23,49
2016-09-08 02:00:00,-25.9,955.2,68.4,15,49
2016-09-08 03:00:00,-24.9,954.4,68.7,23,38
2016-09-08 04:00:00,-25.9,953.8,68.9,23,43
2016-09-08 05:00:00,-26.3,953,68.4,15,45
2016-09-08 06:00:00,-27.2,952.5,68.4,15,48
2016-09-08 07:00:00,-26.7,952,68.6,21,46
2016-09-08 08:00:00,-26.4,951.5,68.8,20,47
2016-09-08 09:00:00,-24.5,950.7,68.8,19,42
2016-09-08 10:00:00,-25.5,950.3,68.6,23,46
2016-09-08 11:00:00,-23.7,949.1,68.4,24,45
2016-09-08 12:00:00,-23.9,948.8,68.2,26,44
2016-09-08 13:00:00,-23,948,68.5,23,43
2016-09-08 14:00:00,-22.4,947.5,68.4,24,44
2016-09-08 15:00:00,-23.5,947,15.6,202,44
2016-09-08 16:00:00,-21.8,946.6,15.1,235,38
2016-09-08 17:00:00,-24.9,946.2,14,160,47
2016-09-08 18:00:00,-20.5,945.3,17.4,1,31
2016-09-08 19:00:00,-21.1,945.5,16.6,353,33
2016-09-08 20:00:00,-20.1,945.3,8.4,5,30
2016-09-08 21:00:00,-21.2,945,6,102,31
2016-09-08 22:00:00,-20.4,945.1,7.5,354,30
2016-09-08 23:00:00,-18.8,944.9,18.7,354,27
2016-09-09 00:00:00,-17.7,944.9,8.1,65,25
2016-09-09 01:00:00,-21,944.9,18.3,355,34
2016-09-09 02:00:00,-22.2,944.7,20.8,354,34
2016-09-09 03:00:00,-22.8,944.5,23.1,357,35
2016-09-09 04:00:00,-22.3,944.8,20.6,356,35
2016-09-09 05:00:00,-20.8,945,18.5,354,28
2016-09-09 06:00:00,-21.4,945.6,19.1,351,31
2016-09-09 07:00:00,-20.4,946.4,20,354,29
2016-09-09 08:00:00,-19.8,946.1,17.1,347,31
2016-09-09 09:00:00,-19.8,946.7,22.9,354,32
2016-09-09 10:00:00,-17.8,947.4,19.7,348,34
2016-09-09 11:00:00,-19.4,947.2,8.5,260,33
2016-09-09 12:00:00,-20.5,948,12.4,188,36
2016-09-09 13:00:00,-23.1,947.5,4.1,217,36
2016-09-09 14:00:00,-22.4,946.9,5.9,84,40
2016-09-09 15:00:00,-22.1,946.2,14,342,40
2016-09-09 16:00:00,-22.2,946.5,75.4,52,39
2016-09-09 17:00:00,41.6,946.7,69.8,50,100
2016-09-09 18:00:00,-17.8,946.8,75.4,52,37
2016-09-09 19:00:00,-18.4,947.7,75.5,52,40
2016-09-09 20:00:00,-18.6,948.5,75.5,52,45
2016-09-09 21:00:00,-18.5,949,75.5,52,43
2016-09-09 22:00:00,-18.3,949.4,75.5,52,41
2016-09-09 23:00:00,-18.1,949.9,75.5,52,41
2016-09-10 00:00:00,-18.3,951.3,74.4,50,43
2016-09-10 01:00:00,-17.7,952.1,74.4,50,34
2016-09-10 02:00:00,-18,953.2,75.5,52,37
2016-09-10 03:00:00,-17.8,954.2,75.4,52,36
2016-09-10 04:00:00,-18,954.9,75.4,52,37
2016-09-10 05:00:00,-18.3,956.1,75.4,52,39
2016-09-10 06:00:00,-18.9,956.6,75.5,52,42
2016-09-10 07:00:00,-19.1,957.7,75.5,52,42
2016-09-10 08:00:00,-19.1,958.5,75.3,52,41
2016-09-10 09:00:00,-17.5,959.1,74.4,50,35
2016-09-10 10:00:00,-17.7,959.4,74.5,50,34
2016-09-10 11:00:00,-17.6,959.4,75.5,52,36
2016-09-10 12:00:00,-18.5,959.7,75.6,52,40
2016-09-10 13:00:00,-19.6,959.9,75.5,52,46
2016-09-10 14:00:00,-19.4,959.5,75.4,52,45
2016-09-10 15:00:00,-19.3,959.3,75.4,52,45
2016-09-10 16:00:00,-19.9,958.9,18,93,46
2016-09-10 17:00:00,-20.6,958.7,15.6,48,48
2016-09-10 18:00:00,-21.1,958.3,14.5,45,47
2016-09-10 19:00:00,-21.9,957.9,17.2,89,46
2016-09-10 20:00:00,-22.7,957.6,14.2,6,51
2016-09-10 21:00:00,-23,957.1,14.4,93,49
2016-09-10 22:00:00,-23.9,956.5,16.8,17,51
2016-09-10 23:00:00,-24.9,955.9,5.8,154,51
2016-09-11 00:00:00,-25.1,955.2,17.1,107,52
2016-09-11 01:00:00,-24.9,954.7,15.2,259,49
2016-09-11 02:00:00,-26,954,15.2,301,52
2016-09-11 03:00:00,-26.8,953,13.3,65,55
2016-09-11 04:00:00,-27,952,14.1,323,55
2016-09-11 05:00:00,-27.5,951.2,15.7,329,58
2016-09-11 06:00:00,-27.2,950.8,13.7,36,56
2016-09-11 07:00:00,-25.8,950.4,15.1,288,54
2016-09-11 08:00:00,-24.5,949.9,14.2,229,51
2016-09-11 09:00:00,-22.3,949.5,13.3,191,42
2016-09-11 10:00:00,-22.1,949.1,14.6,266,41
2016-09-11 11:00:00,-22.9,949,18.1,258,42
2016-09-11 12:00:00,-21.8,948.6,17.6,255,40
2016-09-11 13:00:00,-21.3,948.5,13.5,160,39
2016-09-11 14:00:00,-21.5,948.1,13.8,224,38
2016-09-11 15:00:00,-22.4,948.1,17.8,180,39
2016-09-11 16:00:00,-25.4,948.1,14,212,46
2016-09-11 17:00:00,-27,947.8,12.1,173,49
2016-09-11 18:00:00,-27.4,947.9,10.3,105,51
2016-09-11 19:00:00,-28.3,948.1,14,286,56
2016-09-11 20:00:00,-29.5,948.1,15.9,222,61
2016-09-11 21:00:00,-30.5,948.5,14.6,105,60
2016-09-11 22:00:00,-30.5,949,15,168,60
2016-09-11 23:00:00,-31.6,949.3,14,281,59
2016-09-12 00:00:00,-31.9,948.8,15.8,37,60
2016-09-12 01:00:00,-30.9,949,17.2,95,61
2016-09-12 02:00:00,-31.1,949,12.4,249,58
2016-09-12 03:00:00,-32.2,949.4,17.8,178,58
2016-09-12 04:00:00,-33.1,949.7,15,159,62
2016-09-12 05:00:00,-33.3,949.5,6.8,177,61
2016-09-12 06:00:00,-32.3,949.8,14.3,31,63
2016-09-12 07:00:00,-30.5,950.3,15.9,257,63
2016-09-12 08:00:00,-28.8,950.5,15.2,21,56
2016-09-12 09:00:00,-26.3,950.6,12.6,238,50
2016-09-12 10:00:00,-26.1,951.2,13.1,304,48
2016-09-12 11:00:00,-24.7,951.3,14.1,244,45
2016-09-12 12:00:00,-25.3,951.5,8.1,300,43
2016-09-12 13:00:00,-24.1,951.5,18.7,309,47
2016-09-12 14:00:00,-19.7,951.7,21.5,346,31
2016-09-12 15:00:00,-19.1,951.6,23.1,356,34
2016-09-12 16:00:00,-21.4,952.4,6.5,325,38
2016-09-12 17:00:00,-22,952.8,15.5,317,46
2016-09-12 18:00:00,-18.9,953.2,26.5,293,34
2016-09-12 19:00:00,-18.8,953.8,22.7,301,35
2016-09-12 20:00:00,-19.4,954.4,22.9,293,39
2016-09-12 21:00:00,-18.9,954.8,23.4,301,36
2016-09-12 22:00:00,-17.1,954.4,31.7,317,30
2016-09-12 23:00:00,-16.5,955,23.5,284,30
2016-09-13 00:00:00,-17.2,955.7,29.9,280,36
2016-09-13 01:00:00,-17.3,956.2,31.2,281,33
2016-09-13 02:00:00,-17.5,956.9,29.6,276,29
2016-09-13 03:00:00,-17.7,957.3,31.5,286,30
2016-09-13 04:00:00,-18.2,957.5,31.9,295,31
2016-09-13 05:00:00,-17.8,958,29.1,295,31
2016-09-13 06:00:00,-17.9,958.2,27.7,297,32
2016-09-13 07:00:00,-17.4,958.3,24.8,294,32
2016-09-13 08:00:00,-17.2,958.6,21.6,292,34
2016-09-13 09:00:00,-16.5,958.6,19.8,289,33
2016-09-13 10:00:00,-18.7,958.8,19.2,109,43
2016-09-13 11:00:00,-19.2,958.6,21.1,102,46
2016-09-13 12:00:00,-19.3,958.9,21.5,115,45
2016-09-13 13:00:00,-19,958.4,21.1,102,44
2016-09-13 14:00:00,-18.8,958.2,20.1,70,48
2016-09-13 15:00:00,-18.1,957.6,16.1,103,47
2016-09-13 16:00:00,-18.6,958,15.2,284,50
2016-09-13 17:00:00,-19.7,957.9,15.1,326,53
2016-09-13 18:00:00,-19.2,957.8,13.8,344,48
2016-09-13 19:00:00,-18.1,958,11,189,44
2016-09-13 20:00:00,-17.1,957.8,18.8,2,37
2016-09-13 21:00:00,-18.4,957.8,21,9,43
2016-09-13 22:00:00,-17.1,957.9,13.1,300,36
2016-09-13 23:00:00,-17.9,958,20.7,357,37
2016-09-14 00:00:00,-16.5,958.1,14.8,290,33
2016-09-14 01:00:00,-17,958.4,17.2,279,34
2016-09-14 02:00:00,-17,958.5,14.9,290,34
2016-09-14 03:00:00,-15.6,958.8,14.9,266,31
2016-09-14 04:00:00,-15.9,959.2,24,314,33
2016-09-14 05:00:00,-15.6,959.4,23.3,300,32
2016-09-14 06:00:00,-14.8,959.5,29.3,315,29
2016-09-14 07:00:00,-14.8,960.4,21.3,303,31
2016-09-14 08:00:00,-14.2,961.1,27.5,293,30
2016-09-14 09:00:00,-13.1,962,23.4,297,28
2016-09-14 10:00:00,-13,962.7,28.7,307,31
2016-09-14 11:00:00,-12.1,963.2,26.2,294,29
2016-09-14 12:00:00,-12.5,963.7,26.9,289,34
2016-09-14 13:00:00,-12.3,963.9,30.4,289,35
2016-09-14 14:00:00,-11.9,964.5,31.1,293,36
2016-09-14 15:00:00,-11.7,964.8,30.7,300,37
2016-09-14 16:00:00,-11.2,964.5,37.9,309,35
2016-09-14 17:00:00,-11.1,965,33.3,304,36
2016-09-14 18:00:00,-11,965,33,303,39
2016-09-14 19:00:00,-11,965.1,36.4,301,39
2016-09-14 20:00:00,-10.8,965.6,36.2,297,41
2016-09-14 21:00:00,-10.7,965.6,36.8,296,42
2016-09-14 22:00:00,-10.7,965.2,37.2,293,42
2016-09-14 23:00:00,-10.6,965.2,40.7,294,42
2016-09-15 00:00:00,-10.7,965.3,36,299,49
2016-09-15 01:00:00,-10.7,965.3,39.2,296,52
2016-09-15 02:00:00,-10.7,965,40.5,294,51
2016-09-15 03:00:00,-10.9,964.6,37.9,297,56
2016-09-15 04:00:00,-10.9,965.1,35.6,294,53
2016-09-15 05:00:00,-11,964.7,35.6,301,61
2016-09-15 06:00:00,-11,964.6,39.7,306,59
2016-09-15 07:00:00,-10.7,965,36.4,302,54
2016-09-15 08:00:00,-10.8,964.9,38.3,299,57
2016-09-15 09:00:00,-11.2,965,39.7,296,60
2016-09-15 10:00:00,-11.5,965.6,37.7,296,64
2016-09-15 11:00:00,-11.6,966.4,32.8,301,66
2016-09-15 12:00:00,-11.7,966.7,34.2,298,63
2016-09-15 13:00:00,-11.9,966.6,35.7,296,62
2016-09-15 14:00:00,-12,966.7,35.8,294,61
2016-09-15 15:00:00,-12.1,967.5,38,291,59
2016-09-15 16:00:00,-12.1,967.8,34,295,59
2016-09-15 17:00:00,-11.9,967.9,32.4,304,56
2016-09-15 18:00:00,-11.8,968.3,32.2,294,53
2016-09-15 19:00:00,-11.6,967.9,27.4,273,49
2016-09-15 20:00:00,-10.7,966.7,35.3,295,45
2016-09-15 21:00:00,-10.5,966.6,27.4,289,47
2016-09-15 22:00:00,-10.2,966.6,37.8,296,44
2016-09-15 23:00:00,-10.6,967.2,33.9,295,43
2016-09-16 00:00:00,-10.7,967.2,36.7,286,39
2016-09-16 01:00:00,-10.9,967.6,31.9,286,38
2016-09-16 02:00:00,-11.2,967.7,31.3,284,39
2016-09-16 03:00:00,-11.4,968.1,30.8,289,41
2016-09-16 04:00:00,-11.5,968.7,27.7,288,42
2016-09-16 05:00:00,-11.2,969.7,29.2,286,39
2016-09-16 06:00:00,-11.2,970.6,31.3,277,37
2016-09-16 07:00:00,-10.8,971.4,33.8,283,38
2016-09-16 08:00:00,-10.6,971.7,31.1,290,40
2016-09-16 09:00:00,-10.3,972,35.9,297,38
2016-09-16 10:00:00,-10.1,972.4,35.8,304,41
2016-09-16 11:00:00,-10.1,973.1,37.8,305,44
2016-09-16 12:00:00,-9.6,974,31.7,303,44
2016-09-16 13:00:00,-8.8,973.5,41.8,313,40
2016-09-16 14:00:00,-8.5,974.3,36.5,310,38
2016-09-16 15:00:00,-7.4,974.5,32.9,317,42
2016-09-16 16:00:00,-7.3,974.1,32.5,332,45
2016-09-16 17:00:00,-7.7,974,39.5,341,42
2016-09-16 18:00:00,-6.6,974.3,39.1,342,37
2016-09-16 19:00:00,-6.9,974.4,39.8,345,37
2016-09-16 20:00:00,-6.2,974.9,36.6,336,37
2016-09-16 21:00:00,-6.1,975.8,32.9,334,39
2016-09-16 22:00:00,-6.8,976.2,27.8,351,43
2016-09-16 23:00:00,-5.9,976.3,33.2,343,36
2016-09-17 00:00:00,-5.9,976.4,31.6,348,36
2016-09-17 01:00:00,-6.7,976.3,28.2,352,36
2016-09-17 02:00:00,-8.5,976,30.7,358,40
2016-09-17 03:00:00,-8.7,975.6,30.7,360,37
2016-09-17 04:00:00,-10.3,976.3,21.7,104,51
2016-09-17 05:00:00,-11.4,976,14.8,116,55
2016-09-17 06:00:00,-11.6,975.5,15.3,265,49
2016-09-17 07:00:00,-12.5,974.9,14.8,296,56
2016-09-17 08:00:00,-11.5,973.3,15.7,314,48
2016-09-17 09:00:00,-10,971.4,14.9,260,42
2016-09-17 10:00:00,-9.2,969.4,11.8,228,41
2016-09-17 11:00:00,-8.9,967.8,15.8,165,42
2016-09-17 12:00:00,-8.7,965.8,14,194,42
2016-09-17 13:00:00,-9.5,964.1,16.4,258,41
2016-09-17 14:00:00,-10.5,962.6,15,172,43
2016-09-17 15:00:00,-12.9,961.4,17.2,324,52
2016-09-17 16:00:00,-12.3,960.4,14.1,261,51
2016-09-17 17:00:00,-12.6,959.3,12.5,187,45
2016-09-17 18:00:00,-13.7,958.7,12.3,30,46
2016-09-17 19:00:00,-11.8,958.1,18.2,261,42
2016-09-17 20:00:00,-13.7,958.3,20.7,5,36
2016-09-17 21:00:00,-15.1,958.4,19.1,310,51
2016-09-17 22:00:00,-14.6,958.7,21.1,317,51
2016-09-17 23:00:00,-16,959.8,21.1,255,55
2016-09-18 00:00:00,-13.8,960.5,20.5,332,46
2016-09-18 01:00:00,-13.9,960.8,21.8,352,41
2016-09-18 02:00:00,-12.5,960.8,29.1,346,36
2016-09-18 03:00:00,-12.1,961.2,29.1,341,34
2016-09-18 04:00:00,-11.7,962.1,31.3,337,34
2016-09-18 05:00:00,-11.5,962.8,33,340,33
2016-09-18 06:00:00,-11,963.7,30.7,341,33
2016-09-18 07:00:00,-10.7,964.8,28.5,341,34
2016-09-18 08:00:00,-10.4,965.4,30.6,339,34
2016-09-18 09:00:00,-9.9,966.2,36.4,346,36
2016-09-18 10:00:00,-9.2,967,35.5,335,37
2016-09-18 11:00:00,-7.9,967.7,32.4,321,37
2016-09-18 12:00:00,-7.4,968.3,32.8,314,36
2016-09-18 13:00:00,-7.4,969.1,32.6,305,33
2016-09-18 14:00:00,-8,969.5,34.2,306,35
2016-09-18 15:00:00,-8.3,969.9,33.1,307,36
2016-09-18 16:00:00,-8.5,970.2,37.1,310,34
2016-09-18 17:00:00,-8.8,970.7,34.1,305,34
2016-09-18 18:00:00,-9.2,970.8,39.1,314,36
2016-09-18 19:00:00,-9.5,971.6,31.7,297,36
2016-09-18 20:00:00,-9.3,971.3,39.6,312,35
2016-09-18 21:00:00,-9.3,971.2,39.5,311,34
2016-09-18 22:00:00,-9.5,971.5,32.9,310,36
2016-09-18 23:00:00,-8.8,971.1,36.2,312,31
2016-09-19 00:00:00,-8.8,970.6,35.2,309,31
2016-09-19 01:00:00,-9,970.5,35,309,31
2016-09-19 02:00:00,-9.9,970.1,38.4,314,29
2016-09-19 03:00:00,-10.4,969.7,40.8,313,32
2016-09-19 04:00:00,-10.5,969.2,43.3,311,31
2016-09-19 05:00:00,-10.6,969.1,38.3,310,32
2016-09-19 06:00:00,-10.3,969.3,35.5,299,30
2016-09-19 07:00:00,-9.8,968.9,36.3,302,28
2016-09-19 08:00:00,-10.2,969,35.1,288,34
2016-09-19 09:00:00,-10.1,969.1,35.6,292,34
2016-09-19 10:00:00,-10,969.2,36.1,282,32
2016-09-19 11:00:00,-10,968.4,32.4,295,37
2016-09-19 12:00:00,-9.9,968.3,35.7,289,34
2016-09-19 13:00:00,-10,968.6,32.4,280,36
2016-09-19 14:00:00,-10.1,968.1,32.5,288,35
2016-09-19 15:00:00,-10.5,967.8,34.7,292,35
2016-09-19 16:00:00,-11.1,968,29,285,38
2016-09-19 17:00:00,-11.7,968.1,30.7,283,37
2016-09-19 18:00:00,-11.5,968,33.6,284,35
2016-09-19 19:00:00,-11.4,967.8,34.2,280,34
2016-09-19 20:00:00,-11.3,967.9,34.8,276,31
2016-09-19 21:00:00,-11.3,967.7,32.8,285,33
2016-09-19 22:00:00,-11.6,967.7,33.4,279,33
2016-09-19 23:00:00,-11.6,967.5,31.6,280,33
2016-09-20 00:00:00,-11.6,967.1,32.7,291,33
2016-09-20 01:00:00,-12.3,967.1,28.1,281,35
2016-09-20 02:00:00,-12.1,967,32.5,283,33
2016-09-20 03:00:00,-12.7,966.9,25.9,280,36
2016-09-20 04:00:00,-12.8,966.9,29.7,277,35
2016-09-20 05:00:00,-13.1,966.9,30.4,292,37
2016-09-20 06:00:00,-13.3,966.9,28.6,283,36
2016-09-20 07:00:00,-13.1,967,28.1,283,36
2016-09-20 08:00:00,-12.4,966.9,28.9,284,36
2016-09-20 09:00:00,-11.9,966.9,29.9,280,35
2016-09-20 10:00:00,-10.7,967,27.4,253,36
2016-09-20 11:00:00,-11.3,966.8,28.2,267,36
2016-09-20 12:00:00,-11.7,966.5,27.1,268,34
2016-09-20 13:00:00,-12.2,966.1,19.6,267,39
2016-09-20 14:00:00,-12.3,966.1,25,264,36
2016-09-20 15:00:00,-12.6,965.7,23.8,282,35
2016-09-20 16:00:00,-13.1,965.5,20.7,282,36
2016-09-20 17:00:00,-13.6,965.4,19.3,301,36
2016-09-20 18:00:00,-14,965.4,17,239,38
2016-09-20 19:00:00,-15.4,965.5,17.1,130,42
2016-09-20 20:00:00,-15.6,965.5,16.1,75,45
2016-09-20 21:00:00,-15.8,965.5,17.1,74,44
2016-09-20 22:00:00,-16.6,965.1,18.5,91,46
2016-09-20 23:00:00,-16.6,964.5,17.9,91,46
2016-09-21 00:00:00,-16.5,964.2,13.2,258,48
2016-09-21 01:00:00,-14.2,963.9,19.9,297,39
2016-09-21 02:00:00,-14.5,963.8,14.7,343,36
2016-09-21 03:00:00,-16.2,963.3,18.8,24,42
2016-09-21 04:00:00,-15.9,962.7,18,96,42
2016-09-21 05:00:00,-15.5,962.8,9.9,356,41
2016-09-21 06:00:00,-15.5,962.7,14.4,11,42
2016-09-21 07:00:00,-15.8,962.4,14.7,322,46
2016-09-21 08:00:00,-14.6,961.9,14,312,41
2016-09-21 09:00:00,-12.6,961.9,14.6,284,35
2016-09-21 10:00:00,-12.9,961.6,9.6,329,36
2016-09-21 11:00:00,-11.5,961.4,14.6,155,39
2016-09-21 12:00:00,-12,961.2,14,268,36
2016-09-21 13:00:00,-11.8,960.9,15.5,256,38
2016-09-21 14:00:00,-12.2,960.9,14.7,247,39
2016-09-21 15:00:00,-13.2,960.6,12.6,323,43
2016-09-21 16:00:00,-14.4,960.6,14.9,297,44
2016-09-21 17:00:00,-14.9,960.7,6,152,45
2016-09-21 18:00:00,-13.2,961,13.3,241,42
2016-09-21 19:00:00,-15,961,14,114,46
2016-09-21 20:00:00,-16,961.7,14,183,48
2016-09-21 21:00:00,-17.8,962,14.2,352,55
2016-09-21 22:00:00,-17,962.2,15.1,329,55
2016-09-21 23:00:00,-15.5,961.9,21.9,329,45
2016-09-22 00:00:00,-16,962,20.6,340,48
2016-09-22 01:00:00,-15.5,962.3,18,343,44
2016-09-22 02:00:00,-16.3,962.8,15.7,319,47
2016-09-22 03:00:00,-16.8,963,15.7,334,47
2016-09-22 04:00:00,-16.7,962.9,17.5,345,46
2016-09-22 05:00:00,-17.2,963,15.4,3,47
2016-09-22 06:00:00,-17.4,963.5,17.3,3,48
2016-09-22 07:00:00,-17.8,964.1,21.9,4,49
2016-09-22 08:00:00,-15.7,964.2,22.8,340,40
2016-09-22 09:00:00,-15,964.3,27.1,316,40
2016-09-22 10:00:00,-15.3,964.7,29.3,291,39
2016-09-22 11:00:00,-14.7,965.3,23.8,266,36
2016-09-22 12:00:00,-14,965.5,19,288,36
2016-09-22 13:00:00,-13.7,965.8,20.9,331,37
2016-09-22 14:00:00,-13.6,966.2,19.1,319,48
2016-09-22 15:00:00,-13.6,966.1,20.2,316,46
2016-09-22 16:00:00,-13.9,966.1,19.7,349,44
2016-09-22 17:00:00,-13.9,966.6,17.7,307,45
2016-09-22 18:00:00,-14.1,966.7,26.1,325,51
2016-09-22 19:00:00,-14.1,967.4,27.5,343,48
2016-09-22 20:00:00,-14.2,967.7,26.2,340,50
2016-09-22 21:00:00,-13.9,967.9,27.2,312,53
2016-09-22 22:00:00,-13.6,968.2,28.9,345,50
2016-09-22 23:00:00,-13.5,968.6,25,334,42
2016-09-23 00:00:00,-13.5,968.8,25.9,315,44
2016-09-23 01:00:00,-13.7,969.3,30.6,328,43
2016-09-23 02:00:00,-14.1,969.6,30.9,343,39
2016-09-23 03:00:00,-14.6,970,29.4,349,36
2016-09-23 04:00:00,-14.5,970.6,30.9,342,39
2016-09-23 05:00:00,-14.3,970.9,26.8,347,42
2016-09-23 06:00:00,-14.1,971.1,30.3,350,36
2016-09-23 07:00:00,-13.6,972,28,346,37
2016-09-23 08:00:00,-13.3,972.5,31,346,36
2016-09-23 09:00:00,-12.7,973.2,29.6,336,36
2016-09-23 10:00:00,-11.9,973.9,27.1,336,36
2016-09-23 11:00:00,-10,974.6,21.4,253,33
2016-09-23 12:00:00,-9.5,974.9,15.5,277,34
2016-09-23 13:00:00,-9,975.4,15.2,122,35
2016-09-23 14:00:00,-10.1,975.8,15.1,82,38
2016-09-23 15:00:00,-10.5,976.2,18.6,80,41
2016-09-23 16:00:00,-11.2,976.3,17.4,101,37
2016-09-23 17:00:00,-13.7,977.3,12.6,4,39
2016-09-23 18:00:00,-14.7,978.1,15.7,306,52
2016-09-23 19:00:00,-16.1,979.1,14.8,210,54
2016-09-23 20:00:00,-17.4,979.7,14,156,52
2016-09-23 21:00:00,-17.7,979.7,7.5,78,54
2016-09-23 22:00:00,-18.2,980.6,13.9,14,53
2016-09-23 23:00:00,-18.9,980.8,16.2,311,57
2016-09-24 00:00:00,-19.6,981.3,11.4,98,56
2016-09-24 01:00:00,-20.3,981.6,13.6,294,60
2016-09-24 02:00:00,-20.4,982,14.1,127,59
2016-09-24 03:00:00,-21.3,982.6,15.7,296,60
2016-09-24 04:00:00,-21.5,983.2,17,285,59
2016-09-24 05:00:00,-21,983.9,13.9,278,56
2016-09-24 06:00:00,-19.9,984.2,14.9,75,50
2016-09-24 07:00:00,-17.6,984.4,19.6,95,43
2016-09-24 08:00:00,-15.9,984.9,17.1,107,43
2016-09-24 09:00:00,-15.5,985.5,17.9,191,33
2016-09-24 10:00:00,-16.7,986.6,7.8,206,36
2016-09-24 11:00:00,-15.8,986.3,14.3,154,38
2016-09-24 12:00:00,-13.9,986.1,15.4,87,33
2016-09-24 13:00:00,-15.3,986.1,19.2,170,34
2016-09-24 14:00:00,-16.5,987,16.5,176,39
2016-09-24 15:00:00,-16.9,987.1,15.9,65,39
2016-09-24 16:00:00,-18.1,986.9,17.9,170,41
2016-09-24 17:00:00,-19,986.8,13.8,163,40
2016-09-24 18:00:00,-19,987.1,14.4,73,41
2016-09-24 19:00:00,-20.5,987.4,14.5,193,50
2016-09-24 20:00:00,-20.9,987.2,14,249,51
2016-09-24 21:00:00,-21.1,987.2,13.7,316,52
2016-09-24 22:00:00,-20.9,987.3,12.6,273,50
2016-09-24 23:00:00,-20.8,987.4,14.8,351,54
2016-09-25 00:00:00,-20.9,986.9,14,357,54
2016-09-25 01:00:00,-19,986.6,18.5,344,45
2016-09-25 02:00:00,-18.9,986.4,14.2,271,45
2016-09-25 03:00:00,-19.2,986.3,15.5,313,44
2016-09-25 04:00:00,-19.3,985.9,16.7,2,39
2016-09-25 05:00:00,-19.5,985.7,15.5,69,37
2016-09-25 06:00:00,-20,986,12.5,339,40
2016-09-25 07:00:00,-19.1,985.7,12.5,211,43
2016-09-25 08:00:00,-17.6,985.2,9.1,32,39
2016-09-25 09:00:00,-16.2,985.5,16.5,233,36
2016-09-25 10:00:00,-17.6,985.1,19.8,295,40
2016-09-25 11:00:00,-17.4,984.5,27.4,293,31
2016-09-25 12:00:00,-16.9,984,27.9,293,31
2016-09-25 13:00:00,-17.2,984.5,23.6,274,32
2016-09-25 14:00:00,-17.3,984.3,22.1,278,29
2016-09-25 15:00:00,-17.7,983.8,19.3,300,29
2016-09-25 16:00:00,-17.5,983.2,18.8,294,34
2016-09-25 17:00:00,-18.3,983.2,23.9,302,34
2016-09-25 18:00:00,-18.3,982.9,26.1,294,32
2016-09-25 19:00:00,-18.7,983,23.7,290,32
2016-09-25 20:00:00,-19.3,982.7,21.4,295,32
2016-09-25 21:00:00,-18.8,982.6,24.5,301,32
2016-09-25 22:00:00,-18,982.4,30.6,313,30
2016-09-25 23:00:00,-18.6,982.6,30.1,293,34
2016-09-26 00:00:00,-18,982,27.6,300,30
2016-09-26 01:00:00,-18.2,981.9,27.2,294,31
2016-09-26 02:00:00,-18.5,981.9,24.5,283,31
2016-09-26 03:00:00,-18,981.2,33.2,314,32
2016-09-26 04:00:00,-17.8,981.1,28.4,290,30
2016-09-26 05:00:00,-17.6,980.8,24.1,281,33
2016-09-26 06:00:00,-17.7,980.8,23.2,288,37
2016-09-26 07:00:00,-16.9,980.9,34.6,273,26
2016-09-26 08:00:00,-16.5,981,32.6,275,26
2016-09-26 09:00:00,-16.2,981.1,32.6,270,27
2016-09-26 10:00:00,-15.9,981.1,32,267,28
2016-09-26 11:00:00,-15.5,980.7,31.1,272,28
2016-09-26 12:00:00,-15.8,980.5,27.4,288,31
2016-09-26 13:00:00,-16.1,980,22.2,279,35
2016-09-26 14:00:00,-15,979.6,27.3,289,33
2016-09-26 15:00:00,-14.9,979.7,31.2,287,31
2016-09-26 16:00:00,-15.4,980,34.3,263,32
2016-09-26 17:00:00,-16.1,980,20.1,274,38
2016-09-26 18:00:00,-15.8,980.1,21.8,265,36
2016-09-26 19:00:00,-15.8,980.3,21.1,278,36
2016-09-26 20:00:00,-15.2,980.3,29.7,283,31
2016-09-26 21:00:00,-15.2,980.8,27.1,272,31
2016-09-26 22:00:00,-15,980.5,30.9,293,32
2016-09-26 23:00:00,-14.8,980.8,31.3,286,29
2016-09-27 00:00:00,-14.7,981.1,30,290,28
2016-09-27 01:00:00,-15.1,980.9,27.2,280,27
2016-09-27 02:00:00,-15,980.8,29,280,29
2016-09-27 03:00:00,-14.8,981.6,32.1,277,27
2016-09-27 04:00:00,-15.2,981.9,27.4,281,30
2016-09-27 05:00:00,-15.2,981.9,30,265,28
2016-09-27 06:00:00,-15.2,982.2,21.3,295,32
2016-09-27 07:00:00,-15.5,982.6,21,292,34
2016-09-27 08:00:00,-14,982.4,20.9,286,29
2016-09-27 09:00:00,-12.5,982.7,26.7,261,28
2016-09-27 10:00:00,-11.5,982.9,27.8,262,26
2016-09-27 11:00:00,-12.3,982.7,21,275,31
2016-09-27 12:00:00,-12.1,982.6,14.5,287,31
2016-09-27 13:00:00,-10,982.7,17.4,264,28
2016-09-27 14:00:00,-10.6,982.6,21.3,258,32
2016-09-27 15:00:00,-11.7,982.6,20.4,281,33
2016-09-27 16:00:00,-12.3,982.8,19.4,285,34
2016-09-27 17:00:00,-13,983.1,16.5,303,35
2016-09-27 18:00:00,-13.6,982.9,22.3,339,35
2016-09-27 19:00:00,-13.7,983.1,14.4,329,33
2016-09-27 20:00:00,-14,982.9,22.6,350,32
2016-09-27 21:00:00,-13.9,983,21,319,32
2016-09-27 22:00:00,-15.3,983,26.7,354,33
2016-09-27 23:00:00,-14.9,982.8,26.8,355,33
2016-09-28 00:00:00,-16.1,982.7,30.5,356,34
2016-09-28 01:00:00,-16.3,982.3,29.8,356,34
2016-09-28 02:00:00,-16.2,982,28.8,359,32
2016-09-28 03:00:00,-16.4,982,25,356,32
2016-09-28 04:00:00,-16.6,981.7,30.1,0,32
2016-09-28 05:00:00,-16,982.1,17.1,281,30
2016-09-28 06:00:00,-16.3,982.2,12.9,345,32
2016-09-28 07:00:00,-15.3,982.2,14.9,212,33
2016-09-28 08:00:00,-15.6,982,16.2,24,36
2016-09-28 09:00:00,-14.1,981.7,20.9,4,40
2016-09-28 10:00:00,-11.8,981.3,11.7,162,33
2016-09-28 11:00:00,-12.6,981.2,13.5,174,37
2016-09-28 12:00:00,-11.6,980.6,12.1,225,36
2016-09-28 13:00:00,-12.3,980.2,13.8,186,36
2016-09-28 14:00:00,-12.2,979.6,13.6,215,37
2016-09-28 15:00:00,-12.9,979.2,15.8,181,36
2016-09-28 16:00:00,-14.9,979,14.3,162,40
2016-09-28 17:00:00,-15.6,978.4,11.2,334,41
2016-09-28 18:00:00,-16.3,978,15.3,296,41
2016-09-28 19:00:00,-17.5,977.7,15.7,295,48
2016-09-28 20:00:00,-16.8,977.3,23.1,322,36
2016-09-28 21:00:00,-18.3,977.5,15.9,245,46
2016-09-28 22:00:00,-17.2,976.9,23.4,357,38
2016-09-28 23:00:00,-18.9,976.8,9.5,191,41
2016-09-29 00:00:00,-21.4,977,17.4,111,50
2016-09-29 01:00:00,-21.1,976.9,16.3,118,46
2016-09-29 02:00:00,-22,977,5.2,250,49
2016-09-29 03:00:00,-23.5,976.8,15,264,51
2016-09-29 04:00:00,-24.2,977,17.4,295,58
2016-09-29 05:00:00,-22.5,977.1,3.8,350,51
2016-09-29 06:00:00,-21.1,977.5,14.5,257,45
2016-09-29 07:00:00,-20.2,977.7,12.4,48,44
2016-09-29 08:00:00,-17.5,978,16.3,252,36
2016-09-29 09:00:00,-15.4,978.2,14.3,153,36
2016-09-29 10:00:00,-15.3,978.6,14.2,170,35
2016-09-29 11:00:00,-15.3,978.9,14.9,252,36
2016-09-29 12:00:00,-15.1,979.1,17.5,179,40
2016-09-29 13:00:00,-15.5,979.3,17.3,189,42
2016-09-29 14:00:00,-15.7,979.4,11.5,333,38
2016-09-29 15:00:00,-17,979.4,1.8,216,44
2016-09-29 16:00:00,-16.7,979.4,13.7,223,48
2016-09-29 17:00:00,-17.3,979.3,17.2,196,51
2016-09-29 18:00:00,-18.8,979,13.6,282,54
2016-09-29 19:00:00,-19.7,979,16.7,288,61
2016-09-29 20:00:00,-18.6,978.7,14.7,279,54
2016-09-29 21:00:00,-17.7,978.3,14.8,249,46
2016-09-29 22:00:00,-18.8,978.2,14.9,188,55
2016-09-29 23:00:00,-19,977.9,14.2,267,55
2016-09-30 00:00:00,-18.3,977.5,16,286,54
2016-09-30 01:00:00,-18.1,977,15.3,269,53
2016-09-30 02:00:00,-18.7,976.3,12.7,286,54
2016-09-30 03:00:00,-19,976,14.9,273,56
2016-09-30 04:00:00,-16.1,975.2,22.9,345,36
2016-09-30 05:00:00,-15.6,975.2,18,293,36
2016-09-30 06:00:00,-15.1,974.9,28.7,312,34
2016-09-30 07:00:00,-14.8,974.8,25.8,296,35
2016-09-30 08:00:00,-14.5,974.5,29.5,304,35
2016-09-30 09:00:00,-14.1,974.5,29.3,305,36
2016-09-30 10:00:00,-13.7,974.8,27.5,293,37
2016-09-30 11:00:00,-13.2,974.6,27.3,294,38
2016-09-30 12:00:00,-12.9,974.7,26.2,291,38
2016-09-30 13:00:00,-12.4,974.7,26.3,292,41
2016-09-30 14:00:00,-12.5,975,23.9,294,45
2016-09-30 15:00:00,-12.7,975.5,23.7,296,45
2016-09-30 16:00:00,-13.1,976,25.1,306,43
2016-09-30 17:00:00,-13.8,976.6,25,309,45
2016-09-30 18:00:00,-14.5,977.5,23.7,310,46
2016-09-30 19:00:00,-15,977.6,26.2,338,47
2016-09-30 20:00:00,-14.8,978,26.7,344,42
2016-09-30 21:00:00,-14.5,978.4,26.7,338,37
2016-09-30 22:00:00,-14.3,978.8,26,331,36
2016-09-30 23:00:00,-14.4,979.3,22.4,311,36
2016-10-01 00:00:00,-14,979.5,23.8,304,36
2016-10-01 01:00:00,-13.9,979.8,24.4,305,36
2016-10-01 02:00:00,-14.1,979.8,25.1,309,38
2016-10-01 03:00:00,-13.9,979.9,26.6,314,39
2016-10-01 04:00:00,-13.7,980.4,26.2,312,40
2016-10-01 05:00:00,-13.4,981,26,304,37
2016-10-01 06:00:00,-13.2,981.3,26.9,311,37
2016-10-01 07:00:00,-13,981.1,29.7,307,35
2016-10-01 08:00:00,-12.5,981.2,28.4,304,35
2016-10-01 09:00:00,-11.7,981.1,27.8,304,36
2016-10-01 10:00:00,-11.2,981.4,28.1,281,36
2016-10-01 11:00:00,-11,981.4,31.8,287,37
2016-10-01 12:00:00,-11.4,980.7,32.5,304,53
2016-10-01 13:00:00,-11.4,980.7,33,295,60
2016-10-01 14:00:00,-11.6,980.3,35.4,300,66
2016-10-01 15:00:00,-11.7,980.2,36.9,295,61
2016-10-01 16:00:00,-12,980.2,37.2,293,68
2016-10-01 17:00:00,-12.5,979.9,33.6,299,80
2016-10-01 18:00:00,-12.5,979.9,35.6,299,86
2016-10-01 19:00:00,-12.5,979.7,39.5,304,87
2016-10-01 20:00:00,-12.6,979.6,39.3,307,88
2016-10-01 21:00:00,-12.8,979.2,39.9,305,88
2016-10-01 22:00:00,-12.6,978.8,41.4,307,88
2016-10-01 23:00:00,-12.4,978.5,46.1,310,88
2016-10-02 00:00:00,-12.4,978.2,46.8,311,88
2016-10-02 01:00:00,-12.4,977.8,50.4,311,88
2016-10-02 02:00:00,-12.4,977.2,47.9,311,88
2016-10-02 03:00:00,-12.4,977.4,47.7,311,88
2016-10-02 04:00:00,-12.2,976.8,49.9,310,88
2016-10-02 05:00:00,-12,976.8,48.8,312,88
2016-10-02 06:00:00,-11.9,977.2,42.9,309,88
2016-10-02 07:00:00,-11.4,976.8,44.8,311,88
2016-10-02 08:00:00,-11,976.3,41.8,313,89
2016-10-02 09:00:00,-10.5,974.8,39.2,309,88
2016-10-02 10:00:00,-9.9,973.7,43,305,87
2016-10-02 11:00:00,-9.5,972.5,45.1,307,86
2016-10-02 12:00:00,-9.2,972.3,41.1,306,83
2016-10-02 13:00:00,-9,971.6,42.7,308,78
2016-10-02 14:00:00,-8.7,970.8,42.1,307,66
2016-10-02 15:00:00,-8.6,969.4,42.8,311,59
2016-10-02 16:00:00,-8.6,969.1,41.4,308,57
2016-10-02 17:00:00,-8.5,968.5,42.1,309,55
2016-10-02 18:00:00,-8.6,968.1,38.7,306,57
2016-10-02 19:00:00,-9.3,967.6,43.3,310,73
2016-10-02 20:00:00,-9.7,967,43.5,312,83
2016-10-02 21:00:00,-9.1,966.2,43.2,311,71
2016-10-02 22:00:00,-8.9,966,39.8,311,68
2016-10-02 23:00:00,-8.5,965.8,33.7,301,58
2016-10-03 00:00:00,-8.8,965.6,32,304,62
2016-10-03 01:00:00,-9.3,965,34.2,312,76
2016-10-03 02:00:00,-9.4,964.7,34.6,312,80
2016-10-03 03:00:00,-9.4,964.5,31.7,309,85
2016-10-03 04:00:00,-9.5,964.7,24,284,85
2016-10-03 05:00:00,-9.7,964.6,23.1,295,86
2016-10-03 06:00:00,-9.6,964.1,25.1,310,87
2016-10-03 07:00:00,-9.5,963.7,24.4,307,88
2016-10-03 08:00:00,-9.3,963.4,23.5,302,89
2016-10-03 09:00:00,-9.2,963.1,26.8,309,89
2016-10-03 10:00:00,-9.1,962.8,23.2,302,89
2016-10-03 11:00:00,-9.1,962.4,25.4,292,89
2016-10-03 12:00:00,-9.1,962.4,21.6,281,87
2016-10-03 13:00:00,-9.5,962.2,20.6,290,86
2016-10-03 14:00:00,-10,962.3,21,198,83
2016-10-03 15:00:00,-11.5,962.6,13.9,241,86
2016-10-03 16:00:00,-11.7,962.9,14.4,275,86
2016-10-03 17:00:00,-11.7,963.1,15.8,241,86
2016-10-03 18:00:00,-12.1,963.6,15.1,292,86
2016-10-03 19:00:00,-12.2,963.9,15.4,260,87
2016-10-03 20:00:00,-12.5,964.3,15,255,86
2016-10-03 21:00:00,-12.8,964.4,13.5,351,85
2016-10-03 22:00:00,-13.2,964.9,15.2,307,84
2016-10-03 23:00:00,-13.5,965.1,15.6,326,84
2016-10-04 00:00:00,-13.5,965.4,15.8,294,84
2016-10-04 01:00:00,-14.3,965.8,16.5,313,84
2016-10-04 02:00:00,-14.2,966.1,18.5,328,84
2016-10-04 03:00:00,-14.1,966.4,20,326,82
2016-10-04 04:00:00,-14.3,966.8,20.4,323,81
2016-10-04 05:00:00,-14.1,967.3,19.5,303,81
2016-10-04 06:00:00,-14,967.6,23.4,326,80
2016-10-04 07:00:00,-14.1,967.9,23.1,339,76
2016-10-04 08:00:00,-13.9,968.1,22,333,70
2016-10-04 09:00:00,-14.5,968.1,20,352,65
2016-10-04 10:00:00,-13.9,968,20.8,355,62
2016-10-04 11:00:00,-13.4,967.9,17.9,356,61
2016-10-04 12:00:00,-11.5,967.9,13.3,301,64
2016-10-04 13:00:00,-13.3,967.8,18.1,1,60
2016-10-04 14:00:00,-14.6,967.5,19,358,63
2016-10-04 15:00:00,-15.5,967,22,358,63
2016-10-04 16:00:00,-14.7,966.8,18.8,4,66
2016-10-04 17:00:00,-15.1,966.6,18.1,20,66
2016-10-04 18:00:00,-19.1,966.4,23.4,10,66
2016-10-04 19:00:00,-19.4,966.1,25.4,7,68
2016-10-04 20:00:00,-16.5,965.9,20,6,69
2016-10-04 21:00:00,-16.9,965.7,15.3,315,70
2016-10-04 22:00:00,-17.4,965.8,15.9,331,70
2016-10-04 23:00:00,-16.8,965.8,13,132,71
2016-10-05 00:00:00,-17.5,965.7,13.7,158,72
2016-10-05 01:00:00,-18,965.6,10,251,76
2016-10-05 02:00:00,-17.5,965.4,11.3,172,77
2016-10-05 03:00:00,-18.2,965,21.8,344,77
2016-10-05 04:00:00,-17.6,964.5,25.8,350,69
2016-10-05 05:00:00,-17.6,964.4,22.4,347,69
2016-10-05 06:00:00,-17.4,964.1,21,358,67
2016-10-05 07:00:00,-18.5,963.9,10.4,172,65
2016-10-05 08:00:00,-15.3,963.4,8.2,251,68
2016-10-05 09:00:00,-14.3,962.9,14,227,66
2016-10-05 10:00:00,-15.3,962.7,15.4,160,66
2016-10-05 11:00:00,-15.4,962.2,14.1,280,66
2016-10-05 12:00:00,-15.6,961.5,12.3,240,68
2016-10-05 13:00:00,-15.4,961.1,13.4,252,71
2016-10-05 14:00:00,-15.9,960.8,11.3,283,71
2016-10-05 15:00:00,-15.5,960.3,15.4,280,78
2016-10-05 16:00:00,-12.3,960,18.3,272,77
2016-10-05 17:00:00,-7.3,959.6,26,310,72
2016-10-05 18:00:00,-6.9,959.5,24.3,289,72
2016-10-05 19:00:00,-7.1,959.1,26.1,314,74
2016-10-05 20:00:00,-7.2,958.4,24.4,312,76
2016-10-05 21:00:00,-6.8,957.7,27.5,310,72
2016-10-05 22:00:00,-6.5,956.7,28.2,310,65
2016-10-05 23:00:00,-6.4,956.1,22,290,62
2016-10-06 00:00:00,-6.5,955.3,20.4,283,62
2016-10-06 01:00:00,-6.5,954.7,22,307,63
2016-10-06 02:00:00,-6.6,954,22.6,287,65
2016-10-06 03:00:00,-6.4,953.3,24.1,306,69
2016-10-06 04:00:00,-6.1,952.5,24.3,308,68
2016-10-06 05:00:00,-6.1,952,25.2,305,68
2016-10-06 06:00:00,-6.1,951.6,26.7,311,68
2016-10-06 07:00:00,-5.9,951.3,27.6,312,65
2016-10-06 08:00:00,-5.7,951.1,26.5,310,67
2016-10-06 09:00:00,-4.9,950.6,24.3,303,64
2016-10-06 10:00:00,-4.9,950.6,24.1,290,70
2016-10-06 11:00:00,-5.3,950.9,22.8,294,76
2016-10-06 12:00:00,-5.6,951.1,21.6,299,81
2016-10-06 13:00:00,-5.4,951.3,22.2,284,80
2016-10-06 14:00:00,-5.1,951.4,29.1,306,79
2016-10-06 15:00:00,-5.5,952,26.3,296,83
2016-10-06 16:00:00,-5.7,952,30.4,304,82
2016-10-06 17:00:00,-6,952.7,29.7,306,81
2016-10-06 18:00:00,-6.2,952.9,33.4,313,75
2016-10-06 19:00:00,-6.5,953,35.7,313,79
2016-10-06 20:00:00,-6.6,952.7,37.6,314,81
2016-10-06 21:00:00,-6.9,953,37.2,311,79
2016-10-06 22:00:00,-7.5,953.1,40.6,311,85
2016-10-06 23:00:00,-7.9,953.6,39.5,309,89
2016-10-07 00:00:00,-8.5,954.2,36,305,90
2016-10-07 01:00:00,-8.8,954.3,37.8,311,91
2016-10-07 02:00:00,-9,954.6,39.8,306,91
2016-10-07 03:00:00,-9.4,955.4,40.4,309,91
2016-10-07 04:00:00,-9.6,956,39.3,310,90
2016-10-07 05:00:00,-9.8,956.8,40.9,311,90
2016-10-07 06:00:00,-10.1,957.6,37.5,310,90
2016-10-07 07:00:00,-10.1,958.1,37.9,310,90
2016-10-07 08:00:00,-9.9,958.4,37.8,309,90
2016-10-07 09:00:00,-9.3,958.2,33,310,90
2016-10-07 10:00:00,-8.8,958.4,32.8,307,90
2016-10-07 11:00:00,-8.6,958.4,29.9,302,90
2016-10-07 12:00:00,-8.6,957.9,38.6,304,90
2016-10-07 13:00:00,-9,957.9,46.7,312,91
2016-10-07 14:00:00,-9.3,957.9,41.6,303,91
2016-10-07 15:00:00,-9.3,959.5,40.9,295,91
2016-10-07 16:00:00,-9.3,960.7,37.9,295,91
2016-10-07 17:00:00,-9.3,962,37,294,91
2016-10-07 18:00:00,-9.4,963.1,36.9,296,91
2016-10-07 19:00:00,-9.7,964,34.4,299,91
2016-10-07 20:00:00,-10.1,965.8,38.1,294,90
2016-10-07 21:00:00,-10.3,967.5,34.2,293,90
2016-10-07 22:00:00,-11,967.7,33.3,298,89
2016-10-07 23:00:00,-11.3,968.3,34.1,300,89
2016-10-08 00:00:00,-11.1,968.5,32.8,303,89
2016-10-08 01:00:00,-10.8,968.7,37.5,307,89
2016-10-08 02:00:00,-10.6,969.1,35.1,305,89
2016-10-08 03:00:00,-10.7,969.5,31.6,295,89
2016-10-08 04:00:00,-10.6,969.8,27.8,296,89
2016-10-08 05:00:00,-10.5,969.7,28.4,302,89
2016-10-08 06:00:00,-10.2,969.6,35.3,308,89
2016-10-08 07:00:00,-10,969.5,35.1,304,89
2016-10-08 08:00:00,-10.1,969.6,32.8,292,89
2016-10-08 09:00:00,-9.5,969.1,32.4,299,88
2016-10-08 10:00:00,-9.7,969.5,26.4,291,89
2016-10-08 11:00:00,-8.8,968.8,26.9,283,88
2016-10-08 12:00:00,-8.7,968.8,29.5,284,88
2016-10-08 13:00:00,-8,968.2,23,284,88
2016-10-08 14:00:00,-7.5,967.4,21.8,285,88
2016-10-08 15:00:00,-7.7,967,21.7,323,85
2016-10-08 16:00:00,-8.8,966.6,24.8,333,82
2016-10-08 17:00:00,-8.6,966.7,23.2,312,78
2016-10-08 18:00:00,-9.4,967,23.3,350,75
2016-10-08 19:00:00,-10,966.6,28.1,349,72
2016-10-08 20:00:00,-9.7,966.6,28,340,68
2016-10-08 21:00:00,-10.3,966.1,29,356,66
2016-10-08 22:00:00,-9.8,965.7,32.6,349,59
2016-10-08 23:00:00,-11.2,965.9,30,351,56
2016-10-09 00:00:00,-9.8,966.4,28.3,348,49
2016-10-09 01:00:00,-11.1,965.9,30.1,359,48
2016-10-09 02:00:00,-10.5,966,32.9,348,48
2016-10-09 03:00:00,-10.2,966,30.5,349,47
2016-10-09 04:00:00,-10.1,965.7,25,353,48
2016-10-09 05:00:00,-10.2,965.7,28.3,352,46
2016-10-09 06:00:00,-9.7,965.3,29.2,352,46
2016-10-09 07:00:00,-8.5,965.3,25.8,345,43
2016-10-09 08:00:00,-8.5,964.7,27.7,352,46
2016-10-09 09:00:00,-7.1,964.6,30.1,336,47
2016-10-09 10:00:00,-6.3,964.6,26.9,329,44
2016-10-09 11:00:00,-5.4,964.2,25.6,316,41
2016-10-09 12:00:00,-4.9,964.2,23.6,297,44
2016-10-09 13:00:00,-4.6,963.6,20.7,346,51
2016-10-09 14:00:00,-4.6,963.2,24.1,334,50
2016-10-09 15:00:00,-4.6,962.9,26.4,304,49
2016-10-09 16:00:00,-5,963,27.5,283,52
2016-10-09 17:00:00,-5.3,962.8,30.4,288,54
2016-10-09 18:00:00,-5.6,962.9,27.7,290,55
2016-10-09 19:00:00,-5.7,963,26.2,291,57
2016-10-09 20:00:00,-5.6,963,28.8,280,52
2016-10-09 21:00:00,-5.8,962.7,31.7,290,53
2016-10-09 22:00:00,-5.9,962.7,28.7,289,49
2016-10-09 23:00:00,-6.1,962.6,24.8,292,51
2016-10-10 00:00:00,-6.5,962.5,23.3,293,47
2016-10-10 01:00:00,-6.8,962.2,26.4,279,43
2016-10-10 02:00:00,-6.8,961.5,26.1,287,42
2016-10-10 03:00:00,-8.2,960.7,26.5,292,49
2016-10-10 04:00:00,-7.7,960.7,21.4,290,53
2016-10-10 05:00:00,-7.6,960.3,21.6,291,53
2016-10-10 06:00:00,-7.3,960.4,22.6,296,54
2016-10-10 07:00:00,-6.1,960,30.8,274,39
2016-10-10 08:00:00,-5.8,959.8,31.9,274,38
2016-10-10 09:00:00,-6.3,960,20.6,296,53
2016-10-10 10:00:00,-5.4,959.7,21.3,270,46
2016-10-10 11:00:00,-5.5,959.5,22.3,249,52
2016-10-10 12:00:00,-4.8,959.3,26.3,242,47
2016-10-10 13:00:00,-5.4,959.2,19.9,258,49
2016-10-10 14:00:00,-5.7,959.1,18.5,257,49
2016-10-10 15:00:00,-6.6,959.2,15.8,337,50
2016-10-10 16:00:00,-6.8,958.8,14.8,38,54
2016-10-10 17:00:00,-7.1,958.7,15.3,41,54
2016-10-10 18:00:00,-7.1,958.6,17.9,307,50
2016-10-10 19:00:00,-6.4,958.4,28.4,308,40
2016-10-10 20:00:00,-5.8,958.4,28.5,309,36
2016-10-10 21:00:00,-6,958.6,29.1,312,37
2016-10-10 22:00:00,-6.8,958.7,30.3,339,35
2016-10-10 23:00:00,-7.3,958.6,32.9,337,33
2016-10-11 00:00:00,-7.8,958.8,32.3,338,32
2016-10-11 01:00:00,-7.1,959,27.4,339,31
2016-10-11 02:00:00,-8.3,959,26.6,349,33
2016-10-11 03:00:00,-8.6,959.4,22.8,347,33
2016-10-11 04:00:00,-10.6,959.3,29.6,358,34
2016-10-11 05:00:00,-9.9,959.9,25.4,358,35
2016-10-11 06:00:00,-10.4,959.9,22.2,8,40
2016-10-11 07:00:00,-9.7,960.4,16.9,84,41
2016-10-11 08:00:00,-8.4,960.4,16,187,43
2016-10-11 09:00:00,-9.5,960.9,16,245,44
2016-10-11 10:00:00,-8.5,960.9,22.8,78,45
2016-10-11 11:00:00,-8,961.4,19.4,202,37
2016-10-11 12:00:00,-7.8,961.2,16.9,169,39
2016-10-11 13:00:00,-8,961.4,18.5,179,40
2016-10-11 14:00:00,-7.6,960.9,16.2,73,39
2016-10-11 15:00:00,-8.6,960.4,15.6,152,38
2016-10-11 16:00:00,-9.9,959.9,18.6,360,46
2016-10-11 17:00:00,-9.7,959.7,13.9,139,45
2016-10-11 18:00:00,-11.5,959.3,18.5,10,54
2016-10-11 19:00:00,-12.7,959,22.5,13,54
2016-10-11 20:00:00,-13.9,958.6,24.6,7,53
2016-10-11 21:00:00,-13.8,957.8,23.3,3,49
2016-10-11 22:00:00,-13.1,956.9,27.2,357,43
2016-10-11 23:00:00,-13.6,956.1,25.9,359,40
2016-10-12 00:00:00,-14.3,955.1,20.8,7,44
2016-10-12 01:00:00,-14.3,954.5,25.6,357,38
2016-10-12 02:00:00,-14.8,953.2,32,0,38
2016-10-12 03:00:00,-13.8,951.7,27.9,346,38
2016-10-12 04:00:00,-13.7,950.4,29.7,346,36
2016-10-12 05:00:00,-13.4,949.5,26.4,348,36
2016-10-12 06:00:00,-12.8,948.4,30.8,352,34
2016-10-12 07:00:00,-11.9,947.1,31.5,353,34
2016-10-12 08:00:00,-11.9,946.1,29.4,0,38
2016-10-12 09:00:00,-10,945,24.5,355,35
2016-10-12 10:00:00,-9.5,944.1,17.6,315,38
2016-10-12 11:00:00,-6.7,943.4,17.7,163,33
2016-10-12 12:00:00,-7.8,942.1,23.8,343,36
2016-10-12 13:00:00,-7.7,941.3,19.3,320,39
2016-10-12 14:00:00,-6.6,941.5,14.4,302,35
2016-10-12 15:00:00,-7.4,941.8,22.5,291,43
2016-10-12 16:00:00,-8.3,941.9,21.6,253,44
2016-10-12 17:00:00,-8.8,942.8,18.3,242,48
2016-10-12 18:00:00,-10,943.3,17.2,163,55
2016-10-12 19:00:00,-9.7,943.6,17.9,99,55
2016-10-12 20:00:00,-5.7,944.4,29.9,292,50
2016-10-12 21:00:00,-5.4,945.1,29,309,52
2016-10-12 22:00:00,-5.2,946.1,32.7,305,50
2016-10-12 23:00:00,-5.8,947.7,32.3,307,51
2016-10-13 00:00:00,-5.9,949.2,29,293,52
2016-10-13 01:00:00,-6.8,950.1,28.7,292,52
2016-10-13 02:00:00,-6.3,951,28.9,301,46
2016-10-13 03:00:00,-6.6,952.3,28.1,300,42
2016-10-13 04:00:00,-6.6,953.6,34.7,321,41
2016-10-13 05:00:00,-6.4,954,35.3,318,40
2016-10-13 06:00:00,-7.9,955.5,35.8,332,42
2016-10-13 07:00:00,-7.8,956.5,39.2,345,39
2016-10-13 08:00:00,-7.3,957.8,40,337,41
2016-10-13 09:00:00,-7,958.9,37.8,340,41
2016-10-13 10:00:00,-6.6,960,38.6,342,39
2016-10-13 11:00:00,-6.3,961.1,39.8,341,36
2016-10-13 12:00:00,-5.9,962.1,33.5,339,36
2016-10-13 13:00:00,-5.9,963.2,32,341,33
2016-10-13 14:00:00,-6,964.1,29.4,346,35
2016-10-13 15:00:00,-7.2,965.6,28.1,342,37
2016-10-13 16:00:00,-8.1,966,33.2,339,37
2016-10-13 17:00:00,-8.9,966.5,36.1,344,37
2016-10-13 18:00:00,-9.6,967.5,33.2,347,38
2016-10-13 19:00:00,-10.2,968.4,34.9,350,34
2016-10-13 20:00:00,-10.3,968.7,31.2,352,32
2016-10-13 21:00:00,-11,969.2,29.9,351,33
2016-10-13 22:00:00,-11.4,969.5,27.2,350,31
2016-10-13 23:00:00,-11.7,969.9,29.8,352,33
2016-10-14 00:00:00,-12.5,970.1,30.5,352,34
2016-10-14 01:00:00,-12.7,970.1,31.9,351,32
2016-10-14 02:00:00,-12.9,970.3,27,352,32
2016-10-14 03:00:00,-13.8,970.6,29.4,350,32
2016-10-14 04:00:00,-13.6,971,28.8,351,31
2016-10-14 05:00:00,-14.3,971.2,29.2,354,36
2016-10-14 06:00:00,-12.7,971.5,29.4,351,37
2016-10-14 07:00:00,-11.8,971.5,34.9,347,36
2016-10-14 08:00:00,-11.1,972,34,346,37
2016-10-14 09:00:00,-10.3,971.9,32.6,343,37
2016-10-14 10:00:00,-9.3,971.9,26.8,339,39
2016-10-14 11:00:00,-9,971.7,25.8,346,34
2016-10-14 12:00:00,-8,971.7,17.6,353,34
2016-10-14 13:00:00,-8.3,971.5,15.1,323,34
2016-10-14 14:00:00,-7.2,971.5,19.3,179,44
2016-10-14 15:00:00,-7.8,970.9,19.7,119,39
2016-10-14 16:00:00,-8.6,970.6,18.5,20,40
2016-10-14 17:00:00,-9.2,970.6,18,305,55
2016-10-14 18:00:00,-10.9,970.7,21.2,292,53
2016-10-14 19:00:00,-11.2,971,22,287,43
2016-10-14 20:00:00,-12.3,971.2,14.4,256,47
2016-10-14 21:00:00,-11.6,970.7,23.2,304,37
2016-10-14 22:00:00,-12.2,970.8,23.6,291,40
2016-10-14 23:00:00,-12.4,970.8,29.3,304,39
2016-10-15 00:00:00,-13.3,971,29.1,298,43
2016-10-15 01:00:00,-13.9,972.1,28.6,311,49
2016-10-15 02:00:00,-13.6,971.6,28.2,320,44
2016-10-15 03:00:00,-13.2,970.9,25,328,40
2016-10-15 04:00:00,-14.4,971.1,17,249,46
2016-10-15 05:00:00,-15.4,971.4,21.2,305,40
2016-10-15 06:00:00,-15,971.3,19.5,320,47
2016-10-15 07:00:00,-14.6,970.9,21.4,301,41
2016-10-15 08:00:00,-14.2,970.6,21.6,283,42
2016-10-15 09:00:00,-13.5,970,20,260,42
2016-10-15 10:00:00,-12.7,969,34.2,271,44
2016-10-15 11:00:00,-14.4,969.3,33.2,270,45
2016-10-15 12:00:00,-13.7,968.9,26.3,291,42
2016-10-15 13:00:00,-12.2,967.4,24.1,301,37
2016-10-15 14:00:00,-11.7,966.9,24.4,298,37
2016-10-15 15:00:00,-12.3,966.5,29.7,273,36
2016-10-15 16:00:00,-12.2,965.3,26.3,286,43
2016-10-15 17:00:00,-12.4,964.9,28.4,282,43
2016-10-15 18:00:00,-13,964.5,28,289,43
2016-10-15 19:00:00,-13.8,964.5,26.8,283,44
2016-10-15 20:00:00,-13.9,964.9,31,289,40
2016-10-15 21:00:00,-14.4,965.3,28,284,41
2016-10-15 22:00:00,-14.5,964.8,30.2,292,40
2016-10-15 23:00:00,-14.6,964.6,32.2,293,38
2016-10-16 00:00:00,-14.5,964.1,33,291,36
2016-10-16 01:00:00,-14.8,964.2,32.9,291,35
2016-10-16 02:00:00,-15,964.1,32.5,296,36
2016-10-16 03:00:00,-15,964.1,34.7,293,36
2016-10-16 04:00:00,-15.1,964.3,31.9,296,36
2016-10-16 05:00:00,-14.8,964.3,34.7,297,36
2016-10-16 06:00:00,-14.3,964.7,32.9,287,34
2016-10-16 07:00:00,-13.8,964.7,34.1,279,34
2016-10-16 08:00:00,-13.2,964.5,36,279,33
2016-10-16 09:00:00,-12.8,964.5,36.2,283,34
2016-10-16 10:00:00,-12.1,964.4,37,280,33
2016-10-16 11:00:00,-11.4,964,36.7,284,33
2016-10-16 12:00:00,-11.3,963.6,32.9,301,36
2016-10-16 13:00:00,-11.2,963.6,33.8,299,38
2016-10-16 14:00:00,-11.2,963.5,36.3,299,35
2016-10-16 15:00:00,-11.6,964.1,39.6,294,38
2016-10-16 16:00:00,-12,964.2,32.7,302,40
2016-10-16 17:00:00,-12.3,964.1,35.3,302,42
2016-10-16 18:00:00,-12.3,963.6,39.2,303,40
2016-10-16 19:00:00,-12.5,963.9,39.2,300,42
2016-10-16 20:00:00,-12.7,964.4,40.2,302,42
2016-10-16 21:00:00,-12.5,963.8,43.7,310,43
2016-10-16 22:00:00,-12.2,963.4,46.1,311,41
2016-10-16 23:00:00,-12.2,963.1,42.6,308,39
2016-10-17 00:00:00,-12.5,962.5,47.3,310,39
2016-10-17 01:00:00,-12.6,961.7,40.3,299,38
2016-10-17 02:00:00,-12.6,961.3,44.8,302,35
2016-10-17 03:00:00,-12.5,960.8,45.5,306,33
2016-10-17 04:00:00,-12.9,959.5,43.3,303,30
2016-10-17 05:00:00,-12.1,958.9,46.4,312,31
2016-10-17 06:00:00,-12.2,957.6,50.1,313,29
2016-10-17 07:00:00,-11.4,957.7,45.5,309,32
2016-10-17 08:00:00,-11,956.8,44.4,309,33
2016-10-17 09:00:00,-10.3,955.1,44.4,303,35
2016-10-17 10:00:00,-10,953,49.9,312,36
2016-10-17 11:00:00,-9.4,951.5,52.5,312,34
2016-10-17 12:00:00,-8.9,950.2,45.9,308,35
2016-10-17 13:00:00,-8.1,949.5,51.5,315,36
2016-10-17 14:00:00,-7.5,948.1,50,313,36
2016-10-17 15:00:00,-7.1,946.8,53.9,315,35
2016-10-17 16:00:00,-6.9,946.1,51.2,316,35
2016-10-17 17:00:00,-6.8,945.2,52,317,34
2016-10-17 18:00:00,-6.5,944.7,49.1,313,35
2016-10-17 19:00:00,-6.1,943.8,49.5,321,35
2016-10-17 20:00:00,-6.3,943.1,46.6,322,37
2016-10-17 21:00:00,-6.2,942.6,40.1,332,37
2016-10-17 22:00:00,-5.6,942.3,46.3,334,36
2016-10-17 23:00:00,-5.7,942.5,42.9,324,37
2016-10-18 00:00:00,-5.4,942.1,42.4,316,37
2016-10-18 01:00:00,-5.1,941.8,40.4,312,34
2016-10-18 02:00:00,-5.3,941.9,32.3,310,36
2016-10-18 03:00:00,-5.3,941.5,36.9,315,34
2016-10-18 04:00:00,-5.2,941,36.3,315,35
2016-10-18 05:00:00,-5.8,941.6,29.8,314,36
2016-10-18 06:00:00,-5,941.4,29.7,306,34
2016-10-18 07:00:00,-5.5,941.4,27.9,341,36
2016-10-18 08:00:00,-4.7,941.7,31.4,312,32
2016-10-18 09:00:00,-4.5,941.3,32.6,329,33
2016-10-18 10:00:00,-4.3,941.2,27.5,343,34
2016-10-18 11:00:00,-4.1,940.9,27.3,346,37
2016-10-18 12:00:00,-4,940.2,36.7,321,40
2016-10-18 13:00:00,-3.3,939.6,41.5,324,38
2016-10-18 14:00:00,-2.9,939.9,40.9,320,38
2016-10-18 15:00:00,-2.9,939.8,39.7,320,39
2016-10-18 16:00:00,-2.6,940.2,37.6,315,38
2016-10-18 17:00:00,-2.9,940.7,34.8,319,41
2016-10-18 18:00:00,-3.4,940.5,34.6,321,42
2016-10-18 19:00:00,-2.9,940,38,317,42
2016-10-18 20:00:00,-3,941.1,39.8,312,52
2016-10-18 21:00:00,-3.3,942.6,35.9,310,58
2016-10-18 22:00:00,-3.7,943.7,36.6,314,61
2016-10-18 23:00:00,-4.2,945.1,32.7,307,60
2016-10-19 00:00:00,-4.7,945.6,41.7,311,57
2016-10-19 01:00:00,-5.1,947.2,36.6,309,64
2016-10-19 02:00:00,-5.5,948.3,38.4,309,65
2016-10-19 03:00:00,-5.5,949.4,41.8,311,60
2016-10-19 04:00:00,-5.4,950.7,39,310,56
2016-10-19 05:00:00,-4.7,951.8,39.9,310,51
2016-10-19 06:00:00,-4,952.5,35.8,311,49
2016-10-19 07:00:00,-3.5,953.4,36.3,304,47
2016-10-19 08:00:00,-4.1,954.3,35.7,301,50
2016-10-19 09:00:00,-4.2,955.1,36,294,55
2016-10-19 10:00:00,-4.3,956.3,30.7,291,57
2016-10-19 11:00:00,-4.2,956.8,33.4,295,55
2016-10-19 12:00:00,-4,957.3,32.6,294,55
2016-10-19 13:00:00,-4.1,957.7,33.7,292,58
2016-10-19 14:00:00,-4.7,958.5,38.9,289,59
2016-10-19 15:00:00,-5,959.2,32.5,294,59
2016-10-19 16:00:00,-5.1,959.3,31,293,57
2016-10-19 17:00:00,-5.2,959.4,29.7,300,59
2016-10-19 18:00:00,-5.5,959.6,31.2,299,62
2016-10-19 19:00:00,-5.7,959.9,31.4,299,63
2016-10-19 20:00:00,-6.1,960,34.3,303,67
2016-10-19 21:00:00,-6.4,960.7,34.4,303,63
2016-10-19 22:00:00,-6.3,961,35.3,304,61
2016-10-19 23:00:00,-6.5,961.4,29.9,300,63
2016-10-20 00:00:00,-6.5,961.5,31.9,302,62
2016-10-20 01:00:00,-6.7,961.6,33.4,309,65
2016-10-20 02:00:00,-6.9,961.3,29.7,303,68
2016-10-20 03:00:00,-7.2,961.6,32.1,303,73
2016-10-20 04:00:00,-7.2,961.7,31.2,304,74
2016-10-20 05:00:00,-7.2,962.2,30.5,296,74
2016-10-20 06:00:00,-6.7,962.9,30.4,298,73
2016-10-20 07:00:00,-6.9,963.8,27.6,297,72
2016-10-20 08:00:00,-6.6,964.6,24.1,298,72
2016-10-20 09:00:00,-6,964.5,25.2,282,67
2016-10-20 10:00:00,-6,964,29.2,295,69
2016-10-20 11:00:00,-5.8,963.6,26,293,65
2016-10-20 12:00:00,-5.3,963,26.2,294,60
2016-10-20 13:00:00,-5.2,962.6,28.8,293,60
2016-10-20 14:00:00,-5.5,962.1,26.7,296,62
2016-10-20 15:00:00,-5.9,961.9,28.3,294,65
2016-10-20 16:00:00,-5.9,961.3,26.2,301,62
2016-10-20 17:00:00,-6.2,961.1,24.1,299,62
2016-10-20 18:00:00,-6.3,961.1,27.3,308,61
2016-10-20 19:00:00,-6.3,960.9,24.3,298,63
2016-10-20 20:00:00,-6.7,960.9,24.5,304,72
2016-10-20 21:00:00,-6.9,961,25,299,72
2016-10-20 22:00:00,-7.2,960.9,25.1,295,64
2016-10-20 23:00:00,-6.8,960.6,26.6,304,48
2016-10-21 00:00:00,-6.8,960.5,26.2,304,44
2016-10-21 01:00:00,-7,960.5,26.3,296,43
2016-10-21 02:00:00,-7.3,960.3,27.2,296,42
2016-10-21 03:00:00,-7.4,960.2,25.9,294,42
2016-10-21 04:00:00,-7.6,959.9,27.1,294,43
2016-10-21 05:00:00,-7.7,959.8,29.5,291,41
2016-10-21 06:00:00,-7.7,959.8,28.3,286,39
2016-10-21 07:00:00,-7.8,959.6,31.3,293,40
2016-10-21 08:00:00,-8,959.8,29.9,284,43
2016-10-21 09:00:00,-8.1,959.4,30,292,46
2016-10-21 10:00:00,-8.1,959.4,29.8,295,49
2016-10-21 11:00:00,-8.1,959.2,30.3,288,50
2016-10-21 12:00:00,-8,958.7,30.2,284,52
2016-10-21 13:00:00,-8.1,958.3,28.9,284,55
2016-10-21 14:00:00,-8.3,958,32.3,288,58
2016-10-21 15:00:00,-8.4,957.6,35,284,58
2016-10-21 16:00:00,-8.6,957.5,33.5,287,59
2016-10-21 17:00:00,-8.7,957.4,32.4,282,62
2016-10-21 18:00:00,-8.8,957.2,31.7,287,61
2016-10-21 19:00:00,-9.2,957.3,34.4,291,63
2016-10-21 20:00:00,-9.3,957.1,35.5,300,60
2016-10-21 21:00:00,-9.5,957.2,36.5,302,66
2016-10-21 22:00:00,-9.6,956.7,39.6,303,69
2016-10-21 23:00:00,-9.7,956.4,39.8,306,71
2016-10-22 00:00:00,-9.8,956.6,42.4,303,75
2016-10-22 01:00:00,-10.6,956.3,43.3,308,87
2016-10-22 02:00:00,-10.8,956.1,44.7,305,89
2016-10-22 03:00:00,-11.2,956.5,45.2,301,89
2016-10-22 04:00:00,-11.5,956.4,42.7,300,89
2016-10-22 05:00:00,-11.4,956.4,43.8,300,88
2016-10-22 06:00:00,-11.2,956.6,41.3,301,87
2016-10-22 07:00:00,-11,956.4,41.9,303,85
2016-10-22 08:00:00,-10.8,956,42.3,303,83
2016-10-22 09:00:00,-10.7,956.1,43.7,298,82
2016-10-22 10:00:00,-11.1,956.1,40.3,299,89
2016-10-22 11:00:00,-10.9,956.6,39.9,301,90
2016-10-22 12:00:00,-11,957.2,40.1,285,90
2016-10-22 13:00:00,-11,958,38.7,275,90
2016-10-22 14:00:00,-10.9,959.3,35.6,271,90
2016-10-22 15:00:00,-10.7,959.6,33,273,90
2016-10-22 16:00:00,-10.7,959.9,31.1,283,90
2016-10-22 17:00:00,-10.7,959.9,34.6,282,90
2016-10-22 18:00:00,-10.6,960,28.5,286,90
2016-10-22 19:00:00,-10.6,960.3,30.7,285,90
2016-10-22 20:00:00,-10.6,960.6,29.3,295,90
2016-10-22 21:00:00,-10.6,960.9,33.4,284,90
2016-10-22 22:00:00,-10.6,961.6,31.9,281,90
2016-10-22 23:00:00,-10.7,962.1,26.8,290,90
2016-10-23 00:00:00,-10.8,962.5,26.6,292,90
2016-10-23 01:00:00,-11,962.9,25.7,293,90
2016-10-23 02:00:00,-11.2,963.5,27.2,295,89
2016-10-23 03:00:00,-11.4,963.9,27,295,89
2016-10-23 04:00:00,-11.6,964.1,27.7,294,89
2016-10-23 05:00:00,-11.7,964.4,26.5,299,89
2016-10-23 06:00:00,-11.8,964.6,29.6,302,89
2016-10-23 07:00:00,-11.8,964.9,28.1,298,89
2016-10-23 08:00:00,-11.7,965,29.7,303,89
2016-10-23 09:00:00,-11.4,964.5,30.2,293,89
2016-10-23 10:00:00,-11.2,964.1,31.6,293,89
2016-10-23 11:00:00,-11.2,964,32.6,288,89
2016-10-23 12:00:00,-11.1,963.5,31.8,292,89
2016-10-23 13:00:00,-10.8,963.1,34.3,290,88
2016-10-23 14:00:00,-10.6,962.7,30.1,294,88
2016-10-23 15:00:00,-10.6,961.6,34.6,302,87
2016-10-23 16:00:00,-10.4,961.5,31.2,305,85
2016-10-23 17:00:00,-10.3,961.6,32.4,302,82
2016-10-23 18:00:00,-10.5,961.8,33.5,302,79
2016-10-23 19:00:00,-10.3,961.5,32.6,302,75
2016-10-23 20:00:00,-10,961.3,37.3,303,69
2016-10-23 21:00:00,-9.7,961.5,34.7,302,59
2016-10-23 22:00:00,-9.7,961.6,34.7,300,58
2016-10-23 23:00:00,-9.7,962.1,37.5,302,57
2016-10-24 00:00:00,-9.8,962.6,36.6,301,59
2016-10-24 01:00:00,-10.1,963.4,33.9,302,61
2016-10-24 02:00:00,-10.2,963.8,34.3,304,61
2016-10-24 03:00:00,-10.7,964.3,35,302,74
2016-10-24 04:00:00,-11.2,965.2,33.3,298,84
2016-10-24 05:00:00,-11.3,965.8,34.3,292,86
2016-10-24 06:00:00,-11.4,966.8,34.3,299,88
2016-10-24 07:00:00,-11.4,967.8,35.2,304,88
2016-10-24 08:00:00,-11.2,968.3,33.9,295,89
2016-10-24 09:00:00,-10.9,968.3,37.4,293,89
2016-10-24 10:00:00,-10.6,968.6,34,302,90
2016-10-24 11:00:00,-10.3,968.8,32.8,297,90
2016-10-24 12:00:00,-10.1,968.9,34,301,90
2016-10-24 13:00:00,-10,968,35.8,303,90
2016-10-24 14:00:00,-9.7,967.8,39.3,305,91
2016-10-24 15:00:00,-9.5,967.8,39.4,308,91
2016-10-24 16:00:00,-9.5,967.5,38.7,304,91
2016-10-24 17:00:00,-9.7,967.2,40.8,303,91
2016-10-24 18:00:00,-9.8,967.2,37.9,307,90
2016-10-24 19:00:00,-9.9,966.3,43,309,90
2016-10-24 20:00:00,-10,964.8,42.5,304,90
2016-10-24 21:00:00,-10.1,963.4,47.2,303,90
2016-10-24 22:00:00,-10,961.9,52.1,312,90
2016-10-24 23:00:00,-9.8,961.1,50.5,312,90
2016-10-25 00:00:00,-9.7,960,55.1,313,90
2016-10-25 01:00:00,-8.8,958.4,56.6,314,90
2016-10-25 02:00:00,-8.7,957.6,48.8,310,91
2016-10-25 03:00:00,-8.2,957.1,54,312,89
2016-10-25 04:00:00,-7.9,957.2,49.5,312,88
2016-10-25 05:00:00,-7.3,957.1,45.7,311,87
2016-10-25 06:00:00,-7.1,958.4,39.6,291,88
2016-10-25 07:00:00,-7.4,959.5,30,284,89
2016-10-25 08:00:00,-7.9,960.6,35.3,282,88
2016-10-25 09:00:00,-7.9,961.9,37.5,281,87
2016-10-25 10:00:00,-8,962.5,31.6,282,89
2016-10-25 11:00:00,-7.8,963,34.8,271,89
2016-10-25 12:00:00,-7.5,963.9,35.8,275,87
2016-10-25 13:00:00,-7.4,964.3,35.1,282,87
2016-10-25 14:00:00,-7.3,964.9,32.6,288,86
2016-10-25 15:00:00,-7.3,965.8,27.7,280,87
2016-10-25 16:00:00,-7.3,966,28.5,286,85
2016-10-25 17:00:00,-7.5,966.4,27.2,293,84
2016-10-25 18:00:00,-7.3,966.9,26.3,292,80
2016-10-25 19:00:00,-8,967.9,26.8,288,79
2016-10-25 20:00:00,-8.5,968.5,27.1,290,78
2016-10-25 21:00:00,-8.7,969,28.1,308,76
2016-10-25 22:00:00,-8.4,969.6,32.1,304,72
2016-10-25 23:00:00,-8.8,970.1,37.3,314,72
2016-10-26 00:00:00,-8.8,970.5,33.1,308,70
2016-10-26 01:00:00,-8.2,970.4,29,299,69
2016-10-26 02:00:00,-7.3,969.7,35.5,307,64
2016-10-26 03:00:00,-6.9,968.9,39.2,311,67
2016-10-26 04:00:00,-6.9,968.2,33.6,297,78
2016-10-26 05:00:00,-6.5,967.1,40,306,80
2016-10-26 06:00:00,-6.7,967,37.1,304,87
2016-10-26 07:00:00,-6.4,966.4,38.3,303,85
2016-10-26 08:00:00,-6.1,966.1,37.8,304,80
2016-10-26 09:00:00,-6.2,965.2,38,302,85
2016-10-26 10:00:00,-6,963.2,38.1,302,80
2016-10-26 11:00:00,-5.3,961,43.6,305,66
2016-10-26 12:00:00,-4.8,959.5,42,297,59
2016-10-26 13:00:00,-3.7,957.8,41,302,50
2016-10-26 14:00:00,-3.3,955.9,45.2,317,48
2016-10-26 15:00:00,-3.7,954.6,48.3,290,50
2016-10-26 16:00:00,-4.9,952.8,50.4,289,52
2016-10-26 17:00:00,-5.2,952.5,49.1,289,50
2016-10-26 18:00:00,-5.1,951.9,49.3,305,50
2016-10-26 19:00:00,-5.3,951.4,47.2,296,48
2016-10-26 20:00:00,-5.7,951.2,45.2,293,51
2016-10-26 21:00:00,-5.8,950.3,44.3,296,52
2016-10-26 22:00:00,-6,949.8,44.8,302,50
2016-10-26 23:00:00,-6.5,948.6,45.4,294,51
2016-10-27 00:00:00,-6.5,948.4,44.7,291,48
2016-10-27 01:00:00,-6.6,948.9,43.3,280,51
2016-10-27 02:00:00,-7,949,44,283,54
2016-10-27 03:00:00,-7.1,948.6,43.1,289,52
2016-10-27 04:00:00,-7.1,948.6,41.5,294,54
2016-10-27 05:00:00,-6.8,949.4,40.4,298,54
2016-10-27 06:00:00,-6.5,949.6,46,309,49
2016-10-27 07:00:00,-6.5,950.3,41.6,320,50
2016-10-27 08:00:00,-6.4,950.8,41.1,308,50
2016-10-27 09:00:00,-6.3,950.8,40.5,304,50
2016-10-27 10:00:00,-6,951.1,40.7,302,52
2016-10-27 11:00:00,-5.9,951.4,41.9,302,52
2016-10-27 12:00:00,-5.6,951.6,39,298,53
2016-10-27 13:00:00,-5.3,951.7,40.8,299,50
2016-10-27 14:00:00,-5.3,952,40.5,293,53
2016-10-27 15:00:00,-5.3,952.5,34.7,293,55
2016-10-27 16:00:00,-5.5,952.6,34.8,293,54
2016-10-27 17:00:00,-5.6,953.1,37,291,54
2016-10-27 18:00:00,-5.8,953.5,35.6,291,55
2016-10-27 19:00:00,-6.1,953.6,34.9,294,56
2016-10-27 20:00:00,-6.2,953.9,32.1,298,54
2016-10-27 21:00:00,-6.9,954.2,35.7,302,55
2016-10-27 22:00:00,-7,954.1,37.8,303,55
2016-10-27 23:00:00,-7,954.4,37.9,303,56
2016-10-28 00:00:00,-6.9,954.5,36.9,306,54
2016-10-28 01:00:00,-6.8,954.3,36,301,50
2016-10-28 02:00:00,-6.6,954.1,40.5,304,45
2016-10-28 03:00:00,-7,954.4,35.6,292,50
2016-10-28 04:00:00,-7.2,954.4,40.6,304,52
2016-10-28 05:00:00,-6.7,954.9,41.1,303,47
2016-10-28 06:00:00,-6.6,955.7,38.8,303,48
2016-10-28 07:00:00,-6.6,955.9,37.2,305,48
2016-10-28 08:00:00,-6.3,955.6,37.8,303,48
2016-10-28 09:00:00,-6,955.6,37.8,302,48
2016-10-28 10:00:00,-5.8,955.4,37.9,299,49
2016-10-28 11:00:00,-5.6,955.6,34.9,299,50
2016-10-28 12:00:00,-5.2,955.2,33.2,297,49
2016-10-28 13:00:00,-5.1,955.1,37.2,295,48
2016-10-28 14:00:00,-5.1,954.8,36.2,300,48
2016-10-28 15:00:00,-5.2,954.8,35.3,304,47
2016-10-28 16:00:00,-5.4,954.9,33,302,49
2016-10-28 17:00:00,-5.7,954.9,34.5,308,48
2016-10-28 18:00:00,-6.1,954.8,37.9,311,47
2016-10-28 19:00:00,-6.4,955.3,36.4,309,47
2016-10-28 20:00:00,-6.6,955.4,37.8,307,44
2016-10-28 21:00:00,-6.6,955.3,40.3,312,42
2016-10-28 22:00:00,-6.6,955.1,43.6,318,39
2016-10-28 23:00:00,-6.6,955.1,39.5,317,41
2016-10-29 00:00:00,-6.5,954.7,39,314,38
2016-10-29 01:00:00,-6.9,954.9,39.5,313,38
2016-10-29 02:00:00,-8.2,954.8,41.4,334,43
2016-10-29 03:00:00,-8.9,954.5,41.8,344,42
2016-10-29 04:00:00,-9,954.4,41.2,341,42
2016-10-29 05:00:00,-8.9,954.4,42.4,342,41
2016-10-29 06:00:00,-8.4,954.4,40.8,342,41
2016-10-29 07:00:00,-7.8,954.6,37.1,344,39
2016-10-29 08:00:00,-7.3,954.6,34.8,347,41
2016-10-29 09:00:00,-6.3,954.4,38.1,331,38
2016-10-29 10:00:00,-6,954.3,32.2,329,42
2016-10-29 11:00:00,-5.5,954.1,32.3,331,43
2016-10-29 12:00:00,-5.2,954.2,28.2,343,43
2016-10-29 13:00:00,-4.5,954,26.2,338,38
2016-10-29 14:00:00,-4.2,953.9,23.7,340,39
2016-10-29 15:00:00,-4.5,953.7,25.1,342,38
2016-10-29 16:00:00,-5.2,953.4,23.5,350,42
2016-10-29 17:00:00,-5.9,953.4,27.2,347,40
2016-10-29 18:00:00,-6.7,953.2,25.3,353,39
2016-10-29 19:00:00,-7.9,953.2,31.1,352,37
2016-10-29 20:00:00,-9.1,953.1,30.7,351,38
2016-10-29 21:00:00,-9.9,952.7,34.5,352,38
2016-10-29 22:00:00,-10.1,952.1,30.7,352,35
2016-10-29 23:00:00,-10.1,951.5,32.4,354,35
2016-10-30 00:00:00,-10.7,951.1,32,354,37
2016-10-30 01:00:00,-10.5,950.6,30.5,353,39
2016-10-30 02:00:00,-9.7,950.1,31.5,351,37
2016-10-30 03:00:00,-9.7,949.5,33.2,356,39
2016-10-30 04:00:00,-9.1,949.2,33.3,355,41
2016-10-30 05:00:00,-8.5,948.6,31.4,355,44
2016-10-30 06:00:00,-7.4,948.1,31.7,354,40
2016-10-30 07:00:00,-6.4,947.6,29.1,354,40
2016-10-30 08:00:00,-5.6,946.6,27,353,40
2016-10-30 09:00:00,-4.5,945.5,25.5,353,40
2016-10-30 10:00:00,-3,944.1,27.6,345,37
2016-10-30 11:00:00,-2.3,942.9,24,355,42
2016-10-30 12:00:00,-1.9,941.9,20.5,352,44
2016-10-30 13:00:00,-1.6,941.5,18.8,193,42
2016-10-30 14:00:00,-0.9,941,24.6,312,49
2016-10-30 15:00:00,-1.2,940.1,24.5,346,54
2016-10-30 16:00:00,-1.9,939.5,27.1,341,58
2016-10-30 17:00:00,-3.2,939,36.5,325,83
2016-10-30 18:00:00,-1.6,938.5,34.2,305,50
2016-10-30 19:00:00,-1.9,938.7,35.7,306,49
2016-10-30 20:00:00,-1.9,939.3,35.7,310,46
2016-10-30 21:00:00,-2.1,940.1,31.1,304,47
2016-10-30 22:00:00,-2.5,941.3,26.1,302,50
2016-10-30 23:00:00,-2.7,942.1,26.2,300,49
2016-10-31 00:00:00,-3.6,943.3,25.7,306,56
2016-10-31 01:00:00,-3.6,943.2,36.8,310,45
2016-10-31 02:00:00,-3.9,943.3,40.3,322,44
2016-10-31 03:00:00,-3.4,943.1,40,320,40
2016-10-31 04:00:00,-2.4,943.3,42.9,315,37
2016-10-31 05:00:00,-1.6,943.5,49.1,313,36
2016-10-31 06:00:00,-1.7,942.9,48.5,311,38
2016-10-31 07:00:00,-2,942.8,50.3,311,48
2016-10-31 08:00:00,-2.2,944.2,44.1,308,55
2016-10-31 09:00:00,-2.3,945.9,42.1,303,60
2016-10-31 10:00:00,-2.6,948.3,34.6,296,67
2016-10-31 11:00:00,-3.3,950.9,32.4,280,81
2016-10-31 12:00:00,-3.3,952.4,35.4,303,73
2016-10-31 13:00:00,-3.8,955.1,34.5,294,76
2016-10-31 14:00:00,-4.3,956.9,29.9,293,82
2016-10-31 15:00:00,-4.9,958.8,29.9,293,85
2016-10-31 16:00:00,-5.3,960.4,28.3,291,85
2016-10-31 17:00:00,-5.1,961.7,27.9,297,76
2016-10-31 18:00:00,-5.5,963,28.7,295,77
2016-10-31 19:00:00,-5.2,964.8,24.1,288,71
2016-10-31 20:00:00,-4.6,966.1,28.6,299,68
2016-10-31 21:00:00,-4.2,966.9,30.2,309,68
2016-10-31 22:00:00,-4,967.8,33,307,58
2016-10-31 23:00:00,-4,968.6,36.4,310,55
2016-11-01 00:00:00,-3.8,969.4,32.6,310,46
2016-11-01 01:00:00,-3.9,970,31.9,314,44
2016-11-01 02:00:00,-5,970.8,30.6,335,46
2016-11-01 03:00:00,-5.1,971.5,34.4,341,41
2016-11-01 04:00:00,-4.8,972.4,33.5,345,38
2016-11-01 05:00:00,-4.8,973.2,35.9,340,41
2016-11-01 06:00:00,-5.5,973.8,33,347,50
2016-11-01 07:00:00,-3.9,974.6,35.8,343,43
2016-11-01 08:00:00,-2.9,975.1,32.8,335,42
2016-11-01 09:00:00,-1.8,976,28.4,301,42
2016-11-01 10:00:00,-1.1,976.9,31.1,309,43
2016-11-01 11:00:00,-1,977.4,29.6,304,42
2016-11-01 12:00:00,-0.8,978.2,27.2,298,41
2016-11-01 13:00:00,-0.4,978.4,29.6,291,40
2016-11-01 14:00:00,-0.7,979.1,30,278,46
2016-11-01 15:00:00,-1.5,979.7,28,290,52
2016-11-01 16:00:00,-2.3,980.4,27.5,287,56
2016-11-01 17:00:00,-2.5,981,21.8,296,59
2016-11-01 18:00:00,-2.9,981.4,21.4,290,59
2016-11-01 19:00:00,-3.2,981.7,17.3,300,63
2016-11-01 20:00:00,-3.2,981.8,22.4,335,55
2016-11-01 21:00:00,-3.9,981.8,23.9,337,51
2016-11-01 22:00:00,-5.4,981.4,27.8,358,51
2016-11-01 23:00:00,-6.4,981.3,30.6,356,46
2016-11-02 00:00:00,-6.7,981.2,33.3,352,38
2016-11-02 01:00:00,-7.2,981,31.3,352,39
2016-11-02 02:00:00,-7.1,981.2,30.1,351,36
2016-11-02 03:00:00,-7.9,981.1,29.6,352,37
2016-11-02 04:00:00,-7.7,980.8,30.8,347,36
2016-11-02 05:00:00,-7.4,981,28.6,351,39
2016-11-02 06:00:00,-6.9,981,27,352,42
2016-11-02 07:00:00,-5.6,980.5,26,347,38
2016-11-02 08:00:00,-5,980.5,27,349,43
2016-11-02 09:00:00,-4.3,980,27.3,345,43
2016-11-02 10:00:00,-3.3,979.8,22.4,345,42
2016-11-02 11:00:00,-2.3,979.6,16.8,308,37
2016-11-02 12:00:00,-1.8,979,17.5,278,32
2016-11-02 13:00:00,-1.6,978.7,21.6,296,33
2016-11-02 14:00:00,-1.5,978.3,20.1,296,34
2016-11-02 15:00:00,-1.8,977.9,20.2,281,36
2016-11-02 16:00:00,-1.8,977.7,15.9,210,42
2016-11-02 17:00:00,-2.8,977.4,16,332,47
2016-11-02 18:00:00,-3.6,977.2,18.5,235,56
2016-11-02 19:00:00,-5,977.1,14.8,295,60
2016-11-02 20:00:00,-5.6,976.9,22.1,333,49
2016-11-02 21:00:00,-6.1,976.9,23.7,325,48
2016-11-02 22:00:00,-6.2,976.3,24,342,45
2016-11-02 23:00:00,-6.6,976.3,24.1,347,46
2016-11-03 00:00:00,-6.9,976.2,25.3,340,48
2016-11-03 01:00:00,-6.9,975.9,26.7,342,47
2016-11-03 02:00:00,-6.6,975.7,24.9,349,49
2016-11-03 03:00:00,-6.6,975.3,23.8,349,47
2016-11-03 04:00:00,-6.8,974.7,27.1,352,44
2016-11-03 05:00:00,-5.9,974,24.5,352,41
2016-11-03 06:00:00,-6.1,973.4,28.1,357,42
2016-11-03 07:00:00,-5.8,973,28.4,352,39
2016-11-03 08:00:00,-4.7,973,25.8,351,39
2016-11-03 09:00:00,-3.4,972.6,24,341,40
2016-11-03 10:00:00,-1.6,972.4,22.8,287,36
2016-11-03 11:00:00,-1.1,972.1,18.6,306,39
2016-11-03 12:00:00,-0.8,972,20.2,262,42
2016-11-03 13:00:00,0,971.5,18.6,175,46
2016-11-03 14:00:00,0,971.3,24.7,247,44
2016-11-03 15:00:00,-0.2,971.2,24.8,252,46
2016-11-03 16:00:00,-1.7,971.3,17.5,216,57
2016-11-03 17:00:00,-2.2,971.3,20.1,262,57
2016-11-03 18:00:00,-2.6,971.8,21.2,247,62
2016-11-03 19:00:00,-3.5,972.4,17.1,286,63
2016-11-03 20:00:00,-3.9,973.1,19.9,292,61
2016-11-03 21:00:00,-4.5,973.8,21.1,281,63
2016-11-03 22:00:00,-4.9,974.4,21.3,312,65
2016-11-03 23:00:00,-5.2,974.9,25.8,287,54
2016-11-04 00:00:00,-4.8,975,27.6,294,55
2016-11-04 01:00:00,-4.9,975.3,30.9,308,57
2016-11-04 02:00:00,-5.2,975.5,32.8,315,58
2016-11-04 03:00:00,-4.8,976.3,29.7,292,57
2016-11-04 04:00:00,-4.8,976.9,28.7,291,52
2016-11-04 05:00:00,-4.5,977.4,30.3,302,45
2016-11-04 06:00:00,-4,977.4,28.5,297,43
2016-11-04 07:00:00,-3.6,977.7,27.9,292,43
2016-11-04 08:00:00,-2.7,977.8,24.1,297,46
2016-11-04 09:00:00,-2.6,977.7,29.5,292,45
2016-11-04 10:00:00,-1.6,977.5,29.4,276,40
2016-11-04 11:00:00,-1.8,977.1,27.4,287,43
2016-11-04 12:00:00,-1.5,976.8,25.4,282,42
2016-11-04 13:00:00,-0.9,976.3,25,279,41
2016-11-04 14:00:00,-0.1,975.8,22.5,250,41
2016-11-04 15:00:00,-0.7,975.3,18.4,242,46
2016-11-04 16:00:00,-0.7,974.7,18.4,268,45
2016-11-04 17:00:00,-1.9,974.1,16.7,276,49
2016-11-04 18:00:00,-1.9,973.6,19.3,291,50
2016-11-04 19:00:00,-2.2,973.1,18.6,327,53
2016-11-04 20:00:00,-2.4,972.3,25.7,338,48
2016-11-04 21:00:00,-2.1,972,24.4,311,47
2016-11-04 22:00:00,-1.7,971.5,29.8,308,43
2016-11-04 23:00:00,-2,971.2,31.5,309,46
2016-11-05 00:00:00,-2,971.2,30.6,306,45
2016-11-05 01:00:00,-2.5,971.6,30.1,301,42
2016-11-05 02:00:00,-2.9,971.8,31,304,41
2016-11-05 03:00:00,-3,972.1,30.4,304,39
2016-11-05 04:00:00,-2.6,972.2,28.4,294,37
2016-11-05 05:00:00,-2.9,971.9,22.6,287,38
2016-11-05 06:00:00,-2.6,971.5,26.3,295,42
2016-11-05 07:00:00,-1.7,971,24.1,290,39
2016-11-05 08:00:00,-1.4,970.9,22.6,259,41
2016-11-05 09:00:00,-1,970.7,25.3,282,37
2016-11-05 10:00:00,-0.1,970.2,29.2,266,34
2016-11-05 11:00:00,0.9,969.8,20.1,233,40
2016-11-05 12:00:00,1.3,969.3,21,216,42
2016-11-05 13:00:00,1.6,968.8,22.1,265,44
2016-11-05 14:00:00,1.9,968.1,29.2,292,42
2016-11-05 15:00:00,1.5,967.2,29.4,301,45
2016-11-05 16:00:00,1.2,966.7,30.7,302,44
2016-11-05 17:00:00,0.8,966.1,28.2,298,45
2016-11-05 18:00:00,0.1,966,27.7,288,43
2016-11-05 19:00:00,-0.5,965.6,28.9,290,43
2016-11-05 20:00:00,-0.8,965.1,36.6,310,35
2016-11-05 21:00:00,-1.4,965.3,32,302,33
2016-11-05 22:00:00,-1.9,965.1,36.3,308,32
2016-11-05 23:00:00,-2.9,965.4,36.7,304,34
2016-11-06 00:00:00,-3.7,965.5,38,305,35
2016-11-06 01:00:00,-4.5,965.6,34.2,306,38
2016-11-06 02:00:00,-4.8,965.8,37.5,308,34
2016-11-06 03:00:00,-4.8,965.7,43,309,32
2016-11-06 04:00:00,-4.9,965.9,32.5,301,36
2016-11-06 05:00:00,-4.9,966.3,41.5,293,35
2016-11-06 06:00:00,-4.9,966.5,38.8,291,34
2016-11-06 07:00:00,-5,967.1,37.1,292,37
2016-11-06 08:00:00,-4.8,967.2,35.4,290,36
2016-11-06 09:00:00,-5.1,967.5,35.7,285,35
2016-11-06 10:00:00,-5.1,966.9,39.5,287,36
2016-11-06 11:00:00,-5,967.1,35.6,283,39
2016-11-06 12:00:00,-5,967.3,35.6,279,43
2016-11-06 13:00:00,-4.9,967.7,29.5,279,47
2016-11-06 14:00:00,-4.9,967.3,32,281,45
2016-11-06 15:00:00,-4.7,966.8,29.4,110,43
2016-11-06 16:00:00,-4.9,966.8,28.3,113,45
2016-11-06 17:00:00,-5.2,967.2,25.4,106,47
2016-11-06 18:00:00,-5.6,967.2,25.2,115,50
2016-11-06 19:00:00,-5.8,967.3,26.2,112,49
2016-11-06 20:00:00,-6.3,967.3,26,110,51
2016-11-06 21:00:00,-6.4,967.6,26.5,113,52
2016-11-06 22:00:00,-6.8,967.9,28,114,53
2016-11-06 23:00:00,-7.3,968.1,27.9,114,55
2016-11-07 00:00:00,-7.4,968.4,24.9,114,57
2016-11-07 01:00:00,-7.6,968.7,26,111,57
2016-11-07 02:00:00,-7.9,968.8,26.9,116,61
2016-11-07 03:00:00,-8,968.7,29.2,115,54
2016-11-07 04:00:00,-8.2,968.5,33.8,115,50
2016-11-07 05:00:00,-8.3,969,30.9,120,52
2016-11-07 06:00:00,-8.3,969.3,31,121,51
2016-11-07 07:00:00,-8.1,969.7,28.1,122,52
2016-11-07 08:00:00,-7.8,969.7,32.7,118,51
2016-11-07 09:00:00,-7.4,970.1,29.8,118,53
2016-11-07 10:00:00,-7,970.1,27.4,113,55
2016-11-07 11:00:00,-6.6,970.1,30.4,113,57
2016-11-07 12:00:00,-6.1,969.8,28.8,112,57
2016-11-07 13:00:00,-5.6,969.4,26.5,112,55
2016-11-07 14:00:00,-5.3,969,26.2,112,54
2016-11-07 15:00:00,-5.4,968.7,28.8,103,57
2016-11-07 16:00:00,-5.6,968.5,25.8,104,59
2016-11-07 17:00:00,-5.4,968.3,23.6,105,58
2016-11-07 18:00:00,-5.3,967.8,23.4,111,59
2016-11-07 19:00:00,-5.8,967.6,24.1,112,58
2016-11-07 20:00:00,-5.9,967.5,24.3,114,64
2016-11-07 21:00:00,-6.2,967.2,21.6,115,71
2016-11-07 22:00:00,-6.2,966.9,24,111,63
2016-11-07 23:00:00,-6.6,966.7,26.3,117,61
2016-11-08 00:00:00,-6.8,966.9,24.5,109,62
2016-11-08 01:00:00,-6.9,966.8,24.3,104,59
2016-11-08 02:00:00,-7.5,966.1,25.5,114,64
2016-11-08 03:00:00,-7.4,966,27.2,111,62
2016-11-08 04:00:00,-7.5,965.9,25.4,110,64
2016-11-08 05:00:00,-7.3,965.9,25.8,116,63
2016-11-08 06:00:00,-7.1,965.7,25.2,115,61
2016-11-08 07:00:00,-6.9,965.6,26.5,125,68
2016-11-08 08:00:00,-6.3,965.6,25.5,121,65
2016-11-08 09:00:00,-5.8,965.4,27.1,120,59
2016-11-08 10:00:00,-5.6,965.6,27.3,118,58
2016-11-08 11:00:00,-5.5,965.7,26.4,117,60
2016-11-08 12:00:00,-5.1,965.5,27.7,113,55
2016-11-08 13:00:00,-5.1,965.5,25.5,111,56
2016-11-08 14:00:00,-5.1,965.6,24.9,104,57
2016-11-08 15:00:00,-5.2,965.3,24.2,111,55
2016-11-08 16:00:00,-5.2,965,24.5,112,54
2016-11-08 17:00:00,-5.2,965.1,21.2,114,55
2016-11-08 18:00:00,-5.6,965.3,22.8,101,54
2016-11-08 19:00:00,-6,965.7,22.5,105,55
2016-11-08 20:00:00,-6.4,966,19,113,60
2016-11-08 21:00:00,-6.5,966.4,19.4,115,60
2016-11-08 22:00:00,-6.6,966.6,15.5,120,60
2016-11-08 23:00:00,-6.7,966.9,18.2,123,57
2016-11-09 00:00:00,-6.8,967,20.6,117,55
2016-11-09 01:00:00,-7,967.1,21.3,116,53
2016-11-09 02:00:00,-7.1,967.4,22.1,117,51
2016-11-09 03:00:00,-7.2,967.7,20.2,121,48
2016-11-09 04:00:00,-6.9,968,21.4,120,47
2016-11-09 05:00:00,-6.5,968.7,24.9,113,43
2016-11-09 06:00:00,-6.1,969.6,24.5,118,43
2016-11-09 07:00:00,-5.8,970.2,24.9,114,46
2016-11-09 08:00:00,-5.3,970.6,24.6,116,47
2016-11-09 09:00:00,-4.9,971.4,23.6,114,48
2016-11-09 10:00:00,-4.6,972.1,23.4,104,48
2016-11-09 11:00:00,-4.3,972.4,24.4,98,45
2016-11-09 12:00:00,-4.2,972.9,26.4,97,45
2016-11-09 13:00:00,-4.3,973.5,27.1,104,45
2016-11-09 14:00:00,-4.1,973.8,25.9,104,48
2016-11-09 15:00:00,-4.2,974.3,23.2,103,50
2016-11-09 16:00:00,-4.6,975,22.9,99,52
2016-11-09 17:00:00,-4.6,975.7,24,96,53
2016-11-09 18:00:00,-5,976.2,24.8,114,56
2016-11-09 19:00:00,-5.5,976.8,23.4,117,57
2016-11-09 20:00:00,-5.8,977.4,24.1,115,55
2016-11-09 21:00:00,-6,978,26,115,53
2016-11-09 22:00:00,-6.2,978.5,22.9,116,53
2016-11-09 23:00:00,-6.3,978.7,27,126,48
2016-11-10 00:00:00,-6.3,979.1,26.2,128,47
2016-11-10 01:00:00,-6.3,979.2,25.2,120,44
2016-11-10 02:00:00,-6.1,979.5,29.2,124,37
2016-11-10 03:00:00,-5.6,979.6,26.6,115,33
2016-11-10 04:00:00,-5.8,980,24.1,113,40
2016-11-10 05:00:00,-5.5,980.2,23.3,106,34
2016-11-10 06:00:00,-4.6,979.6,19.5,105,38
2016-11-10 07:00:00,-3.5,979.7,24.8,105,34
2016-11-10 08:00:00,-2.4,979.1,22.7,104,32
2016-11-10 09:00:00,-1.8,978.4,21.4,87,33
2016-11-10 10:00:00,-0.6,977.9,25,86,32
2016-11-10 11:00:00,-0.1,977.4,21,105,30
2016-11-10 12:00:00,0.4,976.8,18.6,72,31
2016-11-10 13:00:00,0.1,976.5,19.4,61,31
2016-11-10 14:00:00,-0.3,976.2,14,82,32
2016-11-10 15:00:00,-1,975.6,13.2,38,32
2016-11-10 16:00:00,-2.1,975.1,11,193,37
2016-11-10 17:00:00,-2,974.8,13.8,256,38
2016-11-10 18:00:00,-1.7,974.3,13.1,153,49
2016-11-10 19:00:00,-1.8,973.6,23.7,154,47
2016-11-10 20:00:00,-2.2,973.4,25.7,149,45
2016-11-10 21:00:00,-2.8,973.7,21.8,144,47
2016-11-10 22:00:00,-2.9,973.9,25.4,151,44
2016-11-10 23:00:00,-3.4,974.5,14.7,92,47
2016-11-11 00:00:00,-4,974.9,14.1,117,50
2016-11-11 01:00:00,-5.1,975.4,17.5,93,51
2016-11-11 02:00:00,-6.3,975.8,17.2,115,55
2016-11-11 03:00:00,-6.8,976.2,21.8,127,56
2016-11-11 04:00:00,-5.7,976.6,20.1,122,52
2016-11-11 05:00:00,-5,977.1,21.1,114,50
2016-11-11 06:00:00,-4.4,977.8,19.6,111,49
2016-11-11 07:00:00,-4,978.7,18,37,51
2016-11-11 08:00:00,-6.1,979.7,13,325,58
2016-11-11 09:00:00,-5.4,980.5,14.7,358,55
2016-11-11 10:00:00,-5.7,980.9,15.6,5,58
2016-11-11 11:00:00,-6,981.3,16,2,61
2016-11-11 12:00:00,-5.3,981.7,15.2,4,61
2016-11-11 13:00:00,-5.5,981.9,15.1,7,61
2016-11-11 14:00:00,-5.8,982,15.7,3,65
2016-11-11 15:00:00,-6.2,982.1,15.3,358,69
2016-11-11 16:00:00,-6.7,982.4,14.9,355,73
2016-11-11 17:00:00,-7.2,983,14.2,320,75
2016-11-11 18:00:00,-7.8,983.2,14,309,78
2016-11-11 19:00:00,-8,983.8,11.8,283,78
2016-11-11 20:00:00,-8.7,983.8,12.9,300,80
2016-11-11 21:00:00,-9.1,984,13.3,303,78
2016-11-11 22:00:00,-9.6,984,10.3,313,77
2016-11-11 23:00:00,-9.8,984.1,9.1,27,76
2016-11-12 00:00:00,-10,984.2,5.9,99,75
2016-11-12 01:00:00,-10.3,984.2,8.9,120,76
2016-11-12 02:00:00,-10.4,984.1,8.5,162,77
2016-11-12 03:00:00,-10.1,983.7,9.6,318,77
2016-11-12 04:00:00,-9.1,983.9,7,39,75
2016-11-12 05:00:00,-6.8,984,9,5,68
2016-11-12 06:00:00,-3.8,983.9,9.6,34,54
2016-11-12 07:00:00,-1.1,983.9,12.2,81,45
2016-11-12 08:00:00,0.5,983.6,16.2,107,38
2016-11-12 09:00:00,1.1,984,15.4,113,35
2016-11-12 10:00:00,1.5,983.7,14.3,131,26
2016-11-12 11:00:00,1.5,983.7,12.2,126,27
2016-11-12 12:00:00,1.5,983.9,13,147,27
2016-11-12 13:00:00,1.5,983.7,10.8,149,30
2016-11-12 14:00:00,1.8,983.6,10,251,31
2016-11-12 15:00:00,2.7,983.3,13.9,320,27
2016-11-12 16:00:00,1.9,983.3,16.3,246,38
2016-11-12 17:00:00,1.3,983.5,18.6,257,35
2016-11-12 18:00:00,1,983.7,12.5,278,40
2016-11-12 19:00:00,-0.3,983.9,11.9,176,56
2016-11-12 20:00:00,-1,984.1,17,165,54
2016-11-12 21:00:00,-1.5,984.2,18.3,182,52
2016-11-12 22:00:00,-0.8,984.7,23.8,161,45
2016-11-12 23:00:00,-2.5,985.2,22.6,173,47
2016-11-13 00:00:00,-2.1,985.8,24.5,162,42
2016-11-13 01:00:00,-2.4,986,22.3,173,38
2016-11-13 02:00:00,-3.4,986.2,24,175,40
2016-11-13 03:00:00,-4,986.3,25.4,180,41
2016-11-13 04:00:00,-2.9,986.7,25.2,173,34
2016-11-13 05:00:00,-2.9,986.6,24.7,173,37
2016-11-13 06:00:00,-2.4,986.7,24.1,174,37
2016-11-13 07:00:00,-1.6,986.7,24,174,38
2016-11-13 08:00:00,-0.8,986.7,20.3,174,38
2016-11-13 09:00:00,0.2,986.5,19.2,173,40
2016-11-13 10:00:00,1.2,986.5,17,173,37
2016-11-13 11:00:00,3.1,986.4,14.1,1,37
2016-11-13 12:00:00,3.3,986.5,15.8,4,38
2016-11-13 13:00:00,2.8,986.7,15.2,358,33
2016-11-13 14:00:00,2.5,986.8,11.1,306,34
2016-11-13 15:00:00,2.4,986.8,12.9,1,37
2016-11-13 16:00:00,1.6,986.6,11.4,357,38
2016-11-13 17:00:00,1.2,986.7,5.8,124,40
2016-11-13 18:00:00,0.7,986.8,12.7,113,44
2016-11-13 19:00:00,0.1,987,17.7,87,38
2016-11-13 20:00:00,-0.8,987.4,20.8,114,43
2016-11-13 21:00:00,-1.8,987.8,23.8,126,41
2016-11-13 22:00:00,-2.9,987.6,25.3,118,45
2016-11-13 23:00:00,-2.6,988,30.9,134,40
2016-11-14 00:00:00,-3.2,987.7,34.1,136,38
2016-11-14 01:00:00,-3.4,988.1,33.1,132,37
2016-11-14 02:00:00,-3.5,988.9,29.1,124,35
2016-11-14 03:00:00,-3.5,989,27.2,120,34
2016-11-14 04:00:00,-3.1,988.9,25.8,109,34
2016-11-14 05:00:00,-3.4,989,30.9,127,34
2016-11-14 06:00:00,-3.1,989.3,28.2,119,34
2016-11-14 07:00:00,-2.9,988.9,29.5,120,37
2016-11-14 08:00:00,-2.6,989.1,32.1,112,36
2016-11-14 09:00:00,-2.1,989.1,30.6,113,37
2016-11-14 10:00:00,-1.9,989.2,29,84,41
2016-11-14 11:00:00,-1.7,989.5,30.8,90,41
2016-11-14 12:00:00,-1.6,989.1,28.4,98,41
2016-11-14 13:00:00,-1.5,988.4,24.3,102,42
2016-11-14 14:00:00,-1.3,987.9,25,108,45
2016-11-14 15:00:00,-1.7,987.6,28.7,93,44
2016-11-14 16:00:00,-1.7,987.2,22.5,103,44
2016-11-14 17:00:00,-1.8,986.9,23.4,105,42
2016-11-14 18:00:00,-2,986.8,21.1,111,44
2016-11-14 19:00:00,-2.5,986.5,24.5,113,41
2016-11-14 20:00:00,-3,986.3,23.8,114,41
2016-11-14 21:00:00,-3.6,986.2,21.6,103,42
2016-11-14 22:00:00,-4.5,986,16.3,118,49
2016-11-14 23:00:00,-5.5,985.7,17,112,52
2016-11-15 00:00:00,-4.1,984.8,23.6,124,36
2016-11-15 01:00:00,-4.2,984.6,24.9,135,39
2016-11-15 02:00:00,-4.1,984.3,27.9,140,37
2016-11-15 03:00:00,-3.8,984.3,28.7,140,35
2016-11-15 04:00:00,-3.5,984,29,144,35
2016-11-15 05:00:00,-3.2,984.2,27.2,135,34
2016-11-15 06:00:00,-3,984.4,30.2,137,32
2016-11-15 07:00:00,-2.5,985,22.1,113,37
2016-11-15 08:00:00,-1.9,985,23.4,110,34
2016-11-15 09:00:00,-1.6,985.1,22.1,107,34
2016-11-15 10:00:00,-0.7,985.4,26.9,76,32
2016-11-15 11:00:00,0.3,985.3,24,73,33
2016-11-15 12:00:00,0.4,985.2,21.6,73,35
2016-11-15 13:00:00,0.2,985.4,21,75,38
2016-11-15 14:00:00,-0.1,985.5,22.3,79,38
2016-11-15 15:00:00,-1.2,985.6,26.3,64,42
2016-11-15 16:00:00,-1.2,985.9,23.1,82,44
2016-11-15 17:00:00,-1.6,986,20.1,80,45
2016-11-15 18:00:00,-2.4,986.5,17.6,63,52
2016-11-15 19:00:00,-3.1,986.8,13.3,80,55
2016-11-15 20:00:00,-3.6,987,13,72,56
2016-11-15 21:00:00,-4.4,987.2,11.7,71,56
2016-11-15 22:00:00,-4.4,987.3,14.3,110,55
2016-11-15 23:00:00,-4.3,987.4,16.2,112,48
2016-11-16 00:00:00,-4.2,987.5,14.2,121,45
2016-11-16 01:00:00,-4.6,987.6,22.7,155,43
2016-11-16 02:00:00,-4.8,987.7,23.7,148,45
2016-11-16 03:00:00,-4.2,987.6,21.2,157,44
2016-11-16 04:00:00,-4,987.4,23.2,158,40
2016-11-16 05:00:00,-3.8,987.4,25.3,154,38
2016-11-16 06:00:00,-2.4,987.4,18.8,131,37
2016-11-16 07:00:00,-1.3,987.3,19.4,111,38
2016-11-16 08:00:00,-1.3,987.7,24.1,88,39
2016-11-16 09:00:00,-0.3,987.3,20.4,93,38
2016-11-16 10:00:00,0,987.3,15.3,71,44
2016-11-16 11:00:00,-0.1,987.1,10.8,50,45
2016-11-16 12:00:00,0.8,986.7,13,24,45
2016-11-16 13:00:00,1,986.1,9.5,39,42
2016-11-16 14:00:00,0.9,985.6,10.2,339,44
2016-11-16 15:00:00,1.7,985.3,11.7,79,44
2016-11-16 16:00:00,0.8,984.9,13.5,44,47
2016-11-16 17:00:00,0.7,984.4,11.7,86,41
2016-11-16 18:00:00,-0.1,984.1,8.9,127,47
2016-11-16 19:00:00,-0.6,984.1,10.3,38,46
2016-11-16 20:00:00,-0.9,984,11.4,112,52
2016-11-16 21:00:00,-1.8,983.7,17.8,101,57
2016-11-16 22:00:00,-2.6,983.1,15.6,107,59
2016-11-16 23:00:00,-2.7,982.6,18.8,110,55
2016-11-17 00:00:00,-2.9,982.2,18.2,130,55
2016-11-17 01:00:00,-2.6,981.3,16.4,124,52
2016-11-17 02:00:00,-2.2,980.7,14.9,104,55
2016-11-17 03:00:00,-1.5,979.7,19.7,111,51
2016-11-17 04:00:00,-1,979.2,20.7,114,48
2016-11-17 05:00:00,-1,978.5,19.2,116,49
2016-11-17 06:00:00,-0.5,977.6,20.5,125,43
2016-11-17 07:00:00,-0.1,977.4,22.3,114,41
2016-11-17 08:00:00,-0.1,977.1,25.6,95,38
2016-11-17 09:00:00,-0.9,976.6,17.3,79,53
2016-11-17 10:00:00,-0.7,976.1,25.4,92,38
2016-11-17 11:00:00,-1.1,975.9,23.3,88,44
2016-11-17 12:00:00,-0.6,975.4,19,85,50
2016-11-17 13:00:00,-0.9,975,19,99,51
2016-11-17 14:00:00,-1.2,974.6,24.6,109,52
2016-11-17 15:00:00,-1.9,974.7,26.5,106,62
2016-11-17 16:00:00,-2.3,974.5,22.9,110,68
2016-11-17 17:00:00,-2.2,974.1,25.4,114,69
2016-11-17 18:00:00,-2.3,974.3,24.5,116,68
2016-11-17 19:00:00,-2.5,974.3,22.1,125,74
2016-11-17 20:00:00,-3,974.1,28.9,134,79
2016-11-17 21:00:00,-3.2,974.1,28.8,131,80
2016-11-17 22:00:00,-2.8,973.8,23.2,127,66
2016-11-17 23:00:00,-3,973.5,31.2,132,71
2016-11-18 00:00:00,-2.9,973.6,26.3,122,75
2016-11-18 01:00:00,-3.1,973.5,30.9,134,73
2016-11-18 02:00:00,-2.3,973.9,24.1,117,62
2016-11-18 03:00:00,-2.7,974.1,24.4,125,72
2016-11-18 04:00:00,-3.1,974.1,31.3,138,78
2016-11-18 05:00:00,-2.6,974.3,27.2,134,70
2016-11-18 06:00:00,-1.8,974.8,23.5,122,60
2016-11-18 07:00:00,-1.4,975.2,20.1,117,59
2016-11-18 08:00:00,-1.4,975.5,24.4,127,55
2016-11-18 09:00:00,-1.6,975.9,22.9,125,51
2016-11-18 10:00:00,-1.4,976.2,19,112,51
2016-11-18 11:00:00,-0.8,976,21.3,103,49
2016-11-18 12:00:00,-0.9,975.9,21.5,100,48
2016-11-18 13:00:00,-0.7,975.7,21.6,96,48
2016-11-18 14:00:00,-1,975.7,19.1,105,52
2016-11-18 15:00:00,-1,975.6,16.6,105,51
2016-11-18 16:00:00,-0.7,975.7,16,104,50
2016-11-18 17:00:00,-1,976,14.4,91,49
2016-11-18 18:00:00,-1.3,976,14.3,81,51
2016-11-18 19:00:00,-1.7,976,14,98,49
2016-11-18 20:00:00,-2.6,975.8,14.7,151,54
2016-11-18 21:00:00,-3.1,975.9,13.5,157,50
2016-11-18 22:00:00,-4,975.8,16.7,183,55
2016-11-18 23:00:00,-3.7,975.6,14.4,175,46
2016-11-19 00:00:00,-4.3,975.6,10.7,141,45
2016-11-19 01:00:00,-4.6,975.3,20.9,170,41
2016-11-19 02:00:00,-4,975.1,25.9,169,39
2016-11-19 03:00:00,-3.8,975.1,30.2,165,37
2016-11-19 04:00:00,-3.7,975.3,26.8,168,39
2016-11-19 05:00:00,-3.1,975.5,25.4,171,38
2016-11-19 06:00:00,-2.6,976.7,24.1,140,39
2016-11-19 07:00:00,-1.5,977.3,15.2,128,35
2016-11-19 08:00:00,-1.4,977.3,17.3,155,39
2016-11-19 09:00:00,-0.7,977.1,17.2,151,41
2016-11-19 10:00:00,0.3,977.2,15.4,115,38
2016-11-19 11:00:00,-0.8,977.1,14,122,39
2016-11-19 12:00:00,-0.4,977,15.6,112,37
2016-11-19 13:00:00,-0.3,976.9,16.1,101,36
2016-11-19 14:00:00,0.2,976.6,13.9,119,36
2016-11-19 15:00:00,0.4,976.4,19.7,82,35
2016-11-19 16:00:00,0.5,976.1,12.4,114,32
2016-11-19 17:00:00,-0.5,975.6,12.1,172,44
2016-11-19 18:00:00,-1.4,975.4,16.5,173,47
2016-11-19 19:00:00,-1.8,975.3,19.7,164,44
2016-11-19 20:00:00,-1.8,975.7,18.2,119,41
2016-11-19 21:00:00,-2.8,976,13.3,115,53
2016-11-19 22:00:00,-3.8,976.1,21.4,132,51
2016-11-19 23:00:00,-4.6,976.6,19.5,108,56
2016-11-20 00:00:00,-4.6,976.9,19.2,123,54
2016-11-20 01:00:00,-4.6,977.1,22.9,126,55
2016-11-20 02:00:00,-5,977.1,24,133,58
2016-11-20 03:00:00,-4.9,977,20.3,124,60
2016-11-20 04:00:00,-4.8,977.1,26.4,136,59
2016-11-20 05:00:00,-4.7,977.4,21.9,127,63
2016-11-20 06:00:00,-4.1,977.4,18.9,114,61
2016-11-20 07:00:00,-3.4,977.4,21.1,113,56
2016-11-20 08:00:00,-3,977.4,20.8,111,49
2016-11-20 09:00:00,-2.4,977.3,21.9,104,46
2016-11-20 10:00:00,-2.2,977.3,26.5,87,41
2016-11-20 11:00:00,-1,977,25.1,74,36
2016-11-20 12:00:00,-1,976.6,23.8,94,32
2016-11-20 13:00:00,0,976.3,21.2,77,33
2016-11-20 14:00:00,-0.3,975.8,17.7,78,37
2016-11-20 15:00:00,-0.7,975.3,16.3,62,38
2016-11-20 16:00:00,-1.8,975.1,13.9,42,41
2016-11-20 17:00:00,-2.1,974.8,12,20,46
2016-11-20 18:00:00,-2.3,974.6,11.8,190,47
2016-11-20 19:00:00,-2.6,974.3,12.3,172,52
2016-11-20 20:00:00,-3,973.9,14.6,177,46
2016-11-20 21:00:00,-3.8,973.6,10,201,48
2016-11-20 22:00:00,-5.6,973.2,17.8,188,51
2016-11-20 23:00:00,-6.1,972.8,16.8,193,53
2016-11-21 00:00:00,-6.2,972.6,17.3,192,51
2016-11-21 01:00:00,-5.5,972.5,20,184,42
2016-11-21 02:00:00,-4.4,972.4,18.5,163,44
2016-11-21 03:00:00,-4.9,972,18.9,172,42
2016-11-21 04:00:00,-4.3,971.9,21.5,175,39
2016-11-21 05:00:00,-3.5,972.5,10.7,53,39
2016-11-21 06:00:00,-3.2,972.7,5.8,51,49
2016-11-21 07:00:00,-1.5,972.5,22.4,121,31
2016-11-21 08:00:00,-1.4,973,24.8,113,29
2016-11-21 09:00:00,-1.3,973,25.7,94,30
2016-11-21 10:00:00,-1.4,972.8,23.4,94,32
2016-11-21 11:00:00,-0.3,972.7,23.4,85,29
2016-11-21 12:00:00,-0.7,972.5,22,84,34
2016-11-21 13:00:00,-0.8,972.3,21.4,97,27
2016-11-21 14:00:00,-1.1,972.1,21.4,78,29
2016-11-21 15:00:00,-1.3,971.8,15.8,126,32
2016-11-21 16:00:00,-1.1,971.7,14.3,131,34
2016-11-21 17:00:00,-1,971.5,15.5,138,37
2016-11-21 18:00:00,-1.4,971.4,17.5,152,44
2016-11-21 19:00:00,-1.7,971.5,12.7,122,43
2016-11-21 20:00:00,-3.3,971.4,19.5,171,41
2016-11-21 21:00:00,-4.6,971.2,21.2,182,49
2016-11-21 22:00:00,-4.6,971.1,20.6,179,46
2016-11-21 23:00:00,-5.4,971.1,23.8,182,43
2016-11-22 00:00:00,-6.9,971.2,28.9,183,47
2016-11-22 01:00:00,-6,971.1,24.3,175,41
2016-11-22 02:00:00,-6.2,971.2,26,175,40
2016-11-22 03:00:00,-5.3,971.4,23.7,175,36
2016-11-22 04:00:00,-5.4,971.6,25.4,176,36
2016-11-22 05:00:00,-5.2,971.7,25.5,175,37
2016-11-22 06:00:00,-4.4,971.9,21.4,174,41
2016-11-22 07:00:00,-3,972.1,18.3,172,35
2016-11-22 08:00:00,-2.3,972.8,18.1,5,60
2016-11-22 09:00:00,-2.2,972.9,10.1,131,37
2016-11-22 10:00:00,-0.1,973,14,355,35
2016-11-22 11:00:00,-0.2,972.9,15.9,356,28
2016-11-22 12:00:00,-0.8,972.7,18.3,318,32
2016-11-22 13:00:00,-0.1,972.4,15.5,299,32
2016-11-22 14:00:00,0,972.1,17.1,285,35
2016-11-22 15:00:00,-1,971.7,20.5,314,37
2016-11-22 16:00:00,-1.7,971.3,18,307,42
2016-11-22 17:00:00,-1.2,971,7.9,333,41
2016-11-22 18:00:00,-1.8,970.9,20.5,171,48
2016-11-22 19:00:00,-3.5,971.3,17.1,108,53
2016-11-22 20:00:00,-4,971.2,15.7,127,55
2016-11-22 21:00:00,-4.6,971,12.4,115,52
2016-11-22 22:00:00,-4.9,971.1,8.5,297,49
2016-11-22 23:00:00,-4,971.3,14.9,110,41
2016-11-23 00:00:00,-5.1,970.7,23.7,172,37
2016-11-23 01:00:00,-5.1,970.6,24.9,167,33
2016-11-23 02:00:00,-5.5,970.3,31.2,162,31
2016-11-23 03:00:00,-5.9,970.2,32,167,33
2016-11-23 04:00:00,-5.9,970.3,28.4,165,41
2016-11-23 05:00:00,-5.5,970.2,29.1,163,41
2016-11-23 06:00:00,-4.9,970.3,29,155,42
2016-11-23 07:00:00,-3.3,970.8,27.8,130,30
2016-11-23 08:00:00,-3,970.9,25.5,129,36
2016-11-23 09:00:00,-2.5,971.2,28.8,115,31
2016-11-23 10:00:00,-2.2,971.2,25.6,112,33
2016-11-23 11:00:00,-1.9,971.2,24.3,117,35
2016-11-23 12:00:00,-1.6,971.1,20.5,104,30
2016-11-23 13:00:00,-0.8,971.1,16.5,107,29
2016-11-23 14:00:00,-0.6,971.1,14.2,50,33
2016-11-23 15:00:00,-1.9,971,14.5,359,39
2016-11-23 16:00:00,-2.7,971,14.1,359,56
2016-11-23 17:00:00,-3.2,970.7,13.4,329,57
2016-11-23 18:00:00,-3.7,970.6,11.4,277,60
2016-11-23 19:00:00,-4,970.2,14.4,189,54
2016-11-23 20:00:00,-4.6,970,13.1,323,58
2016-11-23 21:00:00,-5.8,969.8,16.2,184,44
2016-11-23 22:00:00,-6,969.9,11.1,97,58
2016-11-23 23:00:00,-6.8,970,11.5,145,53
2016-11-24 00:00:00,-7.3,970.2,10.1,46,50
2016-11-24 01:00:00,-8.9,970.6,15.4,112,67
2016-11-24 02:00:00,-8.9,970.9,14.9,76,64
2016-11-24 03:00:00,-8.4,971.1,16,170,41
2016-11-24 04:00:00,-8.1,971.5,8.9,55,59
2016-11-24 05:00:00,-7.5,971.8,9.5,334,55
2016-11-24 06:00:00,-6.7,972.2,13.5,16,58
2016-11-24 07:00:00,-6.2,972.7,12.9,85,55
2016-11-24 08:00:00,-7.2,973.4,15.8,35,65
2016-11-24 09:00:00,-6.2,973.5,12.4,39,59
2016-11-24 10:00:00,-4.6,973.7,13.6,57,56
2016-11-24 11:00:00,-4.5,974.1,16.3,68,55
2016-11-24 12:00:00,-4.8,974.3,14.9,87,58
2016-11-24 13:00:00,-6.4,974.4,16.7,62,66
2016-11-24 14:00:00,-6.3,974.4,16.9,70,64
2016-11-24 15:00:00,-6.2,974.4,13.4,83,61
2016-11-24 16:00:00,-6.6,974.5,17.7,81,62
2016-11-24 17:00:00,-7.2,974.8,20.9,84,62
2016-11-24 18:00:00,-8,974.7,18,117,65
2016-11-24 19:00:00,-8.1,974.7,16.9,119,64
2016-11-24 20:00:00,-8.4,974.7,19.1,130,65
2016-11-24 21:00:00,-8.7,974.7,15.9,128,66
2016-11-24 22:00:00,-8.8,974.5,13.4,113,67
2016-11-24 23:00:00,-8.7,974.4,13.3,132,64
2016-11-25 00:00:00,-9.3,974.1,19,168,58
2016-11-25 01:00:00,-9,974,18,170,57
2016-11-25 02:00:00,-9.5,973.9,22.9,164,53
2016-11-25 03:00:00,-9.5,974.1,20.4,141,57
2016-11-25 04:00:00,-8.6,974.2,18.7,126,51
2016-11-25 05:00:00,-8.5,974.3,20.3,119,56
2016-11-25 06:00:00,-7.9,974.4,20.1,110,53
2016-11-25 07:00:00,-7.5,974.7,19.3,110,57
2016-11-25 08:00:00,-7.7,974.8,19.6,95,57
2016-11-25 09:00:00,-6.6,974.6,18.5,111,54
2016-11-25 10:00:00,-5.9,974.3,21.1,89,54
2016-11-25 11:00:00,-3.9,974.2,20,76,49
2016-11-25 12:00:00,-2.8,974.2,20.1,87,46
2016-11-25 13:00:00,-3.6,974.1,14.2,87,49
2016-11-25 14:00:00,-3.1,973.9,19.6,68,46
2016-11-25 15:00:00,-3.6,973.7,16.5,82,45
2016-11-25 16:00:00,-3.8,973.5,18.5,75,43
2016-11-25 17:00:00,-4.5,973.6,16,86,43
2016-11-25 18:00:00,-5.1,973.5,15.7,77,43
2016-11-25 19:00:00,-5.7,973.4,13.4,62,47
2016-11-25 20:00:00,-5.8,973.2,9.7,147,51
2016-11-25 21:00:00,-6.4,972.9,14.8,163,59
2016-11-25 22:00:00,-7,972.7,15.3,162,50
2016-11-25 23:00:00,-7.1,972.5,15.3,176,57
2016-11-26 00:00:00,-7.7,972.3,15.6,180,57
2016-11-26 01:00:00,-8.4,972.1,17,181,56
2016-11-26 02:00:00,-8.6,972,9.1,22,58
2016-11-26 03:00:00,-8.4,972.1,8.6,296,69
2016-11-26 04:00:00,-7.7,972.1,9.2,6,62
2016-11-26 05:00:00,-7.6,972.5,15.1,98,64
2016-11-26 06:00:00,-7.3,972.8,11.7,75,60
2016-11-26 07:00:00,-6.5,972.8,15.6,74,53
2016-11-26 08:00:00,-5.9,972.8,18.8,100,43
2016-11-26 09:00:00,-6.2,972.9,21,93,48
2016-11-26 10:00:00,-5.6,972.7,20.3,70,49
2016-11-26 11:00:00,-6,973,16.9,104,64
2016-11-26 12:00:00,-5.9,973.1,21.8,90,54
2016-11-26 13:00:00,-5.9,973.4,18.5,91,57
2016-11-26 14:00:00,-5.9,973.6,20.5,69,61
2016-11-26 15:00:00,-5.8,973.6,17.4,93,63
2016-11-26 16:00:00,-5.5,973.7,15.3,67,66
2016-11-26 17:00:00,-5.6,973.9,16.5,68,69
2016-11-26 18:00:00,-5.6,974,12.2,86,69
2016-11-26 19:00:00,-5.4,974.2,14.4,79,65
2016-11-26 20:00:00,-5.5,974.5,14.5,77,63
2016-11-26 21:00:00,-5.8,974.7,14.9,78,62
2016-11-26 22:00:00,-6.2,974.9,14.1,85,61
2016-11-26 23:00:00,-6.6,975,14.9,117,65
2016-11-27 00:00:00,-7.5,975.1,18.8,155,56
2016-11-27 01:00:00,-8.1,975.1,22.1,158,56
2016-11-27 02:00:00,-7.7,975,19.4,156,54
2016-11-27 03:00:00,-7.2,975,18.5,143,48
2016-11-27 04:00:00,-7,974.9,20.9,153,47
2016-11-27 05:00:00,-5.8,974.9,18.2,125,41
2016-11-27 06:00:00,-5.3,975,23.3,133,41
2016-11-27 07:00:00,-4.5,975.2,21.1,127,43
2016-11-27 08:00:00,-3.6,975.3,22.1,114,42
2016-11-27 09:00:00,-3,975.5,19.8,118,39
2016-11-27 10:00:00,-1.9,975.7,18.8,104,34
2016-11-27 11:00:00,-0.5,975.8,20.1,84,31
2016-11-27 12:00:00,0.2,976,19.4,68,32
2016-11-27 13:00:00,-0.2,976,17.7,74,39
2016-11-27 14:00:00,-1.1,976.2,15.8,53,42
2016-11-27 15:00:00,-1.3,976.2,15.9,71,36
2016-11-27 16:00:00,-1.6,976.3,12.7,68,35
2016-11-27 17:00:00,-2.3,976.2,14.6,63,29
2016-11-27 18:00:00,-2.7,976.4,11.2,62,36
2016-11-27 19:00:00,-2.7,976.6,5.6,107,41
2016-11-27 20:00:00,-4.2,976.5,15.3,180,55
2016-11-27 21:00:00,-6.2,976.6,19.1,181,54
2016-11-27 22:00:00,-6.6,976.6,19.7,182,53
2016-11-27 23:00:00,-7,976.5,19.3,181,52
2016-11-28 00:00:00,-7.6,976.1,22.2,180,50
2016-11-28 01:00:00,-7.5,976.1,20.2,181,48
2016-11-28 02:00:00,-8.3,975.8,25.6,181,44
2016-11-28 03:00:00,-6.1,975.7,16.7,175,37
2016-11-28 04:00:00,-7,975.4,22.3,181,41
2016-11-28 05:00:00,-5,975.3,21.1,164,35
2016-11-28 06:00:00,-4.1,975.5,7.4,7,46
2016-11-28 07:00:00,-3,975.5,13.3,4,45
2016-11-28 08:00:00,-1.9,975.5,12,87,38
2016-11-28 09:00:00,0.1,975.3,18.5,76,34
2016-11-28 10:00:00,-0.2,975.2,19.6,63,28
2016-11-28 11:00:00,-1.2,975.1,15.1,358,49
2016-11-28 12:00:00,-2.1,975,13.7,22,48
2016-11-28 13:00:00,-2.9,975,13.9,349,51
2016-11-28 14:00:00,-3.2,974.7,13.7,3,47
2016-11-28 15:00:00,-3.1,974.4,14.8,356,53
2016-11-28 16:00:00,-3.9,974,12.8,0,59
2016-11-28 17:00:00,-4.7,973.9,9.3,321,67
2016-11-28 18:00:00,-5.2,973.5,14.4,321,70
2016-11-28 19:00:00,-5.5,973.3,15.4,323,72
2016-11-28 20:00:00,-5.6,973,10.7,292,71
2016-11-28 21:00:00,-6,972.7,11.6,16,72
2016-11-28 22:00:00,-6.7,972.7,10,30,72
2016-11-28 23:00:00,-7,972.5,9.1,27,72
2016-11-29 00:00:00,-7.3,972.3,10.9,355,73
2016-11-29 01:00:00,-7.9,972.2,7.4,177,74
2016-11-29 02:00:00,-8,971.7,9,49,77
2016-11-29 03:00:00,-7.4,971.5,10.3,358,69
2016-11-29 04:00:00,-4.6,970.9,21.1,170,36
2016-11-29 05:00:00,-4.3,971.2,10.4,359,55
2016-11-29 06:00:00,-3.3,971.2,7.1,333,48
2016-11-29 07:00:00,-2,971.4,13.7,69,43
2016-11-29 08:00:00,-0.1,971.5,21,123,35
2016-11-29 09:00:00,0.1,971.9,22.4,92,28
2016-11-29 10:00:00,0.6,971.9,18.3,89,30
2016-11-29 11:00:00,0.9,971.9,15.8,103,28
2016-11-29 12:00:00,1.3,971.8,16.6,115,31
2016-11-29 13:00:00,2.6,971.6,17.1,47,35
2016-11-29 14:00:00,1,971.8,14,23,38
2016-11-29 15:00:00,1,971.5,14.4,6,38
2016-11-29 16:00:00,0.7,971.3,13.6,357,46
2016-11-29 17:00:00,-0.1,971.2,12.8,347,49
2016-11-29 18:00:00,0.4,971.1,13.9,171,48
2016-11-29 19:00:00,-0.8,970.9,17.5,183,49
2016-11-29 20:00:00,-2.5,970.8,22.2,189,46
2016-11-29 21:00:00,-2.5,970.6,20.7,172,41
2016-11-29 22:00:00,-2.3,970.8,18.7,178,42
2016-11-29 23:00:00,-3.8,970.8,22.5,177,40
2016-11-30 00:00:00,-4.9,970.6,26.7,181,39
2016-11-30 01:00:00,-5.4,970.2,27,180,39
2016-11-30 02:00:00,-5.1,969.8,28.1,181,37
2016-11-30 03:00:00,-4.9,969.7,27.9,178,38
2016-11-30 04:00:00,-3.7,969.9,27.6,174,33
2016-11-30 05:00:00,-3.9,970.1,25.5,180,41
2016-11-30 06:00:00,-1.6,970.5,19.5,170,32
2016-11-30 07:00:00,-0.8,970.7,22.5,173,38
2016-11-30 08:00:00,0,970.8,22.4,167,37
2016-11-30 09:00:00,1.4,971.1,17.3,169,35
2016-11-30 10:00:00,1.8,971.3,13.6,177,40
2016-11-30 11:00:00,3.1,971.4,19.2,101,28
2016-11-30 12:00:00,3.1,971.6,17.3,125,28
2016-11-30 13:00:00,3.4,971.5,17.3,84,30
2016-11-30 14:00:00,3.8,971.4,14,47,38
2016-11-30 15:00:00,2.8,971,12.3,354,38
2016-11-30 16:00:00,2.6,970.8,11.4,244,44
2016-11-30 17:00:00,2.3,970.4,16.4,212,44
2016-11-30 18:00:00,1.4,970.6,14.2,64,48
2016-11-30 19:00:00,0.9,970.5,13.1,152,46
2016-11-30 20:00:00,0.8,970.7,8.8,79,46
2016-11-30 21:00:00,-0.1,970.9,17.3,167,54
2016-11-30 22:00:00,-0.9,971.2,18.5,164,56
2016-11-30 23:00:00,-1.1,971,19.8,169,44
2016-12-01 00:00:00,-1.6,971,26.6,165,41
2016-12-01 01:00:00,-1.8,971.3,23.9,171,42
2016-12-01 02:00:00,-1.5,971.6,25.2,170,39
2016-12-01 03:00:00,-1.6,971.8,27.7,169,41
2016-12-01 04:00:00,-0.9,972.2,30.1,163,41
2016-12-01 05:00:00,-0.2,972.8,28.3,158,42
2016-12-01 06:00:00,0.5,973.2,26.9,160,44
2016-12-01 07:00:00,1.8,973.2,25,163,41
2016-12-01 08:00:00,2.3,973.8,23.1,143,46
2016-12-01 09:00:00,3.8,973.8,19.7,129,41
2016-12-01 10:00:00,3.6,974.1,21,128,45
2016-12-01 11:00:00,4.1,974.6,25,107,44
2016-12-01 12:00:00,3.4,975.1,24.2,105,50
2016-12-01 13:00:00,3.4,975.8,25.7,112,50
2016-12-01 14:00:00,3.3,976.2,20.3,111,52
2016-12-01 15:00:00,3.6,976.3,21.3,101,50
2016-12-01 16:00:00,3.8,976.6,21.9,103,46
2016-12-01 17:00:00,3.6,977,25.5,105,48
2016-12-01 18:00:00,2.7,977.5,24.2,108,53
2016-12-01 19:00:00,2,977.8,23.7,113,58
2016-12-01 20:00:00,1.5,978.5,21.4,116,61
2016-12-01 21:00:00,1.3,979,19.9,115,62
2016-12-01 22:00:00,0.6,979.3,19.8,114,69
2016-12-01 23:00:00,0,979.5,23,127,75
2016-12-02 00:00:00,0.2,979.1,26.1,132,69
2016-12-02 01:00:00,0.9,978.7,23.8,136,60
2016-12-02 02:00:00,1.3,978.6,20.1,127,57
2016-12-02 03:00:00,0.9,978.9,17.8,109,59
2016-12-02 04:00:00,0.4,978.6,16.2,112,60
2016-12-02 05:00:00,0.8,978.1,21.4,95,57
2016-12-02 06:00:00,1.2,977.4,22.9,119,55
2016-12-02 07:00:00,0.9,977.7,20.2,105,60
2016-12-02 08:00:00,0.8,977.3,16.6,101,61
2016-12-02 09:00:00,1.5,976.7,27.8,113,52
2016-12-02 10:00:00,1.3,976.8,26.3,96,52
2016-12-02 11:00:00,1.5,976.6,24.8,89,55
2016-12-02 12:00:00,1.5,976,26,94,49
2016-12-02 13:00:00,1.6,975.6,27.3,92,46
2016-12-02 14:00:00,1.8,975.3,24.4,98,49
2016-12-02 15:00:00,1.9,974.9,27.8,88,46
2016-12-02 16:00:00,1.8,974.8,24.1,81,52
2016-12-02 17:00:00,1.4,974.7,19.9,90,53
2016-12-02 18:00:00,0.9,974.5,18.5,79,60
2016-12-02 19:00:00,0.8,974.4,18.5,104,53
2016-12-02 20:00:00,0.5,974.5,16.1,110,55
2016-12-02 21:00:00,0.1,974.7,16.4,61,59
2016-12-02 22:00:00,-0.8,974.9,12.8,59,63
2016-12-02 23:00:00,-1.5,975.4,15.4,96,60
2016-12-03 00:00:00,-1.2,975.6,21.4,100,56
2016-12-03 01:00:00,-1.3,976,20.3,98,56
2016-12-03 02:00:00,-1.2,976.4,20,103,54
2016-12-03 03:00:00,-1,976.4,19.1,109,51
2016-12-03 04:00:00,-0.8,976.6,17,97,53
2016-12-03 05:00:00,-1.2,976.8,15.7,38,59
2016-12-03 06:00:00,-1.8,977.6,16,51,58
2016-12-03 07:00:00,-0.3,977.6,12.7,42,54
2016-12-03 08:00:00,1.8,977.7,17.6,74,49
2016-12-03 09:00:00,2.5,977.7,24,93,40
2016-12-03 10:00:00,2.9,977.5,25,99,38
2016-12-03 11:00:00,3.3,977.4,25.6,90,38
2016-12-03 12:00:00,3.8,977.1,25.4,85,35
2016-12-03 13:00:00,4.5,976.8,19.1,75,39
2016-12-03 14:00:00,4.4,976.5,21.2,81,39
2016-12-03 15:00:00,4.2,976.1,22.1,93,38
2016-12-03 16:00:00,3.6,976,19.9,90,38
2016-12-03 17:00:00,3.1,975.7,16.5,139,50
2016-12-03 18:00:00,2.8,975.4,14.9,116,46
2016-12-03 19:00:00,2.7,975.5,16,95,43
2016-12-03 20:00:00,2.4,975.2,13.8,118,46
2016-12-03 21:00:00,1.6,975.1,16.2,122,49
2016-12-03 22:00:00,1.7,974.9,20.2,114,41
2016-12-03 23:00:00,1.6,974.8,20.1,115,39
2016-12-04 00:00:00,1.6,974.5,19.7,119,40
2016-12-04 01:00:00,1.3,973.7,25.8,157,38
2016-12-04 02:00:00,0.9,974,27.6,155,38
2016-12-04 03:00:00,1,974,26.3,157,35
2016-12-04 04:00:00,0.7,974,27.4,155,35
2016-12-04 05:00:00,1.9,974.4,22.7,133,34
2016-12-04 06:00:00,2.4,974.6,17.2,130,30
2016-12-04 07:00:00,2.7,973.9,14,173,42
2016-12-04 08:00:00,3.1,974.2,14.3,118,41
2016-12-04 09:00:00,2.8,974.5,17.8,123,31
2016-12-04 10:00:00,3,974.2,15.9,107,33
2016-12-04 11:00:00,3.3,974,13.6,122,29
2016-12-04 12:00:00,2.9,973.8,11.7,152,35
2016-12-04 13:00:00,3.1,973.4,13.5,155,34
2016-12-04 14:00:00,3.2,973.1,9.2,178,37
2016-12-04 15:00:00,3.7,972.7,7.9,207,36
2016-12-04 16:00:00,4,972.6,15.4,346,38
2016-12-04 17:00:00,3.3,972.6,10.7,353,35
2016-12-04 18:00:00,3.5,972.5,10,207,35
2016-12-04 19:00:00,3.2,972.7,10.2,211,45
2016-12-04 20:00:00,1.7,973,17.4,187,56
2016-12-04 21:00:00,2.4,973.3,17.6,154,46
2016-12-04 22:00:00,1.4,973.5,21.8,149,46
2016-12-04 23:00:00,1.2,973.7,20.5,146,41
2016-12-05 00:00:00,0.6,973.9,18.2,168,39
2016-12-05 01:00:00,0.5,974.4,26.8,153,41
2016-12-05 02:00:00,-0.1,974.8,26.9,150,42
2016-12-05 03:00:00,-0.1,975.1,21.8,152,43
2016-12-05 04:00:00,0.2,975.6,22.5,138,39
2016-12-05 05:00:00,0.2,975.7,25.3,138,38
2016-12-05 06:00:00,0.7,975.9,22.6,140,39
2016-12-05 07:00:00,1.6,976,22.5,133,35
2016-12-05 08:00:00,2.3,976,24.4,131,36
2016-12-05 09:00:00,2.7,975.8,21.5,156,41
2016-12-05 10:00:00,3,975.6,19.4,144,44
2016-12-05 11:00:00,4.3,975.7,17.7,112,39
2016-12-05 12:00:00,4.3,976.1,20.6,114,39
2016-12-05 13:00:00,4.3,976.2,20.8,100,34
2016-12-05 14:00:00,4.1,976.1,18.3,120,38
2016-12-05 15:00:00,3.3,976.6,19.4,66,45
2016-12-05 16:00:00,2.9,976.4,20,83,43
2016-12-05 17:00:00,2.2,976.6,11.4,77,50
2016-12-05 18:00:00,1.2,976.6,15,66,50
2016-12-05 19:00:00,1.2,976.6,11.1,273,53
2016-12-05 20:00:00,1.3,976.6,6.7,353,51
2016-12-05 21:00:00,0.8,976.8,19.2,114,47
2016-12-05 22:00:00,0.1,976.2,21.1,128,37
2016-12-05 23:00:00,-0.4,975.6,27.4,146,35
2016-12-06 00:00:00,-1.9,975.7,28.8,163,38
2016-12-06 01:00:00,-2.1,975.4,31.1,163,38
2016-12-06 02:00:00,-1.9,975.1,30.5,153,37
2016-12-06 03:00:00,-2,975.1,27.3,152,42
2016-12-06 04:00:00,-2.1,975.2,27.6,152,44
2016-12-06 05:00:00,-0.8,975.7,18.5,101,44
2016-12-06 06:00:00,-0.4,975.5,16,115,43
2016-12-06 07:00:00,0.4,974.7,21.7,124,38
2016-12-06 08:00:00,1.3,974.1,22.7,132,35
2016-12-06 09:00:00,2,973.1,23.5,127,36
2016-12-06 10:00:00,2.4,972.7,24.3,117,36
2016-12-06 11:00:00,2.9,972,22.9,117,37
2016-12-06 12:00:00,3,971.7,19.6,93,37
2016-12-06 13:00:00,4.7,971,19.3,75,31
2016-12-06 14:00:00,3.4,970.8,17.2,67,34
2016-12-06 15:00:00,2.9,970.4,11.2,350,38
2016-12-06 16:00:00,2.1,970.3,13,45,42
2016-12-06 17:00:00,1.7,970.1,14.4,132,41
2016-12-06 18:00:00,1.6,969.9,12.9,116,39
2016-12-06 19:00:00,1.4,969.8,14.8,123,42
2016-12-06 20:00:00,1,969.8,15.6,113,48
2016-12-06 21:00:00,-0.2,969.9,17.4,113,53
2016-12-06 22:00:00,-0.7,969.8,17.9,114,54
2016-12-06 23:00:00,-0.8,969.8,17.5,109,52
2016-12-07 00:00:00,-1.4,969.7,16.2,106,56
2016-12-07 01:00:00,-1.5,969.7,17.3,104,54
2016-12-07 02:00:00,-1.5,969.8,20.6,106,58
2016-12-07 03:00:00,-1.5,970,23.6,92,58
2016-12-07 04:00:00,-1.5,970.3,27.3,101,59
2016-12-07 05:00:00,-1.5,970.4,20,105,58
2016-12-07 06:00:00,-1.1,970.4,22.1,106,57
2016-12-07 07:00:00,-0.9,970.6,23,101,58
2016-12-07 08:00:00,-1,971,20.9,97,60
2016-12-07 09:00:00,-1,971.3,27,83,60
2016-12-07 10:00:00,-1.7,971.4,27.5,96,65
2016-12-07 11:00:00,-0.9,971.1,25.3,93,61
2016-12-07 12:00:00,-0.5,971,24,96,59
2016-12-07 13:00:00,0.2,971.3,23.6,89,60
2016-12-07 14:00:00,0.6,971.2,25.6,84,54
2016-12-07 15:00:00,1,970.8,20.2,103,50
2016-12-07 16:00:00,1.3,970.8,22.4,101,50
2016-12-07 17:00:00,1.1,971,23,83,53
2016-12-07 18:00:00,0.4,971.3,19.9,102,57
2016-12-07 19:00:00,-0.2,971.7,21.6,110,57
2016-12-07 20:00:00,-0.5,972.1,21.8,107,59
2016-12-07 21:00:00,-1,972.3,19.2,114,60
2016-12-07 22:00:00,-1.1,972.4,19.1,109,57
2016-12-07 23:00:00,-1.2,972.3,18.9,121,55
2016-12-08 00:00:00,-1.4,972.4,18.8,112,56
2016-12-08 01:00:00,-1.5,972.6,21.8,114,54
2016-12-08 02:00:00,-1.7,972.6,21.3,113,54
2016-12-08 03:00:00,-1.5,972.7,23.3,116,52
2016-12-08 04:00:00,-1.1,972.7,20.8,108,50
2016-12-08 05:00:00,-0.5,972.7,19.7,103,47
2016-12-08 06:00:00,0,972.8,17.9,106,45
2016-12-08 07:00:00,0.7,972.8,23.5,94,43
2016-12-08 08:00:00,1.2,973,21.8,91,42
2016-12-08 09:00:00,1.1,973,24.9,91,40
2016-12-08 10:00:00,1.7,972.8,18.9,66,44
2016-12-08 11:00:00,2.5,972.5,18.8,69,43
2016-12-08 12:00:00,2.3,972.5,15.5,65,46
2016-12-08 13:00:00,2.7,972.3,18.5,57,47
2016-12-08 14:00:00,2.3,972.1,17,33,47
2016-12-08 15:00:00,1.2,972.1,14.7,35,55
2016-12-08 16:00:00,0.9,971.8,11.6,22,57
2016-12-08 17:00:00,0.4,971.6,14.3,354,63
2016-12-08 18:00:00,-0.4,971.8,14.9,4,67
2016-12-08 19:00:00,-1.3,972.3,15.8,8,73
2016-12-08 20:00:00,-1.7,972.6,17.3,75,69
2016-12-08 21:00:00,-1.9,972.5,14.9,89,61
2016-12-08 22:00:00,-2.1,972.4,13.2,103,59
2016-12-08 23:00:00,-2.1,972.3,14,151,60
2016-12-09 00:00:00,-2.3,972.1,12.7,169,61
2016-12-09 01:00:00,-2.1,971.5,9.8,110,58
2016-12-09 02:00:00,-2.1,971.3,6.1,52,59
2016-12-09 03:00:00,-2.2,971.2,10.7,55,61
2016-12-09 04:00:00,-2.4,971.2,9.8,11,56
2016-12-09 05:00:00,-2,971.1,9.8,351,55
2016-12-09 06:00:00,-0.8,971,10.9,42,52
2016-12-09 07:00:00,0.8,970.7,20.2,80,42
2016-12-09 08:00:00,2.1,970.5,15.1,23,47
2016-12-09 09:00:00,1,970.5,16.4,342,57
2016-12-09 10:00:00,1.4,970.5,14.1,15,45
2016-12-09 11:00:00,2.2,970.5,13.4,5,43
2016-12-09 12:00:00,2.7,970.6,7.9,82,44
2016-12-09 13:00:00,1.3,970.6,13.2,146,46
2016-12-09 14:00:00,1.5,970.2,9.3,190,45
2016-12-09 15:00:00,3.1,970,12.6,4,40
2016-12-09 16:00:00,2.8,969.8,13.7,356,42
2016-12-09 17:00:00,2.7,969.6,10.3,239,43
2016-12-09 18:00:00,2.9,969.6,12.6,222,48
2016-12-09 19:00:00,2.5,969.3,16.7,183,54
2016-12-09 20:00:00,1.3,969.3,18.4,181,55
2016-12-09 21:00:00,1,969.8,12.5,123,51
2016-12-09 22:00:00,-0.4,969.7,22.9,183,51
2016-12-09 23:00:00,-0.3,969.8,15.7,179,48
2016-12-10 00:00:00,-0.9,969.8,19.9,185,52
2016-12-10 01:00:00,-1.4,969.7,25.2,183,49
2016-12-10 02:00:00,-1.7,969.7,26.5,182,44
2016-12-10 03:00:00,-1.6,969.9,24.6,181,44
2016-12-10 04:00:00,-0.5,970.1,25.4,174,41
2016-12-10 05:00:00,0.8,970.3,23.7,171,37
2016-12-10 06:00:00,1.1,970.8,22.2,173,43
2016-12-10 07:00:00,2.1,971.4,20.4,164,41
2016-12-10 08:00:00,3.7,971.8,15.7,127,34
2016-12-10 09:00:00,3.5,972.2,16.6,137,38
2016-12-10 10:00:00,5.2,972.4,14.1,27,30
2016-12-10 11:00:00,4.9,972.3,13.9,357,30
2016-12-10 12:00:00,5,972.4,14.2,4,28
2016-12-10 13:00:00,4.3,972.4,13.9,336,32
2016-12-10 14:00:00,4.2,972.4,13.8,318,32
2016-12-10 15:00:00,3.7,972.4,14.6,324,32
2016-12-10 16:00:00,3.8,972.3,15.2,269,39
2016-12-10 17:00:00,2.3,972.2,19.2,320,39
2016-12-10 18:00:00,1.8,972,20,312,36
2016-12-10 19:00:00,1.2,971.9,20.3,301,42
2016-12-10 20:00:00,1,971.8,16.8,310,50
2016-12-10 21:00:00,0.8,972,10.5,114,59
2016-12-10 22:00:00,-0.1,972.1,11.5,107,62
2016-12-10 23:00:00,-1.1,972.3,11.3,149,65
2016-12-11 00:00:00,-1,972.1,13.6,169,60
2016-12-11 01:00:00,-1.3,972.1,15.9,168,59
2016-12-11 02:00:00,-1.4,972.1,15.1,99,64
2016-12-11 03:00:00,-1,972.1,15.3,121,62
2016-12-11 04:00:00,-0.8,972.4,13.4,82,54
2016-12-11 05:00:00,-0.4,972.3,13.9,77,55
2016-12-11 06:00:00,0.9,972.5,12.3,52,51
2016-12-11 07:00:00,2.2,972.6,16,70,51
2016-12-11 08:00:00,1.2,972.8,12.3,1,61
2016-12-11 09:00:00,1.5,972.9,13.2,0,57
2016-12-11 10:00:00,2,973.1,12.2,35,54
2016-12-11 11:00:00,2.4,973.3,15.3,25,45
2016-12-11 12:00:00,2.7,973.4,11.7,63,44
2016-12-11 13:00:00,3.6,973.6,13.4,76,34
2016-12-11 14:00:00,1.2,973.5,13.6,148,47
2016-12-11 15:00:00,1.2,973.2,13.9,155,47
2016-12-11 16:00:00,0.7,973,13.3,157,53
2016-12-11 17:00:00,0.9,972.9,8.5,19,55
2016-12-11 18:00:00,0.2,972.9,13.1,352,60
2016-12-11 19:00:00,-0.3,972.7,10.4,49,56
2016-12-11 20:00:00,-0.7,972.9,10.8,63,59
2016-12-11 21:00:00,-1,973,9,90,58
2016-12-11 22:00:00,-1.5,973.1,11.3,141,63
2016-12-11 23:00:00,-2,973.3,11,82,74
2016-12-12 00:00:00,-2.2,973.5,10.1,118,67
2016-12-12 01:00:00,-2,973.6,18,164,61
2016-12-12 02:00:00,-1.5,973.9,18.2,154,60
2016-12-12 03:00:00,-0.7,974,13.6,94,50
2016-12-12 04:00:00,-1.1,974.1,13.1,104,53
2016-12-12 05:00:00,-0.2,974.3,19.2,160,45
2016-12-12 06:00:00,1,974.8,18.1,111,45
2016-12-12 07:00:00,1.9,974.8,19.8,122,41
2016-12-12 08:00:00,2.3,975.5,19.1,114,43
2016-12-12 09:00:00,2.8,976.1,18.7,97,41
2016-12-12 10:00:00,3.2,976.5,17.7,126,41
2016-12-12 11:00:00,4.3,976.9,18.3,19,41
2016-12-12 12:00:00,3.4,977.3,13.6,357,40
2016-12-12 13:00:00,3.3,977.2,10.3,260,43
2016-12-12 14:00:00,2.9,977,14.4,236,45
2016-12-12 15:00:00,3.3,976.9,9.8,238,42
2016-12-12 16:00:00,3.9,977,10.7,242,44
2016-12-12 17:00:00,2.6,977.3,12.2,151,60
2016-12-12 18:00:00,2.9,977.3,8.4,101,54
2016-12-12 19:00:00,2.1,977.5,9.8,351,62
2016-12-12 20:00:00,1.4,977.5,8.7,320,63
2016-12-12 21:00:00,1.7,977.6,12.5,94,59
2016-12-12 22:00:00,1.1,977.7,10.2,113,55
2016-12-12 23:00:00,0.7,977.8,19.1,183,45
2016-12-13 00:00:00,0.9,977.5,20.4,176,37
2016-12-13 01:00:00,-1.5,977.1,26.8,183,46
2016-12-13 02:00:00,-1.5,977,23.8,192,52
2016-12-13 03:00:00,-0.8,976.8,23.5,182,46
2016-12-13 04:00:00,-0.6,976.6,26.5,183,42
2016-12-13 05:00:00,0.8,977.2,12,171,39
2016-12-13 06:00:00,1.9,977.1,14.2,186,41
2016-12-13 07:00:00,2.9,976.9,13.4,151,42
2016-12-13 08:00:00,4.2,977,7.3,78,37
2016-12-13 09:00:00,4.4,977,13.9,143,45
2016-12-13 10:00:00,5.1,977.2,5.1,58,33
2016-12-13 11:00:00,5.7,977.5,12,118,35
2016-12-13 12:00:00,5.8,977.2,24.3,100,31
2016-12-13 13:00:00,5.8,977.3,18.3,119,41
2016-12-13 14:00:00,5.8,977.2,18.1,107,38
2016-12-13 15:00:00,6.2,977.1,17.8,74,40
2016-12-13 16:00:00,5.9,976.8,12,131,45
2016-12-13 17:00:00,4.9,976.8,2.5,27,45
2016-12-13 18:00:00,5.3,976.4,19.3,133,34
2016-12-13 19:00:00,4.8,976.1,23.2,133,34
2016-12-13 20:00:00,3.5,976.3,23,143,35
2016-12-13 21:00:00,3,976.3,23.2,149,37
2016-12-13 22:00:00,2.2,976.2,24.4,157,35
2016-12-13 23:00:00,1.6,976,25.7,169,35
2016-12-14 00:00:00,1.1,975.5,29.7,169,34
2016-12-14 01:00:00,0.5,975.4,31.4,165,37
2016-12-14 02:00:00,0.7,975.4,30.6,164,32
2016-12-14 03:00:00,0.8,975.1,27.4,165,37
2016-12-14 04:00:00,0.9,975.2,31.5,153,38
2016-12-14 05:00:00,0.9,975.2,32,158,36
2016-12-14 06:00:00,2.3,975.7,24,148,43
2016-12-14 07:00:00,3.3,975.7,17.8,109,36
2016-12-14 08:00:00,3.8,975.4,24,114,34
2016-12-14 09:00:00,4.7,975.6,23.7,113,33
2016-12-14 10:00:00,5.2,975.4,22.3,106,34
2016-12-14 11:00:00,5.3,975.3,25.3,97,33
2016-12-14 12:00:00,5.3,975.2,24.2,100,35
2016-12-14 13:00:00,5.6,975.4,21.8,96,37
2016-12-14 14:00:00,5.2,975.4,20.5,68,44
2016-12-14 15:00:00,5.1,975.4,15,86,40
2016-12-14 16:00:00,3.3,975.6,18.4,29,44
2016-12-14 17:00:00,3,975.4,13,157,43
2016-12-14 18:00:00,2.6,975.5,7.4,164,44
2016-12-14 19:00:00,2.8,975.9,10.3,148,44
2016-12-14 20:00:00,2.1,976.2,12.7,126,46
2016-12-14 21:00:00,1.9,976.1,15,112,48
2016-12-14 22:00:00,0.9,975.7,24.6,132,47
2016-12-14 23:00:00,0.7,975.9,26.1,130,41
2016-12-15 00:00:00,0.4,976.1,28.4,137,38
2016-12-15 01:00:00,-0.3,976.6,28.7,148,43
2016-12-15 02:00:00,-0.5,976.4,30.8,149,42
2016-12-15 03:00:00,-0.6,976.6,30.1,159,37
2016-12-15 04:00:00,-0.5,976.9,26.5,164,40
2016-12-15 05:00:00,-0.2,977.2,30.5,155,38
2016-12-15 06:00:00,0.3,977.9,24.9,154,42
2016-12-15 07:00:00,1.3,978.5,24,137,40
2016-12-15 08:00:00,2.1,978.8,26.9,137,32
2016-12-15 09:00:00,2.3,978.6,30.1,137,37
2016-12-15 10:00:00,2.7,978.9,23.1,125,39
2016-12-15 11:00:00,3.3,979.5,23.2,105,38
2016-12-15 12:00:00,3.9,979.8,21.9,100,34
2016-12-15 13:00:00,4,980.2,20.2,95,36
2016-12-15 14:00:00,4.9,980.6,19.3,82,36
2016-12-15 15:00:00,3.5,980.3,14.9,133,45
2016-12-15 16:00:00,2.9,980.1,17,149,51
2016-12-15 17:00:00,3,980.2,16.2,145,51
2016-12-15 18:00:00,3.3,980.2,17.7,136,43
2016-12-15 19:00:00,2.8,980.3,19.7,148,41
2016-12-15 20:00:00,2.3,980.2,19.9,165,51
2016-12-15 21:00:00,1.9,980.1,21.8,164,52
2016-12-15 22:00:00,0.7,980,23,172,45
2016-12-15 23:00:00,0.1,979.8,24.3,172,44
2016-12-16 00:00:00,0.4,979.8,25.1,169,44
2016-12-16 01:00:00,0.5,979.6,30.6,158,38
2016-12-16 02:00:00,0.4,979.1,31.5,165,38
2016-12-16 03:00:00,0.4,978.9,32.6,163,36
2016-12-16 04:00:00,0.3,979.1,31.7,162,37
2016-12-16 05:00:00,-0.2,979.1,33.5,161,39
2016-12-16 06:00:00,-0.2,979.2,30.7,162,44
2016-12-16 07:00:00,0.6,979.8,27.5,160,45
2016-12-16 08:00:00,1.7,980.1,23.1,136,38
2016-12-16 09:00:00,2.1,980.1,24.5,130,35
2016-12-16 10:00:00,2.5,980.1,21.7,109,32
2016-12-16 11:00:00,3.3,979.5,20.8,105,34
2016-12-16 12:00:00,3.3,979.1,20.1,97,39
2016-12-16 13:00:00,4,978.9,26.4,96,28
2016-12-16 14:00:00,3.3,978.5,20.8,104,43
2016-12-16 15:00:00,3,978.1,20.3,111,41
2016-12-16 16:00:00,3.1,977.5,18,114,42
2016-12-16 17:00:00,3,977.3,17.1,117,41
2016-12-16 18:00:00,2.6,976.8,13.8,148,47
2016-12-16 19:00:00,2,976.3,14.9,183,48
2016-12-16 20:00:00,1.3,976.4,15.8,148,52
2016-12-16 21:00:00,0.6,976.2,17.9,144,55
2016-12-16 22:00:00,-0.2,975.4,21.7,152,51
2016-12-16 23:00:00,-0.2,975.2,20.5,148,46
2016-12-17 00:00:00,-0.2,975,19.8,165,42
2016-12-17 01:00:00,-1.2,974.5,25.6,176,43
2016-12-17 02:00:00,-2,974.3,27.3,177,45
2016-12-17 03:00:00,-1.2,974.1,25.7,174,42
2016-12-17 04:00:00,-0.3,973.9,30.5,170,38
2016-12-17 05:00:00,-0.2,974.4,23.4,166,47
2016-12-17 06:00:00,0.4,974.8,23.9,148,47
2016-12-17 07:00:00,1.2,975.1,25,150,39
2016-12-17 08:00:00,2.4,975.4,18.4,127,39
2016-12-17 09:00:00,2.7,975.1,20.6,112,34
2016-12-17 10:00:00,3,974.9,22.1,102,32
2016-12-17 11:00:00,3.5,974.6,23.1,87,36
2016-12-17 12:00:00,3.9,974.5,20.8,105,34
2016-12-17 13:00:00,4.5,974.8,18.7,86,38
2016-12-17 14:00:00,4,974.9,22.9,76,38
2016-12-17 15:00:00,3.3,974.8,18.9,64,44
2016-12-17 16:00:00,2.5,974.8,19.3,67,47
2016-12-17 17:00:00,2.2,975.1,19.4,77,46
2016-12-17 18:00:00,1.9,975.4,16.9,96,49
2016-12-17 19:00:00,1.3,975.6,12.8,119,55
2016-12-17 20:00:00,0.9,975.9,15.7,129,54
2016-12-17 21:00:00,0.2,975.9,15.2,144,56
2016-12-17 22:00:00,-0.4,975.8,16.8,140,58
2016-12-17 23:00:00,-0.6,975.8,17.1,138,56
2016-12-18 00:00:00,-0.7,976.2,16.8,131,52
2016-12-18 01:00:00,-0.8,976.2,19.3,114,52
2016-12-18 02:00:00,-0.7,976.7,19.7,116,52
2016-12-18 03:00:00,-0.6,976.9,21.5,130,49
2016-12-18 04:00:00,-0.5,977,21.1,130,50
2016-12-18 05:00:00,-0.5,977.1,19.2,125,55
2016-12-18 06:00:00,0.2,977.3,15.8,120,55
2016-12-18 07:00:00,0.9,977.2,17.9,115,53
2016-12-18 08:00:00,1.7,977.6,22.3,82,45
2016-12-18 09:00:00,2.2,977.6,22,93,45
2016-12-18 10:00:00,3.2,977.9,21.3,88,44
2016-12-18 11:00:00,4,977.9,21.6,67,41
2016-12-18 12:00:00,3.2,978,21.9,78,47
2016-12-18 13:00:00,2.8,978,18.5,76,50
2016-12-18 14:00:00,3.5,977.9,19.6,74,48
2016-12-18 15:00:00,3.4,977.9,19.3,72,50
2016-12-18 16:00:00,3.2,978.1,18.2,74,53
2016-12-18 17:00:00,2.6,978.1,18.2,96,52
2016-12-18 18:00:00,2.1,978.5,20.7,79,59
2016-12-18 19:00:00,1.5,978.7,17.8,69,67
2016-12-18 20:00:00,1.2,978.6,23.2,85,65
2016-12-18 21:00:00,0.6,978.7,18,116,69
2016-12-18 22:00:00,0.4,978.6,18.7,110,67
2016-12-18 23:00:00,0.2,978.7,17.2,102,66
2016-12-19 00:00:00,0.2,978.7,17.3,99,65
2016-12-19 01:00:00,-0.1,978.7,19.4,88,67
2016-12-19 02:00:00,-0.1,978.6,19,96,64
2016-12-19 03:00:00,-0.3,978.6,15.8,105,65
2016-12-19 04:00:00,-0.1,978.4,15.7,117,60
2016-12-19 05:00:00,0.2,978.4,18.1,75,54
2016-12-19 06:00:00,1,978.2,19.8,73,47
2016-12-19 07:00:00,2.2,978,19.5,84,45
2016-12-19 08:00:00,2.2,978,22.3,93,40
2016-12-19 09:00:00,3.5,977.9,16.4,85,43
2016-12-19 10:00:00,2.7,978.2,22.1,67,45
2016-12-19 11:00:00,2.1,978.8,20.8,80,48
2016-12-19 12:00:00,2.6,978.8,17.1,85,49
