timestamp,station_id,Temperature,Wind_Speed,Pressure,Humidity,Solar_Radiation,Generator_Load,Energy_consumption,Battery_Level,Fuel_Level,Fuel_Burn_Rate,Food_Inventory,Station_Occupancy
2016-01-01 00:00:00,MAITRI,-4.42,63.48,960.92,71.85,4.34,43.32,7.22,74.99,24997.47,30.32,4999.83,24
2016-01-01 00:05:00,MAITRI,-4.04,63.28,960.93,70.49,0.0,43.83,7.31,74.99,24994.92,30.68,4999.67,24
2016-01-01 00:10:00,MAITRI,-4.16,62.54,960.02,70.75,7.58,43.58,7.26,74.99,24992.37,30.5,4999.51,23
2016-01-01 00:15:00,MAITRI,-4.08,62.96,961.24,69.62,4.53,42.54,7.09,74.98,24989.89,29.78,4999.35,23
2016-01-01 00:20:00,MAITRI,-3.98,63.18,960.45,70.09,0.0,41.82,6.97,74.95,24987.45,29.27,4999.19,23
2016-01-01 00:25:00,MAITRI,-3.7,63.33,961.04,68.76,0.0,41.97,6.99,74.92,24985.0,29.38,4999.03,23
2016-01-01 00:30:00,MAITRI,-3.6,63.57,961.1,68.14,8.8,42.64,7.11,74.92,24982.52,29.85,4998.87,22
2016-01-01 00:35:00,MAITRI,-3.56,63.5,961.76,66.49,0.0,43.72,7.29,74.92,24979.97,30.6,4998.73,21
2016-01-01 00:40:00,MAITRI,-3.02,63.07,962.59,64.23,0.0,42.84,7.14,74.92,24977.47,29.99,4998.58,21
2016-01-01 00:45:00,MAITRI,-3.41,62.96,961.5,64.9,12.98,43.19,7.2,74.93,24974.95,30.23,4998.44,21
2016-01-01 00:50:00,MAITRI,-3.49,63.12,962.32,64.38,1.4,42.73,7.12,74.92,24972.46,29.91,4998.28,22
2016-01-01 00:55:00,MAITRI,-3.16,63.35,962.36,63.51,15.56,42.38,7.06,74.92,24969.98,29.67,4998.13,22
2016-01-01 01:00:00,MAITRI,-2.77,62.59,962.61,63.36,0.0,40.81,6.8,74.88,24967.6,28.56,4997.98,22
2016-01-01 01:05:00,MAITRI,-2.71,62.49,963.12,61.51,2.7,45.36,7.56,74.88,24964.96,31.75,4997.83,22
2016-01-01 01:10:00,MAITRI,-2.84,62.84,963.59,63.32,11.14,42.06,7.01,74.87,24962.5,29.44,4997.67,23
2016-01-01 01:15:00,MAITRI,-2.61,62.72,963.61,62.11,5.75,42.18,7.03,74.85,24960.04,29.52,4997.51,23
2016-01-01 01:20:00,MAITRI,-2.88,62.43,963.33,62.36,0.0,44.49,7.42,74.85,24957.45,31.15,4997.35,23
2016-01-01 01:25:00,MAITRI,-3.19,62.53,963.71,64.24,0.0,42.51,7.09,74.83,24954.97,29.76,4997.19,23
2016-01-01 01:30:00,MAITRI,-2.83,62.73,963.7,62.06,6.78,43.49,7.25,74.84,24952.43,30.44,4997.03,23
2016-01-01 01:35:00,MAITRI,-3.01,64.32,963.67,60.36,6.94,44.58,7.43,74.84,24949.83,31.21,4996.87,23
2016-01-01 01:40:00,MAITRI,-2.72,65.09,963.67,59.43,3.31,43.48,7.25,74.84,24947.29,30.44,4996.71,23
2016-01-01 01:45:00,MAITRI,-2.41,65.75,964.04,58.78,0.0,44.43,7.4,74.84,24944.7,31.1,4996.55,23
2016-01-01 01:50:00,MAITRI,-2.76,65.37,964.85,58.27,0.0,44.22,7.37,74.84,24942.12,30.95,4996.39,23
2016-01-01 01:55:00,MAITRI,-2.55,64.8,964.61,56.28,5.68,44.06,7.34,74.84,24939.55,30.84,4996.22,24
2016-01-01 02:00:00,MAITRI,-2.77,63.97,964.61,58.64,0.0,44.6,7.43,74.84,24936.95,31.22,4996.06,24
2016-01-01 02:05:00,MAITRI,-3.04,64.2,964.31,60.12,4.12,48.58,8.1,74.85,24934.12,34.01,4995.89,24
2016-01-01 02:10:00,MAITRI,-2.75,63.88,964.18,58.21,0.0,43.17,7.19,74.84,24931.6,30.22,4995.73,23
2016-01-01 02:15:00,MAITRI,-2.38,63.46,964.49,59.0,4.4,41.49,6.92,74.81,24929.18,29.05,4995.58,22
2016-01-01 02:20:00,MAITRI,-2.6,64.12,964.49,61.89,0.0,41.81,6.97,74.79,24926.74,29.27,4995.43,21
2016-01-01 02:25:00,MAITRI,-2.79,63.47,965.03,63.75,14.12,42.69,7.12,74.8,24924.25,29.89,4995.28,21
2016-01-01 02:30:00,MAITRI,-2.81,63.66,965.37,63.01,1.83,42.31,7.05,74.79,24921.78,29.62,4995.14,21
2016-01-01 02:35:00,MAITRI,-3.05,63.61,966.17,61.47,0.0,42.66,7.11,74.79,24919.29,29.86,4994.99,21
2016-01-01 02:40:00,MAITRI,-3.66,63.54,965.04,63.13,12.36,43.12,7.19,74.8,24916.78,30.19,4994.84,22
2016-01-01 02:45:00,MAITRI,-3.3,62.85,965.29,60.93,0.0,44.27,7.38,74.8,24914.2,30.99,4994.68,23
2016-01-01 02:50:00,MAITRI,-3.15,62.87,965.32,60.43,0.0,45.04,7.51,74.8,24911.57,31.53,4994.52,23
2016-01-01 02:55:00,MAITRI,-3.47,62.71,965.46,58.64,2.9,44.13,7.35,74.8,24908.99,30.89,4994.36,23
2016-01-01 03:00:00,MAITRI,-3.18,62.93,966.0,58.1,3.06,44.04,7.34,74.8,24906.43,30.83,4994.2,23
2016-01-01 03:05:00,MAITRI,-3.28,63.35,965.77,57.13,10.44,43.22,7.2,74.81,24903.9,30.25,4994.04,23
2016-01-01 03:10:00,MAITRI,-3.39,63.13,965.49,55.76,16.2,41.92,6.99,74.8,24901.46,29.34,4993.88,23
2016-01-01 03:15:00,MAITRI,-3.5,62.63,965.6,57.36,0.0,43.53,7.25,74.8,24898.92,30.47,4993.72,23
2016-01-01 03:20:00,MAITRI,-3.64,60.38,965.17,58.73,0.0,43.95,7.33,74.8,24896.36,30.77,4993.57,22
2016-01-01 03:25:00,MAITRI,-3.51,61.21,965.76,58.56,2.49,45.07,7.51,74.8,24893.73,31.55,4993.41,23
2016-01-01 03:30:00,MAITRI,-3.8,60.81,965.87,60.94,3.77,44.41,7.4,74.8,24891.14,31.09,4993.24,24
2016-01-01 03:35:00,MAITRI,-3.86,61.21,965.87,62.43,0.0,44.37,7.39,74.8,24888.55,31.06,4993.08,24
2016-01-01 03:40:00,MAITRI,-3.84,61.67,965.76,62.23,0.0,45.17,7.53,74.8,24885.91,31.62,4992.92,23
2016-01-01 03:45:00,MAITRI,-3.6,61.9,966.25,63.79,0.0,42.83,7.14,74.79,24883.42,29.98,4992.76,23
2016-01-01 03:50:00,MAITRI,-3.59,61.34,965.59,62.96,0.0,41.59,6.93,74.75,24880.99,29.11,4992.6,23
2016-01-01 03:55:00,MAITRI,-3.18,60.88,966.04,60.54,0.0,76.57,12.76,74.75,24876.52,53.6,4992.44,23
2016-01-01 04:00:00,MAITRI,-3.5,61.03,966.5,62.48,1.55,70.62,11.77,74.76,24872.4,49.43,4992.28,23
2016-01-01 04:05:00,MAITRI,-3.14,60.95,966.06,59.72,8.48,67.89,11.32,74.76,24868.44,47.53,4992.12,23
2016-01-01 04:10:00,MAITRI,-3.01,60.15,966.13,59.54,0.0,74.59,12.43,74.76,24864.09,52.21,4991.95,24
2016-01-01 04:15:00,MAITRI,-2.78,60.51,966.25,58.54,8.47,64.79,10.8,74.76,24860.31,45.36,4991.78,24
2016-01-01 04:20:00,MAITRI,-3.06,60.51,966.27,60.68,4.28,70.07,11.68,74.77,24856.23,49.05,4991.62,24
2016-01-01 04:25:00,MAITRI,-2.64,60.19,966.41,61.37,0.0,66.38,11.06,74.77,24852.35,46.47,4991.46,23
2016-01-01 04:30:00,MAITRI,-2.64,60.88,966.27,64.34,12.0,70.9,11.82,74.77,24848.22,49.63,4991.31,22
2016-01-01 04:35:00,MAITRI,-2.83,61.14,966.52,61.85,0.0,62.49,10.42,74.77,24844.57,43.74,4991.15,22
2016-01-01 04:40:00,MAITRI,-2.47,62.23,966.82,60.13,0.0,65.53,10.92,74.77,24840.75,45.87,4991.0,22
2016-01-01 04:45:00,MAITRI,-2.74,62.49,966.41,58.2,0.0,66.83,11.14,74.77,24836.85,46.78,4990.84,23
2016-01-01 04:50:00,MAITRI,-2.91,63.06,966.48,60.1,3.77,70.95,11.82,74.77,24832.71,49.66,4990.67,24
2016-01-01 04:55:00,MAITRI,-3.13,62.81,966.65,58.37,0.6,64.17,10.7,74.77,24828.97,44.92,4990.51,24
2016-01-01 05:00:00,MAITRI,-2.62,62.94,966.75,56.76,0.0,69.68,11.61,74.77,24824.9,48.78,4990.34,24
2016-01-01 05:05:00,MAITRI,-2.26,62.28,966.42,54.71,0.0,64.59,10.76,74.77,24821.14,45.21,4990.17,24
2016-01-01 05:10:00,MAITRI,-2.44,62.31,966.41,53.15,0.0,65.98,11.0,74.77,24817.29,46.19,4990.01,24
2016-01-01 05:15:00,MAITRI,-2.29,62.4,966.37,53.43,6.53,72.42,12.07,74.78,24813.06,50.69,4989.84,24
2016-01-01 05:20:00,MAITRI,-2.26,62.77,966.49,56.37,0.0,43.43,7.24,74.77,24810.53,30.4,4989.67,24
2016-01-01 05:25:00,MAITRI,-2.52,62.68,966.63,58.35,0.0,45.46,7.58,74.77,24807.88,31.82,4989.51,24
2016-01-01 05:30:00,MAITRI,-2.67,62.93,966.85,56.93,0.0,43.84,7.31,74.77,24805.32,30.69,4989.35,22
2016-01-01 05:35:00,MAITRI,-3.42,62.69,966.0,59.06,4.63,43.1,7.18,74.77,24802.81,30.17,4989.21,21
2016-01-01 05:40:00,MAITRI,-3.49,62.44,966.35,59.89,2.89,41.8,6.97,74.77,24800.37,29.26,4989.07,20
2016-01-01 05:45:00,MAITRI,-3.1,63.08,966.09,59.54,15.98,40.2,6.7,74.74,24798.02,28.14,4988.92,21
2016-01-01 05:50:00,MAITRI,-2.95,63.39,966.43,57.7,9.15,42.38,7.06,74.75,24795.55,29.67,4988.78,20
2016-01-01 05:55:00,MAITRI,-2.92,64.05,966.2,56.16,0.0,42.32,7.05,74.74,24793.08,29.62,4988.64,21
2016-01-01 06:00:00,MAITRI,-2.67,64.07,967.0,55.76,0.0,42.74,7.12,74.73,24790.59,29.92,4988.49,22
2016-01-01 06:05:00,MAITRI,-2.45,64.27,967.02,55.0,10.38,43.68,7.28,74.73,24788.04,30.58,4988.33,23
2016-01-01 06:10:00,MAITRI,-2.42,63.26,966.83,55.89,28.3,43.05,7.17,74.75,24785.53,30.13,4988.17,23
2016-01-01 06:15:00,MAITRI,-2.1,63.68,966.7,54.71,28.85,41.9,6.98,74.75,24783.09,29.33,4988.01,23
2016-01-01 06:20:00,MAITRI,-2.3,63.85,966.03,58.07,39.84,43.51,7.25,74.77,24780.55,30.46,4987.84,24
2016-01-01 06:25:00,MAITRI,-2.31,63.8,966.42,60.49,58.81,39.89,6.65,74.77,24778.22,27.92,4987.67,24
2016-01-01 06:30:00,MAITRI,-2.04,63.61,966.57,57.96,57.85,44.84,7.47,74.8,24775.61,31.38,4987.51,24
2016-01-01 06:35:00,MAITRI,-1.68,62.85,966.38,55.88,67.04,43.06,7.18,74.83,24773.09,30.14,4987.34,24
2016-01-01 06:40:00,MAITRI,-1.63,58.27,966.42,55.42,80.58,38.47,6.41,74.85,24770.85,26.93,4987.18,23
2016-01-01 06:45:00,MAITRI,-1.52,58.51,966.64,55.35,112.98,39.18,6.53,74.91,24768.56,27.43,4987.01,24
2016-01-01 06:50:00,MAITRI,-1.62,58.5,966.51,55.22,103.82,38.77,6.46,74.95,24766.3,27.14,4986.85,24
2016-01-01 06:55:00,MAITRI,-1.49,59.51,966.84,55.49,110.03,38.17,6.36,74.99,24764.08,26.72,4986.68,24
2016-01-01 07:00:00,MAITRI,-1.47,56.72,966.4,55.01,128.94,39.37,6.56,75.06,24761.78,27.56,4986.52,23
2016-01-01 07:05:00,MAITRI,-1.42,57.17,966.3,54.21,143.98,37.97,6.33,75.13,24759.57,26.58,4986.35,24
2016-01-01 07:10:00,MAITRI,-1.93,55.68,965.22,55.7,143.57,35.91,5.98,75.18,24757.47,25.14,4986.19,24
2016-01-01 07:15:00,MAITRI,-1.91,56.15,965.37,54.59,179.47,36.71,6.12,75.27,24755.33,25.7,4986.01,25
2016-01-01 07:20:00,MAITRI,-1.72,56.17,965.37,53.1,193.13,35.24,5.87,75.35,24753.27,24.67,4985.83,26
2016-01-01 07:25:00,MAITRI,-1.34,56.74,965.82,51.73,193.38,36.22,6.04,75.45,24751.16,25.36,4985.65,26
2016-01-01 07:30:00,MAITRI,-1.49,57.32,965.79,51.02,224.36,35.47,5.91,75.56,24749.09,24.83,4985.48,25
2016-01-01 07:35:00,MAITRI,-1.65,56.47,966.09,52.34,216.16,33.87,5.64,75.65,24747.12,23.71,4985.31,25
2016-01-01 07:40:00,MAITRI,-1.49,55.43,966.59,52.48,228.21,33.23,5.54,75.75,24745.18,23.26,4985.13,25
2016-01-01 07:45:00,MAITRI,-1.26,53.8,967.05,52.43,240.6,35.42,5.9,75.87,24743.11,24.8,4984.96,25
2016-01-01 07:50:00,MAITRI,-1.09,55.23,967.05,50.58,248.27,34.04,5.67,76.0,24741.13,23.83,4984.78,25
2016-01-01 07:55:00,MAITRI,-1.45,55.93,967.07,52.0,266.0,32.65,5.44,76.13,24739.22,22.85,4984.61,25
2016-01-01 08:00:00,MAITRI,-1.7,56.65,966.86,53.42,267.42,31.84,5.31,76.25,24737.36,22.29,4984.44,25
2016-01-01 08:05:00,MAITRI,-1.51,57.79,966.41,53.21,274.17,35.42,5.9,76.39,24735.3,24.79,4984.26,26
2016-01-01 08:10:00,MAITRI,-1.2,58.49,966.74,51.39,295.74,35.33,5.89,76.55,24733.24,24.73,4984.08,26
2016-01-01 08:15:00,MAITRI,-1.17,58.59,966.52,50.21,280.58,32.83,5.47,76.69,24731.32,22.98,4983.9,26
2016-01-01 08:20:00,MAITRI,-1.28,58.72,965.93,50.43,310.18,31.82,5.3,76.85,24729.47,22.27,4983.72,26
2016-01-01 08:25:00,MAITRI,-1.29,59.11,966.19,49.37,311.43,32.72,5.45,77.01,24727.56,22.9,4983.53,26
2016-01-01 08:30:00,MAITRI,-1.12,59.4,966.02,47.84,335.85,32.76,5.46,77.18,24725.65,22.93,4983.35,26
2016-01-01 08:35:00,MAITRI,-1.75,59.71,964.92,49.72,328.06,31.36,5.23,77.35,24723.82,21.95,4983.17,26
2016-01-01 08:40:00,MAITRI,-1.43,60.18,965.72,49.65,331.63,31.94,5.32,77.53,24721.95,22.36,4983.0,25
2016-01-01 08:45:00,MAITRI,-1.65,60.58,965.91,51.29,362.9,31.08,5.18,77.72,24720.14,21.75,4982.82,26
2016-01-01 08:50:00,MAITRI,-1.46,60.99,965.78,50.61,361.33,31.9,5.32,77.9,24718.28,22.33,4982.63,27
2016-01-01 08:55:00,MAITRI,-1.62,60.78,965.58,52.4,358.88,31.46,5.24,78.09,24716.44,22.02,4982.44,27
2016-01-01 09:00:00,MAITRI,-1.46,60.7,965.29,52.56,359.32,30.7,5.12,78.28,24714.65,21.49,4982.26,27
2016-01-01 09:05:00,MAITRI,-1.56,60.77,965.08,53.68,381.95,28.93,4.82,78.46,24712.97,20.25,4982.07,27
2016-01-01 09:10:00,MAITRI,-1.48,61.22,964.87,52.05,381.91,31.25,5.21,78.66,24711.14,21.88,4981.88,27
2016-01-01 09:15:00,MAITRI,-2.04,61.07,965.82,54.11,401.11,28.91,4.82,78.86,24709.46,20.24,4981.69,28
2016-01-01 09:20:00,MAITRI,-1.9,61.97,965.8,55.67,404.19,30.78,5.13,79.07,24707.66,21.54,4981.49,28
2016-01-01 09:25:00,MAITRI,-2.18,61.29,966.25,57.38,403.96,28.6,4.77,79.28,24705.99,20.02,4981.31,27
2016-01-01 09:30:00,MAITRI,-1.88,61.17,966.42,55.53,414.87,29.18,4.86,79.49,24704.29,20.43,4981.12,27
2016-01-01 09:35:00,MAITRI,-1.56,61.44,966.43,53.93,408.63,29.58,4.93,79.71,24702.56,20.7,4980.92,28
2016-01-01 09:40:00,MAITRI,-1.44,61.5,967.15,52.44,429.47,28.16,4.69,79.93,24700.92,19.71,4980.73,28
2016-01-01 09:45:00,MAITRI,-1.16,62.13,967.94,50.63,440.11,26.91,4.49,80.13,24699.35,18.84,4980.53,28
2016-01-01 09:50:00,MAITRI,-0.81,62.0,968.24,50.54,429.04,28.14,4.69,80.35,24697.71,19.7,4980.34,28
2016-01-01 09:55:00,MAITRI,-0.65,61.82,968.7,50.98,451.62,26.76,4.46,80.58,24696.15,18.73,4980.15,27
2016-01-01 10:00:00,MAITRI,-0.29,62.0,968.36,50.28,463.24,25.95,4.32,80.81,24694.64,18.16,4979.97,27
2016-01-01 10:05:00,MAITRI,-0.59,62.45,968.74,51.78,455.7,27.39,4.56,81.05,24693.04,19.17,4979.77,28
2016-01-01 10:10:00,MAITRI,-0.43,62.6,968.96,50.42,485.28,28.32,4.72,81.3,24691.39,19.83,4979.58,28
2016-01-01 10:15:00,MAITRI,-0.37,62.86,968.21,48.75,472.98,25.07,4.18,81.52,24689.92,17.55,4979.38,28
2016-01-01 10:20:00,MAITRI,-0.22,62.77,968.47,47.87,475.82,24.35,4.06,81.73,24688.5,17.04,4979.19,27
2016-01-01 10:25:00,MAITRI,0.05,63.3,968.19,47.28,478.31,24.31,4.05,81.95,24687.08,17.02,4979.01,27
2016-01-01 10:30:00,MAITRI,0.13,63.41,967.58,47.25,487.7,25.78,4.3,82.2,24685.58,18.04,4978.82,27
2016-01-01 10:35:00,MAITRI,-0.33,63.24,966.43,49.56,495.19,25.06,4.18,82.44,24684.12,17.54,4978.62,28
2016-01-01 10:40:00,MAITRI,-0.3,63.41,966.41,48.66,496.57,22.94,3.82,82.66,24682.78,16.06,4978.44,27
2016-01-01 10:45:00,MAITRI,-0.79,63.26,965.28,50.68,488.32,23.95,3.99,82.88,24681.38,16.77,4978.25,27
2016-01-01 10:50:00,MAITRI,-0.7,63.69,965.73,52.9,499.36,25.48,4.25,83.13,24679.9,17.84,4978.06,28
2016-01-01 10:55:00,MAITRI,-0.68,63.04,965.31,52.44,498.4,22.4,3.73,83.34,24678.59,15.68,4977.87,27
2016-01-01 11:00:00,MAITRI,-0.89,62.7,966.1,52.86,507.99,23.37,3.9,83.58,24677.23,16.36,4977.69,26
2016-01-01 11:05:00,MAITRI,-0.47,62.55,965.98,51.16,510.35,24.36,4.06,83.85,24675.81,17.05,4977.51,26
2016-01-01 11:10:00,MAITRI,-0.37,62.75,965.35,51.46,522.5,25.12,4.19,84.12,24674.34,17.58,4977.32,27
2016-01-01 11:15:00,MAITRI,-0.28,61.26,965.85,50.16,525.77,23.59,3.93,84.39,24672.96,16.51,4977.13,27
2016-01-01 11:20:00,MAITRI,-0.04,61.4,966.24,49.12,516.05,25.3,4.22,84.66,24671.49,17.71,4976.95,26
2016-01-01 11:25:00,MAITRI,-0.02,61.5,965.8,49.56,513.68,25.98,4.33,84.92,24669.97,18.18,4976.76,27
2016-01-01 11:30:00,MAITRI,0.23,61.45,966.11,49.53,515.55,26.47,4.41,85.19,24668.43,18.53,4976.58,27
2016-01-01 11:35:00,MAITRI,0.44,61.44,966.49,51.37,510.65,24.9,4.15,85.46,24666.98,17.43,4976.39,27
2016-01-01 11:40:00,MAITRI,0.5,61.93,966.37,51.66,526.91,23.87,3.98,85.73,24665.59,16.71,4976.2,27
2016-01-01 11:45:00,MAITRI,0.79,62.13,966.73,51.4,544.65,24.58,4.1,86.01,24664.15,17.2,4976.01,27
2016-01-01 11:50:00,MAITRI,1.0,62.31,966.67,52.73,514.96,24.73,4.12,86.28,24662.71,17.31,4975.83,27
2016-01-01 11:55:00,MAITRI,0.91,62.66,966.22,52.43,527.19,21.42,3.57,86.51,24661.46,14.99,4975.64,27
2016-01-01 12:00:00,MAITRI,1.05,62.84,966.47,50.19,517.66,25.93,4.32,86.78,24659.95,18.15,4975.45,27
2016-01-01 12:05:00,MAITRI,1.07,62.77,966.56,50.05,531.77,24.63,4.1,87.05,24658.51,17.24,4975.27,26
2016-01-01 12:10:00,MAITRI,1.24,62.48,967.02,48.86,533.98,23.64,3.94,87.33,24657.13,16.55,4975.08,27
2016-01-01 12:15:00,MAITRI,1.16,61.96,967.04,47.65,528.64,23.8,3.97,87.6,24655.74,16.66,4974.9,26
2016-01-01 12:20:00,MAITRI,1.24,62.61,967.37,46.81,529.05,21.7,3.62,87.85,24654.48,15.19,4974.72,26
2016-01-01 12:25:00,MAITRI,1.37,62.89,967.77,45.88,543.15,21.68,3.61,88.09,24653.21,15.17,4974.53,27
2016-01-01 12:30:00,MAITRI,1.59,62.79,967.89,45.3,540.43,21.24,3.54,88.33,24651.97,14.87,4974.35,27
2016-01-01 12:35:00,MAITRI,1.4,62.16,967.31,46.67,523.22,24.46,4.08,88.61,24650.55,17.12,4974.16,27
2016-01-01 12:40:00,MAITRI,1.17,61.89,967.5,47.89,523.18,26.24,4.37,88.88,24649.02,18.37,4973.97,28
2016-01-01 12:45:00,MAITRI,1.11,61.07,967.47,47.29,523.55,24.09,4.01,89.14,24647.61,16.86,4973.77,28
2016-01-01 12:50:00,MAITRI,1.11,61.22,967.32,47.64,511.52,22.43,3.74,89.37,24646.3,15.7,4973.58,27
2016-01-01 12:55:00,MAITRI,1.19,61.37,967.37,47.23,520.43,21.76,3.63,89.59,24645.03,15.23,4973.39,28
2016-01-01 13:00:00,MAITRI,0.98,61.49,967.37,47.47,521.55,24.08,4.01,89.85,24643.63,16.85,4973.19,28
2016-01-01 13:05:00,MAITRI,1.05,61.87,967.41,46.41,507.22,26.09,4.35,90.11,24642.11,18.26,4972.99,29
2016-01-01 13:10:00,MAITRI,0.98,61.99,967.08,45.58,512.07,25.18,4.2,90.38,24640.64,17.63,4972.8,28
2016-01-01 13:15:00,MAITRI,1.05,60.98,967.14,45.28,515.69,23.33,3.89,90.62,24639.28,16.33,4972.6,28
2016-01-01 13:20:00,MAITRI,0.97,59.52,967.32,45.2,508.07,23.66,3.94,90.85,24637.9,16.56,4972.4,29
2016-01-01 13:25:00,MAITRI,1.08,59.61,967.14,45.32,501.28,25.51,4.25,91.11,24636.41,17.86,4972.21,28
2016-01-01 13:30:00,MAITRI,0.93,60.34,966.8,45.98,501.49,26.43,4.4,91.38,24634.87,18.5,4972.01,28
2016-01-01 13:35:00,MAITRI,0.74,60.14,966.54,47.31,498.12,25.98,4.33,91.64,24633.35,18.18,4971.83,27
2016-01-01 13:40:00,MAITRI,0.25,60.14,965.94,49.02,487.63,23.22,3.87,91.86,24632.0,16.25,4971.65,26
2016-01-01 13:45:00,MAITRI,0.11,59.93,966.12,49.52,476.97,24.77,4.13,92.08,24630.55,17.34,4971.46,27
2016-01-01 13:50:00,MAITRI,0.13,60.6,966.16,49.95,478.82,26.23,4.37,92.33,24629.02,18.36,4971.27,27
2016-01-01 13:55:00,MAITRI,0.45,59.51,966.29,49.46,466.22,27.38,4.56,92.58,24627.42,19.17,4971.08,27
2016-01-01 14:00:00,MAITRI,0.16,59.85,966.06,51.57,456.07,26.42,4.4,92.8,24625.88,18.49,4970.89,28
2016-01-01 14:05:00,MAITRI,0.32,60.11,965.83,51.39,460.98,26.61,4.43,93.03,24624.33,18.63,4970.69,29
2016-01-01 14:10:00,MAITRI,0.46,58.6,965.8,50.62,442.06,28.04,4.67,93.26,24622.7,19.63,4970.49,29
2016-01-01 14:15:00,MAITRI,0.26,59.43,965.54,50.55,443.23,27.35,4.56,93.47,24621.1,19.15,4970.28,30
2016-01-01 14:20:00,MAITRI,0.55,59.87,966.14,49.34,428.09,28.74,4.79,93.69,24619.42,20.12,4970.08,29
2016-01-01 14:25:00,MAITRI,0.67,59.45,966.4,48.87,421.62,28.04,4.67,93.9,24617.79,19.63,4969.88,28
2016-01-01 14:30:00,MAITRI,0.68,59.62,966.6,48.66,419.11,28.4,4.73,94.12,24616.13,19.88,4969.69,28
2016-01-01 14:35:00,MAITRI,1.06,57.83,967.24,48.26,432.33,27.83,4.64,94.34,24614.51,19.48,4969.5,27
2016-01-01 14:40:00,MAITRI,1.33,58.09,967.58,48.02,417.06,30.86,5.14,94.56,24612.71,21.6,4969.31,27
2016-01-01 14:45:00,MAITRI,1.58,57.47,967.65,47.67,406.27,27.02,4.5,94.75,24611.13,18.92,4969.12,27
2016-01-01 14:50:00,MAITRI,1.67,57.6,967.64,47.94,399.43,27.75,4.62,94.93,24609.51,19.42,4968.93,28
2016-01-01 14:55:00,MAITRI,1.93,58.36,966.98,48.33,393.8,30.44,5.07,95.14,24607.74,21.31,4968.74,28
2016-01-01 15:00:00,MAITRI,1.78,58.64,967.24,48.34,66.1,41.01,6.83,95.13,24605.35,28.7,4968.53,29
2016-01-01 15:05:00,MAITRI,2.02,59.06,967.01,47.15,42.75,43.96,7.33,95.16,24602.78,30.77,4968.34,28
2016-01-01 15:10:00,MAITRI,1.82,59.75,967.43,48.78,69.28,41.2,6.87,95.17,24600.38,28.84,4968.15,27
2016-01-01 15:15:00,MAITRI,1.6,60.55,967.29,47.71,40.31,43.15,7.19,95.18,24597.86,30.2,4967.96,28
2016-01-01 15:20:00,MAITRI,1.71,60.82,968.0,48.14,64.77,42.05,7.01,95.21,24595.41,29.43,4967.77,27
2016-01-01 15:25:00,MAITRI,1.68,61.06,967.23,48.73,49.44,43.77,7.29,95.23,24592.85,30.64,4967.58,28
2016-01-01 15:30:00,MAITRI,1.77,61.17,967.0,47.82,50.97,43.45,7.24,95.26,24590.32,30.41,4967.38,28
2016-01-01 15:35:00,MAITRI,2.01,61.32,967.28,48.13,23.51,43.76,7.29,95.26,24587.77,30.63,4967.19,28
2016-01-01 15:40:00,MAITRI,1.92,61.11,967.61,50.77,10.7,45.2,7.53,95.26,24585.13,31.64,4966.99,28
2016-01-01 15:45:00,MAITRI,1.91,61.3,968.05,50.91,48.07,42.73,7.12,95.28,24582.64,29.91,4966.81,27
2016-01-01 15:50:00,MAITRI,2.04,60.4,967.85,50.61,75.01,39.65,6.61,95.28,24580.33,27.76,4966.62,26
2016-01-01 15:55:00,MAITRI,2.3,60.3,967.55,50.72,50.17,41.32,6.89,95.28,24577.91,28.93,4966.44,27
2016-01-01 16:00:00,MAITRI,2.11,60.4,967.26,52.26,0.0,44.05,7.34,95.27,24575.35,30.84,4966.26,26
2016-01-01 16:05:00,MAITRI,2.16,61.23,967.34,50.88,17.54,43.95,7.32,95.28,24572.78,30.76,4966.08,26
2016-01-01 16:10:00,MAITRI,2.07,61.63,967.03,49.31,25.21,44.52,7.42,95.29,24570.18,31.16,4965.89,27
2016-01-01 16:15:00,MAITRI,1.78,59.66,966.64,48.39,53.08,45.24,7.54,95.32,24567.55,31.67,4965.7,27
2016-01-01 16:20:00,MAITRI,1.93,59.91,966.68,48.03,33.19,45.21,7.53,95.34,24564.91,31.65,4965.51,27
2016-01-01 16:25:00,MAITRI,1.87,60.07,966.45,46.79,27.89,42.52,7.09,95.33,24562.43,29.76,4965.33,27
2016-01-01 16:30:00,MAITRI,2.08,60.31,966.04,47.33,25.27,44.02,7.34,95.33,24559.86,30.81,4965.13,28
2016-01-01 16:35:00,MAITRI,2.06,60.52,965.99,47.37,27.84,45.61,7.6,95.35,24557.2,31.93,4964.94,27
2016-01-01 16:40:00,MAITRI,1.95,60.87,966.26,46.24,5.59,44.21,7.37,95.34,24554.62,30.95,4964.76,27
2016-01-01 16:45:00,MAITRI,1.47,61.28,965.85,48.94,168.6,36.44,6.07,95.38,24552.5,25.51,4964.56,28
2016-01-01 16:50:00,MAITRI,1.35,61.74,966.09,48.36,161.53,37.97,6.33,95.45,24550.28,26.58,4964.37,27
2016-01-01 16:55:00,MAITRI,1.64,61.46,966.16,48.44,157.12,38.74,6.46,95.53,24548.02,27.12,4964.18,28
2016-01-01 17:00:00,MAITRI,1.46,61.68,966.04,50.39,140.86,40.55,6.76,95.6,24545.66,28.38,4963.99,27
2016-01-01 17:05:00,MAITRI,1.35,61.35,965.99,50.53,131.45,40.65,6.78,95.67,24543.28,28.46,4963.81,27
2016-01-01 17:10:00,MAITRI,1.62,61.85,966.4,50.21,103.91,40.72,6.79,95.72,24540.91,28.5,4963.62,27
2016-01-01 17:15:00,MAITRI,1.15,60.6,966.17,51.55,106.96,40.45,6.74,95.77,24538.55,28.31,4963.43,27
2016-01-01 17:20:00,MAITRI,1.12,60.08,966.34,53.82,108.68,39.7,6.62,95.81,24536.23,27.79,4963.24,27
2016-01-01 17:25:00,MAITRI,1.38,60.43,966.76,51.81,65.06,42.06,7.01,95.84,24533.78,29.44,4963.06,27
2016-01-01 17:30:00,MAITRI,1.33,61.07,966.6,53.64,69.1,42.07,7.01,95.86,24531.33,29.45,4962.86,28
2016-01-01 17:35:00,MAITRI,1.09,60.84,966.51,55.23,64.33,43.94,7.32,95.89,24528.76,30.76,4962.66,29
2016-01-01 17:40:00,MAITRI,1.15,61.05,966.58,53.24,41.86,45.55,7.59,95.92,24526.11,31.88,4962.47,28
2016-01-01 17:45:00,MAITRI,1.17,61.42,966.15,51.68,37.81,43.78,7.3,95.93,24523.55,30.64,4962.28,27
2016-01-01 17:50:00,MAITRI,1.29,61.4,966.45,51.78,24.59,43.91,7.32,95.94,24520.99,30.74,4962.09,27
2016-01-01 17:55:00,MAITRI,1.09,60.92,966.15,52.67,12.1,42.41,7.07,95.92,24518.52,29.69,4961.91,26
2016-01-01 18:00:00,MAITRI,1.03,61.06,965.67,52.73,0.0,43.96,7.33,95.91,24515.95,30.77,4961.73,26
2016-01-01 18:05:00,MAITRI,0.76,61.22,965.26,53.52,0.0,43.89,7.31,95.89,24513.39,30.72,4961.55,26
2016-01-01 18:10:00,MAITRI,0.9,61.13,965.89,53.98,8.23,44.73,7.46,95.9,24510.78,31.31,4961.37,25
2016-01-01 18:15:00,MAITRI,0.84,61.43,966.45,52.68,0.0,43.83,7.31,95.88,24508.23,30.68,4961.19,26
2016-01-01 18:20:00,MAITRI,0.95,62.41,966.29,52.54,12.05,45.91,7.65,95.89,24505.55,32.13,4961.01,26
2016-01-01 18:25:00,MAITRI,1.06,62.47,966.19,52.39,3.05,45.44,7.57,95.89,24502.9,31.81,4960.83,26
2016-01-01 18:30:00,MAITRI,0.73,63.0,966.87,53.69,0.0,45.81,7.63,95.89,24500.23,32.07,4960.65,26
2016-01-01 18:35:00,MAITRI,0.21,62.18,966.25,54.75,0.0,47.32,7.89,95.89,24497.47,33.13,4960.47,27
2016-01-01 18:40:00,MAITRI,-0.01,61.68,965.92,57.33,0.0,46.51,7.75,95.89,24494.75,32.56,4960.28,26
2016-01-01 18:45:00,MAITRI,-0.03,62.21,965.63,57.8,0.0,46.12,7.69,95.89,24492.06,32.29,4960.11,25
2016-01-01 18:50:00,MAITRI,0.22,61.82,965.73,56.58,0.0,43.69,7.28,95.87,24489.51,30.59,4959.93,26
2016-01-01 18:55:00,MAITRI,0.12,62.42,965.91,57.55,0.0,45.33,7.56,95.87,24486.87,31.73,4959.74,27
2016-01-01 19:00:00,MAITRI,-0.38,62.23,965.83,59.34,0.0,46.61,7.77,95.87,24484.15,32.62,4959.56,27
2016-01-01 19:05:00,MAITRI,-0.61,62.35,965.35,59.4,0.0,44.4,7.4,95.85,24481.56,31.08,4959.37,27
2016-01-01 19:10:00,MAITRI,-0.8,62.34,965.28,59.57,0.0,44.86,7.48,95.85,24478.94,31.4,4959.19,26
2016-01-01 19:15:00,MAITRI,-0.62,62.55,965.05,58.14,0.0,46.5,7.75,95.85,24476.23,32.55,4959.0,27
2016-01-01 19:20:00,MAITRI,-0.55,62.91,964.86,57.13,0.0,46.42,7.74,95.85,24473.52,32.49,4958.8,29
2016-01-01 19:25:00,MAITRI,-0.19,62.77,965.46,56.37,0.0,48.89,8.15,95.85,24470.67,34.22,4958.59,30
2016-01-01 19:30:00,MAITRI,-0.54,62.65,965.93,58.32,0.0,46.86,7.81,95.85,24467.94,32.8,4958.39,29
2016-01-01 19:35:00,MAITRI,-0.56,62.99,966.03,57.99,0.0,43.64,7.27,95.82,24465.39,30.55,4958.19,28
2016-01-01 19:40:00,MAITRI,-0.49,63.55,966.3,57.46,0.0,46.54,7.76,95.82,24462.68,32.58,4958.0,28
2016-01-01 19:45:00,MAITRI,-0.45,63.73,966.56,56.18,1.69,47.78,7.96,95.82,24459.89,33.44,4957.81,28
2016-01-01 19:50:00,MAITRI,-0.78,63.69,965.99,57.34,0.0,46.61,7.77,95.82,24457.17,32.62,4957.61,28
2016-01-01 19:55:00,MAITRI,-0.94,63.6,966.13,58.47,7.69,43.67,7.28,95.8,24454.62,30.57,4957.42,27
2016-01-01 20:00:00,MAITRI,-1.22,63.2,966.18,59.8,1.71,44.38,7.4,95.8,24452.03,31.06,4957.25,25
2016-01-01 20:05:00,MAITRI,-1.18,62.36,966.13,61.59,3.41,43.39,7.23,95.79,24449.5,30.37,4957.08,24
2016-01-01 20:10:00,MAITRI,-1.27,62.32,965.71,63.33,0.19,41.94,6.99,95.76,24447.06,29.36,4956.92,24
2016-01-01 20:15:00,MAITRI,-1.29,61.61,965.96,64.6,1.75,45.34,7.56,95.76,24444.41,31.74,4956.75,24
2016-01-01 20:20:00,MAITRI,-1.19,61.78,966.34,63.92,22.08,43.47,7.24,95.77,24441.88,30.43,4956.58,24
2016-01-01 20:25:00,MAITRI,-1.09,61.49,965.95,62.19,5.65,44.74,7.46,95.77,24439.27,31.32,4956.42,24
2016-01-01 20:30:00,MAITRI,-1.23,60.91,965.93,61.04,0.0,44.67,7.44,95.77,24436.66,31.27,4956.25,24
2016-01-01 20:35:00,MAITRI,-1.07,61.41,965.93,60.02,1.48,44.33,7.39,95.77,24434.07,31.03,4956.08,24
2016-01-01 20:40:00,MAITRI,-1.29,62.25,965.86,60.02,9.89,43.64,7.27,95.78,24431.53,30.54,4955.92,24
2016-01-01 20:45:00,MAITRI,-1.61,62.14,964.92,60.81,0.0,44.82,7.47,95.78,24428.91,31.38,4955.76,23
2016-01-01 20:50:00,MAITRI,-1.51,62.07,965.11,58.81,0.0,43.43,7.24,95.77,24426.38,30.4,4955.59,24
2016-01-01 20:55:00,MAITRI,-1.16,62.43,965.22,59.5,0.0,43.42,7.24,95.76,24423.85,30.4,4955.42,24
2016-01-01 21:00:00,MAITRI,-0.79,58.33,965.25,58.55,5.11,42.51,7.08,95.76,24421.37,29.76,4955.26,23
2016-01-01 21:05:00,MAITRI,-1.02,59.27,965.0,61.33,0.0,44.57,7.43,95.76,24418.77,31.2,4955.1,24
2016-01-01 21:10:00,MAITRI,-1.03,59.41,964.21,61.77,0.12,44.28,7.38,95.76,24416.19,31.0,4954.93,24
2016-01-01 21:15:00,MAITRI,-1.25,60.13,964.39,61.13,0.0,43.88,7.31,95.76,24413.63,30.71,4954.76,24
2016-01-01 21:20:00,MAITRI,-1.18,60.65,964.71,59.71,0.0,43.54,7.26,95.76,24411.09,30.48,4954.6,23
2016-01-01 21:25:00,MAITRI,-1.08,61.22,965.19,58.59,0.0,43.35,7.22,95.75,24408.56,30.34,4954.44,24
2016-01-01 21:30:00,MAITRI,-0.83,56.41,964.99,58.18,0.41,43.08,7.18,95.74,24406.04,30.15,4954.27,24
2016-01-01 21:35:00,MAITRI,-1.12,57.5,965.95,58.9,8.98,43.29,7.21,95.75,24403.52,30.3,4954.11,23
2016-01-01 21:40:00,MAITRI,-1.06,58.43,966.18,57.79,1.21,41.76,6.96,95.72,24401.08,29.23,4953.95,23
2016-01-01 21:45:00,MAITRI,-0.95,57.28,965.74,56.88,5.24,43.02,7.17,95.73,24398.57,30.11,4953.79,23
2016-01-01 21:50:00,MAITRI,-1.16,56.87,965.05,58.28,0.0,42.45,7.07,95.72,24396.1,29.71,4953.63,23
2016-01-01 21:55:00,MAITRI,-1.09,57.74,964.57,58.67,0.0,43.19,7.2,95.72,24393.58,30.24,4953.47,23
2016-01-01 22:00:00,MAITRI,-1.06,57.93,964.75,58.9,0.15,42.96,7.16,95.72,24391.07,30.07,4953.31,23
2016-01-01 22:05:00,MAITRI,-1.19,58.58,964.72,59.87,0.0,45.01,7.5,95.72,24388.45,31.51,4953.15,23
2016-01-01 22:10:00,MAITRI,-0.96,59.34,964.93,60.26,3.75,42.33,7.05,95.7,24385.98,29.63,4952.99,23
2016-01-01 22:15:00,MAITRI,-1.15,59.77,965.56,60.82,5.95,42.8,7.13,95.7,24383.48,29.96,4952.83,23
2016-01-01 22:20:00,MAITRI,-0.83,59.68,965.92,58.99,0.0,44.74,7.46,95.7,24380.87,31.32,4952.67,23
2016-01-01 22:25:00,MAITRI,-0.88,57.13,965.77,57.39,1.71,42.27,7.04,95.7,24378.41,29.59,4952.52,22
2016-01-01 22:30:00,MAITRI,-0.77,57.35,966.49,56.61,0.0,41.9,6.98,95.7,24375.96,29.33,4952.37,21
2016-01-01 22:35:00,MAITRI,-0.96,58.47,966.43,56.19,0.0,41.86,6.98,95.7,24373.52,29.3,4952.24,19
2016-01-01 22:40:00,MAITRI,-0.97,59.08,966.09,55.08,0.0,41.12,6.85,95.68,24371.12,28.79,4952.1,20
2016-01-01 22:45:00,MAITRI,-0.91,58.72,966.27,56.5,5.52,38.58,6.43,95.63,24368.87,27.01,4951.97,20
2016-01-01 22:50:00,MAITRI,-1.12,59.49,966.49,57.02,0.0,44.15,7.36,95.63,24366.3,30.91,4951.82,21
2016-01-01 22:55:00,MAITRI,-1.47,59.65,966.54,59.45,6.27,42.26,7.04,95.63,24363.83,29.58,4951.67,22
2016-01-01 23:00:00,MAITRI,-1.85,59.76,966.39,58.84,0.0,42.99,7.16,95.63,24361.32,30.09,4951.51,22
2016-01-01 23:05:00,MAITRI,-2.15,60.24,965.66,59.41,0.27,41.72,6.95,95.61,24358.89,29.2,4951.36,22
2016-01-01 23:10:00,MAITRI,-2.46,60.38,965.78,61.41,0.0,42.45,7.07,95.6,24356.41,29.71,4951.21,22
2016-01-01 23:15:00,MAITRI,-2.31,61.03,966.22,61.86,0.0,42.49,7.08,95.59,24353.93,29.74,4951.06,22
2016-01-01 23:20:00,MAITRI,-2.27,61.27,966.1,62.72,10.56,44.74,7.46,95.6,24351.32,31.32,4950.9,22
2016-01-01 23:25:00,MAITRI,-2.39,61.65,965.69,63.34,7.74,42.46,7.08,95.59,24348.85,29.72,4950.74,23
2016-01-01 23:30:00,MAITRI,-2.64,61.95,966.06,65.19,1.15,41.29,6.88,95.55,24346.44,28.9,4950.58,23
2016-01-01 23:35:00,MAITRI,-2.34,61.75,965.63,64.56,0.0,44.17,7.36,95.55,24343.86,30.92,4950.42,23
2016-01-01 23:40:00,MAITRI,-2.3,61.03,966.05,64.59,0.0,45.04,7.51,95.55,24341.24,31.53,4950.26,23
2016-01-01 23:45:00,MAITRI,-2.08,61.23,966.04,63.5,2.75,52.33,8.72,94.53,24338.18,36.63,4950.1,24
2016-01-01 23:50:00,MAITRI,-2.2,60.98,965.61,63.51,0.0,52.89,8.81,93.43,24335.1,37.02,4949.93,24
2016-01-01 23:55:00,MAITRI,-2.07,59.38,965.85,63.8,0.7,52.43,8.74,92.85,24332.04,36.7,4949.77,23
2016-01-02 00:00:00,MAITRI,-2.11,55.03,965.78,64.0,0.0,56.11,9.35,91.79,24328.77,39.28,4949.61,23
2016-01-02 00:05:00,MAITRI,-1.65,56.23,965.84,61.73,8.14,59.94,9.99,91.19,24325.27,41.96,4949.46,22
2016-01-02 00:10:00,MAITRI,-1.54,57.17,965.94,62.15,0.0,57.59,9.6,90.14,24321.91,40.31,4949.31,22
2016-01-02 00:15:00,MAITRI,-1.38,57.87,965.8,59.98,0.0,57.95,9.66,88.73,24318.53,40.57,4949.15,22
2016-01-02 00:20:00,MAITRI,-1.71,58.62,965.95,59.97,4.32,58.68,9.78,87.41,24315.11,41.07,4948.99,23
2016-01-02 00:25:00,MAITRI,-1.91,58.91,966.4,59.83,0.0,57.63,9.61,86.31,24311.75,40.34,4948.83,23
2016-01-02 00:30:00,MAITRI,-1.95,59.86,966.84,61.4,0.0,53.52,8.92,85.29,24308.62,37.47,4948.67,23
2016-01-02 00:35:00,MAITRI,-1.98,60.07,966.92,59.73,1.23,57.54,9.59,84.52,24305.27,40.28,4948.51,23
2016-01-02 00:40:00,MAITRI,-2.19,60.38,967.7,59.73,0.0,53.13,8.86,83.52,24302.17,37.19,4948.34,25
2016-01-02 00:45:00,MAITRI,-1.95,60.25,968.0,61.1,0.0,54.64,9.11,82.74,24298.98,38.25,4948.16,26
2016-01-02 00:50:00,MAITRI,-1.75,60.09,967.95,61.12,0.0,62.06,10.34,82.13,24295.36,43.44,4947.98,26
2016-01-02 00:55:00,MAITRI,-1.76,61.05,967.68,62.54,0.0,61.01,10.17,80.85,24291.8,42.7,4947.81,25
2016-01-02 01:00:00,MAITRI,-1.76,60.55,968.18,60.65,23.88,53.67,8.94,79.52,24288.67,37.57,4947.63,25
2016-01-02 01:05:00,MAITRI,-1.88,59.89,967.69,58.54,0.0,58.36,9.73,78.59,24285.27,40.85,4947.47,24
2016-01-02 01:10:00,MAITRI,-2.06,60.74,967.38,57.05,0.0,56.48,9.41,77.85,24281.97,39.54,4947.31,23
2016-01-02 01:15:00,MAITRI,-2.19,60.59,966.97,55.83,2.07,55.44,9.24,76.59,24278.74,38.81,4947.15,23
2016-01-02 01:20:00,MAITRI,-1.88,60.88,966.86,55.32,0.03,59.88,9.98,75.98,24275.24,41.91,4947.0,21
2016-01-02 01:25:00,MAITRI,-1.72,61.26,967.05,54.34,0.0,58.24,9.71,74.8,24271.85,40.77,4946.85,21
2016-01-02 01:30:00,MAITRI,-2.27,61.59,967.13,56.89,7.67,58.35,9.73,73.47,24268.44,40.85,4946.69,23
2016-01-02 01:35:00,MAITRI,-2.31,61.17,967.23,55.65,8.35,63.01,10.5,72.57,24264.77,44.11,4946.53,23
2016-01-02 01:40:00,MAITRI,-2.35,61.28,967.92,54.61,0.46,51.72,8.62,71.53,24261.75,36.21,4946.37,23
2016-01-02 01:45:00,MAITRI,-2.44,61.41,967.63,57.85,2.34,53.65,8.94,70.08,24258.62,37.55,4946.22,23
2016-01-02 01:50:00,MAITRI,-2.24,60.7,967.3,58.34,0.0,57.06,9.51,68.88,24255.29,39.94,4946.06,23
2016-01-02 01:55:00,MAITRI,-2.43,61.02,967.49,60.25,0.0,53.14,8.86,68.33,24252.19,37.2,4945.89,24
2016-01-02 02:00:00,MAITRI,-2.58,62.33,967.14,63.24,11.28,54.17,9.03,67.09,24249.03,37.92,4945.72,24
2016-01-02 02:05:00,MAITRI,-2.69,62.01,967.02,64.05,5.11,54.27,9.04,65.82,24245.87,37.99,4945.56,24
2016-01-02 02:10:00,MAITRI,-2.22,62.37,966.95,64.07,7.47,51.93,8.65,65.11,24242.84,36.35,4945.4,23
2016-01-02 02:15:00,MAITRI,-2.94,62.53,965.89,65.42,0.0,56.68,9.45,64.16,24239.53,39.68,4945.23,24
2016-01-02 02:20:00,MAITRI,-3.58,62.84,964.59,66.71,4.43,54.07,9.01,62.96,24236.38,37.85,4945.06,24
2016-01-02 02:25:00,MAITRI,-3.24,63.09,964.81,63.81,5.91,54.68,9.11,62.25,24233.19,38.28,4944.89,25
2016-01-02 02:30:00,MAITRI,-3.38,63.2,965.06,64.54,9.32,60.23,10.04,60.85,24229.67,42.16,4944.72,24
2016-01-02 02:35:00,MAITRI,-3.3,62.98,965.06,63.8,19.6,52.84,8.81,60.05,24226.59,36.99,4944.56,24
2016-01-02 02:40:00,MAITRI,-3.18,62.89,965.29,63.63,0.0,55.91,9.32,59.51,24223.33,39.14,4944.39,24
2016-01-02 02:45:00,MAITRI,-3.02,62.7,965.86,61.85,0.0,50.89,8.48,58.37,24220.36,35.63,4944.22,24
2016-01-02 02:50:00,MAITRI,-2.61,62.31,965.46,59.88,0.0,44.68,7.45,58.37,24217.76,31.28,4944.06,24
2016-01-02 02:55:00,MAITRI,-2.67,62.12,965.6,57.83,0.0,44.1,7.35,58.37,24215.18,30.87,4943.89,24
2016-01-02 03:00:00,MAITRI,-2.89,62.49,965.88,60.27,2.99,42.93,7.15,58.36,24212.68,30.05,4943.73,23
2016-01-02 03:05:00,MAITRI,-2.66,62.57,966.38,58.97,0.0,42.01,7.0,58.33,24210.23,29.41,4943.57,23
2016-01-02 03:10:00,MAITRI,-2.69,63.73,966.02,58.63,0.0,45.75,7.63,58.33,24207.56,32.03,4943.41,23
2016-01-02 03:15:00,MAITRI,-2.5,64.25,966.03,58.4,6.67,45.41,7.57,58.34,24204.91,31.78,4943.25,23
2016-01-02 03:20:00,MAITRI,-2.35,63.83,966.28,57.86,0.0,56.89,9.48,57.85,24200.28,55.55,4943.08,25
2016-01-02 03:25:00,MAITRI,-2.1,63.53,966.25,58.78,0.0,57.74,9.62,57.68,24196.26,48.26,4942.9,25
2016-01-02 03:30:00,MAITRI,-2.11,63.17,966.07,57.99,0.0,58.88,9.81,57.55,24191.29,59.6,4942.73,25
2016-01-02 03:35:00,MAITRI,-2.33,63.0,965.97,56.67,1.89,57.87,9.65,57.25,24187.26,48.34,4942.56,25
2016-01-02 03:40:00,MAITRI,-2.3,63.23,966.03,56.03,7.86,58.89,9.81,56.93,24182.29,59.67,4942.38,25
2016-01-02 03:45:00,MAITRI,-2.37,63.17,966.38,55.02,0.0,61.88,10.31,56.76,24177.61,56.17,4942.2,26
2016-01-02 03:50:00,MAITRI,-2.22,63.85,966.65,55.11,0.0,61.1,10.18,56.45,24172.55,60.78,4942.01,27
2016-01-02 03:55:00,MAITRI,-1.86,64.21,967.0,53.63,0.0,63.63,10.61,56.09,24168.12,53.11,4941.83,27
2016-01-02 04:00:00,MAITRI,-1.9,64.02,966.83,54.44,0.0,65.48,10.91,55.84,24162.83,63.51,4941.63,28
2016-01-02 04:05:00,MAITRI,-1.72,64.24,966.62,54.12,19.84,66.58,11.1,55.51,24157.49,64.1,4941.43,29
2016-01-02 04:10:00,MAITRI,-1.45,64.09,966.94,52.31,0.0,65.2,10.87,55.04,24153.07,53.03,4941.23,29
2016-01-02 04:15:00,MAITRI,-1.58,64.15,967.62,50.94,5.94,67.23,11.2,54.7,24147.66,64.85,4941.02,30
2016-01-02 04:20:00,MAITRI,-2.11,64.45,967.02,53.21,0.0,66.92,11.15,54.4,24143.11,54.58,4940.81,30
2016-01-02 04:25:00,MAITRI,-2.01,58.98,966.83,51.98,0.0,64.49,10.75,53.99,24137.75,64.31,4940.6,30
2016-01-02 04:30:00,MAITRI,-2.05,58.37,966.84,52.51,0.0,67.03,11.17,53.62,24132.59,61.93,4940.39,31
2016-01-02 04:35:00,MAITRI,-2.05,58.65,966.78,52.53,0.0,67.55,11.26,53.35,24127.72,58.53,4940.18,30
2016-01-02 04:40:00,MAITRI,-1.9,59.3,966.9,51.81,7.88,69.29,11.55,53.15,24122.73,59.87,4939.97,31
2016-01-02 04:45:00,MAITRI,-2.13,60.37,966.91,54.02,0.0,70.97,11.83,52.99,24117.58,61.8,4939.75,31
2016-01-02 04:50:00,MAITRI,-2.37,60.01,967.39,52.84,2.39,70.06,11.68,52.79,24112.3,63.33,4939.54,30
2016-01-02 04:55:00,MAITRI,-2.31,59.85,967.46,54.24,0.0,71.98,12.0,52.35,24107.16,61.72,4939.34,29
2016-01-02 05:00:00,MAITRI,-2.13,59.94,967.98,53.15,0.0,69.82,11.64,51.91,24102.33,57.96,4939.14,29
2016-01-02 05:05:00,MAITRI,-3.07,59.89,966.79,55.78,6.21,72.81,12.14,51.58,24096.95,64.58,4938.94,29
2016-01-02 05:10:00,MAITRI,-2.95,60.38,966.76,56.29,6.48,70.24,11.71,51.48,24091.22,68.74,4938.73,30
2016-01-02 05:15:00,MAITRI,-2.96,60.72,966.55,54.73,0.0,73.23,12.2,51.02,24085.3,71.0,4938.53,29
2016-01-02 05:20:00,MAITRI,-2.69,60.87,966.17,54.87,0.0,73.23,12.21,50.78,24080.32,59.73,4938.33,29
2016-01-02 05:25:00,MAITRI,-2.54,61.08,966.02,53.52,2.19,74.38,12.4,50.66,24074.17,73.87,4938.12,29
2016-01-02 05:30:00,MAITRI,-2.29,61.09,965.92,53.07,0.0,73.99,12.33,50.4,24068.16,72.12,4937.92,29
2016-01-02 05:35:00,MAITRI,-2.38,61.45,965.79,51.24,0.0,75.44,12.57,50.13,24062.3,70.26,4937.72,29
2016-01-02 05:40:00,MAITRI,-2.46,61.2,966.29,50.47,3.57,75.44,12.57,49.99,24056.43,70.44,4937.52,29
2016-01-02 05:45:00,MAITRI,-2.34,61.55,966.5,53.44,0.0,74.15,12.36,49.53,24050.21,74.68,4937.32,29
2016-01-02 05:50:00,MAITRI,-2.38,61.18,966.64,54.18,0.0,77.32,12.89,49.41,24044.46,69.05,4937.12,29
2016-01-02 05:55:00,MAITRI,-2.43,61.84,967.24,52.52,0.0,76.27,12.71,48.98,24039.27,62.2,4936.92,29
2016-01-02 06:00:00,MAITRI,-2.18,62.09,966.66,52.23,13.05,79.46,13.24,48.56,24033.74,66.41,4936.72,29
2016-01-02 06:05:00,MAITRI,-2.33,62.01,966.87,53.5,3.33,76.38,12.73,48.35,24027.41,75.95,4936.51,30
2016-01-02 06:10:00,MAITRI,-2.26,62.06,966.93,54.05,0.0,78.73,13.12,47.93,24021.76,67.77,4936.29,31
2016-01-02 06:15:00,MAITRI,-2.73,61.9,967.08,56.38,0.37,75.18,12.53,47.47,24015.7,72.78,4936.08,30
2016-01-02 06:20:00,MAITRI,-2.56,61.63,967.71,56.08,0.0,77.05,12.84,47.27,24010.49,62.41,4935.87,30
2016-01-02 06:25:00,MAITRI,-2.38,61.86,967.82,54.54,0.0,76.34,12.72,47.17,24004.23,75.21,4935.67,29
2016-01-02 06:30:00,MAITRI,-2.91,61.81,968.03,57.23,0.77,78.02,13.0,46.96,23998.02,74.43,4935.47,29
2016-01-02 06:35:00,MAITRI,-3.08,61.62,967.61,58.3,0.0,77.62,12.94,46.77,23992.39,67.66,4935.27,29
2016-01-02 06:40:00,MAITRI,-3.19,61.34,967.34,61.01,2.3,77.83,12.97,46.61,23986.39,72.0,4935.08,27
2016-01-02 06:45:00,MAITRI,-3.39,61.28,967.64,61.34,20.0,75.26,12.54,46.5,23981.29,61.14,4934.9,27
2016-01-02 06:50:00,MAITRI,-2.82,61.07,967.49,58.82,0.0,78.12,13.02,46.08,23975.86,65.2,4934.71,27
2016-01-02 06:55:00,MAITRI,-2.92,61.33,967.45,61.58,0.0,75.44,12.57,45.68,23970.13,68.76,4934.53,26
2016-01-02 07:00:00,MAITRI,-3.08,60.76,966.79,62.49,6.97,75.48,12.58,45.21,23964.15,71.68,4934.35,25
2016-01-02 07:05:00,MAITRI,-2.73,60.18,967.51,61.71,16.97,74.13,12.36,44.8,23958.15,72.0,4934.18,25
2016-01-02 07:10:00,MAITRI,-2.25,60.71,967.67,62.46,30.81,73.75,12.29,44.61,23952.22,71.27,4933.99,27
2016-01-02 07:15:00,MAITRI,-2.05,61.33,967.27,60.99,25.21,74.59,12.43,44.44,23947.05,61.95,4933.81,27
2016-01-02 07:20:00,MAITRI,-2.03,58.02,966.6,60.07,2.39,75.4,12.57,44.12,23941.76,63.46,4933.62,27
2016-01-02 07:25:00,MAITRI,-2.42,58.82,967.14,62.45,25.27,73.32,12.22,43.7,23936.68,60.98,4933.43,27
2016-01-02 07:30:00,MAITRI,-2.19,57.16,967.77,61.2,9.65,76.44,12.74,43.33,23930.65,72.44,4933.24,27
2016-01-02 07:35:00,MAITRI,-2.12,54.55,967.2,60.14,28.06,74.86,12.48,43.07,23925.57,60.93,4933.06,27
2016-01-02 07:40:00,MAITRI,-1.78,55.0,966.51,59.03,18.09,76.81,12.8,42.93,23920.42,61.83,4932.87,27
2016-01-02 07:45:00,MAITRI,-1.97,56.03,965.8,60.13,11.37,74.51,12.42,42.64,23915.24,62.14,4932.68,27
2016-01-02 07:50:00,MAITRI,-1.86,56.84,965.71,61.66,18.64,75.81,12.64,42.28,23909.67,66.84,4932.5,26
2016-01-02 07:55:00,MAITRI,-1.79,57.52,966.15,60.46,33.35,76.69,12.78,41.9,23903.69,71.71,4932.31,27
2016-01-02 08:00:00,MAITRI,-1.25,58.3,966.36,57.62,16.14,77.65,12.94,41.7,23898.08,67.37,4932.12,27
2016-01-02 08:05:00,MAITRI,-0.64,58.43,966.59,55.53,20.2,77.43,12.91,41.59,23892.21,70.43,4931.92,29
2016-01-02 08:10:00,MAITRI,-0.67,58.47,966.48,55.02,47.15,77.47,12.91,41.33,23886.75,65.45,4931.72,29
2016-01-02 08:15:00,MAITRI,-1.0,58.64,966.83,56.12,33.92,77.38,12.9,40.86,23880.71,72.5,4931.52,29
2016-01-02 08:20:00,MAITRI,-1.07,59.65,967.04,54.19,39.61,77.49,12.91,40.59,23875.41,63.62,4931.32,29
2016-01-02 08:25:00,MAITRI,-0.93,60.17,967.53,52.6,4.73,78.38,13.06,40.34,23869.25,73.95,4931.12,28
2016-01-02 08:30:00,MAITRI,-1.01,60.6,967.28,51.16,25.26,74.29,12.38,40.12,23864.1,61.79,4930.93,28
2016-01-02 08:35:00,MAITRI,-0.83,61.0,967.38,50.97,11.82,76.96,12.83,39.99,23858.78,63.84,4930.73,29
2016-01-02 08:40:00,MAITRI,-0.8,61.52,967.41,49.75,24.61,76.9,12.82,39.73,23852.82,71.53,4930.53,29
2016-01-02 08:45:00,MAITRI,-0.8,61.11,967.49,48.82,20.91,75.47,12.58,39.27,23847.28,66.45,4930.34,27
2016-01-02 08:50:00,MAITRI,-0.99,61.17,967.65,50.16,44.31,77.4,12.9,38.81,23842.06,62.67,4930.15,28
2016-01-02 08:55:00,MAITRI,-0.87,61.38,967.05,49.42,0.17,75.48,12.58,38.41,23835.8,75.11,4929.96,27
2016-01-02 09:00:00,MAITRI,-0.71,61.95,966.94,49.39,44.34,76.38,12.73,38.17,23829.4,76.85,4929.76,28
2016-01-02 09:05:00,MAITRI,-0.34,62.0,967.4,47.75,4.93,77.92,12.99,37.76,23823.78,67.36,4929.57,28
2016-01-02 09:10:00,MAITRI,-0.83,61.56,967.84,49.96,10.91,76.47,12.75,37.5,23817.97,69.78,4929.37,28
2016-01-02 09:15:00,MAITRI,-0.57,60.94,967.78,48.24,0.92,76.52,12.75,37.2,23811.5,77.58,4929.19,27
2016-01-02 09:20:00,MAITRI,-0.35,61.08,967.83,47.81,12.26,76.48,12.75,37.05,23805.68,69.9,4929.0,27
2016-01-02 09:25:00,MAITRI,-0.2,61.57,967.67,47.29,59.71,73.87,12.31,36.82,23799.88,69.59,4928.81,27
2016-01-02 09:30:00,MAITRI,-0.31,61.67,968.44,46.66,5.37,77.67,12.95,36.5,23794.02,70.27,4928.62,27
2016-01-02 09:35:00,MAITRI,-0.46,61.58,968.26,48.41,74.82,73.23,12.2,36.06,23788.17,70.18,4928.43,28
2016-01-02 09:40:00,MAITRI,-0.52,60.95,968.12,47.63,58.43,75.68,12.61,35.64,23783.02,61.87,4928.24,28
2016-01-02 09:45:00,MAITRI,-0.6,61.17,968.3,49.27,43.87,75.89,12.65,35.31,23776.91,73.34,4928.04,28
2016-01-02 09:50:00,MAITRI,-0.23,60.41,968.38,48.45,39.72,74.01,12.34,35.04,23771.22,68.18,4927.85,27
2016-01-02 09:55:00,MAITRI,0.18,59.95,968.61,47.32,67.23,73.3,12.22,34.81,23766.06,62.02,4927.67,27
2016-01-02 10:00:00,MAITRI,0.32,60.89,968.21,46.99,31.17,74.03,12.34,34.43,23761.06,59.97,4927.47,28
2016-01-02 10:05:00,MAITRI,0.53,61.01,968.83,45.56,462.17,28.04,4.67,34.68,23759.42,19.62,4927.28,28
2016-01-02 10:10:00,MAITRI,0.46,61.66,968.76,45.14,475.22,27.16,4.53,34.92,23757.84,19.01,4927.08,29
2016-01-02 10:15:00,MAITRI,0.68,61.64,968.48,43.45,500.07,28.0,4.67,35.18,23756.21,19.6,4926.87,29
2016-01-02 10:20:00,MAITRI,0.69,61.74,967.76,44.12,487.85,27.77,4.63,35.44,23754.59,19.44,4926.67,29
2016-01-02 10:25:00,MAITRI,0.47,61.7,967.21,45.77,494.18,26.4,4.4,35.7,23753.05,18.48,4926.47,29
2016-01-02 10:30:00,MAITRI,0.5,62.21,966.73,45.66,494.24,25.85,4.31,35.95,23751.54,18.1,4926.28,28
2016-01-02 10:35:00,MAITRI,0.65,62.46,966.42,45.8,502.48,25.89,4.31,36.22,23750.03,18.12,4926.09,27
2016-01-02 10:40:00,MAITRI,0.64,62.24,966.24,46.18,497.4,25.21,4.2,36.47,23748.56,17.65,4925.9,27
2016-01-02 10:45:00,MAITRI,0.74,62.35,966.54,45.35,503.38,25.57,4.26,36.74,23747.07,17.9,4925.72,26
2016-01-02 10:50:00,MAITRI,0.25,61.95,967.14,47.1,513.83,25.68,4.28,37.0,23745.57,17.97,4925.54,26
2016-01-02 10:55:00,MAITRI,-0.21,61.85,966.14,49.04,518.04,23.31,3.88,37.26,23744.21,16.32,4925.36,26
2016-01-02 11:00:00,MAITRI,0.04,61.81,966.27,50.9,516.57,24.25,4.04,37.53,23742.79,16.98,4925.18,26
2016-01-02 11:05:00,MAITRI,-0.04,61.63,966.44,53.06,517.67,22.5,3.75,37.77,23741.48,15.75,4925.0,26
2016-01-02 11:10:00,MAITRI,-0.33,61.5,965.4,54.28,518.98,25.32,4.22,38.04,23740.0,17.72,4924.81,27
2016-01-02 11:15:00,MAITRI,0.02,62.44,965.88,53.38,500.92,25.44,4.24,38.3,23738.52,17.81,4924.62,27
2016-01-02 11:20:00,MAITRI,-0.13,62.86,965.95,53.33,518.86,26.73,4.45,38.58,23734.28,50.93,4924.44,27
2016-01-02 11:25:00,MAITRI,-0.4,62.87,965.84,54.46,513.59,24.52,4.09,38.84,23730.8,41.73,4924.26,26
2016-01-02 11:30:00,MAITRI,-0.11,63.13,965.68,53.67,502.63,24.31,4.05,39.1,23727.59,38.51,4924.08,26
2016-01-02 11:35:00,MAITRI,0.15,64.2,966.07,51.97,527.93,25.9,4.32,39.37,23724.24,40.16,4923.9,26
2016-01-02 11:40:00,MAITRI,0.38,62.13,966.05,50.84,529.66,22.57,3.76,39.63,23720.76,41.8,4923.72,26
2016-01-02 11:45:00,MAITRI,0.27,62.04,966.42,51.44,528.84,24.42,4.07,39.91,23717.96,33.63,4923.53,26
2016-01-02 11:50:00,MAITRI,0.42,62.15,965.9,52.31,532.56,23.36,3.89,40.18,23714.49,41.6,4923.35,26
2016-01-02 11:55:00,MAITRI,0.73,62.4,966.42,51.97,519.04,21.67,3.61,40.41,23711.36,37.54,4923.17,26
2016-01-02 12:00:00,MAITRI,0.85,62.41,966.48,53.68,521.44,23.23,3.87,40.67,23708.16,38.42,4922.99,26
2016-01-02 12:05:00,MAITRI,1.01,62.53,965.8,54.05,508.72,23.83,3.97,40.92,23704.52,43.69,4922.81,26
2016-01-02 12:10:00,MAITRI,0.98,62.18,966.0,52.75,509.46,25.49,4.25,41.19,23700.5,48.28,4922.63,26
2016-01-02 12:15:00,MAITRI,0.95,62.4,965.71,52.61,531.25,22.53,3.75,41.44,23697.02,41.7,4922.44,27
2016-01-02 12:20:00,MAITRI,1.18,62.03,965.87,51.44,520.84,24.65,4.11,41.71,23694.41,31.29,4922.26,27
2016-01-02 12:25:00,MAITRI,1.09,61.83,966.09,49.91,523.69,26.53,4.42,41.98,23690.71,44.43,4922.06,28
2016-01-02 12:30:00,MAITRI,1.27,61.52,966.92,49.42,536.71,24.28,4.05,42.26,23688.04,32.08,4921.87,28
2016-01-02 12:35:00,MAITRI,0.98,61.43,966.21,50.51,522.75,26.89,4.48,42.54,23683.91,49.49,4921.67,28
2016-01-02 12:40:00,MAITRI,0.93,61.48,966.29,49.24,527.1,25.46,4.24,42.81,23681.14,33.31,4921.49,27
2016-01-02 12:45:00,MAITRI,1.13,62.28,966.88,49.54,524.03,25.35,4.23,43.08,23677.66,41.74,4921.3,27
2016-01-02 12:50:00,MAITRI,1.11,62.28,967.21,48.53,532.8,23.13,3.86,43.34,23674.12,42.49,4921.1,28
2016-01-02 12:55:00,MAITRI,1.01,61.66,966.85,48.14,497.49,26.28,4.38,43.6,23671.05,36.78,4920.91,28
2016-01-02 13:00:00,MAITRI,1.01,60.62,967.03,47.81,515.25,23.88,3.98,43.86,23668.42,31.6,4920.72,27
2016-01-02 13:05:00,MAITRI,0.74,60.83,967.4,48.94,504.98,24.48,4.08,44.11,23665.04,40.62,4920.53,27
2016-01-02 13:10:00,MAITRI,0.35,60.6,966.68,50.56,524.09,23.93,3.99,44.38,23661.24,45.51,4920.34,28
2016-01-02 13:15:00,MAITRI,0.25,61.0,966.11,51.51,493.99,25.87,4.31,44.64,23658.05,38.29,4920.15,28
2016-01-02 13:20:00,MAITRI,-0.06,61.04,966.74,51.98,487.06,25.52,4.25,44.89,23654.65,40.89,4919.96,27
2016-01-02 13:25:00,MAITRI,0.3,61.11,967.38,51.5,500.02,23.54,3.92,45.13,23651.08,42.78,4919.78,26
2016-01-02 13:30:00,MAITRI,0.17,60.94,967.5,52.13,488.7,24.43,4.07,45.37,23649.66,17.1,4919.6,26
2016-01-02 13:35:00,MAITRI,0.23,61.0,967.43,53.86,494.6,25.41,4.23,45.62,23648.17,17.79,4919.4,28
2016-01-02 13:40:00,MAITRI,0.41,61.67,968.24,52.15,455.08,27.01,4.5,45.86,23646.6,18.91,4919.22,27
2016-01-02 13:45:00,MAITRI,0.85,61.71,968.65,51.06,461.81,25.68,4.28,46.08,23645.1,17.98,4919.02,28
2016-01-02 13:50:00,MAITRI,0.69,62.24,968.49,50.84,473.73,26.75,4.46,46.32,23643.54,18.72,4918.83,28
2016-01-02 13:55:00,MAITRI,0.97,62.14,969.0,50.36,466.09,28.27,4.71,46.57,23641.89,19.79,4918.63,28
2016-01-02 14:00:00,MAITRI,1.05,61.36,968.84,49.16,459.18,26.77,4.46,46.8,23640.33,18.74,4918.44,28
2016-01-02 14:05:00,MAITRI,0.95,61.66,968.22,51.07,455.8,25.08,4.18,46.99,23638.87,17.56,4918.24,28
2016-01-02 14:10:00,MAITRI,1.05,61.7,967.75,50.93,445.95,28.31,4.72,47.23,23637.21,19.82,4918.04,29
2016-01-02 14:15:00,MAITRI,0.82,62.4,967.74,51.66,439.59,28.59,4.76,47.46,23635.55,20.01,4917.84,29
2016-01-02 14:20:00,MAITRI,0.59,62.72,967.83,51.89,417.84,28.13,4.69,47.66,23633.91,19.69,4917.65,28
2016-01-02 14:25:00,MAITRI,0.44,63.05,967.52,53.09,424.32,26.26,4.38,47.84,23632.37,18.39,4917.46,27
2016-01-02 14:30:00,MAITRI,0.26,62.72,967.1,53.36,410.19,28.55,4.76,48.04,23630.71,19.98,4917.26,28
2016-01-02 14:35:00,MAITRI,0.45,63.54,967.04,51.81,404.77,29.9,4.98,48.26,23628.96,20.93,4917.08,27
2016-01-02 14:40:00,MAITRI,0.36,58.45,967.58,52.12,415.0,25.93,4.32,48.43,23627.45,18.15,4916.89,27
2016-01-02 14:45:00,MAITRI,0.12,58.65,967.26,52.83,395.18,28.37,4.73,48.62,23625.8,19.86,4916.7,27
2016-01-02 14:50:00,MAITRI,0.2,58.67,966.93,52.82,376.72,30.62,5.1,48.82,23624.01,21.44,4916.51,27
2016-01-02 14:55:00,MAITRI,0.82,56.49,967.44,51.73,376.76,31.13,5.19,49.02,23622.2,21.79,4916.32,28
2016-01-02 15:00:00,MAITRI,0.99,56.99,967.65,51.68,369.34,28.75,4.79,49.19,23620.52,20.13,4916.13,27
2016-01-02 15:05:00,MAITRI,0.78,57.63,967.53,52.5,366.03,30.95,5.16,49.38,23618.71,21.66,4915.94,27
2016-01-02 15:10:00,MAITRI,0.74,58.21,967.39,51.48,348.62,30.33,5.05,49.56,23616.94,21.23,4915.76,26
2016-01-02 15:15:00,MAITRI,0.91,59.01,967.27,51.69,336.06,30.83,5.14,49.73,23615.14,21.58,4915.58,26
2016-01-02 15:20:00,MAITRI,0.54,58.93,967.59,52.69,341.44,30.08,5.01,49.9,23613.39,21.06,4915.4,26
2016-01-02 15:25:00,MAITRI,0.77,60.0,967.3,52.85,327.18,31.66,5.28,50.07,23611.54,22.16,4915.22,26
2016-01-02 15:30:00,MAITRI,0.88,59.86,968.16,52.06,312.1,33.15,5.52,50.23,23609.61,23.2,4915.03,27
2016-01-02 15:35:00,MAITRI,0.51,60.57,968.39,53.13,320.6,33.27,5.55,50.4,23607.67,23.29,4914.85,27
2016-01-02 15:40:00,MAITRI,0.28,60.54,968.6,55.12,311.45,31.03,5.17,50.53,23605.86,21.72,4914.66,27
2016-01-02 15:45:00,MAITRI,0.52,61.35,968.86,54.35,288.1,33.2,5.53,50.67,23603.92,23.24,4914.47,27
2016-01-02 15:50:00,MAITRI,0.63,61.01,968.88,56.57,264.41,34.64,5.77,50.81,23601.9,24.25,4914.28,27
2016-01-02 15:55:00,MAITRI,0.78,60.94,968.55,55.44,276.23,34.03,5.67,50.96,23599.92,23.82,4914.1,27
2016-01-02 16:00:00,MAITRI,0.85,60.47,968.66,54.65,245.46,36.16,6.03,51.08,23597.81,25.31,4913.91,27
2016-01-02 16:05:00,MAITRI,0.85,60.86,968.27,54.7,248.28,35.51,5.92,51.21,23595.74,24.86,4913.72,27
2016-01-02 16:10:00,MAITRI,0.65,61.55,968.16,55.15,252.07,35.54,5.92,51.35,23593.66,24.88,4913.53,28
2016-01-02 16:15:00,MAITRI,0.6,61.43,968.48,54.44,228.75,36.98,6.16,51.46,23591.51,25.89,4913.33,28
2016-01-02 16:20:00,MAITRI,0.42,61.39,968.48,56.3,210.58,36.26,6.04,51.55,23589.39,25.38,4913.13,29
2016-01-02 16:25:00,MAITRI,0.2,58.64,967.99,55.9,198.89,40.06,6.68,51.65,23587.05,28.04,4912.93,29
2016-01-02 16:30:00,MAITRI,0.01,58.51,967.84,56.48,185.18,38.34,6.39,51.75,23584.82,26.84,4912.73,29
2016-01-02 16:35:00,MAITRI,-0.07,59.15,968.34,56.23,189.94,36.83,6.14,51.83,23582.67,25.78,4912.53,29
2016-01-02 16:40:00,MAITRI,0.11,58.78,967.72,56.49,188.0,39.95,6.66,51.92,23580.34,27.96,4912.33,28
2016-01-02 16:45:00,MAITRI,0.2,58.16,966.87,56.54,164.08,36.68,6.11,51.97,23578.2,25.68,4912.14,28
2016-01-02 16:50:00,MAITRI,-0.07,59.02,966.87,57.64,153.93,38.77,6.46,52.05,23575.94,27.14,4911.94,28
2016-01-02 16:55:00,MAITRI,-0.07,59.89,966.86,59.22,154.68,38.36,6.39,52.12,23573.7,26.85,4911.76,27
2016-01-02 17:00:00,MAITRI,0.16,59.4,966.81,56.86,127.97,39.13,6.52,52.18,23571.42,27.39,4911.57,27
2016-01-02 17:05:00,MAITRI,-0.34,59.8,965.79,57.82,119.88,38.68,6.45,52.2,23569.16,27.08,4911.37,28
2016-01-02 17:10:00,MAITRI,-0.59,59.36,965.75,58.31,115.65,39.81,6.63,52.25,23566.84,27.87,4911.18,28
2016-01-02 17:15:00,MAITRI,-0.8,59.68,965.93,59.09,97.07,40.77,6.79,52.29,23564.46,28.54,4910.99,27
2016-01-02 17:20:00,MAITRI,-0.79,59.52,965.99,57.99,81.64,41.58,6.93,52.33,23562.03,29.11,4910.81,27
2016-01-02 17:25:00,MAITRI,-0.67,59.72,966.23,59.52,74.94,43.62,7.27,52.37,23559.49,30.54,4910.61,28
2016-01-02 17:30:00,MAITRI,-0.64,60.05,966.28,59.76,76.27,41.82,6.97,52.4,23557.05,29.28,4910.42,28
2016-01-02 17:35:00,MAITRI,-0.59,58.89,966.43,61.26,47.4,44.51,7.42,52.43,23554.45,31.16,4910.22,28
2016-01-02 17:40:00,MAITRI,-0.24,59.24,966.19,58.75,50.59,42.64,7.11,52.45,23551.97,29.85,4910.03,27
2016-01-02 17:45:00,MAITRI,-0.48,58.2,965.85,59.31,24.81,44.4,7.4,52.46,23549.38,31.08,4909.85,27
2016-01-02 17:50:00,MAITRI,-0.64,58.7,965.61,59.06,28.46,45.26,7.54,52.48,23546.74,31.68,4909.65,28
2016-01-02 17:55:00,MAITRI,-0.81,59.64,965.73,60.22,12.17,42.4,7.07,52.45,23544.26,29.68,4909.47,27
2016-01-02 18:00:00,MAITRI,-1.14,60.24,965.11,60.84,0.0,43.87,7.31,52.43,23541.7,30.71,4909.28,27
2016-01-02 18:05:00,MAITRI,-0.95,60.12,965.21,59.79,3.23,45.72,7.62,52.43,23539.04,32.0,4909.09,27
2016-01-02 18:10:00,MAITRI,-1.22,60.65,965.89,60.33,0.0,44.1,7.35,52.41,23536.46,30.87,4908.9,27
2016-01-02 18:15:00,MAITRI,-1.05,61.17,965.55,59.69,3.17,42.8,7.13,52.37,23533.97,29.96,4908.72,27
2016-01-02 18:20:00,MAITRI,-0.96,61.27,965.71,61.62,6.96,44.24,7.37,52.37,23531.39,30.97,4908.53,26
2016-01-02 18:25:00,MAITRI,-0.84,61.7,965.74,61.6,1.17,45.38,7.56,52.38,23528.74,31.76,4908.35,26
2016-01-02 18:30:00,MAITRI,-0.7,60.9,965.96,60.46,0.0,46.39,7.73,52.38,23526.03,32.47,4908.17,26
2016-01-02 18:35:00,MAITRI,-0.62,61.45,965.16,60.58,2.82,43.96,7.33,52.36,23523.47,30.77,4907.99,27
2016-01-02 18:40:00,MAITRI,-0.54,61.99,964.78,60.79,0.0,45.5,7.58,52.36,23520.82,31.85,4907.8,27
2016-01-02 18:45:00,MAITRI,-0.32,62.04,965.23,60.0,0.0,42.94,7.16,52.31,23518.31,30.06,4907.6,28
2016-01-02 18:50:00,MAITRI,-0.24,62.44,965.74,58.37,0.0,46.58,7.76,52.31,23515.59,32.61,4907.4,29
2016-01-02 18:55:00,MAITRI,0.04,61.92,965.86,57.46,0.0,43.78,7.3,52.28,23513.04,30.64,4907.21,28
2016-01-02 19:00:00,MAITRI,-0.01,62.19,966.85,56.03,0.0,48.58,8.1,52.28,23510.21,34.0,4907.01,28
2016-01-02 19:05:00,MAITRI,-0.03,62.58,966.1,56.25,0.0,45.06,7.51,52.27,23507.58,31.54,4906.82,28
2016-01-02 19:10:00,MAITRI,-0.13,62.5,965.75,55.59,0.0,45.58,7.6,52.26,23504.92,31.9,4906.62,28
2016-01-02 19:15:00,MAITRI,-0.38,62.93,965.75,56.16,0.0,45.71,7.62,52.26,23502.25,31.99,4906.42,29
2016-01-02 19:20:00,MAITRI,-0.29,62.61,966.27,54.97,0.0,43.7,7.28,52.22,23499.7,30.59,4906.23,28
2016-01-02 19:25:00,MAITRI,-0.08,62.77,966.41,54.67,0.0,46.94,7.82,52.22,23496.97,32.86,4906.03,28
2016-01-02 19:30:00,MAITRI,0.07,62.53,966.81,55.1,0.0,46.45,7.74,52.22,23494.26,32.52,4905.84,28
2016-01-02 19:35:00,MAITRI,0.07,62.41,966.61,54.32,0.0,43.83,7.31,52.18,23491.7,30.68,4905.64,29
2016-01-02 19:40:00,MAITRI,-0.31,62.4,966.17,56.83,0.0,46.36,7.73,52.18,23488.99,32.45,4905.44,29
2016-01-02 19:45:00,MAITRI,-0.3,62.39,966.21,56.11,0.0,44.54,7.42,52.16,23486.4,31.18,4905.24,28
2016-01-02 19:50:00,MAITRI,-0.19,62.09,967.05,56.25,0.74,44.4,7.4,52.15,23483.81,31.08,4905.06,27
2016-01-02 19:55:00,MAITRI,-0.23,61.83,967.56,55.1,7.78,45.14,7.52,52.15,23481.17,31.6,4904.86,28
2016-01-02 20:00:00,MAITRI,-0.57,61.46,967.31,56.71,0.0,44.98,7.5,52.14,23478.55,31.49,4904.67,28
2016-01-02 20:05:00,MAITRI,-0.57,61.69,967.18,55.86,0.0,47.48,7.91,52.14,23475.78,33.23,4904.48,27
2016-01-02 20:10:00,MAITRI,-0.58,61.61,967.13,55.94,18.35,43.53,7.26,52.14,23473.24,30.47,4904.3,26
2016-01-02 20:15:00,MAITRI,-0.61,62.13,966.16,55.97,11.6,42.16,7.03,52.12,23470.78,29.51,4904.12,25
2016-01-02 20:20:00,MAITRI,-0.8,61.75,966.3,57.79,0.0,44.47,7.41,52.11,23468.19,31.13,4903.94,26
2016-01-02 20:25:00,MAITRI,-0.7,61.76,966.67,57.94,6.47,43.34,7.22,52.1,23465.66,30.34,4903.77,25
2016-01-02 20:30:00,MAITRI,-0.9,61.28,966.49,59.37,2.2,45.68,7.61,52.1,23462.99,31.98,4903.6,25
2016-01-02 20:35:00,MAITRI,-0.79,61.52,966.65,58.61,0.0,44.93,7.49,52.1,23460.37,31.45,4903.42,25
2016-01-02 20:40:00,MAITRI,-0.95,61.72,966.78,60.09,0.0,43.82,7.3,52.09,23457.82,30.68,4903.25,25
2016-01-02 20:45:00,MAITRI,-0.93,62.07,966.97,59.94,0.0,43.6,7.27,52.09,23455.27,30.52,4903.08,24
2016-01-02 20:50:00,MAITRI,-0.66,62.05,966.62,59.09,0.0,44.64,7.44,52.09,23452.67,31.25,4902.92,24
2016-01-02 20:55:00,MAITRI,-0.69,62.78,966.41,57.99,0.0,43.99,7.33,52.09,23450.1,30.79,4902.75,24
2016-01-02 21:00:00,MAITRI,-0.81,62.99,966.19,58.48,0.0,54.47,9.08,50.85,23446.92,38.13,4902.59,23
2016-01-02 21:05:00,MAITRI,-0.93,62.58,966.7,58.21,0.0,63.07,10.51,49.87,23443.25,44.15,4902.43,23
2016-01-02 21:10:00,MAITRI,-0.9,62.32,967.4,58.81,0.0,57.03,9.51,48.73,23439.92,39.92,4902.27,23
2016-01-02 21:15:00,MAITRI,-0.84,62.33,967.07,57.27,11.86,52.9,8.82,48.07,23436.83,37.03,4902.11,23
2016-01-02 21:20:00,MAITRI,-0.77,62.33,967.23,57.99,6.9,56.52,9.42,47.57,23433.54,39.56,4901.94,24
2016-01-02 21:25:00,MAITRI,-0.97,61.93,965.93,58.32,0.0,53.81,8.97,46.66,23430.4,37.67,4901.78,24
2016-01-02 21:30:00,MAITRI,-0.92,62.09,966.27,60.0,0.0,61.14,10.19,45.18,23426.83,42.8,4901.62,23
2016-01-02 21:35:00,MAITRI,-1.17,62.31,966.77,61.92,0.0,57.47,9.58,43.87,23423.48,40.23,4901.46,23
2016-01-02 21:40:00,MAITRI,-1.13,62.29,966.57,61.23,0.0,57.02,9.5,42.56,23420.15,39.92,4901.3,23
2016-01-02 21:45:00,MAITRI,-1.05,62.52,966.73,61.34,1.01,55.83,9.31,41.41,23416.9,39.08,4901.14,23
2016-01-02 21:50:00,MAITRI,-1.19,62.57,966.45,61.81,0.0,55.98,9.33,40.25,23413.63,39.18,4900.98,23
2016-01-02 21:55:00,MAITRI,-1.37,60.39,966.57,63.05,0.0,60.61,10.1,39.13,23410.09,42.42,4900.82,23
2016-01-02 22:00:00,MAITRI,-1.57,60.39,966.76,64.56,0.0,61.46,10.24,37.77,23406.51,43.02,4900.66,23
2016-01-02 22:05:00,MAITRI,-1.77,61.51,967.21,63.28,4.68,52.08,8.68,36.55,23403.47,36.46,4900.5,23
2016-01-02 22:10:00,MAITRI,-1.69,59.62,966.72,61.36,5.35,58.05,9.67,35.92,23400.09,40.63,4900.35,22
2016-01-02 22:15:00,MAITRI,-1.54,59.02,966.91,59.8,0.0,52.85,8.81,34.95,23397.0,36.99,4900.19,22
2016-01-02 22:20:00,MAITRI,-1.37,59.52,966.87,59.97,0.0,55.19,9.2,34.05,23393.78,38.63,4900.06,20
2016-01-02 22:25:00,MAITRI,-1.32,59.98,967.47,60.47,3.06,58.51,9.75,33.44,23390.37,40.96,4899.9,22
2016-01-02 22:30:00,MAITRI,-1.3,59.25,967.72,58.53,0.0,42.66,7.11,33.44,23387.88,29.86,4899.75,22
2016-01-02 22:35:00,MAITRI,-1.51,59.57,967.0,59.52,0.0,43.69,7.28,33.44,23385.33,30.58,4899.6,22
2016-01-02 22:40:00,MAITRI,-1.46,60.25,966.95,59.71,0.0,44.46,7.41,33.44,23382.74,31.12,4899.44,22
2016-01-02 22:45:00,MAITRI,-1.67,60.48,966.87,58.96,12.59,42.64,7.11,33.45,23380.25,29.85,4899.3,21
2016-01-02 22:50:00,MAITRI,-1.85,61.06,967.64,59.61,1.16,42.55,7.09,33.45,23377.77,29.78,4899.15,21
2016-01-02 22:55:00,MAITRI,-1.72,61.32,967.41,58.79,0.0,41.8,6.97,33.42,23375.33,29.26,4899.0,22
2016-01-02 23:00:00,MAITRI,-1.63,61.18,967.62,59.5,0.0,41.87,6.98,33.41,23372.89,29.31,4898.85,21
2016-01-02 23:05:00,MAITRI,-1.41,61.41,967.18,57.7,16.16,42.42,7.07,33.42,23370.42,29.69,4898.7,22
2016-01-02 23:10:00,MAITRI,-1.62,61.8,967.28,59.81,0.0,41.39,6.9,33.39,23368.0,28.97,4898.55,22
2016-01-02 23:15:00,MAITRI,-1.68,61.48,967.76,59.52,0.0,43.04,7.17,33.38,23365.49,30.13,4898.39,23
2016-01-02 23:20:00,MAITRI,-1.85,61.97,967.68,60.04,0.0,41.86,6.98,33.35,23363.05,29.31,4898.23,23
2016-01-02 23:25:00,MAITRI,-1.89,62.12,967.33,60.03,0.43,44.64,7.44,33.36,23360.44,31.24,4898.07,23
2016-01-02 23:30:00,MAITRI,-1.84,61.75,967.47,61.8,0.0,44.9,7.48,33.36,23357.83,31.43,4897.91,23
2016-01-02 23:35:00,MAITRI,-2.04,61.82,966.63,61.88,0.0,41.38,6.9,33.32,23355.41,28.96,4897.75,23
2016-01-02 23:40:00,MAITRI,-2.17,61.97,966.34,61.84,0.0,59.48,9.91,32.44,23351.94,41.64,4897.58,24
2016-01-02 23:45:00,MAITRI,-1.99,61.91,966.4,61.88,0.0,54.46,9.08,31.21,23348.77,38.12,4897.42,23
2016-01-02 23:50:00,MAITRI,-1.7,62.49,966.42,62.02,1.91,55.48,9.25,30.69,23345.53,38.84,4897.26,23
2016-01-02 23:55:00,MAITRI,-1.92,62.43,966.47,62.75,15.5,49.61,8.27,29.74,23342.63,34.73,4897.1,23
2016-01-03 00:00:00,MAITRI,-1.78,62.54,966.44,61.39,10.27,60.08,10.01,28.65,23339.13,42.05,4896.95,22
2016-01-03 00:05:00,MAITRI,-1.99,62.58,966.48,59.91,11.09,55.98,9.33,28.1,23335.86,39.19,4896.8,22
2016-01-03 00:10:00,MAITRI,-1.87,61.72,966.36,58.28,4.02,52.92,8.82,27.28,23332.78,37.04,4896.65,22
2016-01-03 00:15:00,MAITRI,-1.79,61.08,966.47,56.83,0.0,58.39,9.73,26.76,23329.37,40.87,4896.49,23
2016-01-03 00:20:00,MAITRI,-1.8,61.64,966.27,57.2,0.0,59.99,10.0,25.59,23325.87,42.0,4896.33,23
2016-01-03 00:25:00,MAITRI,-1.88,61.45,966.07,56.53,0.0,57.54,9.59,24.38,23322.52,40.28,4896.17,22
2016-01-03 00:30:00,MAITRI,-1.82,61.74,966.05,54.86,0.0,51.77,8.63,23.37,23319.5,36.24,4896.02,22
2016-01-03 00:35:00,MAITRI,-1.95,62.51,966.11,57.12,2.47,56.93,9.49,22.07,23316.17,39.85,4895.86,23
2016-01-03 00:40:00,MAITRI,-1.87,62.04,966.06,55.65,0.17,54.64,9.11,20.62,23312.99,38.25,4895.7,23
2016-01-03 00:45:00,MAITRI,-1.85,62.1,965.81,54.6,0.0,60.79,10.13,19.49,23309.44,42.55,4895.53,24
2016-01-03 00:50:00,MAITRI,-1.91,62.17,965.51,55.62,4.31,61.7,10.28,18.46,23305.84,43.19,4895.37,24
2016-01-03 00:55:00,MAITRI,-2.0,62.58,965.71,54.67,0.0,60.32,10.05,17.23,23302.32,42.22,4895.19,25
2016-01-03 01:00:00,MAITRI,-1.86,61.86,965.7,53.92,6.65,61.28,10.21,16.68,23298.75,42.9,4895.02,25
2016-01-03 01:05:00,MAITRI,-1.69,61.88,965.53,52.48,0.0,54.74,9.12,15.99,23295.56,38.32,4894.85,24
2016-01-03 01:10:00,MAITRI,-1.76,61.46,966.24,51.8,0.03,43.01,7.17,15.97,23293.05,30.11,4894.69,24
2016-01-03 01:15:00,MAITRI,-1.83,61.37,966.23,52.81,0.0,44.23,7.37,15.97,23290.47,30.96,4894.51,25
2016-01-03 01:20:00,MAITRI,-2.1,61.7,966.0,54.44,0.0,45.44,7.57,15.97,23287.82,31.81,4894.34,25
2016-01-03 01:25:00,MAITRI,-1.8,61.51,966.67,56.81,20.26,43.02,7.17,15.98,23285.31,30.11,4894.17,24
2016-01-03 01:30:00,MAITRI,-2.1,63.79,966.45,55.77,1.04,45.01,7.5,15.98,23282.68,31.5,4894.01,24
2016-01-03 01:35:00,MAITRI,-2.31,63.51,966.12,56.66,1.79,45.67,7.61,15.98,23280.02,31.97,4893.84,24
2016-01-03 01:40:00,MAITRI,-2.28,63.65,966.67,55.44,20.32,43.2,7.2,15.99,23277.5,30.24,4893.67,24
2016-01-03 01:45:00,MAITRI,-2.54,63.96,966.15,56.42,0.0,44.62,7.44,15.99,23274.89,31.23,4893.51,23
2016-01-03 01:50:00,MAITRI,-2.51,63.69,966.51,55.18,0.0,44.35,7.39,15.99,23272.31,31.05,4893.35,23
2016-01-03 01:55:00,MAITRI,-2.62,62.8,966.36,54.36,13.54,43.33,7.22,16.0,23269.78,30.33,4893.19,23
2016-01-03 02:00:00,MAITRI,-2.74,63.17,965.87,57.98,0.99,43.83,7.3,16.0,23267.22,30.68,4893.03,24
2016-01-03 02:05:00,MAITRI,-2.71,62.94,965.83,58.81,0.0,45.25,7.54,16.0,23264.58,31.68,4892.85,25
2016-01-03 02:10:00,MAITRI,-3.39,62.89,964.75,61.07,0.0,46.63,7.77,16.0,23261.86,32.64,4892.69,23
2016-01-03 02:15:00,MAITRI,-3.08,63.09,964.47,59.2,13.39,42.37,7.06,15.98,23259.39,29.66,4892.53,24
2016-01-03 02:20:00,MAITRI,-3.09,63.3,963.8,62.34,0.13,44.29,7.38,15.98,23256.81,31.0,4892.36,24
2016-01-03 02:25:00,MAITRI,-2.94,63.77,963.93,61.21,0.0,44.18,7.36,15.98,23254.23,30.92,4892.19,24
2016-01-03 02:30:00,MAITRI,-2.92,63.53,964.39,59.5,0.0,44.15,7.36,15.98,23251.65,30.91,4892.03,23
2016-01-03 02:35:00,MAITRI,-2.7,64.14,964.61,58.93,0.83,41.45,6.91,15.95,23249.24,29.02,4891.88,22
2016-01-03 02:40:00,MAITRI,-2.57,63.71,965.48,58.48,0.0,42.6,7.1,15.94,23246.75,29.82,4891.73,22
2016-01-03 02:45:00,MAITRI,-2.93,63.16,965.49,61.05,0.0,42.95,7.16,15.94,23244.25,30.06,4891.58,22
2016-01-03 02:50:00,MAITRI,-2.57,63.19,965.09,60.41,3.13,44.71,7.45,15.94,23241.64,31.29,4891.41,24
2016-01-03 02:55:00,MAITRI,-2.7,62.76,964.72,58.7,0.0,44.3,7.38,15.94,23239.05,31.01,4891.24,24
2016-01-03 03:00:00,MAITRI,-2.45,62.83,965.14,60.93,0.0,43.0,7.17,15.93,23236.55,30.1,4891.08,23
2016-01-03 03:05:00,MAITRI,-2.81,62.68,965.65,62.91,0.0,44.72,7.45,15.93,23233.94,31.31,4890.92,23
2016-01-03 03:10:00,MAITRI,-2.89,61.54,965.48,65.54,7.74,43.55,7.26,15.93,23231.4,30.49,4890.76,23
2016-01-03 03:15:00,MAITRI,-2.88,61.93,965.54,64.81,8.33,42.17,7.03,15.91,23228.94,29.52,4890.6,24
2016-01-03 03:20:00,MAITRI,-2.72,61.55,965.68,63.53,10.91,42.27,7.04,15.91,23226.47,29.59,4890.44,23
2016-01-03 03:25:00,MAITRI,-3.38,61.51,964.34,65.13,0.0,42.54,7.09,15.89,23223.99,29.78,4890.28,23
2016-01-03 03:30:00,MAITRI,-3.06,61.37,964.69,62.4,0.0,41.61,6.94,15.86,23221.56,29.13,4890.12,23
2016-01-03 03:35:00,MAITRI,-3.23,61.76,965.1,63.21,11.2,43.44,7.24,15.86,23219.03,30.41,4889.96,23
2016-01-03 03:40:00,MAITRI,-3.13,62.43,964.85,62.42,1.68,44.11,7.35,15.86,23216.45,30.88,4889.79,24
2016-01-03 03:45:00,MAITRI,-2.88,63.06,965.04,61.79,0.0,43.07,7.18,15.85,23213.94,30.15,4889.63,23
2016-01-03 03:50:00,MAITRI,-2.87,62.99,965.64,61.29,0.0,42.68,7.11,15.84,23211.45,29.88,4889.47,23
2016-01-03 03:55:00,MAITRI,-3.04,63.29,966.36,60.08,12.09,40.14,6.69,15.8,23209.11,28.09,4889.32,22
2016-01-03 04:00:00,MAITRI,-2.81,62.81,966.86,58.62,7.16,40.89,6.81,15.77,23206.73,28.62,4889.17,22
2016-01-03 04:05:00,MAITRI,-2.73,62.48,966.73,58.14,11.7,43.27,7.21,15.77,23204.2,30.29,4889.01,23
2016-01-03 04:10:00,MAITRI,-2.7,63.2,966.67,56.96,11.53,42.7,7.12,15.77,23201.71,29.89,4888.85,23
2016-01-03 04:15:00,MAITRI,-2.91,63.1,966.5,55.54,6.02,44.33,7.39,15.77,23199.13,31.03,4888.69,23
2016-01-03 04:20:00,MAITRI,-2.95,62.57,966.03,55.43,0.19,45.57,7.6,15.77,23196.47,31.9,4888.52,24
2016-01-03 04:25:00,MAITRI,-2.83,62.89,965.92,54.62,0.0,44.2,7.37,15.77,23193.89,30.94,4888.35,24
2016-01-03 04:30:00,MAITRI,-3.29,62.09,965.37,56.49,0.0,44.46,7.41,15.77,23191.3,31.12,4888.19,24
2016-01-03 04:35:00,MAITRI,-3.46,61.27,965.16,57.76,0.03,44.54,7.42,15.77,23188.7,31.18,4888.02,24
2016-01-03 04:40:00,MAITRI,-3.1,61.78,965.11,55.34,0.0,45.27,7.54,15.77,23186.06,31.69,4887.85,24
2016-01-03 04:45:00,MAITRI,-2.94,61.45,965.54,53.84,0.0,44.63,7.44,15.77,23183.45,31.24,4887.69,24
2016-01-03 04:50:00,MAITRI,-2.92,61.56,966.23,53.92,0.0,44.7,7.45,15.77,23180.85,31.29,4887.51,25
2016-01-03 04:55:00,MAITRI,-2.72,61.88,966.11,53.92,0.0,43.17,7.19,15.75,23178.33,30.22,4887.34,25
2016-01-03 05:00:00,MAITRI,-2.45,62.53,966.19,56.74,1.57,46.73,7.79,15.75,23175.6,32.71,4887.17,25
2016-01-03 05:05:00,MAITRI,-2.62,62.92,966.0,59.66,0.0,44.17,7.36,15.75,23173.02,30.92,4886.99,25
2016-01-03 05:10:00,MAITRI,-2.43,62.77,965.57,57.46,0.0,44.21,7.37,15.75,23170.45,30.95,4886.82,25
2016-01-03 05:15:00,MAITRI,-2.31,63.12,966.07,56.16,0.0,42.46,7.08,15.72,23167.97,29.72,4886.65,24
2016-01-03 05:20:00,MAITRI,-2.19,63.16,965.83,56.71,0.0,46.1,7.68,15.72,23165.28,32.27,4886.49,24
2016-01-03 05:25:00,MAITRI,-3.03,63.58,964.56,58.73,0.0,43.28,7.21,15.7,23162.76,30.29,4886.32,24
2016-01-03 05:30:00,MAITRI,-3.15,63.19,964.11,56.27,16.48,42.3,7.05,15.69,23160.29,29.61,4886.15,24
2016-01-03 05:35:00,MAITRI,-2.75,62.87,964.09,54.39,0.0,42.2,7.03,15.68,23157.83,29.54,4886.0,22
2016-01-03 05:40:00,MAITRI,-2.73,61.96,964.23,54.93,12.93,44.26,7.38,15.68,23155.24,30.98,4885.85,22
2016-01-03 05:45:00,MAITRI,-2.89,62.25,963.99,53.64,0.0,42.34,7.06,15.67,23152.77,29.64,4885.69,22
2016-01-03 05:50:00,MAITRI,-2.89,62.33,963.85,53.54,12.9,42.78,7.13,15.68,23150.28,29.95,4885.54,22
2016-01-03 05:55:00,MAITRI,-3.08,61.91,963.56,56.8,0.0,46.03,7.67,15.68,23147.59,32.22,4885.38,23
2016-01-03 06:00:00,MAITRI,-2.74,61.37,963.36,55.82,0.0,44.18,7.36,15.68,23145.02,30.93,4885.22,23
2016-01-03 06:05:00,MAITRI,-2.51,61.96,963.67,53.95,3.0,43.32,7.22,15.68,23142.49,30.32,4885.06,23
2016-01-03 06:10:00,MAITRI,-2.16,61.34,963.93,53.81,9.05,42.11,7.02,15.66,23140.03,29.47,4884.9,23
2016-01-03 06:15:00,MAITRI,-1.88,61.55,964.33,52.68,50.08,40.13,6.69,15.67,23137.69,28.09,4884.74,23
2016-01-03 06:20:00,MAITRI,-2.14,61.38,964.1,54.56,33.24,39.87,6.64,15.64,23135.37,27.91,4884.58,23
2016-01-03 06:25:00,MAITRI,-1.95,60.84,964.33,52.34,66.19,38.62,6.44,15.64,23133.11,27.03,4884.42,23
2016-01-03 06:30:00,MAITRI,-2.68,61.48,963.36,54.61,68.11,39.64,6.61,15.66,23130.8,27.74,4884.26,23
2016-01-03 06:35:00,MAITRI,-2.58,61.26,963.4,54.89,80.52,39.68,6.61,15.69,23128.49,27.78,4884.1,23
2016-01-03 06:40:00,MAITRI,-2.68,61.13,964.43,54.49,89.03,39.78,6.63,15.74,23126.17,27.85,4883.94,23
2016-01-03 06:45:00,MAITRI,-2.7,61.25,964.02,54.94,115.08,38.68,6.45,15.79,23123.91,27.08,4883.78,23
2016-01-03 06:50:00,MAITRI,-2.67,61.74,964.16,54.06,108.92,40.1,6.68,15.85,23121.57,28.07,4883.62,23
2016-01-03 06:55:00,MAITRI,-3.34,62.66,963.05,56.41,119.89,39.4,6.57,15.91,23119.27,27.58,4883.47,23
2016-01-03 07:00:00,MAITRI,-3.16,62.69,963.78,54.72,134.08,39.21,6.53,15.98,23116.99,27.44,4883.32,21
2016-01-03 07:05:00,MAITRI,-3.48,61.93,964.35,57.43,154.77,35.2,5.87,16.05,23114.93,24.64,4883.18,20
2016-01-03 07:10:00,MAITRI,-3.12,62.65,964.1,54.94,139.97,64.66,10.78,16.12,23111.16,45.26,4883.04,20
2016-01-03 07:15:00,MAITRI,-3.01,63.5,964.32,53.75,156.59,73.22,12.2,16.2,23106.89,51.25,4882.89,22
2016-01-03 07:20:00,MAITRI,-2.94,63.05,964.03,53.54,188.97,73.42,12.24,16.3,23102.61,51.39,4882.73,23
2016-01-03 07:25:00,MAITRI,-3.22,62.31,963.57,54.95,183.65,65.86,10.98,16.4,23098.77,46.1,4882.56,24
2016-01-03 07:30:00,MAITRI,-2.99,62.26,963.53,54.72,202.05,66.83,11.14,16.5,23094.87,46.78,4882.4,24
2016-01-03 07:35:00,MAITRI,-2.66,62.26,963.92,52.54,211.35,61.52,10.25,16.61,23091.28,43.06,4882.23,24
2016-01-03 07:40:00,MAITRI,-2.56,61.94,964.75,51.99,219.45,72.34,12.06,16.73,23087.06,50.64,4882.06,24
2016-01-03 07:45:00,MAITRI,-2.42,61.15,965.21,52.26,230.02,66.43,11.07,16.85,23083.18,46.5,4881.9,24
2016-01-03 07:50:00,MAITRI,-2.39,61.05,964.65,54.7,241.53,52.73,8.79,16.97,23080.11,36.91,4881.73,24
2016-01-03 07:55:00,MAITRI,-2.66,61.36,964.87,55.8,257.14,59.35,9.89,17.11,23076.65,41.55,4881.56,24
2016-01-03 08:00:00,MAITRI,-2.53,61.64,965.78,53.94,265.61,60.55,10.09,17.25,23073.11,42.39,4881.39,25
2016-01-03 08:05:00,MAITRI,-2.17,61.16,966.16,53.51,263.88,62.7,10.45,17.38,23069.46,43.89,4881.22,25
2016-01-03 08:10:00,MAITRI,-2.09,60.95,965.84,55.72,293.03,60.31,10.05,17.54,23065.94,42.22,4881.04,25
2016-01-03 08:15:00,MAITRI,-1.91,60.65,965.97,55.47,293.32,57.28,9.55,17.69,23062.6,40.1,4880.87,25
2016-01-03 08:20:00,MAITRI,-1.91,61.62,966.19,53.84,308.89,57.28,9.55,17.85,23059.25,40.1,4880.69,26
2016-01-03 08:25:00,MAITRI,-1.76,61.66,965.74,52.49,301.77,55.28,9.21,18.01,23056.03,38.69,4880.5,27
2016-01-03 08:30:00,MAITRI,-1.46,61.6,965.5,52.3,314.68,64.05,10.67,18.17,23052.29,44.83,4880.31,27
2016-01-03 08:35:00,MAITRI,-1.66,61.83,965.55,53.52,333.55,58.09,9.68,18.35,23048.91,40.66,4880.12,27
2016-01-03 08:40:00,MAITRI,-1.56,61.79,966.67,52.74,348.12,52.51,8.75,18.53,23045.84,36.76,4879.93,28
2016-01-03 08:45:00,MAITRI,-1.56,61.59,966.14,53.59,344.37,69.32,11.55,18.71,23041.8,48.52,4879.74,27
2016-01-03 08:50:00,MAITRI,-1.49,61.92,965.68,53.89,344.49,52.5,8.75,18.89,23038.74,36.75,4879.55,28
2016-01-03 08:55:00,MAITRI,-1.33,62.35,966.42,52.03,354.58,61.28,10.21,19.07,23035.16,42.89,4879.35,28
2016-01-03 09:00:00,MAITRI,-1.88,62.26,965.51,53.35,352.07,56.13,9.35,19.25,23031.89,39.29,4879.17,27
2016-01-03 09:05:00,MAITRI,-1.69,62.16,965.13,53.18,369.25,56.7,9.45,19.45,23028.58,39.69,4878.98,27
2016-01-03 09:10:00,MAITRI,-1.65,61.5,965.64,51.82,377.6,63.36,10.56,19.64,23024.88,44.35,4878.78,28
2016-01-03 09:15:00,MAITRI,-1.61,62.12,965.75,50.55,394.77,67.12,11.19,19.85,23020.97,46.98,4878.58,29
2016-01-03 09:20:00,MAITRI,-1.2,61.75,965.87,50.95,406.6,58.06,9.68,20.06,23017.58,40.64,4878.39,28
2016-01-03 09:25:00,MAITRI,-1.11,61.38,965.97,49.75,409.91,67.3,11.22,20.28,23013.66,47.11,4878.19,28
2016-01-03 09:30:00,MAITRI,-0.77,61.31,966.58,50.41,415.39,49.73,8.29,20.49,23010.76,34.81,4878.0,28
2016-01-03 09:35:00,MAITRI,-0.42,61.81,967.36,48.69,429.34,49.54,8.26,20.72,23007.87,34.68,4877.81,27
2016-01-03 09:40:00,MAITRI,0.12,61.06,967.62,47.61,441.55,48.05,8.01,20.95,23005.06,33.63,4877.62,28
2016-01-03 09:45:00,MAITRI,-0.56,61.03,966.46,49.56,442.88,64.56,10.76,21.18,23001.3,45.19,4877.42,29
2016-01-03 09:50:00,MAITRI,-0.46,60.76,966.51,48.89,436.3,68.48,11.41,21.4,22997.3,47.93,4877.22,29
2016-01-03 09:55:00,MAITRI,-0.28,61.46,966.62,47.6,464.39,68.1,11.35,21.65,22993.33,47.67,4877.01,29
2016-01-03 10:00:00,MAITRI,-0.18,60.96,966.26,47.98,468.96,48.08,8.01,21.89,22990.52,33.66,4876.82,28
2016-01-03 10:05:00,MAITRI,-0.26,61.06,965.88,50.54,466.32,27.39,4.57,22.13,22988.93,19.17,4876.62,28
2016-01-03 10:10:00,MAITRI,-0.02,60.97,966.04,49.5,487.58,25.02,4.17,22.37,22987.47,17.51,4876.43,28
2016-01-03 10:15:00,MAITRI,0.38,60.41,966.52,50.04,464.26,28.38,4.73,22.61,22985.81,19.87,4876.24,28
2016-01-03 10:20:00,MAITRI,0.11,60.52,966.35,51.41,468.52,27.25,4.54,22.86,22984.22,19.08,4876.04,28
2016-01-03 10:25:00,MAITRI,0.26,60.42,966.69,50.41,465.72,26.97,4.5,23.1,22982.65,18.88,4875.84,29
2016-01-03 10:30:00,MAITRI,0.35,61.37,966.92,49.09,495.36,26.76,4.46,23.35,22981.09,18.73,4875.65,28
2016-01-03 10:35:00,MAITRI,0.3,61.52,966.36,49.04,482.85,27.19,4.53,23.6,22979.5,19.03,4875.45,28
2016-01-03 10:40:00,MAITRI,0.35,62.03,966.46,47.5,500.69,24.16,4.03,23.84,22978.09,16.91,4875.26,28
2016-01-03 10:45:00,MAITRI,0.41,62.56,966.06,47.8,506.53,24.25,4.04,24.08,22976.68,16.98,4875.06,28
2016-01-03 10:50:00,MAITRI,0.62,62.84,966.31,46.67,505.95,23.06,3.84,24.31,22975.33,16.14,4874.87,27
2016-01-03 10:55:00,MAITRI,0.68,63.11,966.06,46.5,515.5,25.38,4.23,24.58,22973.85,17.76,4874.69,26
2016-01-03 11:00:00,MAITRI,0.85,63.12,966.06,46.63,517.9,25.7,4.28,24.85,22972.35,17.99,4874.51,26
2016-01-03 11:05:00,MAITRI,0.7,63.53,965.87,46.43,515.79,23.55,3.92,25.1,22970.98,16.48,4874.33,27
2016-01-03 11:10:00,MAITRI,0.94,64.18,965.98,46.45,527.79,23.84,3.97,25.37,22969.59,16.69,4874.14,27
2016-01-03 11:15:00,MAITRI,1.15,63.32,965.44,47.07,536.75,23.97,4.0,25.65,22968.19,16.78,4873.96,26
2016-01-03 11:20:00,MAITRI,0.82,62.62,965.28,48.93,533.24,24.37,4.06,25.92,22966.77,17.06,4873.78,26
2016-01-03 11:25:00,MAITRI,1.09,63.05,966.17,47.39,522.09,21.72,3.62,26.16,22965.5,15.2,4873.6,26
2016-01-03 11:30:00,MAITRI,1.17,63.05,966.87,46.16,533.69,32.71,5.45,25.0,22963.59,22.9,4873.42,26
2016-01-03 11:35:00,MAITRI,0.94,62.9,967.08,48.63,534.81,36.66,6.11,24.26,22961.45,25.66,4873.24,26
2016-01-03 11:40:00,MAITRI,1.04,62.86,966.76,46.82,541.57,34.4,5.73,23.3,22959.45,24.08,4873.06,26
2016-01-03 11:45:00,MAITRI,1.26,63.28,967.26,46.74,548.77,41.83,6.97,22.49,22957.01,29.28,4872.87,27
2016-01-03 11:50:00,MAITRI,1.14,62.85,966.6,47.35,543.66,37.21,6.2,22.17,22954.84,26.04,4872.67,28
2016-01-03 11:55:00,MAITRI,1.09,62.68,966.5,46.05,542.36,41.08,6.85,21.51,22952.44,28.76,4872.48,28
2016-01-03 12:00:00,MAITRI,1.12,62.49,966.57,48.45,530.25,34.28,5.71,21.07,22950.44,23.99,4872.28,28
2016-01-03 12:05:00,MAITRI,1.16,62.73,966.4,48.54,534.92,35.16,5.86,20.58,22948.39,24.61,4872.09,28
2016-01-03 12:10:00,MAITRI,0.78,62.51,966.23,49.8,533.78,32.32,5.39,20.13,22946.51,22.62,4871.9,28
2016-01-03 12:15:00,MAITRI,0.5,63.15,966.68,50.84,528.99,38.13,6.35,19.19,22944.28,26.69,4871.7,28
2016-01-03 12:20:00,MAITRI,0.52,63.03,966.41,49.62,528.12,32.55,5.42,18.09,22942.38,22.78,4871.51,27
2016-01-03 12:25:00,MAITRI,0.22,62.51,966.3,50.49,530.88,32.23,5.37,17.18,22940.5,22.56,4871.33,27
2016-01-03 12:30:00,MAITRI,0.71,62.57,966.43,49.34,530.9,32.12,5.35,16.55,22938.63,22.49,4871.13,28
2016-01-03 12:35:00,MAITRI,1.05,62.77,966.8,48.06,526.71,35.89,5.98,15.95,22936.54,25.12,4870.94,27
2016-01-03 12:40:00,MAITRI,1.13,62.45,966.95,48.73,536.04,40.42,6.74,14.84,22934.18,28.29,4870.76,26
2016-01-03 12:45:00,MAITRI,0.66,63.0,966.69,50.14,539.32,38.71,6.45,14.35,22931.92,27.1,4870.58,26
2016-01-03 12:50:00,MAITRI,0.49,61.85,966.5,51.15,513.9,38.89,6.48,13.85,22929.65,27.22,4870.41,25
2016-01-03 12:55:00,MAITRI,0.9,61.65,966.81,49.77,519.46,40.09,6.68,13.18,22927.31,28.07,4870.24,25
2016-01-03 13:00:00,MAITRI,1.03,61.89,966.44,48.95,520.83,34.48,5.75,12.09,22925.3,24.14,4870.06,26
2016-01-03 13:05:00,MAITRI,1.19,59.02,966.83,47.71,530.93,34.32,5.72,11.72,22923.3,24.02,4869.87,26
2016-01-03 13:10:00,MAITRI,1.47,58.92,966.94,46.76,508.72,32.75,5.46,10.82,22921.39,22.93,4869.69,26
2016-01-03 13:15:00,MAITRI,1.53,58.43,967.64,46.58,509.42,34.46,5.74,10.57,22919.38,24.12,4869.51,26
2016-01-03 13:20:00,MAITRI,1.08,58.79,967.74,47.65,512.79,35.14,5.86,10.11,22917.33,24.6,4869.33,27
2016-01-03 13:25:00,MAITRI,1.03,58.45,967.77,47.51,494.02,40.82,6.8,8.96,22914.95,28.57,4869.13,28
2016-01-03 13:30:00,MAITRI,0.81,54.49,967.59,49.96,494.48,35.26,5.88,8.62,22912.89,24.69,4868.94,28
2016-01-03 13:35:00,MAITRI,0.62,55.23,967.52,50.7,489.9,40.84,6.81,7.98,22910.51,28.59,4868.75,27
2016-01-03 13:40:00,MAITRI,0.88,56.52,967.64,50.75,481.81,39.24,6.54,7.32,22908.22,27.47,4868.56,28
2016-01-03 13:45:00,MAITRI,0.97,56.88,967.84,50.14,481.28,43.1,7.18,6.29,22905.71,30.17,4868.35,29
2016-01-03 13:50:00,MAITRI,1.21,57.72,967.77,49.2,469.71,34.95,5.82,5.08,22903.67,24.46,4868.15,29
2016-01-03 13:55:00,MAITRI,1.32,58.88,967.58,49.31,456.65,45.0,7.5,4.69,22901.04,31.5,4867.96,28
2016-01-03 14:00:00,MAITRI,0.96,59.4,967.77,50.25,447.88,43.42,7.24,4.17,22898.51,30.39,4867.77,27
2016-01-03 14:05:00,MAITRI,1.25,59.78,968.48,49.91,458.24,39.46,6.58,3.38,22896.21,27.62,4867.58,27
2016-01-03 14:10:00,MAITRI,1.38,59.56,968.33,49.78,437.86,40.65,6.77,2.31,22893.84,28.45,4867.4,27
2016-01-03 14:15:00,MAITRI,1.45,57.68,968.03,49.58,437.89,43.12,7.19,2.02,22891.32,30.18,4867.22,26
2016-01-03 14:20:00,MAITRI,1.42,58.11,968.45,48.64,440.78,25.25,4.21,2.23,22889.85,17.68,4867.04,25
2016-01-03 14:25:00,MAITRI,1.7,58.55,968.13,48.73,431.59,26.1,4.35,2.45,22888.33,18.27,4866.87,25
2016-01-03 14:30:00,MAITRI,1.78,59.07,968.08,48.81,423.14,25.37,4.23,2.63,22886.85,17.76,4866.69,26
2016-01-03 14:35:00,MAITRI,1.7,58.79,967.81,51.13,410.35,27.2,4.53,2.83,22885.26,19.04,4866.51,26
2016-01-03 14:40:00,MAITRI,1.34,54.17,968.51,51.54,401.42,26.64,4.44,3.0,22883.71,18.64,4866.32,27
2016-01-03 14:45:00,MAITRI,1.21,54.77,969.05,50.26,401.38,28.51,4.75,3.21,22882.04,19.96,4866.13,27
2016-01-03 14:50:00,MAITRI,1.22,55.55,968.13,50.84,400.36,29.03,4.84,3.42,22880.35,20.32,4865.95,26
2016-01-03 14:55:00,MAITRI,1.25,56.16,967.88,49.46,376.98,27.64,4.61,3.59,22878.74,19.35,4865.77,26
2016-01-03 15:00:00,MAITRI,0.98,57.27,967.47,50.52,367.0,30.76,5.13,3.78,22876.94,21.53,4865.58,27
2016-01-03 15:05:00,MAITRI,0.76,58.4,967.31,52.36,366.41,30.46,5.08,3.97,22875.17,21.32,4865.4,27
2016-01-03 15:10:00,MAITRI,0.66,59.26,967.5,52.67,348.11,31.11,5.18,4.15,22873.35,21.78,4865.2,28
2016-01-03 15:15:00,MAITRI,0.75,59.39,966.94,52.95,330.31,32.07,5.34,4.32,22869.78,42.9,4865.01,27
2016-01-03 15:20:00,MAITRI,1.05,60.09,966.76,51.21,349.09,31.37,5.23,4.5,22865.87,46.83,4864.82,28
2016-01-03 15:25:00,MAITRI,0.74,61.03,966.72,52.37,333.48,32.86,5.48,4.68,22861.05,57.87,4864.62,28
2016-01-03 15:30:00,MAITRI,0.42,61.45,966.79,53.43,319.74,33.44,5.57,4.84,22857.5,42.65,4864.43,28
2016-01-03 15:35:00,MAITRI,0.53,62.07,966.29,53.32,308.59,35.32,5.89,5.0,22853.51,47.81,4864.23,29
2016-01-03 15:40:00,MAITRI,0.66,62.27,964.98,53.73,298.3,33.25,5.54,5.15,22848.88,55.58,4864.03,28
2016-01-03 15:45:00,MAITRI,0.67,62.55,965.11,54.85,286.95,33.87,5.64,5.3,22844.3,55.03,4863.85,27
2016-01-03 15:50:00,MAITRI,0.77,62.99,965.52,53.88,283.89,34.97,5.83,5.45,22840.19,49.33,4863.66,27
2016-01-03 15:55:00,MAITRI,0.82,63.63,965.48,53.86,268.13,35.82,5.97,5.59,22836.26,47.11,4863.47,28
2016-01-03 16:00:00,MAITRI,0.6,63.52,965.77,54.57,247.9,35.71,5.95,5.72,22830.96,63.6,4863.27,28
2016-01-03 16:05:00,MAITRI,0.75,61.7,965.34,54.51,243.58,35.61,5.94,5.83,22826.52,53.23,4863.07,29
2016-01-03 16:10:00,MAITRI,0.91,62.07,965.18,53.59,240.57,37.28,6.21,5.96,22822.54,47.83,4862.87,29
2016-01-03 16:15:00,MAITRI,0.97,62.0,964.84,54.07,236.48,36.2,6.03,6.07,22820.43,25.34,4862.67,29
2016-01-03 16:20:00,MAITRI,0.82,62.16,964.0,54.73,231.75,36.97,6.16,6.2,22818.27,25.88,4862.47,28
2016-01-03 16:25:00,MAITRI,0.77,60.29,963.78,53.4,196.09,37.67,6.28,6.29,22816.07,26.37,4862.27,29
2016-01-03 16:30:00,MAITRI,0.75,60.01,963.96,54.26,203.16,37.63,6.27,6.4,22813.88,26.34,4862.07,29
2016-01-03 16:35:00,MAITRI,0.75,60.02,964.11,53.52,174.86,40.05,6.68,6.49,22811.54,28.04,4861.87,29
2016-01-03 16:40:00,MAITRI,0.71,60.33,963.55,54.82,165.07,38.16,6.36,6.55,22809.31,26.71,4861.67,29
2016-01-03 16:45:00,MAITRI,0.65,60.51,963.73,53.02,186.53,37.43,6.24,6.64,22807.13,26.2,4861.47,28
2016-01-03 16:50:00,MAITRI,0.39,60.25,964.0,53.86,156.83,37.83,6.31,6.7,22804.92,26.48,4861.28,28
2016-01-03 16:55:00,MAITRI,0.21,59.95,963.4,54.05,150.55,65.92,10.99,6.78,22801.08,46.14,4861.08,28
2016-01-03 17:00:00,MAITRI,0.4,60.4,963.53,52.3,135.13,63.65,10.61,6.85,22797.37,44.56,4860.89,28
2016-01-03 17:05:00,MAITRI,0.12,60.98,963.98,53.31,136.39,60.79,10.13,6.92,22793.82,42.55,4860.69,29
2016-01-03 17:10:00,MAITRI,0.14,61.53,963.19,54.25,108.3,70.45,11.74,6.97,22789.71,49.32,4860.49,28
2016-01-03 17:15:00,MAITRI,0.0,61.6,962.57,55.1,102.48,68.84,11.47,7.03,22785.69,48.19,4860.31,27
2016-01-03 17:20:00,MAITRI,0.11,61.7,962.81,53.7,98.08,67.92,11.32,7.08,22781.73,47.55,4860.11,28
2016-01-03 17:25:00,MAITRI,0.09,60.66,963.09,54.18,91.0,69.02,11.5,7.13,22777.71,48.31,4859.92,28
2016-01-03 17:30:00,MAITRI,0.04,60.82,963.32,54.82,79.32,73.09,12.18,7.17,22773.44,51.16,4859.72,28
2016-01-03 17:35:00,MAITRI,0.32,60.55,963.38,55.05,64.91,62.86,10.48,7.2,22769.78,44.0,4859.53,27
2016-01-03 17:40:00,MAITRI,0.41,61.3,963.9,52.96,33.15,61.44,10.24,7.22,22766.19,43.01,4859.35,26
2016-01-03 17:45:00,MAITRI,0.57,61.88,964.73,51.76,40.92,65.52,10.92,7.24,22762.37,45.86,4859.17,26
2016-01-03 17:50:00,MAITRI,0.88,62.0,965.18,52.23,19.73,65.23,10.87,7.25,22758.56,45.66,4859.0,25
2016-01-03 17:55:00,MAITRI,0.94,61.61,965.43,52.31,7.22,66.27,11.05,7.25,22754.7,46.39,4858.82,26
2016-01-03 18:00:00,MAITRI,0.65,61.16,965.71,54.27,12.8,72.53,12.09,7.26,22750.47,50.77,4858.64,26
2016-01-03 18:05:00,MAITRI,0.33,61.19,966.2,55.49,0.68,69.56,11.59,7.26,22746.41,48.69,4858.46,26
2016-01-03 18:10:00,MAITRI,0.08,61.73,966.17,54.19,0.0,76.75,12.79,7.26,22741.93,53.73,4858.27,27
2016-01-03 18:15:00,MAITRI,0.22,62.68,965.97,54.81,8.46,74.62,12.44,7.27,22737.58,52.23,4858.08,27
2016-01-03 18:20:00,MAITRI,0.06,62.76,966.28,56.1,0.0,73.91,12.32,7.27,22733.27,51.74,4857.9,26
2016-01-03 18:25:00,MAITRI,0.18,62.79,966.48,55.31,16.85,70.88,11.81,7.27,22729.13,49.62,4857.73,25
2016-01-03 18:30:00,MAITRI,0.32,62.64,966.39,54.38,0.0,63.39,10.57,7.27,22725.44,44.38,4857.56,25
2016-01-03 18:35:00,MAITRI,0.4,62.94,965.39,55.12,3.69,62.37,10.39,7.28,22721.8,43.66,4857.38,25
2016-01-03 18:40:00,MAITRI,0.79,62.77,965.74,53.68,0.0,71.96,11.99,7.28,22717.6,50.37,4857.21,25
2016-01-03 18:45:00,MAITRI,0.67,62.87,965.33,54.35,12.83,43.24,7.21,7.26,22715.08,30.27,4857.03,26
2016-01-03 18:50:00,MAITRI,0.65,62.82,965.17,53.83,6.69,44.15,7.36,7.27,22712.5,30.91,4856.85,25
2016-01-03 18:55:00,MAITRI,0.32,62.67,964.9,54.32,10.0,42.65,7.11,7.24,22710.01,29.86,4856.67,26
2016-01-03 19:00:00,MAITRI,0.24,62.27,964.86,55.3,0.0,44.04,7.34,7.23,22707.45,30.82,4856.49,26
2016-01-03 19:05:00,MAITRI,-0.11,62.41,965.3,57.54,12.06,46.08,7.68,7.23,22704.76,32.26,4856.31,27
2016-01-03 19:10:00,MAITRI,-0.1,62.11,965.56,56.68,0.0,44.7,7.45,7.23,22702.15,31.29,4856.12,26
2016-01-03 19:15:00,MAITRI,-0.27,61.94,965.53,57.89,6.18,43.44,7.24,7.22,22699.62,30.41,4855.94,26
2016-01-03 19:20:00,MAITRI,-0.23,61.82,965.54,57.07,0.0,43.87,7.31,7.2,22697.06,30.71,4855.76,26
2016-01-03 19:25:00,MAITRI,-0.5,62.31,965.59,58.39,4.29,42.82,7.14,7.17,22694.56,29.97,4855.58,26
2016-01-03 19:30:00,MAITRI,-0.38,62.36,965.38,57.6,0.0,45.5,7.58,7.17,22691.91,31.85,4855.4,26
2016-01-03 19:35:00,MAITRI,-0.25,62.04,965.35,57.08,0.0,45.94,7.66,7.17,22689.23,32.16,4855.22,26
2016-01-03 19:40:00,MAITRI,-0.06,62.69,965.28,55.97,0.0,45.34,7.56,7.17,22686.58,31.74,4855.04,26
2016-01-03 19:45:00,MAITRI,-0.03,59.21,965.55,56.14,0.0,43.97,7.33,7.16,22684.02,30.78,4854.86,26
2016-01-03 19:50:00,MAITRI,-0.11,59.75,965.67,55.46,0.0,45.85,7.64,7.16,22681.34,32.1,4854.68,26
2016-01-03 19:55:00,MAITRI,-0.15,59.57,966.48,54.34,0.0,44.22,7.37,7.16,22678.76,30.95,4854.5,26
2016-01-03 20:00:00,MAITRI,-0.05,59.62,966.39,53.16,0.0,44.2,7.37,7.16,22676.18,30.94,4854.33,25
2016-01-03 20:05:00,MAITRI,-0.25,59.46,966.6,55.18,0.0,42.46,7.08,7.13,22673.71,29.72,4854.16,24
2016-01-03 20:10:00,MAITRI,-0.37,59.8,966.68,56.85,0.0,43.46,7.24,7.13,22671.17,30.42,4853.99,24
2016-01-03 20:15:00,MAITRI,-0.26,59.37,967.31,55.73,4.64,44.06,7.34,7.13,22668.6,30.84,4853.83,24
2016-01-03 20:20:00,MAITRI,-0.29,60.36,967.46,56.88,0.0,42.23,7.04,7.11,22666.14,29.56,4853.66,24
2016-01-03 20:25:00,MAITRI,-0.64,60.66,967.18,57.38,0.0,41.88,6.98,7.08,22663.69,29.32,4853.5,23
2016-01-03 20:30:00,MAITRI,-0.86,61.19,967.86,57.97,4.22,43.29,7.21,7.08,22661.17,30.3,4853.34,23
2016-01-03 20:35:00,MAITRI,-0.71,61.32,967.58,57.93,0.0,42.06,7.01,7.06,22658.72,29.44,4853.18,23
2016-01-03 20:40:00,MAITRI,-0.67,61.67,967.94,57.53,0.0,43.2,7.2,7.05,22656.2,30.24,4853.01,24
2016-01-03 20:45:00,MAITRI,-0.81,61.22,968.33,58.54,0.0,42.71,7.12,7.02,22653.7,29.9,4852.85,24
2016-01-03 20:50:00,MAITRI,-0.84,61.12,968.33,59.37,6.91,43.07,7.18,7.02,22651.19,30.15,4852.68,24
2016-01-03 20:55:00,MAITRI,-1.05,61.1,968.26,58.95,0.0,44.34,7.39,7.02,22648.61,31.04,4852.51,24
2016-01-03 21:00:00,MAITRI,-1.58,61.16,967.72,59.95,2.6,43.88,7.31,7.02,22646.05,30.72,4852.35,24
2016-01-03 21:05:00,MAITRI,-1.43,61.51,967.6,60.25,0.0,42.3,7.05,6.99,22643.58,29.61,4852.18,24
2016-01-03 21:10:00,MAITRI,-1.39,61.46,967.48,60.29,4.89,44.28,7.38,7.0,22641.0,30.99,4852.02,23
2016-01-03 21:15:00,MAITRI,-1.46,61.75,967.41,60.03,11.67,42.31,7.05,6.98,22638.53,29.62,4851.85,24
2016-01-03 21:20:00,MAITRI,-1.47,62.12,967.15,58.16,0.0,43.98,7.33,6.98,22635.96,30.78,4851.69,24
2016-01-03 21:25:00,MAITRI,-1.53,62.45,966.08,58.55,16.31,43.08,7.18,6.98,22633.45,30.15,4851.51,25
2016-01-03 21:30:00,MAITRI,-1.43,62.41,966.68,58.85,8.7,44.23,7.37,6.98,22630.87,30.96,4851.34,25
2016-01-03 21:35:00,MAITRI,-1.78,60.17,966.79,60.43,0.0,42.74,7.12,6.97,22628.38,29.92,4851.17,24
2016-01-03 21:40:00,MAITRI,-1.64,60.98,966.57,58.73,5.5,42.63,7.11,6.96,22625.89,29.84,4851.01,23
2016-01-03 21:45:00,MAITRI,-1.86,60.43,966.07,57.84,1.36,43.66,7.28,6.96,22623.34,30.56,4850.85,24
2016-01-03 21:50:00,MAITRI,-1.51,56.75,965.85,57.23,0.0,43.44,7.24,6.96,22620.81,30.41,4850.69,23
2016-01-03 21:55:00,MAITRI,-1.63,57.03,966.12,57.22,7.75,42.23,7.04,6.96,22618.35,29.56,4850.53,23
2016-01-03 22:00:00,MAITRI,-1.88,58.15,965.33,58.24,5.93,41.8,6.97,6.94,22615.91,29.26,4850.37,23
2016-01-03 22:05:00,MAITRI,-1.82,58.96,965.53,57.66,8.08,43.7,7.28,6.94,22613.36,30.59,4850.2,24
2016-01-03 22:10:00,MAITRI,-1.93,58.84,965.55,57.38,15.18,42.51,7.08,6.94,22610.88,29.76,4850.03,24
2016-01-03 22:15:00,MAITRI,-2.03,59.37,966.48,58.36,0.0,43.77,7.3,6.94,22608.32,30.64,4849.86,25
2016-01-03 22:20:00,MAITRI,-1.99,59.0,966.61,57.02,5.49,41.33,6.89,6.9,22605.91,28.93,4849.69,25
2016-01-03 22:25:00,MAITRI,-1.73,59.84,967.53,57.97,0.0,41.94,6.99,6.86,22603.47,29.36,4849.52,24
2016-01-03 22:30:00,MAITRI,-2.04,55.08,966.93,59.36,6.07,43.56,7.26,6.87,22600.93,30.49,4849.35,25
2016-01-03 22:35:00,MAITRI,-1.74,56.08,966.86,59.51,4.37,43.77,7.3,6.87,22598.37,30.64,4849.17,26
2016-01-03 22:40:00,MAITRI,-1.48,56.9,966.8,61.09,0.0,43.99,7.33,6.86,22595.81,30.8,4848.99,26
2016-01-03 22:45:00,MAITRI,-1.13,57.75,967.26,62.84,0.0,42.97,7.16,6.84,22593.3,30.08,4848.81,25
2016-01-03 22:50:00,MAITRI,-1.05,58.5,967.34,63.45,2.31,43.23,7.21,6.83,22590.78,30.26,4848.64,25
2016-01-03 22:55:00,MAITRI,-1.09,58.84,966.88,62.41,5.4,44.39,7.4,6.84,22588.19,31.07,4848.46,26
2016-01-03 23:00:00,MAITRI,-1.01,59.27,967.3,60.54,7.73,45.03,7.51,6.84,22585.56,31.52,4848.28,26
2016-01-03 23:05:00,MAITRI,-1.07,59.76,967.5,61.21,0.0,44.89,7.48,6.84,22582.94,31.42,4848.1,25
2016-01-03 23:10:00,MAITRI,-1.39,59.79,967.41,60.2,19.41,43.9,7.32,6.85,22580.38,30.73,4847.93,25
2016-01-03 23:15:00,MAITRI,-1.37,61.46,967.31,58.24,1.88,43.33,7.22,6.84,22577.85,30.33,4847.76,24
2016-01-03 23:20:00,MAITRI,-1.32,61.55,967.27,57.41,0.0,45.78,7.63,6.84,22575.18,32.05,4847.59,25
2016-01-03 23:25:00,MAITRI,-1.65,61.36,966.81,60.22,2.05,41.69,6.95,6.81,22572.75,29.18,4847.42,24
2016-01-03 23:30:00,MAITRI,-1.87,61.27,967.25,60.74,0.0,44.0,7.33,6.81,22570.19,30.8,4847.26,23
2016-01-03 23:35:00,MAITRI,-2.08,61.79,966.7,61.19,5.84,44.03,7.34,6.81,22567.62,30.82,4847.1,23
2016-01-03 23:40:00,MAITRI,-2.1,61.51,966.74,59.6,12.31,41.39,6.9,6.8,22565.2,28.98,4846.95,22
2016-01-03 23:45:00,MAITRI,-1.96,61.26,967.02,60.94,9.78,44.51,7.42,6.8,22562.61,31.16,4846.8,22
2016-01-03 23:50:00,MAITRI,-2.21,61.41,967.61,59.95,0.72,43.06,7.18,6.8,22560.09,30.14,4846.64,23
2016-01-03 23:55:00,MAITRI,-2.33,61.35,967.38,60.85,0.0,43.03,7.17,6.78,22557.58,30.12,4846.47,24
2016-01-04 00:00:00,MAITRI,-2.25,61.17,967.65,61.86,9.43,45.01,7.5,6.79,22554.96,31.51,4846.31,24
2016-01-04 00:05:00,MAITRI,-2.31,61.25,967.55,61.97,0.0,42.01,7.0,6.75,22552.51,29.41,4846.14,24
2016-01-04 00:10:00,MAITRI,-2.02,61.25,967.27,61.39,0.0,45.7,7.62,6.75,22549.84,31.99,4845.97,25
2016-01-04 00:15:00,MAITRI,-2.1,60.63,967.14,60.5,0.0,42.17,7.03,6.72,22547.38,29.52,4845.79,25
2016-01-04 00:20:00,MAITRI,-1.91,60.81,967.49,62.12,6.67,45.48,7.58,6.72,22544.73,31.83,4845.62,25
2016-01-04 00:25:00,MAITRI,-1.95,56.49,967.41,62.11,16.39,42.07,7.01,6.71,22542.28,29.45,4845.44,25
2016-01-04 00:30:00,MAITRI,-1.72,57.16,967.17,62.55,0.0,44.6,7.43,6.71,22539.67,31.22,4845.27,25
2016-01-04 00:35:00,MAITRI,-1.82,57.5,967.09,60.31,13.11,44.07,7.34,6.72,22537.1,30.85,4845.1,25
2016-01-04 00:40:00,MAITRI,-2.05,58.7,966.98,58.43,8.23,41.09,6.85,6.68,22534.71,28.76,4844.93,24
2016-01-04 00:45:00,MAITRI,-1.75,59.07,966.88,58.87,5.05,43.03,7.17,6.68,22532.2,30.12,4844.76,24
2016-01-04 00:50:00,MAITRI,-1.66,59.63,967.15,57.3,10.45,44.35,7.39,6.68,22529.61,31.04,4844.59,25
2016-01-04 00:55:00,MAITRI,-1.56,59.81,967.34,57.52,4.09,42.03,7.01,6.65,22527.16,29.42,4844.42,25
2016-01-04 01:00:00,MAITRI,-1.54,60.39,967.17,55.61,0.0,42.32,7.05,6.63,22524.69,29.63,4844.25,24
2016-01-04 01:05:00,MAITRI,-1.88,60.46,966.82,58.45,7.8,43.63,7.27,6.63,22522.14,30.54,4844.09,23
2016-01-04 01:10:00,MAITRI,-2.3,60.86,967.09,60.67,7.15,42.43,7.07,6.62,22519.67,29.7,4843.93,23
2016-01-04 01:15:00,MAITRI,-2.62,61.6,966.64,60.42,11.81,42.2,7.03,6.61,22517.21,29.54,4843.76,24
2016-01-04 01:20:00,MAITRI,-2.51,61.19,966.75,60.14,0.0,42.77,7.13,6.6,22514.71,29.94,4843.6,23
2016-01-04 01:25:00,MAITRI,-2.56,62.15,966.28,61.53,0.76,42.86,7.14,6.58,22512.21,30.0,4843.44,23
2016-01-04 01:30:00,MAITRI,-2.21,62.97,966.05,61.21,0.0,43.86,7.31,6.58,22509.65,30.7,4843.28,23
2016-01-04 01:35:00,MAITRI,-2.55,60.2,964.62,62.56,10.67,41.45,6.91,6.57,22507.24,29.01,4843.13,22
2016-01-04 01:40:00,MAITRI,-2.81,60.77,964.81,64.57,4.93,43.26,7.21,6.57,22504.71,30.28,4842.97,23
2016-01-04 01:45:00,MAITRI,-2.56,60.83,964.52,62.24,0.0,41.2,6.87,6.54,22502.31,28.84,4842.81,23
2016-01-04 01:50:00,MAITRI,-2.76,61.1,964.9,64.32,0.37,45.22,7.54,6.54,22499.67,31.65,4842.65,24
2016-01-04 01:55:00,MAITRI,-2.84,60.98,964.97,64.07,9.46,43.17,7.19,6.54,22497.15,30.22,4842.48,24
2016-01-04 02:00:00,MAITRI,-2.67,61.43,965.15,63.29,6.98,44.0,7.33,6.54,22494.59,30.8,4842.31,24
2016-01-04 02:05:00,MAITRI,-2.5,61.24,964.95,61.01,0.0,46.19,7.7,6.54,22491.89,32.34,4842.15,24
2016-01-04 02:10:00,MAITRI,-2.53,62.01,964.84,61.2,0.0,43.17,7.19,6.53,22489.37,30.22,4841.99,23
2016-01-04 02:15:00,MAITRI,-2.77,61.93,964.75,62.04,0.27,43.42,7.24,6.53,22486.84,30.39,4841.83,23
2016-01-04 02:20:00,MAITRI,-2.44,61.85,964.95,59.76,4.86,41.93,6.99,6.52,22484.39,29.35,4841.67,22
2016-01-04 02:25:00,MAITRI,-2.32,62.48,965.25,59.09,0.0,44.34,7.39,6.52,22481.81,31.04,4841.52,22
2016-01-04 02:30:00,MAITRI,-2.13,62.19,965.28,56.97,0.1,42.25,7.04,6.51,22479.34,29.58,4841.37,21
2016-01-04 02:35:00,MAITRI,-2.03,62.74,965.48,56.84,15.22,42.69,7.12,6.52,22476.85,29.89,4841.22,23
2016-01-04 02:40:00,MAITRI,-2.21,62.84,965.67,55.58,3.16,44.29,7.38,6.52,22474.27,31.01,4841.06,22
2016-01-04 02:45:00,MAITRI,-2.03,63.28,965.42,54.03,8.64,44.02,7.34,6.52,22471.7,30.81,4840.92,21
2016-01-04 02:50:00,MAITRI,-2.12,62.48,964.9,53.24,10.38,40.14,6.69,6.49,22469.36,28.1,4840.77,21
2016-01-04 02:55:00,MAITRI,-2.14,62.29,965.57,51.62,1.15,42.91,7.15,6.49,22466.86,30.03,4840.62,22
2016-01-04 03:00:00,MAITRI,-2.36,62.07,965.3,55.55,5.14,42.04,7.01,6.47,22464.4,29.43,4840.46,23
2016-01-04 03:05:00,MAITRI,-2.38,61.73,966.03,53.89,0.0,41.61,6.94,6.44,22461.98,29.13,4840.31,22
2016-01-04 03:10:00,MAITRI,-2.41,61.61,966.03,54.38,0.0,42.67,7.11,6.43,22459.49,29.87,4840.15,23
2016-01-04 03:15:00,MAITRI,-2.62,61.68,965.84,56.69,5.79,42.62,7.1,6.42,22457.0,29.84,4839.99,23
2016-01-04 03:20:00,MAITRI,-3.38,62.21,964.76,59.19,0.0,42.35,7.06,6.39,22454.53,29.64,4839.82,24
2016-01-04 03:25:00,MAITRI,-3.86,59.47,964.52,60.52,0.0,43.29,7.21,6.39,22452.01,30.3,4839.65,24
2016-01-04 03:30:00,MAITRI,-3.63,60.26,964.76,59.49,10.15,42.34,7.06,6.37,22449.54,29.63,4839.49,24
2016-01-04 03:35:00,MAITRI,-3.37,61.08,964.83,59.04,10.9,43.36,7.23,6.37,22447.01,30.35,4839.31,25
2016-01-04 03:40:00,MAITRI,-3.8,58.91,964.41,60.16,0.0,43.92,7.32,6.37,22444.45,30.74,4839.15,24
2016-01-04 03:45:00,MAITRI,-3.54,59.42,964.44,59.7,21.68,43.4,7.23,6.38,22441.91,30.38,4838.98,24
2016-01-04 03:50:00,MAITRI,-3.24,59.89,964.64,58.75,3.78,42.77,7.13,6.37,22439.42,29.94,4838.81,24
2016-01-04 03:55:00,MAITRI,-3.25,60.38,965.03,57.88,0.0,44.58,7.43,6.37,22436.82,31.21,4838.65,24
2016-01-04 04:00:00,MAITRI,-3.45,60.42,965.16,59.79,3.36,43.85,7.31,6.37,22434.26,30.69,4838.48,24
2016-01-04 04:05:00,MAITRI,-3.42,60.8,965.33,58.34,7.13,43.25,7.21,6.37,22431.74,30.27,4838.31,24
2016-01-04 04:10:00,MAITRI,-3.14,60.94,965.47,58.09,0.0,45.48,7.58,6.37,22429.08,31.83,4838.14,25
2016-01-04 04:15:00,MAITRI,-2.83,61.08,965.87,56.79,8.58,44.58,7.43,6.38,22426.48,31.2,4837.96,26
2016-01-04 04:20:00,MAITRI,-2.76,61.58,965.6,57.05,0.0,45.71,7.62,6.38,22423.82,32.0,4837.78,26
2016-01-04 04:25:00,MAITRI,-2.81,61.42,965.75,57.98,0.0,44.92,7.49,6.38,22421.2,31.45,4837.6,26
2016-01-04 04:30:00,MAITRI,-2.8,61.49,965.96,56.53,0.54,45.53,7.59,6.38,22418.54,31.87,4837.42,26
2016-01-04 04:35:00,MAITRI,-2.51,61.58,966.1,54.29,7.81,45.09,7.51,6.38,22415.91,31.56,4837.24,25
2016-01-04 04:40:00,MAITRI,-2.39,61.86,966.26,53.9,0.0,44.73,7.46,6.38,22413.3,31.31,4837.08,24
2016-01-04 04:45:00,MAITRI,-2.37,62.28,966.47,54.5,0.0,45.88,7.65,6.38,22410.63,32.12,4836.91,24
2016-01-04 04:50:00,MAITRI,-2.73,62.14,966.64,56.9,0.56,42.69,7.11,6.37,22408.14,29.88,4836.75,23
2016-01-04 04:55:00,MAITRI,-3.52,62.03,965.55,59.19,0.0,43.65,7.27,6.36,22405.59,30.55,4836.58,24
2016-01-04 05:00:00,MAITRI,-3.56,62.29,966.58,58.69,0.0,45.03,7.51,6.36,22402.96,31.52,4836.42,23
2016-01-04 05:05:00,MAITRI,-3.49,62.68,966.45,57.0,10.72,42.18,7.03,6.35,22400.5,29.53,4836.26,23
2016-01-04 05:10:00,MAITRI,-3.35,62.51,965.83,56.4,0.0,44.12,7.35,6.35,22397.93,30.88,4836.1,24
2016-01-04 05:15:00,MAITRI,-3.44,63.07,965.64,59.65,0.0,42.19,7.03,6.32,22395.47,29.53,4835.93,24
2016-01-04 05:20:00,MAITRI,-3.37,62.66,966.31,58.16,4.6,43.11,7.18,6.31,22392.95,30.17,4835.76,24
2016-01-04 05:25:00,MAITRI,-3.59,62.72,965.9,61.07,6.18,45.65,7.61,6.31,22390.29,31.96,4835.6,24
2016-01-04 05:30:00,MAITRI,-3.42,59.75,966.56,58.83,3.74,44.67,7.45,6.31,22387.68,31.27,4835.44,23
2016-01-04 05:35:00,MAITRI,-3.35,60.32,966.62,57.04,0.0,42.09,7.02,6.29,22385.23,29.46,4835.28,23
2016-01-04 05:40:00,MAITRI,-3.24,60.64,966.59,55.41,4.76,43.82,7.3,6.29,22382.67,30.67,4835.12,22
2016-01-04 05:45:00,MAITRI,-3.3,60.4,966.84,56.51,0.61,43.89,7.31,6.29,22380.11,30.72,4834.97,22
2016-01-04 05:50:00,MAITRI,-3.2,60.49,966.12,56.0,6.44,44.24,7.37,6.3,22377.53,30.97,4834.81,23
2016-01-04 05:55:00,MAITRI,-2.91,60.57,965.91,54.01,0.0,43.52,7.25,6.3,22374.99,30.46,4834.66,22
2016-01-04 06:00:00,MAITRI,-2.59,61.62,966.53,54.23,6.26,44.98,7.5,6.3,22372.37,31.48,4834.5,23
2016-01-04 06:05:00,MAITRI,-2.47,61.34,966.86,52.38,0.0,41.7,6.95,6.28,22369.94,29.19,4834.35,22
2016-01-04 06:10:00,MAITRI,-2.62,61.43,966.71,55.59,0.0,41.88,6.98,6.26,22367.49,29.31,4834.19,22
2016-01-04 06:15:00,MAITRI,-2.49,61.03,966.91,53.64,12.46,43.43,7.24,6.26,22364.96,30.4,4834.04,22
2016-01-04 06:20:00,MAITRI,-2.98,60.94,967.36,56.36,6.12,43.86,7.31,6.27,22362.4,30.7,4833.88,23
2016-01-04 06:25:00,MAITRI,-3.2,61.04,966.77,59.49,6.98,42.61,7.1,6.26,22359.92,29.83,4833.72,23
2016-01-04 06:30:00,MAITRI,-2.66,61.04,967.2,57.14,13.94,42.45,7.07,6.26,22357.44,29.71,4833.56,23
2016-01-04 06:35:00,MAITRI,-2.54,61.17,966.36,56.51,4.33,41.18,6.86,6.24,22355.04,28.82,4833.41,22
2016-01-04 06:40:00,MAITRI,-2.34,61.77,965.85,56.38,81.54,39.73,6.62,6.28,22352.72,27.81,4833.26,22
2016-01-04 06:45:00,MAITRI,-2.59,61.73,965.62,54.42,102.53,39.85,6.64,6.33,22350.4,27.89,4833.11,21
2016-01-04 06:50:00,MAITRI,-2.54,61.29,965.5,54.65,101.34,37.98,6.33,6.38,22348.18,26.58,4832.97,20
2016-01-04 06:55:00,MAITRI,-2.1,60.84,965.42,52.39,124.19,36.09,6.02,6.43,22346.08,25.26,4832.83,20
2016-01-04 07:00:00,MAITRI,-1.77,61.33,965.37,50.84,129.5,35.86,5.98,6.48,22343.98,25.1,4832.69,20
2016-01-04 07:05:00,MAITRI,-1.66,61.63,965.42,49.63,151.95,37.97,6.33,6.55,22341.77,26.58,4832.54,22
2016-01-04 07:10:00,MAITRI,-1.69,61.8,965.26,50.76,159.43,38.05,6.34,6.64,22339.55,26.63,4832.39,22
2016-01-04 07:15:00,MAITRI,-1.65,61.57,965.79,50.14,158.48,35.3,5.88,6.69,22337.49,24.71,4832.23,23
2016-01-04 07:20:00,MAITRI,-1.36,62.1,965.67,49.82,177.16,37.25,6.21,6.78,22335.32,26.07,4832.06,24
2016-01-04 07:25:00,MAITRI,-1.53,61.57,965.42,49.45,189.12,37.02,6.17,6.88,22333.16,25.91,4831.89,25
2016-01-04 07:30:00,MAITRI,-1.36,61.49,965.23,48.38,213.29,36.26,6.04,6.99,22331.04,25.39,4831.72,25
2016-01-04 07:35:00,MAITRI,-1.28,61.86,964.99,49.04,209.3,35.93,5.99,7.1,22328.95,25.15,4831.54,25
2016-01-04 07:40:00,MAITRI,-1.81,61.94,965.37,52.05,220.29,35.3,5.88,7.21,22326.89,24.71,4831.37,25
2016-01-04 07:45:00,MAITRI,-1.86,61.97,965.38,52.07,217.25,36.39,6.06,7.32,22324.77,25.47,4831.2,24
2016-01-04 07:50:00,MAITRI,-1.81,62.09,965.55,51.09,12.38,56.51,9.42,6.84,22320.7,48.83,4831.03,25
2016-01-04 07:55:00,MAITRI,-1.68,62.08,965.51,50.16,36.1,56.5,9.42,6.66,22316.49,50.5,4830.85,26
2016-01-04 08:00:00,MAITRI,-1.6,61.8,965.06,50.08,33.71,57.01,9.5,6.3,22312.5,47.89,4830.66,27
2016-01-04 08:05:00,MAITRI,-1.46,61.56,965.62,50.09,58.0,57.41,9.57,5.84,22307.77,56.74,4830.47,27
2016-01-04 08:10:00,MAITRI,-1.24,61.96,966.85,49.02,44.75,57.88,9.65,5.45,22303.5,51.17,4830.28,27
2016-01-04 08:15:00,MAITRI,-1.16,62.12,966.45,49.03,28.89,58.75,9.79,5.18,22299.21,51.56,4830.1,27
2016-01-04 08:20:00,MAITRI,-1.17,62.71,966.28,51.69,56.45,57.14,9.52,4.91,22294.56,55.77,4829.92,25
2016-01-04 08:25:00,MAITRI,-1.0,62.51,966.37,51.28,4.97,62.31,10.38,4.61,22289.5,60.75,4829.74,26
2016-01-04 08:30:00,MAITRI,-0.99,62.77,966.52,51.1,46.02,60.56,10.09,4.47,22285.23,51.24,4829.56,27
2016-01-04 08:35:00,MAITRI,-0.84,63.17,967.03,50.51,11.98,64.51,10.75,4.0,22280.82,52.91,4829.37,27
2016-01-04 08:40:00,MAITRI,-1.04,63.19,966.95,52.75,25.66,64.59,10.76,3.57,22276.12,56.38,4829.18,27
2016-01-04 08:45:00,MAITRI,-1.0,62.96,967.33,55.07,71.36,63.04,10.51,3.35,22271.41,56.48,4828.99,27
2016-01-04 08:50:00,MAITRI,-1.05,62.55,967.07,57.23,54.57,63.5,10.58,2.99,22266.1,63.82,4828.81,27
2016-01-04 08:55:00,MAITRI,-0.67,62.35,967.38,54.85,0.0,66.36,11.06,2.72,22261.11,59.85,4828.62,27
2016-01-04 09:00:00,MAITRI,-0.9,62.01,967.24,55.42,49.12,65.02,10.84,2.59,22255.93,62.09,4828.43,27
2016-01-04 09:05:00,MAITRI,-1.36,61.88,967.82,57.06,42.4,66.48,11.08,2.35,22251.38,54.67,4828.24,27
2016-01-04 09:10:00,MAITRI,-1.23,62.33,967.59,55.24,3.41,71.05,11.84,2.13,22246.57,57.72,4828.05,28
2016-01-04 09:15:00,MAITRI,-1.06,62.27,967.59,53.83,57.47,67.18,11.2,1.96,22241.11,65.48,4827.85,29
2016-01-04 09:20:00,MAITRI,-1.03,61.79,967.56,52.78,70.93,67.33,11.22,1.63,22235.57,66.56,4827.65,29
2016-01-04 09:25:00,MAITRI,-0.8,61.99,967.67,54.78,60.98,68.69,11.45,1.4,22230.59,59.66,4827.44,30
2016-01-04 09:30:00,MAITRI,-0.76,61.63,967.33,54.67,45.05,70.22,11.7,0.96,22225.38,62.57,4827.24,29
2016-01-04 09:35:00,MAITRI,-0.89,61.63,967.39,55.32,32.32,69.76,11.63,0.62,22220.61,57.23,4827.04,28
2016-01-04 09:40:00,MAITRI,-0.77,59.41,967.27,53.97,80.78,70.42,11.74,0.22,22215.52,61.08,4826.85,28
2016-01-04 09:45:00,MAITRI,-0.37,59.45,966.85,53.28,60.31,69.03,11.51,0.0,22209.81,68.54,4826.65,28
2016-01-04 09:50:00,MAITRI,-0.01,60.63,967.31,52.62,11.89,73.09,12.18,0.0,22204.58,62.73,4826.46,28
2016-01-04 09:55:00,MAITRI,0.2,60.9,966.79,52.87,15.82,73.34,12.22,0.0,22198.48,73.26,4826.26,28
2016-01-04 10:00:00,MAITRI,0.19,61.31,967.04,54.94,13.23,72.63,12.1,0.0,22192.42,72.64,4826.06,29
2016-01-04 10:05:00,MAITRI,-0.16,61.54,966.75,55.27,0.0,73.75,12.29,0.0,22187.41,60.23,4825.87,28
2016-01-04 10:10:00,MAITRI,0.18,62.05,966.33,54.55,68.62,74.12,12.35,0.0,22182.09,63.8,4825.68,27
2016-01-04 10:15:00,MAITRI,0.36,61.73,966.27,54.43,21.95,76.58,12.76,0.0,22175.63,77.46,4825.5,26
2016-01-04 10:20:00,MAITRI,-0.07,61.88,966.92,55.16,18.81,74.02,12.34,0.0,22169.52,73.3,4825.31,27
2016-01-04 10:25:00,MAITRI,0.42,61.67,967.76,53.95,0.0,74.33,12.39,0.0,22163.59,71.2,4825.12,28
2016-01-04 10:30:00,MAITRI,0.37,61.98,967.5,52.62,68.55,75.85,12.64,0.0,22158.11,65.81,4824.92,28
2016-01-04 10:35:00,MAITRI,-0.28,62.25,966.42,54.26,71.92,75.22,12.54,0.0,22153.03,60.91,4824.73,28
2016-01-04 10:40:00,MAITRI,-0.17,61.99,966.34,54.36,51.48,75.86,12.64,0.0,22146.65,76.56,4824.53,28
2016-01-04 10:45:00,MAITRI,0.09,62.38,967.03,52.05,79.62,74.54,12.42,0.0,22141.3,64.2,4824.33,29
2016-01-04 10:50:00,MAITRI,0.07,61.78,966.83,51.22,88.12,74.78,12.46,0.0,22136.01,63.49,4824.14,28
2016-01-04 10:55:00,MAITRI,0.3,61.18,966.86,50.42,72.27,72.77,12.13,0.0,22130.39,67.43,4823.94,28
2016-01-04 11:00:00,MAITRI,0.42,61.64,966.28,50.3,75.98,75.7,12.62,0.0,22124.94,65.44,4823.75,28
2016-01-04 11:05:00,MAITRI,0.55,62.12,966.05,48.25,71.15,74.01,12.33,0.0,22119.21,68.71,4823.56,28
2016-01-04 11:10:00,MAITRI,0.67,62.02,966.07,47.41,20.03,76.85,12.81,0.0,22113.41,69.64,4823.35,29
2016-01-04 11:15:00,MAITRI,0.78,62.46,966.02,46.84,30.17,77.11,12.85,0.0,22107.78,67.59,4823.15,29
2016-01-04 11:20:00,MAITRI,0.41,62.95,965.28,48.28,66.72,75.89,12.65,0.0,22102.26,66.21,4822.95,29
2016-01-04 11:25:00,MAITRI,0.4,62.96,965.72,47.4,17.26,74.08,12.35,0.0,22096.05,74.49,4822.75,29
2016-01-04 11:30:00,MAITRI,0.31,63.2,965.52,47.78,6.02,75.95,12.66,0.0,22090.91,61.75,4822.54,30
2016-01-04 11:35:00,MAITRI,0.56,63.29,965.36,47.5,89.04,75.27,12.54,0.0,22085.79,61.44,4822.33,30
2016-01-04 11:40:00,MAITRI,0.56,63.28,964.83,48.0,70.38,78.8,13.13,0.0,22079.86,71.05,4822.13,29
2016-01-04 11:45:00,MAITRI,0.73,63.36,964.5,47.77,16.37,79.67,13.28,0.0,22073.25,79.37,4821.93,29
2016-01-04 11:50:00,MAITRI,0.86,61.33,964.81,46.97,47.15,74.47,12.41,0.0,22067.27,71.77,4821.73,29
2016-01-04 11:55:00,MAITRI,0.98,61.99,964.88,46.27,11.7,76.22,12.7,0.0,22061.37,70.78,4821.53,28
2016-01-04 12:00:00,MAITRI,1.01,62.5,964.77,46.27,16.45,77.1,12.85,0.0,22055.8,66.82,4821.33,29
2016-01-04 12:05:00,MAITRI,0.48,62.42,963.82,47.82,55.31,76.95,12.83,0.0,22049.63,74.07,4821.13,29
2016-01-04 12:10:00,MAITRI,0.28,62.07,964.04,47.58,4.8,79.12,13.19,0.0,22044.32,63.74,4820.93,29
2016-01-04 12:15:00,MAITRI,0.48,57.88,964.47,46.55,70.06,73.65,12.27,0.0,22039.28,60.54,4820.74,28
2016-01-04 12:20:00,MAITRI,0.35,56.21,964.77,49.25,81.18,73.97,12.33,0.0,22033.13,73.73,4820.53,29
2016-01-04 12:25:00,MAITRI,0.54,56.61,964.59,50.11,33.13,77.17,12.86,0.0,22026.69,77.31,4820.33,29
2016-01-04 12:30:00,MAITRI,0.73,56.88,964.97,49.28,42.61,76.1,12.68,0.0,22020.82,70.39,4820.14,28
2016-01-04 12:35:00,MAITRI,0.94,57.97,965.36,48.51,43.06,76.56,12.76,0.0,22014.75,72.86,4819.94,28
2016-01-04 12:40:00,MAITRI,1.14,58.07,965.38,47.08,52.3,74.45,12.41,0.0,22009.24,66.11,4819.76,27
2016-01-04 12:45:00,MAITRI,1.19,58.7,965.17,47.05,43.41,73.74,12.29,0.0,22004.1,61.67,4819.57,27
2016-01-04 12:50:00,MAITRI,1.36,58.98,965.06,46.34,6.02,76.32,12.72,0.0,21998.27,69.93,4819.38,27
2016-01-04 12:55:00,MAITRI,1.41,59.64,965.17,46.98,78.29,72.76,12.13,0.0,21992.9,64.47,4819.19,27
2016-01-04 13:00:00,MAITRI,1.61,57.14,965.47,46.32,57.24,73.56,12.26,0.0,21987.64,63.1,4819.01,27
2016-01-04 13:05:00,MAITRI,1.47,56.78,966.05,46.07,33.93,75.58,12.6,0.0,21982.09,66.69,4818.82,27
2016-01-04 13:10:00,MAITRI,1.24,57.23,966.23,47.12,11.31,76.01,12.67,0.0,21976.48,67.26,4818.63,27
2016-01-04 13:15:00,MAITRI,1.08,58.24,965.97,46.05,58.82,74.97,12.49,0.0,21971.04,65.3,4818.43,29
2016-01-04 13:20:00,MAITRI,1.1,58.69,966.19,46.13,44.33,72.18,12.03,0.0,21964.99,72.55,4818.24,28
2016-01-04 13:25:00,MAITRI,1.36,59.67,966.01,46.73,80.86,74.08,12.35,0.0,21959.54,65.41,4818.03,29
2016-01-04 13:30:00,MAITRI,1.46,59.39,966.5,46.59,64.49,74.46,12.41,0.0,21953.69,70.27,4817.83,30
2016-01-04 13:35:00,MAITRI,1.24,59.56,966.65,49.0,0.0,78.63,13.1,0.0,21948.39,63.53,4817.62,30
2016-01-04 13:40:00,MAITRI,0.83,60.39,966.65,50.16,14.34,79.22,13.2,0.0,21942.63,69.18,4817.41,30
2016-01-04 13:45:00,MAITRI,1.09,60.81,966.35,50.49,20.66,76.35,12.73,0.0,21936.67,71.45,4817.21,29
2016-01-04 13:50:00,MAITRI,1.12,61.06,966.32,50.24,54.82,77.85,12.98,0.0,21931.33,64.15,4817.01,29
2016-01-04 13:55:00,MAITRI,0.71,61.17,965.59,51.82,30.54,76.0,12.67,0.0,21925.47,70.26,4816.81,29
2016-01-04 14:00:00,MAITRI,0.84,60.62,965.97,50.11,77.57,73.94,12.32,0.0,21920.01,65.48,4816.6,29
2016-01-04 14:05:00,MAITRI,1.04,61.13,965.97,48.75,10.05,77.39,12.9,0.0,21914.24,69.24,4816.4,29
2016-01-04 14:10:00,MAITRI,0.89,61.27,965.86,49.31,22.62,78.72,13.12,0.0,21908.81,65.2,4816.2,29
2016-01-04 14:15:00,MAITRI,0.68,56.47,966.45,49.56,64.61,74.54,12.42,0.0,21902.94,70.46,4816.01,28
2016-01-04 14:20:00,MAITRI,1.02,55.47,966.58,48.7,66.13,74.71,12.45,0.0,21897.44,66.05,4815.81,28
2016-01-04 14:25:00,MAITRI,0.94,56.02,966.63,48.96,30.82,74.41,12.4,0.0,21892.02,64.96,4815.61,29
2016-01-04 14:30:00,MAITRI,0.75,56.97,966.63,49.79,15.36,78.36,13.06,0.0,21886.41,67.4,4815.41,29
2016-01-04 14:35:00,MAITRI,0.91,57.87,966.6,48.42,0.0,77.77,12.96,0.0,21880.88,66.29,4815.21,29
2016-01-04 14:40:00,MAITRI,1.08,57.78,966.65,47.24,9.12,75.62,12.6,0.0,21875.66,62.71,4815.01,29
2016-01-04 14:45:00,MAITRI,1.19,58.58,967.18,45.94,61.74,77.9,12.98,0.0,21869.14,78.21,4814.81,29
2016-01-04 14:50:00,MAITRI,1.5,59.47,967.7,45.76,57.39,75.95,12.66,0.0,21863.83,63.65,4814.6,30
2016-01-04 14:55:00,MAITRI,1.17,59.75,967.32,46.51,386.36,31.43,5.24,0.2,21862.0,22.0,4814.4,29
2016-01-04 15:00:00,MAITRI,1.31,59.82,967.81,47.13,371.31,31.19,5.2,0.39,21860.18,21.84,4814.19,30
2016-01-04 15:05:00,MAITRI,1.21,60.6,967.77,49.72,369.69,31.04,5.17,0.58,21858.37,21.73,4813.99,29
2016-01-04 15:10:00,MAITRI,1.36,60.76,967.6,48.26,355.46,31.49,5.25,0.77,21856.53,22.04,4813.79,28
2016-01-04 15:15:00,MAITRI,1.42,60.91,967.24,48.97,342.03,32.98,5.5,0.95,21854.61,23.08,4813.6,28
2016-01-04 15:20:00,MAITRI,1.6,59.81,967.35,48.76,350.6,30.9,5.15,1.13,21852.81,21.63,4813.41,27
2016-01-04 15:25:00,MAITRI,1.52,60.43,967.14,49.02,332.17,30.77,5.13,1.28,21851.01,21.54,4813.22,28
2016-01-04 15:30:00,MAITRI,1.41,61.21,966.79,49.61,317.74,32.08,5.35,1.43,21849.14,22.46,4813.02,28
2016-01-04 15:35:00,MAITRI,1.24,58.34,967.43,50.08,324.94,32.8,5.47,1.6,21847.23,22.96,4812.82,29
2016-01-04 15:40:00,MAITRI,1.3,59.44,967.17,50.59,299.57,34.8,5.8,1.76,21845.2,24.36,4812.62,29
2016-01-04 15:45:00,MAITRI,1.07,59.58,967.18,51.41,303.8,33.56,5.59,1.91,21843.24,23.49,4812.42,29
2016-01-04 15:50:00,MAITRI,1.51,59.93,967.74,50.41,270.6,37.29,6.22,2.05,21841.06,26.11,4812.22,29
2016-01-04 15:55:00,MAITRI,1.39,60.12,967.54,50.1,267.69,33.21,5.54,2.16,21839.13,23.25,4812.01,29
2016-01-04 16:00:00,MAITRI,1.35,60.51,967.87,49.47,261.2,36.35,6.06,2.29,21837.01,25.44,4811.81,30
2016-01-04 16:05:00,MAITRI,1.22,60.81,967.78,50.09,255.56,34.76,5.79,2.41,21834.98,24.33,4811.6,29
2016-01-04 16:10:00,MAITRI,0.77,60.74,967.9,51.8,245.55,37.73,6.29,2.54,21832.78,26.41,4811.4,29
2016-01-04 16:15:00,MAITRI,0.7,61.05,967.93,53.87,232.14,34.2,5.7,2.62,21830.78,23.94,4811.2,29
2016-01-04 16:20:00,MAITRI,0.86,61.21,967.69,52.7,223.92,38.69,6.45,2.73,21828.53,27.08,4811.0,29
2016-01-04 16:25:00,MAITRI,0.82,61.88,967.85,52.17,216.35,38.01,6.33,2.85,21826.31,26.61,4810.81,28
2016-01-04 16:30:00,MAITRI,0.7,62.22,967.33,52.63,197.73,37.73,6.29,2.95,21824.11,26.41,4810.61,28
2016-01-04 16:35:00,MAITRI,0.82,61.79,967.65,52.13,175.28,38.14,6.36,3.03,21821.88,26.7,4810.42,28
2016-01-04 16:40:00,MAITRI,0.79,61.74,967.76,53.13,183.62,39.38,6.56,3.13,21819.59,27.57,4810.22,28
2016-01-04 16:45:00,MAITRI,0.97,61.52,967.55,51.92,162.43,38.63,6.44,3.2,21817.33,27.04,4810.03,28
2016-01-04 16:50:00,MAITRI,0.77,61.55,967.21,53.02,143.71,39.51,6.58,3.27,21815.03,27.66,4809.83,28
2016-01-04 16:55:00,MAITRI,0.48,61.8,966.91,55.01,144.91,39.22,6.54,3.35,21812.74,27.45,4809.65,27
2016-01-04 17:00:00,MAITRI,0.44,62.39,966.91,55.9,149.63,38.88,6.48,3.42,21810.47,27.22,4809.46,27
2016-01-04 17:05:00,MAITRI,0.23,62.71,966.74,55.9,124.92,40.06,6.68,3.48,21808.14,28.04,4809.27,27
2016-01-04 17:10:00,MAITRI,0.23,63.03,966.66,55.59,108.69,40.67,6.78,3.53,21805.76,28.47,4809.08,27
2016-01-04 17:15:00,MAITRI,0.13,62.87,966.99,56.3,107.54,39.85,6.64,3.58,21803.44,27.9,4808.9,26
2016-01-04 17:20:00,MAITRI,0.16,62.86,966.86,56.4,93.3,40.69,6.78,3.62,21801.06,28.49,4808.72,26
2016-01-04 17:25:00,MAITRI,0.17,63.07,966.04,57.25,78.19,43.32,7.22,3.66,21798.54,30.32,4808.54,26
2016-01-04 17:30:00,MAITRI,-0.15,62.06,965.95,57.81,52.18,43.39,7.23,3.69,21796.01,30.37,4808.35,27
2016-01-04 17:35:00,MAITRI,-0.28,60.8,965.69,58.37,64.56,41.59,6.93,3.7,21793.58,29.12,4808.16,28
2016-01-04 17:40:00,MAITRI,-0.54,60.95,965.51,58.2,36.45,44.41,7.4,3.71,21790.99,31.09,4807.97,27
2016-01-04 17:45:00,MAITRI,-0.26,60.83,965.51,58.51,30.55,44.12,7.35,3.73,21788.42,30.88,4807.78,27
2016-01-04 17:50:00,MAITRI,-0.78,61.36,965.07,59.22,12.56,45.12,7.52,3.74,21785.78,31.59,4807.6,26
2016-01-04 17:55:00,MAITRI,-0.68,61.37,965.16,60.24,1.0,46.11,7.68,3.74,21783.09,32.27,4807.42,26
2016-01-04 18:00:00,MAITRI,-0.2,61.02,965.57,59.37,0.0,43.37,7.23,3.71,21780.56,30.36,4807.24,26
2016-01-04 18:05:00,MAITRI,-0.29,61.35,965.52,60.71,0.0,44.22,7.37,3.71,21777.98,30.95,4807.06,26
2016-01-04 18:10:00,MAITRI,-0.35,61.27,964.89,60.64,10.23,43.49,7.25,3.69,21775.45,30.44,4806.87,27
2016-01-04 18:15:00,MAITRI,-0.48,61.51,965.8,61.03,12.32,44.12,7.35,3.69,21772.87,30.88,4806.69,27
2016-01-04 18:20:00,MAITRI,-0.31,60.76,966.42,60.69,0.74,45.64,7.61,3.69,21770.21,31.95,4806.49,28
2016-01-04 18:25:00,MAITRI,-0.26,60.78,966.67,59.81,0.15,46.2,7.7,3.69,21767.52,32.34,4806.3,28
2016-01-04 18:30:00,MAITRI,-0.25,60.7,966.69,58.27,6.77,45.84,7.64,3.69,21764.84,32.09,4806.1,28
2016-01-04 18:35:00,MAITRI,-0.24,61.29,967.03,57.68,0.0,46.36,7.73,3.69,21762.14,32.45,4805.91,28
2016-01-04 18:40:00,MAITRI,0.16,61.5,966.84,57.28,0.0,43.5,7.25,3.66,21759.6,30.45,4805.72,27
2016-01-04 18:45:00,MAITRI,0.25,61.61,967.05,55.87,8.28,43.84,7.31,3.65,21757.04,30.69,4805.53,27
2016-01-04 18:50:00,MAITRI,0.33,61.02,967.41,55.57,8.6,45.0,7.5,3.65,21754.42,31.5,4805.35,27
2016-01-04 18:55:00,MAITRI,0.17,61.06,967.42,57.1,4.74,44.15,7.36,3.64,21751.84,30.9,4805.16,27
2016-01-04 19:00:00,MAITRI,-0.3,61.17,966.5,58.1,1.09,46.16,7.69,3.64,21749.15,32.31,4804.97,27
2016-01-04 19:05:00,MAITRI,-0.27,60.65,966.6,57.54,4.17,42.23,7.04,3.6,21746.69,29.56,4804.78,27
2016-01-04 19:10:00,MAITRI,0.06,61.51,967.12,56.53,5.98,44.41,7.4,3.59,21744.1,31.09,4804.6,27
2016-01-04 19:15:00,MAITRI,-0.08,61.86,967.29,58.24,0.0,43.21,7.2,3.55,21741.58,30.25,4804.4,28
2016-01-04 19:20:00,MAITRI,0.01,62.21,967.33,57.57,0.0,44.84,7.47,3.54,21738.96,31.39,4804.22,27
2016-01-04 19:25:00,MAITRI,-0.19,62.94,967.17,58.76,0.0,43.79,7.3,3.51,21736.41,30.65,4804.02,28
2016-01-04 19:30:00,MAITRI,-0.3,63.1,967.48,59.98,12.11,44.96,7.49,3.51,21733.78,31.47,4803.83,28
2016-01-04 19:35:00,MAITRI,-0.17,62.99,967.46,59.12,0.0,46.18,7.7,3.51,21731.09,32.33,4803.63,28
2016-01-04 19:40:00,MAITRI,-0.64,63.08,966.83,59.85,0.0,46.64,7.77,3.51,21728.37,32.65,4803.44,28
2016-01-04 19:45:00,MAITRI,-0.96,63.22,966.61,59.56,15.04,44.89,7.48,3.52,21725.75,31.43,4803.25,27
2016-01-04 19:50:00,MAITRI,-0.95,63.14,966.72,61.13,0.0,46.94,7.82,3.52,21723.01,32.86,4803.07,26
2016-01-04 19:55:00,MAITRI,-0.87,63.05,966.51,60.85,2.06,43.51,7.25,3.49,21720.47,30.46,4802.89,26
2016-01-04 20:00:00,MAITRI,-1.23,63.86,967.25,61.24,0.0,43.23,7.21,3.47,21717.95,30.26,4802.72,25
2016-01-04 20:05:00,MAITRI,-1.0,63.57,967.13,60.36,0.0,46.18,7.7,3.47,21715.26,32.32,4802.54,25
2016-01-04 20:10:00,MAITRI,-1.17,63.59,966.1,59.73,5.92,43.61,7.27,3.47,21712.71,30.53,4802.37,24
2016-01-04 20:15:00,MAITRI,-1.24,62.82,966.04,58.89,11.66,43.67,7.28,3.48,21710.17,30.57,4802.21,24
2016-01-04 20:20:00,MAITRI,-0.92,63.04,966.71,57.62,2.94,43.69,7.28,3.47,21707.62,30.59,4802.04,24
2016-01-04 20:25:00,MAITRI,-0.86,63.34,966.47,56.67,0.0,43.27,7.21,3.47,21705.09,30.29,4801.88,23
2016-01-04 20:30:00,MAITRI,-1.0,61.8,966.48,56.09,8.35,43.82,7.3,3.47,21702.54,30.68,4801.72,23
2016-01-04 20:35:00,MAITRI,-1.0,62.16,966.28,56.43,0.0,43.81,7.3,3.47,21699.98,30.67,4801.56,23
2016-01-04 20:40:00,MAITRI,-1.12,62.21,966.41,58.22,14.21,41.0,6.83,3.45,21697.59,28.7,4801.4,23
2016-01-04 20:45:00,MAITRI,-1.33,62.4,966.28,59.77,0.0,43.0,7.17,3.43,21695.08,30.1,4801.24,24
2016-01-04 20:50:00,MAITRI,-1.02,62.74,965.69,58.52,3.1,43.0,7.17,3.41,21692.57,30.1,4801.07,24
2016-01-04 20:55:00,MAITRI,-0.56,63.04,966.55,57.39,0.0,43.52,7.25,3.41,21690.03,30.46,4800.9,24
2016-01-04 21:00:00,MAITRI,-0.54,62.81,966.6,55.83,8.86,43.95,7.32,3.41,21687.47,30.76,4800.74,23
2016-01-04 21:05:00,MAITRI,-0.7,62.76,966.61,56.97,0.0,45.13,7.52,3.41,21684.84,31.59,4800.58,24
2016-01-04 21:10:00,MAITRI,-0.89,62.42,966.82,57.06,2.5,42.99,7.17,3.4,21682.33,30.09,4800.41,24
2016-01-04 21:15:00,MAITRI,-0.75,58.25,966.67,56.45,2.89,43.92,7.32,3.4,21679.77,30.74,4800.24,25
2016-01-04 21:20:00,MAITRI,-0.92,58.89,967.08,56.06,9.64,42.32,7.05,3.38,21677.3,29.62,4800.06,25
2016-01-04 21:25:00,MAITRI,-0.92,59.21,967.46,56.74,2.47,45.23,7.54,3.38,21674.66,31.66,4799.89,25
2016-01-04 21:30:00,MAITRI,-0.73,59.38,967.61,58.45,8.81,44.63,7.44,3.39,21672.06,31.24,4799.72,25
2016-01-04 21:35:00,MAITRI,-0.7,60.25,967.87,57.38,11.73,41.56,6.93,3.36,21669.63,29.1,4799.55,24
2016-01-04 21:40:00,MAITRI,-0.92,60.4,967.09,60.45,0.0,44.73,7.46,3.36,21667.02,31.31,4799.39,23
2016-01-04 21:45:00,MAITRI,-0.82,61.14,967.19,60.62,0.0,42.73,7.12,3.35,21664.53,29.91,4799.23,23
2016-01-04 21:50:00,MAITRI,-1.03,61.08,966.73,61.62,3.81,42.94,7.16,3.34,21662.03,30.06,4799.06,24
2016-01-04 21:55:00,MAITRI,-1.29,60.56,966.67,60.67,8.12,42.03,7.0,3.32,21659.57,29.42,4798.9,24
2016-01-04 22:00:00,MAITRI,-1.13,60.81,966.55,59.84,18.65,43.0,7.17,3.33,21657.07,30.1,4798.73,24
2016-01-04 22:05:00,MAITRI,-1.06,61.81,967.1,59.51,11.97,42.88,7.15,3.33,21654.56,30.02,4798.57,23
2016-01-04 22:10:00,MAITRI,-1.43,61.29,967.21,60.39,0.0,42.83,7.14,3.32,21652.07,29.98,4798.41,23
2016-01-04 22:15:00,MAITRI,-1.29,61.19,967.08,60.53,8.99,43.85,7.31,3.32,21649.51,30.69,4798.25,23
2016-01-04 22:20:00,MAITRI,-1.42,61.86,967.0,60.09,0.0,43.02,7.17,3.32,21647.0,30.12,4798.09,23
2016-01-04 22:25:00,MAITRI,-1.26,61.96,967.47,60.34,0.0,44.93,7.49,3.32,21644.38,31.45,4797.93,23
2016-01-04 22:30:00,MAITRI,-1.41,62.23,967.61,59.53,0.0,44.05,7.34,3.32,21641.81,30.83,4797.77,23
2016-01-04 22:35:00,MAITRI,-1.62,62.19,967.1,59.67,0.0,43.85,7.31,3.32,21639.25,30.69,4797.61,23
2016-01-04 22:40:00,MAITRI,-2.05,62.27,966.44,62.24,0.0,43.11,7.19,3.31,21636.74,30.18,4797.45,23
2016-01-04 22:45:00,MAITRI,-1.92,62.18,966.56,62.96,0.0,43.77,7.29,3.31,21634.18,30.64,4797.28,24
2016-01-04 22:50:00,MAITRI,-1.74,62.21,966.89,64.21,5.23,44.26,7.38,3.31,21631.6,30.98,4797.12,24
2016-01-04 22:55:00,MAITRI,-1.71,62.37,966.92,63.84,7.8,43.54,7.26,3.3,21629.06,30.48,4796.94,25
2016-01-04 23:00:00,MAITRI,-1.72,62.9,967.4,63.81,3.25,43.31,7.22,3.29,21626.53,30.32,4796.77,25
2016-01-04 23:05:00,MAITRI,-1.9,62.15,967.21,63.75,0.0,46.05,7.68,3.29,21623.85,32.24,4796.6,25
2016-01-04 23:10:00,MAITRI,-1.81,62.27,967.21,63.92,0.0,41.95,6.99,3.25,21621.4,29.37,4796.43,24
2016-01-04 23:15:00,MAITRI,-2.07,62.56,966.96,63.8,0.0,43.92,7.32,3.25,21618.84,30.74,4796.26,24
2016-01-04 23:20:00,MAITRI,-1.97,62.32,967.67,63.55,2.95,43.27,7.21,3.24,21616.31,30.29,4796.1,24
2016-01-04 23:25:00,MAITRI,-1.79,62.37,967.32,62.82,0.0,44.15,7.36,3.24,21613.74,30.9,4795.93,24
2016-01-04 23:30:00,MAITRI,-1.63,62.6,967.22,60.69,0.0,42.58,7.1,3.22,21611.26,29.81,4795.76,24
2016-01-04 23:35:00,MAITRI,-1.89,62.61,965.75,62.11,3.11,44.52,7.42,3.22,21608.66,31.16,4795.6,23
2016-01-04 23:40:00,MAITRI,-2.08,62.91,965.68,62.09,0.0,44.03,7.34,3.22,21606.09,30.82,4795.44,23
2016-01-04 23:45:00,MAITRI,-2.01,63.07,965.56,60.92,0.0,42.51,7.09,3.21,21603.61,29.76,4795.29,22
2016-01-04 23:50:00,MAITRI,-1.84,63.16,965.7,61.26,0.0,41.73,6.96,3.19,21601.18,29.21,4795.15,21
2016-01-04 23:55:00,MAITRI,-1.95,63.29,965.95,61.38,0.0,41.79,6.96,3.16,21598.74,29.25,4794.99,22
2016-01-05 00:00:00,MAITRI,-1.66,63.38,965.52,61.29,10.68,42.1,7.02,3.16,21596.28,29.47,4794.84,22
2016-01-05 00:05:00,MAITRI,-1.95,63.15,965.55,61.48,0.0,42.98,7.16,3.16,21593.78,30.08,4794.69,22
2016-01-05 00:10:00,MAITRI,-2.24,63.45,966.04,59.95,1.68,44.66,7.44,3.16,21591.17,31.26,4794.53,23
2016-01-05 00:15:00,MAITRI,-2.22,63.56,966.76,58.44,0.0,44.19,7.37,3.16,21588.59,30.93,4794.37,22
2016-01-05 00:20:00,MAITRI,-2.61,62.92,965.67,60.03,0.0,42.78,7.13,3.15,21586.1,29.95,4794.22,22
2016-01-05 00:25:00,MAITRI,-2.26,62.74,965.7,57.85,0.0,42.72,7.12,3.14,21583.6,29.9,4794.07,22
2016-01-05 00:30:00,MAITRI,-2.1,62.49,965.94,55.98,6.02,44.68,7.45,3.15,21581.0,31.27,4793.92,22
2016-01-05 00:35:00,MAITRI,-2.02,57.87,965.89,56.93,0.0,44.43,7.4,3.15,21578.41,31.1,4793.76,23
2016-01-05 00:40:00,MAITRI,-1.76,58.46,965.86,55.81,0.0,41.95,6.99,3.12,21575.96,29.36,4793.59,24
2016-01-05 00:45:00,MAITRI,-1.81,58.88,966.07,56.04,0.0,43.86,7.31,3.12,21573.4,30.7,4793.42,24
2016-01-05 00:50:00,MAITRI,-2.01,60.47,966.19,54.74,0.0,42.27,7.05,3.1,21570.94,29.59,4793.26,23
2016-01-05 00:55:00,MAITRI,-1.77,61.05,966.05,53.26,5.03,43.18,7.2,3.1,21568.42,30.23,4793.11,22
2016-01-05 01:00:00,MAITRI,-1.62,60.55,966.02,54.79,0.0,44.0,7.33,3.1,21565.85,30.8,4792.95,23
2016-01-05 01:05:00,MAITRI,-1.37,60.02,965.46,53.68,6.94,43.27,7.21,3.1,21563.33,30.29,4792.79,23
2016-01-05 01:10:00,MAITRI,-1.45,60.57,966.3,52.97,1.66,72.86,12.14,3.1,21559.08,51.0,4792.62,24
2016-01-05 01:15:00,MAITRI,-1.55,60.65,966.15,52.67,1.18,72.6,12.1,3.11,21554.84,50.82,4792.47,23
2016-01-05 01:20:00,MAITRI,-1.72,60.46,965.96,53.36,0.0,74.31,12.39,3.11,21550.51,52.02,4792.31,23
2016-01-05 01:25:00,MAITRI,-1.53,61.39,965.58,51.87,0.0,70.09,11.68,3.11,21546.42,49.06,4792.15,22
2016-01-05 01:30:00,MAITRI,-1.81,61.81,965.21,52.69,0.0,75.31,12.55,3.11,21542.02,52.72,4791.99,23
2016-01-05 01:35:00,MAITRI,-2.2,63.82,965.02,52.0,1.39,61.73,10.29,3.11,21538.42,43.21,4791.83,24
2016-01-05 01:40:00,MAITRI,-2.58,61.29,963.87,54.32,0.0,73.42,12.24,3.11,21534.14,51.39,4791.66,24
2016-01-05 01:45:00,MAITRI,-2.8,62.63,963.92,53.48,12.36,69.83,11.64,3.11,21530.07,48.88,4791.49,25
2016-01-05 01:50:00,MAITRI,-2.98,62.31,964.05,52.57,0.0,72.54,12.09,3.11,21525.84,50.78,4791.32,24
2016-01-05 01:55:00,MAITRI,-2.78,62.0,964.34,52.29,0.0,68.19,11.37,3.11,21521.86,47.73,4791.15,24
2016-01-05 02:00:00,MAITRI,-2.65,61.67,964.23,53.54,0.0,63.48,10.58,3.11,21518.15,44.44,4790.99,24
2016-01-05 02:05:00,MAITRI,-2.73,61.94,964.65,55.36,0.0,65.71,10.95,3.11,21514.32,46.0,4790.82,24
2016-01-05 02:10:00,MAITRI,-2.52,62.23,965.13,55.89,2.94,68.62,11.44,3.11,21510.32,48.03,4790.65,25
2016-01-05 02:15:00,MAITRI,-2.35,62.11,965.18,55.86,0.0,62.82,10.47,3.11,21506.65,43.98,4790.47,25
2016-01-05 02:20:00,MAITRI,-2.51,62.54,965.72,57.56,1.86,72.15,12.02,3.11,21502.45,50.5,4790.31,23
2016-01-05 02:25:00,MAITRI,-2.86,62.18,966.16,56.76,14.24,74.05,12.34,3.12,21498.13,51.83,4790.15,23
2016-01-05 02:30:00,MAITRI,-3.18,61.8,965.95,55.92,2.44,63.6,10.6,3.12,21494.42,44.52,4789.99,23
2016-01-05 02:35:00,MAITRI,-3.2,62.2,966.67,55.19,3.44,63.65,10.61,3.13,21490.7,44.56,4789.83,23
2016-01-05 02:40:00,MAITRI,-3.3,62.35,966.81,54.24,0.0,62.41,10.4,3.13,21487.06,43.69,4789.67,24
2016-01-05 02:45:00,MAITRI,-3.39,62.57,966.62,53.66,0.0,67.79,11.3,3.13,21483.11,47.45,4789.5,24
2016-01-05 02:50:00,MAITRI,-3.55,61.71,966.56,52.33,0.0,75.67,12.61,3.13,21478.69,52.97,4789.33,24
2016-01-05 02:55:00,MAITRI,-3.58,61.97,966.19,53.12,12.32,61.48,10.25,3.13,21475.11,43.04,4789.17,23
2016-01-05 03:00:00,MAITRI,-3.54,61.91,966.99,51.54,18.06,60.33,10.06,3.14,21471.59,42.23,4789.02,22
2016-01-05 03:05:00,MAITRI,-3.26,61.88,966.89,51.39,4.74,64.73,10.79,3.14,21467.81,45.31,4788.85,24
2016-01-05 03:10:00,MAITRI,-3.11,61.9,967.22,54.43,0.0,66.17,11.03,3.14,21463.95,46.32,4788.69,23
2016-01-05 03:15:00,MAITRI,-2.81,62.36,966.89,53.18,0.0,69.17,11.53,3.14,21459.92,48.42,4788.53,23
2016-01-05 03:20:00,MAITRI,-2.41,61.94,967.11,53.26,4.95,42.52,7.09,3.13,21457.44,29.76,4788.37,23
2016-01-05 03:25:00,MAITRI,-2.16,62.12,967.62,53.76,1.12,42.35,7.06,3.11,21454.97,29.65,4788.22,23
2016-01-05 03:30:00,MAITRI,-2.3,61.92,967.14,54.18,15.05,43.95,7.32,3.12,21452.4,30.76,4788.05,24
2016-01-05 03:35:00,MAITRI,-2.41,62.25,966.53,52.85,5.16,42.71,7.12,3.11,21449.91,29.9,4787.89,23
2016-01-05 03:40:00,MAITRI,-2.85,59.95,966.22,54.67,0.0,40.97,6.83,3.07,21447.52,28.68,4787.73,23
2016-01-05 03:45:00,MAITRI,-2.7,60.35,965.74,53.24,0.0,42.84,7.14,3.06,21445.02,29.99,4787.57,23
2016-01-05 03:50:00,MAITRI,-2.93,60.57,965.72,52.19,7.12,43.39,7.23,3.07,21442.49,30.37,4787.41,23
2016-01-05 03:55:00,MAITRI,-3.22,60.27,966.42,51.71,0.0,41.08,6.85,3.03,21440.09,28.76,4787.25,23
2016-01-05 04:00:00,MAITRI,-3.39,60.6,966.02,53.42,5.05,43.67,7.28,3.03,21437.55,30.57,4787.1,22
2016-01-05 04:05:00,MAITRI,-3.26,60.96,966.55,51.76,0.0,42.69,7.11,3.02,21435.06,29.88,4786.94,22
2016-01-05 04:10:00,MAITRI,-3.57,60.68,966.21,53.84,0.0,41.95,6.99,3.01,21432.61,29.37,4786.79,22
2016-01-05 04:15:00,MAITRI,-3.38,60.86,966.25,54.15,0.0,43.99,7.33,3.01,21430.04,30.79,4786.63,23
2016-01-05 04:20:00,MAITRI,-4.06,60.7,965.39,56.75,3.13,43.38,7.23,3.01,21427.51,30.37,4786.47,23
2016-01-05 04:25:00,MAITRI,-4.2,61.07,964.71,58.46,0.0,44.19,7.36,3.01,21424.94,30.93,4786.31,23
2016-01-05 04:30:00,MAITRI,-4.41,60.89,965.0,60.11,15.9,45.19,7.53,3.02,21422.3,31.63,4786.15,23
2016-01-05 04:35:00,MAITRI,-4.16,61.63,965.65,59.49,0.0,43.74,7.29,3.02,21419.75,30.62,4785.99,23
2016-01-05 04:40:00,MAITRI,-4.1,62.0,966.31,57.19,0.0,40.92,6.82,2.98,21417.36,28.64,4785.84,22
2016-01-05 04:45:00,MAITRI,-4.02,61.76,966.33,59.16,9.06,45.14,7.52,2.98,21414.73,31.59,4785.69,22
2016-01-05 04:50:00,MAITRI,-4.15,61.68,967.12,57.66,0.0,41.72,6.95,2.96,21412.29,29.21,4785.53,22
2016-01-05 04:55:00,MAITRI,-4.13,61.31,966.65,59.28,0.0,42.5,7.08,2.95,21409.82,29.75,4785.38,22
2016-01-05 05:00:00,MAITRI,-3.93,59.32,967.2,57.35,0.0,78.52,13.09,2.95,21405.23,54.97,4785.23,22
2016-01-05 05:05:00,MAITRI,-3.66,59.41,967.21,55.64,0.0,71.59,11.93,2.95,21401.06,50.11,4785.08,22
2016-01-05 05:10:00,MAITRI,-3.36,60.37,967.33,54.91,1.56,66.44,11.07,2.95,21397.18,46.5,4784.92,22
2016-01-05 05:15:00,MAITRI,-3.12,60.57,967.43,53.78,0.0,76.25,12.71,2.95,21392.74,53.37,4784.76,23
2016-01-05 05:20:00,MAITRI,-2.9,60.46,967.78,54.01,5.54,69.81,11.64,2.95,21388.66,48.87,4784.6,23
2016-01-05 05:25:00,MAITRI,-2.74,60.75,967.77,53.83,0.0,65.3,10.88,2.95,21384.85,45.71,4784.44,23
2016-01-05 05:30:00,MAITRI,-2.91,60.84,967.93,55.11,1.75,74.46,12.41,2.96,21380.51,52.12,4784.29,22
2016-01-05 05:35:00,MAITRI,-2.56,60.73,967.66,55.15,0.0,73.66,12.28,2.96,21376.21,51.56,4784.14,22
2016-01-05 05:40:00,MAITRI,-2.09,61.06,967.79,53.75,7.45,71.47,11.91,2.96,21372.04,50.03,4783.99,22
2016-01-05 05:45:00,MAITRI,-2.1,60.84,967.96,55.17,0.0,43.76,7.29,2.96,21369.49,30.63,4783.84,21
2016-01-05 05:50:00,MAITRI,-1.87,61.59,967.86,54.17,0.0,44.11,7.35,2.96,21366.92,30.88,4783.69,21
2016-01-05 05:55:00,MAITRI,-2.13,61.8,967.61,56.35,3.15,43.72,7.29,2.96,21364.37,30.6,4783.55,21
2016-01-05 06:00:00,MAITRI,-1.78,61.8,967.75,57.43,0.0,42.43,7.07,2.96,21361.89,29.7,4783.4,21
2016-01-05 06:05:00,MAITRI,-1.52,61.93,967.29,54.76,2.86,42.87,7.15,2.96,21359.39,30.01,4783.26,21
2016-01-05 06:10:00,MAITRI,-2.25,62.42,965.97,57.27,43.46,40.41,6.74,2.97,21357.04,28.29,4783.11,21
2016-01-05 06:15:00,MAITRI,-1.95,62.23,966.09,59.58,26.73,42.97,7.16,2.99,21354.53,30.08,4782.97,21
2016-01-05 06:20:00,MAITRI,-1.74,62.06,966.03,57.96,44.88,43.59,7.27,3.01,21351.99,30.51,4782.81,22
2016-01-05 06:25:00,MAITRI,-1.69,61.88,965.59,56.8,52.25,39.68,6.61,3.01,21349.67,27.78,4782.66,22
2016-01-05 06:30:00,MAITRI,-1.94,62.25,965.81,55.43,61.67,40.41,6.74,3.05,21347.31,28.29,4782.51,21
2016-01-05 06:35:00,MAITRI,-1.81,62.54,965.81,54.42,87.69,38.71,6.45,3.08,21345.06,27.1,4782.37,21
2016-01-05 06:40:00,MAITRI,-1.49,62.32,965.89,55.65,100.46,40.0,6.67,3.14,21342.72,28.0,4782.22,22
2016-01-05 06:45:00,MAITRI,-1.39,62.87,966.29,58.15,91.49,39.26,6.54,3.18,21340.43,27.48,4782.06,22
2016-01-05 06:50:00,MAITRI,-1.55,63.25,966.16,56.82,105.94,39.35,6.56,3.23,21338.14,27.55,4781.9,23
2016-01-05 06:55:00,MAITRI,-1.5,63.37,965.99,56.23,113.85,38.07,6.35,3.28,21335.92,26.65,4781.74,23
2016-01-05 07:00:00,MAITRI,-1.38,63.05,965.88,54.79,135.59,37.81,6.3,3.35,21333.71,26.47,4781.59,22
2016-01-05 07:05:00,MAITRI,-2.2,61.12,964.87,56.07,148.11,38.65,6.44,3.42,21331.46,27.05,4781.44,22
2016-01-05 07:10:00,MAITRI,-2.2,58.08,964.15,55.34,159.98,36.68,6.11,3.51,21329.32,25.68,4781.28,22
2016-01-05 07:15:00,MAITRI,-1.77,58.88,964.9,53.85,173.9,35.49,5.91,3.59,21327.25,24.84,4781.12,23
2016-01-05 07:20:00,MAITRI,-1.75,59.35,964.85,53.68,192.2,33.3,5.55,3.65,21325.3,23.31,4780.97,23
2016-01-05 07:25:00,MAITRI,-1.57,59.87,965.07,52.3,200.41,33.09,5.52,3.7,21323.37,23.17,4780.8,24
2016-01-05 07:30:00,MAITRI,-1.46,61.09,964.78,51.54,190.99,36.46,6.08,3.8,21321.25,25.52,4780.62,25
2016-01-05 07:35:00,MAITRI,-1.29,60.33,965.26,51.99,213.38,35.25,5.87,3.9,21319.19,24.67,4780.45,25
2016-01-05 07:40:00,MAITRI,-1.87,60.28,965.93,55.05,214.5,34.55,5.76,4.0,21317.17,24.18,4780.28,25
2016-01-05 07:45:00,MAITRI,-2.01,60.55,965.71,53.76,229.69,31.64,5.27,4.06,21315.33,22.15,4780.11,24
2016-01-05 07:50:00,MAITRI,-2.05,61.18,965.74,52.58,248.1,33.16,5.53,4.19,21313.39,23.21,4779.95,23
2016-01-05 07:55:00,MAITRI,-1.76,61.84,966.44,51.12,254.85,32.41,5.4,4.31,21311.5,22.68,4779.8,22
2016-01-05 08:00:00,MAITRI,-1.64,61.52,966.8,53.69,261.79,32.98,5.5,4.44,21309.58,23.09,4779.63,24
2016-01-05 08:05:00,MAITRI,-1.53,61.11,967.21,52.11,262.11,34.12,5.69,4.58,21307.59,23.89,4779.46,25
2016-01-05 08:10:00,MAITRI,-1.37,61.37,968.21,50.95,282.0,32.78,5.46,4.72,21305.68,22.95,4779.28,26
2016-01-05 08:15:00,MAITRI,-1.33,62.22,968.16,50.4,294.1,33.11,5.52,4.86,21303.75,23.18,4779.09,27
2016-01-05 08:20:00,MAITRI,-1.12,62.53,968.65,49.52,303.78,34.1,5.68,5.02,21301.76,23.87,4778.9,27
2016-01-05 08:25:00,MAITRI,-1.62,61.31,967.51,51.6,309.97,32.22,5.37,5.17,21299.88,22.56,4778.72,27
2016-01-05 08:30:00,MAITRI,-2.17,60.89,966.16,53.31,307.59,33.35,5.56,5.33,21297.93,23.34,4778.53,27
2016-01-05 08:35:00,MAITRI,-2.05,61.28,965.66,53.08,325.36,32.97,5.5,5.5,21296.01,23.08,4778.34,27
2016-01-05 08:40:00,MAITRI,-2.03,60.06,966.09,54.18,329.99,31.82,5.3,5.68,21294.15,22.27,4778.15,27
2016-01-05 08:45:00,MAITRI,-1.83,60.75,966.23,52.24,358.88,29.39,4.9,5.85,21292.44,20.57,4777.97,26
2016-01-05 08:50:00,MAITRI,-1.72,61.15,966.43,52.14,354.84,29.38,4.9,6.01,21290.72,20.57,4777.79,26
2016-01-05 08:55:00,MAITRI,-1.55,61.75,966.67,51.72,366.12,29.27,4.88,6.19,21289.02,20.49,4777.61,26
2016-01-05 09:00:00,MAITRI,-1.34,61.9,966.41,50.74,365.16,30.06,5.01,6.37,21287.26,21.04,4777.42,27
2016-01-05 09:05:00,MAITRI,-1.26,62.43,966.4,49.56,378.69,52.51,8.75,6.57,21284.2,36.75,4777.24,27
2016-01-05 09:10:00,MAITRI,-0.97,62.81,966.03,51.74,386.91,69.14,11.52,6.77,21280.17,48.4,4777.05,27
2016-01-05 09:15:00,MAITRI,-0.67,63.3,966.22,50.14,391.19,59.11,9.85,6.97,21276.72,41.38,4776.86,27
2016-01-05 09:20:00,MAITRI,-0.4,63.31,966.79,49.94,422.26,60.17,10.03,7.19,21273.21,42.12,4776.67,27
2016-01-05 09:25:00,MAITRI,-0.25,63.44,966.52,52.56,401.32,57.83,9.64,7.4,21269.84,40.48,4776.48,28
2016-01-05 09:30:00,MAITRI,-0.54,63.54,966.48,53.65,412.02,58.83,9.8,7.62,21266.4,41.18,4776.28,28
2016-01-05 09:35:00,MAITRI,-0.28,63.51,966.5,52.73,436.38,48.7,8.12,7.84,21263.56,34.09,4776.1,27
2016-01-05 09:40:00,MAITRI,-0.17,63.27,966.2,52.47,439.95,47.73,7.96,8.07,21260.78,33.41,4775.91,27
2016-01-05 09:45:00,MAITRI,0.03,62.99,965.64,54.44,442.75,48.72,8.12,8.3,21257.94,34.1,4775.72,28
2016-01-05 09:50:00,MAITRI,-0.02,63.7,966.08,52.98,442.73,66.71,11.12,8.54,21254.05,46.7,4775.53,27
2016-01-05 09:55:00,MAITRI,0.28,63.52,966.93,50.83,441.39,64.99,10.83,8.77,21250.25,45.49,4775.34,27
2016-01-05 10:00:00,MAITRI,-0.18,62.76,967.28,52.05,458.07,49.63,8.27,9.0,21247.36,34.74,4775.15,27
2016-01-05 10:05:00,MAITRI,-0.05,62.47,967.04,49.71,462.18,48.02,8.0,9.25,21244.56,33.62,4774.97,26
2016-01-05 10:10:00,MAITRI,-0.14,62.49,967.4,52.24,459.8,67.66,11.28,9.49,21240.61,47.36,4774.79,26
2016-01-05 10:15:00,MAITRI,-0.11,62.52,967.44,54.19,468.87,51.03,8.51,9.73,21237.63,35.72,4774.61,26
2016-01-05 10:20:00,MAITRI,0.13,61.99,967.88,54.17,465.11,62.37,10.4,9.97,21234.0,43.66,4774.44,25
2016-01-05 10:25:00,MAITRI,0.23,62.13,967.31,53.53,479.63,64.59,10.76,10.22,21230.23,45.21,4774.26,26
2016-01-05 10:30:00,MAITRI,0.19,62.04,967.16,52.06,478.82,55.21,9.2,10.47,21227.01,38.65,4774.07,27
2016-01-05 10:35:00,MAITRI,-0.2,62.05,967.84,52.93,497.97,63.14,10.52,10.73,21223.32,44.2,4773.89,26
2016-01-05 10:40:00,MAITRI,-0.1,61.9,968.5,51.58,505.88,61.15,10.19,10.99,21219.76,42.8,4773.72,25
2016-01-05 10:45:00,MAITRI,-0.09,61.97,968.0,51.47,491.37,53.39,8.9,11.25,21216.64,37.37,4773.54,25
2016-01-05 10:50:00,MAITRI,0.43,61.54,968.18,49.92,502.53,65.35,10.89,11.51,21212.83,45.74,4773.37,25
2016-01-05 10:55:00,MAITRI,0.7,62.39,968.53,48.58,510.86,48.21,8.03,11.78,21210.02,33.74,4773.19,25
2016-01-05 11:00:00,MAITRI,0.67,62.33,968.01,49.1,513.52,46.91,7.82,12.05,21207.28,32.84,4773.02,25
2016-01-05 11:05:00,MAITRI,0.75,60.21,968.08,48.09,542.12,61.73,10.29,12.33,21203.68,43.21,4772.85,25
2016-01-05 11:10:00,MAITRI,0.44,60.05,968.29,49.27,524.71,47.8,7.97,12.6,21200.89,33.46,4772.67,26
2016-01-05 11:15:00,MAITRI,0.57,60.6,968.42,48.2,518.49,61.69,10.28,12.87,21197.29,43.19,4772.48,27
2016-01-05 11:20:00,MAITRI,0.5,60.97,967.92,50.29,523.81,49.48,8.25,13.15,21194.41,34.63,4772.29,27
2016-01-05 11:25:00,MAITRI,0.63,60.52,967.4,51.33,523.64,45.94,7.66,13.42,21191.73,32.16,4772.1,28
2016-01-05 11:30:00,MAITRI,0.5,60.66,967.57,53.48,528.61,51.37,8.56,13.7,21188.73,35.96,4771.9,28
2016-01-05 11:35:00,MAITRI,0.12,60.43,966.67,54.87,508.37,61.96,10.33,13.96,21185.12,43.37,4771.71,28
2016-01-05 11:40:00,MAITRI,-0.2,60.46,966.16,55.92,525.62,51.64,8.61,14.23,21182.1,36.15,4771.51,28
2016-01-05 11:45:00,MAITRI,0.08,61.03,965.83,53.39,516.19,64.76,10.79,14.5,21178.33,45.33,4771.32,28
2016-01-05 11:50:00,MAITRI,0.37,61.35,966.5,52.38,526.08,50.93,8.49,14.78,21175.36,35.65,4771.12,28
2016-01-05 11:55:00,MAITRI,0.71,61.93,966.32,50.86,532.57,22.87,3.81,15.03,21174.02,16.01,4770.93,28
2016-01-05 12:00:00,MAITRI,0.82,62.58,965.98,51.26,527.83,25.04,4.17,15.3,21172.56,17.53,4770.74,28
2016-01-05 12:05:00,MAITRI,0.9,62.51,966.31,51.61,532.18,26.58,4.43,15.58,21171.01,18.61,4770.54,28
2016-01-05 12:10:00,MAITRI,0.91,58.85,966.58,50.3,537.79,25.52,4.25,15.86,21169.52,17.86,4770.35,28
2016-01-05 12:15:00,MAITRI,0.75,58.68,966.34,48.87,540.29,24.43,4.07,16.14,21168.1,17.1,4770.15,28
2016-01-05 12:20:00,MAITRI,0.67,58.89,965.62,49.78,527.71,23.13,3.86,16.4,21166.75,16.19,4769.96,28
2016-01-05 12:25:00,MAITRI,0.78,58.39,966.17,47.92,531.65,26.95,4.49,16.68,21165.18,18.86,4769.76,28
2016-01-05 12:30:00,MAITRI,0.57,58.9,966.48,49.0,516.58,22.86,3.81,16.92,21163.84,16.01,4769.58,27
2016-01-05 12:35:00,MAITRI,0.78,59.91,966.17,48.16,540.18,24.7,4.12,17.2,21162.4,17.29,4769.39,27
2016-01-05 12:40:00,MAITRI,0.83,60.78,966.57,46.6,538.92,23.07,3.85,17.48,21161.05,16.15,4769.2,27
2016-01-05 12:45:00,MAITRI,0.77,60.93,966.02,47.83,521.97,25.35,4.23,17.75,21159.58,17.75,4769.01,28
2016-01-05 12:50:00,MAITRI,0.73,59.08,966.19,50.03,517.58,25.05,4.18,18.02,21158.11,17.54,4768.81,28
2016-01-05 12:55:00,MAITRI,0.73,59.07,966.05,49.19,510.92,26.31,4.38,18.29,21156.58,18.41,4768.61,29
2016-01-05 13:00:00,MAITRI,0.76,59.83,965.67,49.21,499.89,25.97,4.33,18.55,21155.07,18.18,4768.42,28
2016-01-05 13:05:00,MAITRI,0.96,60.24,965.6,49.55,518.51,23.85,3.97,18.8,21153.67,16.69,4768.22,28
2016-01-05 13:10:00,MAITRI,0.94,60.7,965.21,49.31,501.01,25.11,4.18,19.06,21152.21,17.58,4768.03,28
2016-01-05 13:15:00,MAITRI,0.68,61.44,964.86,50.68,494.69,25.74,4.29,19.31,21150.71,18.02,4767.84,27
2016-01-05 13:20:00,MAITRI,0.64,61.65,964.84,51.44,497.29,24.02,4.0,19.55,21149.31,16.82,4767.65,27
2016-01-05 13:25:00,MAITRI,0.72,61.99,964.85,51.5,499.43,21.05,3.51,19.75,21148.08,14.74,4767.47,26
2016-01-05 13:30:00,MAITRI,0.22,61.95,964.09,52.91,480.57,26.61,4.43,20.0,21146.53,18.62,4767.29,26
2016-01-05 13:35:00,MAITRI,0.46,59.75,964.47,51.46,456.42,25.73,4.29,20.22,21145.03,18.01,4767.11,26
2016-01-05 13:40:00,MAITRI,0.32,55.62,964.87,53.63,478.99,26.89,4.48,20.47,21143.46,18.82,4766.93,26
2016-01-05 13:45:00,MAITRI,0.33,56.78,964.79,53.7,471.72,24.07,4.01,20.7,21142.05,16.85,4766.76,25
2016-01-05 13:50:00,MAITRI,0.19,53.23,965.17,55.86,467.32,24.61,4.1,20.95,21140.62,17.23,4766.59,24
2016-01-05 13:55:00,MAITRI,0.14,54.61,965.11,54.09,467.41,24.85,4.14,21.18,21139.17,17.4,4766.41,26
2016-01-05 14:00:00,MAITRI,0.28,55.67,966.23,52.73,468.24,26.01,4.34,21.43,21137.65,18.21,4766.24,25
2016-01-05 14:05:00,MAITRI,0.48,56.41,966.16,51.3,454.99,23.44,3.91,21.63,21136.28,16.41,4766.06,25
2016-01-05 14:10:00,MAITRI,0.73,54.81,966.48,50.44,455.21,22.15,3.69,21.8,21134.99,15.51,4765.89,25
2016-01-05 14:15:00,MAITRI,0.68,55.7,966.36,51.96,443.03,26.28,4.38,22.03,21133.46,18.4,4765.71,26
2016-01-05 14:20:00,MAITRI,1.1,56.56,966.75,51.19,418.66,27.36,4.56,22.25,21131.86,19.15,4765.53,26
2016-01-05 14:25:00,MAITRI,1.39,54.84,966.9,50.29,442.98,26.25,4.38,22.48,21130.33,18.38,4765.35,26
2016-01-05 14:30:00,MAITRI,1.78,55.86,966.31,50.34,413.09,50.44,8.41,22.69,21127.39,35.31,4765.17,26
2016-01-05 14:35:00,MAITRI,1.61,56.38,965.91,50.71,414.69,53.15,8.86,22.91,21124.29,37.2,4764.99,26
2016-01-05 14:40:00,MAITRI,1.67,57.38,965.83,50.85,417.51,53.44,8.91,23.13,21121.17,37.41,4764.81,26
2016-01-05 14:45:00,MAITRI,1.64,58.33,966.36,50.2,393.62,47.58,7.93,23.33,21118.39,33.31,4764.63,25
2016-01-05 14:50:00,MAITRI,1.67,59.41,966.44,48.9,405.33,47.52,7.92,23.55,21115.62,33.27,4764.46,25
2016-01-05 14:55:00,MAITRI,1.64,59.53,966.58,47.41,380.52,52.85,8.81,23.74,21112.54,36.99,4764.28,25
2016-01-05 15:00:00,MAITRI,1.39,60.26,966.08,46.79,389.36,55.37,9.23,23.95,21109.31,38.76,4764.1,26
2016-01-05 15:05:00,MAITRI,1.07,60.67,966.1,48.23,373.02,53.48,8.91,24.14,21106.19,37.44,4763.92,27
2016-01-05 15:10:00,MAITRI,1.38,60.45,965.68,48.54,346.95,62.25,10.38,24.32,21102.56,43.58,4763.72,28
2016-01-05 15:15:00,MAITRI,1.19,60.81,965.8,50.71,343.13,60.67,10.11,24.5,21099.02,42.47,4763.53,28
2016-01-05 15:20:00,MAITRI,0.89,60.06,965.84,52.09,341.05,57.07,9.51,24.68,21095.69,39.95,4763.34,27
2016-01-05 15:25:00,MAITRI,0.87,60.47,966.31,51.09,325.22,55.69,9.28,24.85,21092.44,38.98,4763.15,27
2016-01-05 15:30:00,MAITRI,0.73,60.78,965.1,51.67,315.86,56.46,9.41,25.01,21089.15,39.52,4762.97,26
2016-01-05 15:35:00,MAITRI,0.59,60.55,964.96,53.13,306.06,57.19,9.53,25.17,21085.81,40.04,4762.79,26
2016-01-05 15:40:00,MAITRI,0.59,60.56,965.63,52.03,300.15,60.11,10.02,25.33,21082.3,42.08,4762.61,26
2016-01-05 15:45:00,MAITRI,0.52,61.03,965.98,51.82,281.33,64.34,10.72,25.48,21078.55,45.04,4762.43,26
2016-01-05 15:50:00,MAITRI,0.4,61.07,966.01,53.56,272.2,61.65,10.28,25.62,21074.95,43.16,4762.25,26
2016-01-05 15:55:00,MAITRI,0.58,61.0,966.11,51.93,269.27,57.1,9.52,25.76,21071.62,39.97,4762.07,26
2016-01-05 16:00:00,MAITRI,0.56,60.79,966.9,50.93,265.31,35.58,5.93,25.9,21069.55,24.91,4761.89,26
2016-01-05 16:05:00,MAITRI,0.66,60.89,966.59,51.52,260.7,33.65,5.61,26.02,21067.59,23.56,4761.71,26
2016-01-05 16:10:00,MAITRI,0.7,59.62,965.94,52.02,243.09,36.92,6.15,26.15,21065.43,25.84,4761.52,27
2016-01-05 16:15:00,MAITRI,0.46,59.64,965.86,53.04,224.08,38.46,6.41,26.27,21063.19,26.92,4761.34,26
2016-01-05 16:20:00,MAITRI,0.55,59.01,966.1,54.33,225.69,34.53,5.76,26.37,21061.17,24.17,4761.17,25
2016-01-05 16:25:00,MAITRI,0.42,58.99,966.44,55.67,225.38,35.35,5.89,26.49,21059.11,24.74,4760.99,25
2016-01-05 16:30:00,MAITRI,0.44,59.63,966.85,55.45,204.19,35.87,5.98,26.6,21057.02,25.11,4760.82,25
2016-01-05 16:35:00,MAITRI,0.29,59.9,966.84,53.78,176.26,38.39,6.4,26.69,21054.78,26.88,4760.65,25
2016-01-05 16:40:00,MAITRI,0.54,60.27,966.68,52.35,180.7,35.81,5.97,26.76,21052.69,25.07,4760.47,26
2016-01-05 16:45:00,MAITRI,0.61,60.26,966.38,51.89,171.72,36.72,6.12,26.83,21050.55,25.7,4760.28,26
2016-01-05 16:50:00,MAITRI,0.69,61.05,966.24,51.22,181.29,36.98,6.16,26.91,21048.39,25.89,4760.1,26
2016-01-05 16:55:00,MAITRI,0.39,61.02,965.85,52.2,152.85,41.65,6.94,26.99,21045.96,29.15,4759.92,26
2016-01-05 17:00:00,MAITRI,0.4,60.59,966.1,54.66,123.6,39.62,6.6,27.06,21043.65,27.73,4759.74,26
2016-01-05 17:05:00,MAITRI,0.44,61.52,965.32,55.57,124.14,39.28,6.55,27.11,21041.36,27.49,4759.56,26
2016-01-05 17:10:00,MAITRI,0.73,61.7,965.32,55.67,105.5,42.48,7.08,27.17,21038.88,29.74,4759.38,26
2016-01-05 17:15:00,MAITRI,0.65,61.96,965.79,54.39,88.07,40.79,6.8,27.2,21036.5,28.55,4759.19,27
2016-01-05 17:20:00,MAITRI,0.46,62.21,965.95,53.44,99.69,42.15,7.02,27.25,21034.04,29.5,4759.0,28
2016-01-05 17:25:00,MAITRI,0.64,62.31,965.52,52.82,82.0,42.06,7.01,27.29,21031.59,29.44,4758.81,28
2016-01-05 17:30:00,MAITRI,0.66,62.34,965.96,51.24,77.32,42.79,7.13,27.33,21029.09,29.95,4758.61,28
2016-01-05 17:35:00,MAITRI,0.57,62.2,965.74,52.37,54.28,42.13,7.02,27.33,21026.64,29.49,4758.42,28
2016-01-05 17:40:00,MAITRI,0.61,62.53,965.51,51.98,36.43,47.0,7.83,27.35,21023.9,32.9,4758.22,28
2016-01-05 17:45:00,MAITRI,0.55,62.26,965.98,53.09,34.93,44.19,7.37,27.37,21021.32,30.94,4758.03,27
2016-01-05 17:50:00,MAITRI,0.73,62.55,966.26,52.69,10.19,44.93,7.49,27.37,21018.7,31.45,4757.84,28
2016-01-05 17:55:00,MAITRI,0.64,61.95,966.57,51.5,30.79,46.18,7.7,27.39,21016.0,32.33,4757.65,28
2016-01-05 18:00:00,MAITRI,0.77,62.43,967.07,51.81,10.6,45.02,7.5,27.39,21013.38,31.51,4757.45,28
2016-01-05 18:05:00,MAITRI,0.8,62.47,967.2,50.59,0.0,44.21,7.37,27.38,21010.8,30.95,4757.27,26
2016-01-05 18:10:00,MAITRI,0.33,62.63,966.11,51.83,0.0,45.17,7.53,27.38,21008.16,31.62,4757.09,26
2016-01-05 18:15:00,MAITRI,0.09,62.49,965.74,54.77,0.0,45.03,7.51,27.38,21005.54,31.52,4756.92,24
2016-01-05 18:20:00,MAITRI,-0.18,57.65,965.5,56.02,0.0,43.96,7.33,27.38,21002.97,30.77,4756.75,25
2016-01-05 18:25:00,MAITRI,-0.09,58.13,965.58,57.53,4.18,42.81,7.13,27.37,21000.47,29.97,4756.58,24
2016-01-05 18:30:00,MAITRI,-0.1,58.7,965.5,58.7,4.37,42.04,7.01,27.34,20998.02,29.43,4756.41,25
2016-01-05 18:35:00,MAITRI,0.04,59.46,965.96,58.52,4.03,41.74,6.96,27.31,20995.59,29.22,4756.24,24
2016-01-05 18:40:00,MAITRI,-0.03,60.15,965.64,58.97,3.59,44.65,7.44,27.31,20992.98,31.25,4756.07,25
2016-01-05 18:45:00,MAITRI,-0.41,60.37,964.76,59.52,8.91,40.87,6.81,27.26,20990.6,28.61,4755.89,26
2016-01-05 18:50:00,MAITRI,-0.48,60.23,964.88,59.85,13.01,44.45,7.41,27.26,20988.01,31.11,4755.71,26
2016-01-05 18:55:00,MAITRI,-0.36,60.51,964.87,58.45,0.21,45.18,7.53,27.26,20985.37,31.62,4755.52,27
2016-01-05 19:00:00,MAITRI,-0.33,60.73,964.83,58.11,0.27,45.0,7.5,27.25,20982.75,31.5,4755.33,28
2016-01-05 19:05:00,MAITRI,-0.39,60.63,965.28,55.85,0.0,47.56,7.93,27.25,20979.97,33.29,4755.13,28
2016-01-05 19:10:00,MAITRI,-0.42,61.0,965.35,54.79,8.43,44.3,7.38,27.25,20977.39,31.01,4754.94,27
2016-01-05 19:15:00,MAITRI,-0.41,61.6,965.42,54.5,1.87,45.7,7.62,27.25,20974.72,31.99,4754.76,27
2016-01-05 19:20:00,MAITRI,-0.11,61.52,965.81,53.7,5.92,44.65,7.44,27.25,20972.12,31.26,4754.57,27
2016-01-05 19:25:00,MAITRI,-0.04,61.89,966.21,54.1,2.4,43.51,7.25,27.22,20969.58,30.45,4754.37,28
2016-01-05 19:30:00,MAITRI,-0.13,62.25,965.92,54.81,0.0,46.68,7.78,27.22,20966.86,32.68,4754.18,28
2016-01-05 19:35:00,MAITRI,0.13,62.3,966.19,54.07,0.0,45.49,7.58,27.21,20964.2,31.84,4753.99,28
2016-01-05 19:40:00,MAITRI,0.29,62.21,966.34,53.08,1.98,46.15,7.69,27.21,20961.51,32.31,4753.79,28
2016-01-05 19:45:00,MAITRI,0.31,61.73,966.8,52.02,0.0,44.84,7.47,27.2,20958.9,31.39,4753.6,28
2016-01-05 19:50:00,MAITRI,-0.26,61.16,966.98,54.34,0.0,44.51,7.42,27.18,20956.3,31.15,4753.4,28
2016-01-05 19:55:00,MAITRI,-0.25,60.7,966.79,55.54,0.0,44.46,7.41,27.16,20953.71,31.12,4753.21,28
2016-01-05 20:00:00,MAITRI,-0.35,60.36,967.02,56.66,3.6,43.84,7.31,27.15,20951.15,30.68,4753.02,27
2016-01-05 20:05:00,MAITRI,-0.35,61.13,967.55,56.69,0.0,43.16,7.19,27.12,20948.63,30.21,4752.84,26
2016-01-05 20:10:00,MAITRI,-0.43,61.46,967.44,58.27,7.75,43.58,7.26,27.11,20946.09,30.5,4752.66,26
2016-01-05 20:15:00,MAITRI,-0.32,61.33,967.3,58.15,1.07,44.25,7.37,27.1,20943.51,30.97,4752.48,26
2016-01-05 20:20:00,MAITRI,-0.15,61.5,967.05,56.88,0.0,44.8,7.47,27.1,20940.89,31.36,4752.31,25
2016-01-05 20:25:00,MAITRI,0.0,61.32,967.73,57.35,8.26,42.35,7.06,27.08,20938.42,29.65,4752.13,25
2016-01-05 20:30:00,MAITRI,0.1,60.3,967.92,59.43,0.0,43.45,7.24,27.07,20935.89,30.41,4751.97,24
2016-01-05 20:35:00,MAITRI,0.2,61.0,967.94,59.42,9.38,44.29,7.38,27.08,20933.31,31.0,4751.8,24
2016-01-05 20:40:00,MAITRI,0.17,61.44,967.73,60.25,5.93,42.8,7.13,27.07,20930.81,29.96,4751.64,23
2016-01-05 20:45:00,MAITRI,0.12,62.11,967.21,59.11,0.0,45.8,7.63,27.07,20928.14,32.06,4751.48,23
2016-01-05 20:50:00,MAITRI,0.2,61.79,967.62,59.4,0.0,43.02,7.17,27.07,20925.63,30.12,4751.32,23
2016-01-05 20:55:00,MAITRI,0.35,62.32,967.64,58.0,16.85,40.5,6.75,27.04,20923.27,28.35,4751.17,22
2016-01-05 21:00:00,MAITRI,0.39,59.9,966.85,56.85,0.0,44.71,7.45,27.04,20920.66,31.3,4751.02,21
2016-01-05 21:05:00,MAITRI,0.09,59.87,966.63,56.21,13.85,39.83,6.64,27.01,20918.33,27.88,4750.87,21
2016-01-05 21:10:00,MAITRI,-0.08,60.25,965.67,56.97,6.12,41.06,6.84,26.99,20915.94,28.74,4750.73,21
2016-01-05 21:15:00,MAITRI,-0.14,60.4,965.88,58.69,0.0,45.5,7.58,26.99,20913.28,31.85,4750.58,22
2016-01-05 21:20:00,MAITRI,-0.19,61.05,965.93,59.02,0.0,42.17,7.03,26.97,20910.82,29.52,4750.42,23
2016-01-05 21:25:00,MAITRI,-0.02,61.51,965.7,59.52,2.74,42.97,7.16,26.96,20908.32,30.08,4750.25,24
2016-01-05 21:30:00,MAITRI,-0.15,62.32,965.75,58.62,0.0,44.86,7.48,26.96,20905.7,31.4,4750.09,23
2016-01-05 21:35:00,MAITRI,-0.28,61.56,966.0,56.92,0.0,44.29,7.38,26.96,20903.12,31.0,4749.94,22
2016-01-05 21:40:00,MAITRI,-0.32,61.5,966.2,57.71,0.0,41.94,6.99,26.94,20900.67,29.35,4749.78,22
2016-01-05 21:45:00,MAITRI,-0.41,61.65,965.94,56.08,4.08,43.12,7.19,26.94,20898.16,30.18,4749.64,21
2016-01-05 21:50:00,MAITRI,-0.7,61.35,965.62,59.41,0.0,44.13,7.35,26.94,20895.58,30.89,4749.49,21
2016-01-05 21:55:00,MAITRI,-0.74,61.48,965.35,59.07,0.0,43.29,7.21,26.94,20893.06,30.3,4749.35,21
2016-01-05 22:00:00,MAITRI,-0.73,61.5,965.89,60.82,0.0,43.54,7.26,26.94,20890.52,30.48,4749.19,22
2016-01-05 22:05:00,MAITRI,-0.84,62.11,965.74,59.88,0.0,43.6,7.27,26.94,20887.97,30.52,4749.04,22
2016-01-05 22:10:00,MAITRI,-0.8,61.9,966.13,59.88,1.7,43.99,7.33,26.94,20885.41,30.8,4748.88,23
2016-01-05 22:15:00,MAITRI,-1.13,62.07,965.53,62.74,0.0,42.92,7.15,26.93,20882.9,30.05,4748.72,23
2016-01-05 22:20:00,MAITRI,-1.26,62.43,965.87,62.36,10.87,45.16,7.53,26.94,20880.27,31.62,4748.56,23
2016-01-05 22:25:00,MAITRI,-1.4,62.25,965.76,61.19,0.0,44.02,7.34,26.94,20877.7,30.82,4748.4,24
2016-01-05 22:30:00,MAITRI,-1.74,57.21,965.36,62.2,8.88,43.32,7.22,26.94,20875.17,30.32,4748.23,24
2016-01-05 22:35:00,MAITRI,-1.69,57.91,966.06,61.61,1.36,41.98,7.0,26.92,20872.73,29.38,4748.06,24
2016-01-05 22:40:00,MAITRI,-1.69,58.05,966.45,59.73,3.38,44.15,7.36,26.92,20870.15,30.9,4747.89,25
2016-01-05 22:45:00,MAITRI,-1.81,57.97,966.41,59.22,0.0,43.03,7.17,26.91,20867.64,30.12,4747.72,24
2016-01-05 22:50:00,MAITRI,-1.62,58.59,966.21,60.23,4.16,41.61,6.94,26.88,20865.21,29.13,4747.56,24
2016-01-05 22:55:00,MAITRI,-1.48,58.7,966.45,60.78,0.21,44.04,7.34,26.88,20862.64,30.83,4747.39,24
2016-01-05 23:00:00,MAITRI,-1.28,59.26,966.56,59.05,0.0,44.18,7.36,26.88,20860.07,30.93,4747.22,24
2016-01-05 23:05:00,MAITRI,-1.41,59.72,966.7,57.67,8.81,44.98,7.5,26.89,20857.44,31.48,4747.05,25
2016-01-05 23:10:00,MAITRI,-1.65,60.56,967.07,59.59,1.97,41.14,6.86,26.85,20855.04,28.8,4746.89,23
2016-01-05 23:15:00,MAITRI,-1.85,61.12,967.55,60.63,1.66,43.07,7.18,26.84,20852.53,30.15,4746.73,23
2016-01-05 23:20:00,MAITRI,-1.83,61.53,967.98,62.34,0.0,42.98,7.16,26.84,20850.02,30.08,4746.57,23
2016-01-05 23:25:00,MAITRI,-1.97,61.6,968.07,61.04,9.42,41.28,6.88,26.82,20847.61,28.9,4746.42,22
2016-01-05 23:30:00,MAITRI,-1.83,61.76,967.47,59.29,0.0,42.34,7.06,26.8,20845.14,29.64,4746.26,22
2016-01-05 23:35:00,MAITRI,-2.0,62.48,967.16,60.06,0.41,41.61,6.93,26.78,20842.72,29.13,4746.11,22
2016-01-05 23:40:00,MAITRI,-1.84,62.47,967.84,60.51,0.0,43.37,7.23,26.78,20840.19,30.36,4745.96,22
2016-01-05 23:45:00,MAITRI,-1.51,62.41,967.73,59.49,2.09,43.97,7.33,26.78,20837.62,30.78,4745.81,22
2016-01-05 23:50:00,MAITRI,-1.76,62.39,967.26,60.16,0.0,44.98,7.5,26.78,20835.0,31.49,4745.65,22
2016-01-05 23:55:00,MAITRI,-1.59,61.8,967.27,58.77,2.78,43.72,7.29,26.78,20832.45,30.6,4745.49,23
2016-01-06 00:00:00,MAITRI,-1.66,61.63,967.59,58.04,0.0,42.21,7.04,26.75,20829.99,29.55,4745.33,24
2016-01-06 00:05:00,MAITRI,-1.87,61.31,967.82,56.97,0.0,45.43,7.57,26.75,20827.34,31.8,4745.16,24
2016-01-06 00:10:00,MAITRI,-2.18,61.42,966.55,58.45,0.78,41.61,6.94,26.71,20824.91,29.13,4744.99,24
2016-01-06 00:15:00,MAITRI,-2.22,62.45,966.95,58.76,2.3,43.43,7.24,26.71,20822.38,30.4,4744.83,24
2016-01-06 00:20:00,MAITRI,-2.58,63.13,966.22,59.39,0.0,44.97,7.5,26.71,20819.75,31.48,4744.66,24
2016-01-06 00:25:00,MAITRI,-2.29,63.0,966.31,57.82,0.0,44.32,7.39,26.7,20817.17,31.02,4744.49,25
2016-01-06 00:30:00,MAITRI,-2.05,63.27,966.03,56.37,0.0,43.68,7.28,26.69,20814.62,30.58,4744.31,25
2016-01-06 00:35:00,MAITRI,-2.1,63.33,966.75,56.8,0.0,43.48,7.25,26.68,20812.08,30.44,4744.15,24
2016-01-06 00:40:00,MAITRI,-2.27,63.21,966.75,55.96,0.86,43.21,7.2,26.67,20809.56,30.25,4743.98,24
2016-01-06 00:45:00,MAITRI,-2.54,62.76,967.28,56.12,0.0,42.41,7.07,26.64,20807.09,29.69,4743.81,24
2016-01-06 00:50:00,MAITRI,-2.47,62.63,967.42,55.11,15.27,42.46,7.08,26.64,20804.61,29.72,4743.65,23
2016-01-06 00:55:00,MAITRI,-2.46,62.71,968.06,55.84,0.0,44.53,7.42,26.64,20802.01,31.17,4743.49,23
2016-01-06 01:00:00,MAITRI,-2.67,62.89,967.93,55.69,3.06,64.95,10.83,26.64,20798.22,45.47,4743.33,23
2016-01-06 01:05:00,MAITRI,-2.92,62.82,967.88,54.71,0.0,69.58,11.6,26.64,20794.17,48.71,4743.17,23
2016-01-06 01:10:00,MAITRI,-2.63,63.45,967.98,53.29,0.0,63.85,10.64,26.64,20790.44,44.69,4743.01,23
2016-01-06 01:15:00,MAITRI,-2.37,63.18,967.9,54.0,0.0,73.74,12.29,26.64,20786.14,51.62,4742.85,23
2016-01-06 01:20:00,MAITRI,-2.47,63.53,967.37,55.77,3.8,63.67,10.61,26.64,20782.43,44.57,4742.69,23
2016-01-06 01:25:00,MAITRI,-2.53,63.25,967.28,54.94,7.39,69.6,11.6,26.64,20778.36,48.72,4742.53,23
2016-01-06 01:30:00,MAITRI,-2.54,63.96,967.8,55.24,0.0,68.18,11.36,26.64,20774.39,47.73,4742.37,24
2016-01-06 01:35:00,MAITRI,-2.32,63.52,967.59,56.33,0.0,74.19,12.36,26.64,20770.06,51.93,4742.2,24
2016-01-06 01:40:00,MAITRI,-2.56,63.27,967.38,55.34,11.62,63.36,10.56,26.65,20766.36,44.35,4742.03,25
2016-01-06 01:45:00,MAITRI,-2.33,62.95,967.44,55.25,0.0,66.59,11.1,26.65,20762.48,46.61,4741.85,25
2016-01-06 01:50:00,MAITRI,-2.1,62.65,967.23,54.31,0.0,65.03,10.84,26.65,20758.69,45.52,4741.68,25
2016-01-06 01:55:00,MAITRI,-2.56,59.93,965.92,56.37,5.57,72.39,12.06,26.65,20754.46,50.67,4741.5,26
2016-01-06 02:00:00,MAITRI,-2.65,59.52,966.06,56.62,3.5,66.65,11.11,26.66,20750.57,46.66,4741.33,25
2016-01-06 02:05:00,MAITRI,-2.57,60.33,966.56,55.48,10.27,65.93,10.99,26.66,20746.73,46.15,4741.15,25
2016-01-06 02:10:00,MAITRI,-2.44,60.56,966.45,56.13,6.18,71.57,11.93,26.66,20742.55,50.1,4740.98,25
2016-01-06 02:15:00,MAITRI,-2.2,61.05,966.56,55.91,0.0,74.06,12.34,26.66,20738.23,51.84,4740.81,24
2016-01-06 02:20:00,MAITRI,-2.47,61.22,966.65,54.69,5.57,64.85,10.81,26.67,20734.45,45.4,4740.65,24
2016-01-06 02:25:00,MAITRI,-2.68,61.17,967.32,57.01,2.56,72.34,12.06,26.67,20730.23,50.64,4740.49,23
2016-01-06 02:30:00,MAITRI,-3.04,61.78,966.56,58.21,2.39,72.41,12.07,26.67,20726.01,50.68,4740.32,24
2016-01-06 02:35:00,MAITRI,-3.07,61.98,966.46,56.57,0.0,61.88,10.31,26.67,20722.4,43.31,4740.16,23
2016-01-06 02:40:00,MAITRI,-2.91,62.07,967.13,55.66,0.0,64.7,10.78,26.67,20718.62,45.29,4740.0,23
2016-01-06 02:45:00,MAITRI,-3.15,62.34,967.37,54.66,4.27,62.82,10.47,26.67,20714.96,43.97,4739.84,23
2016-01-06 02:50:00,MAITRI,-2.79,62.22,967.04,52.99,2.59,69.96,11.66,26.67,20710.88,48.97,4739.68,23
2016-01-06 02:55:00,MAITRI,-2.89,62.25,967.68,52.27,0.0,69.59,11.6,26.67,20706.82,48.71,4739.52,23
2016-01-06 03:00:00,MAITRI,-3.4,62.77,966.0,54.91,0.0,42.71,7.12,26.67,20704.33,29.9,4739.37,22
2016-01-06 03:05:00,MAITRI,-3.11,62.59,966.02,52.89,0.0,42.13,7.02,26.64,20701.87,29.49,4739.21,23
2016-01-06 03:10:00,MAITRI,-3.9,62.54,964.82,55.65,10.87,43.71,7.28,26.65,20699.32,30.59,4739.06,22
2016-01-06 03:15:00,MAITRI,-3.55,61.69,964.77,54.17,0.0,44.62,7.44,26.65,20696.72,31.23,4738.9,22
2016-01-06 03:20:00,MAITRI,-3.45,61.46,965.89,52.75,7.14,41.92,6.99,26.63,20694.27,29.34,4738.74,23
2016-01-06 03:25:00,MAITRI,-3.55,61.12,966.39,52.15,0.0,42.87,7.15,26.62,20691.77,30.01,4738.58,23
2016-01-06 03:30:00,MAITRI,-3.24,61.42,966.53,52.01,0.0,44.76,7.46,26.62,20689.16,31.33,4738.43,22
2016-01-06 03:35:00,MAITRI,-3.25,61.38,966.78,53.75,0.0,43.13,7.19,26.61,20686.64,30.19,4738.27,23
2016-01-06 03:40:00,MAITRI,-2.81,60.91,966.94,55.31,0.0,42.28,7.05,26.59,20684.18,29.6,4738.11,23
2016-01-06 03:45:00,MAITRI,-2.79,61.47,966.6,56.01,0.0,42.49,7.08,26.58,20681.7,29.74,4737.95,23
2016-01-06 03:50:00,MAITRI,-2.53,61.67,966.5,55.46,0.0,42.8,7.13,26.56,20679.2,29.96,4737.78,24
2016-01-06 03:55:00,MAITRI,-2.52,62.06,966.63,55.6,10.02,43.36,7.23,26.56,20676.67,30.35,4737.62,24
2016-01-06 04:00:00,MAITRI,-2.39,62.17,966.26,55.94,12.7,42.19,7.03,26.54,20674.21,29.53,4737.45,24
2016-01-06 04:05:00,MAITRI,-2.27,62.38,966.73,54.61,5.46,44.28,7.38,26.55,20671.63,31.0,4737.28,25
2016-01-06 04:10:00,MAITRI,-2.18,62.45,966.64,54.29,0.0,44.41,7.4,26.55,20669.04,31.09,4737.1,25
2016-01-06 04:15:00,MAITRI,-2.2,57.07,966.73,52.68,0.0,43.25,7.21,26.54,20666.52,30.28,4736.93,25
2016-01-06 04:20:00,MAITRI,-1.98,57.74,966.32,51.46,11.1,44.7,7.45,26.54,20663.91,31.29,4736.76,25
2016-01-06 04:25:00,MAITRI,-1.88,57.98,966.16,51.87,0.0,42.82,7.14,26.52,20661.41,29.97,4736.58,25
2016-01-06 04:30:00,MAITRI,-2.06,57.84,966.12,53.84,3.77,44.94,7.49,26.52,20658.79,31.46,4736.4,26
2016-01-06 04:35:00,MAITRI,-1.87,58.1,966.21,52.42,0.0,43.63,7.27,26.52,20656.24,30.54,4736.24,24
2016-01-06 04:40:00,MAITRI,-1.76,58.49,966.05,51.89,1.05,43.13,7.19,26.52,20653.73,30.19,4736.07,24
2016-01-06 04:45:00,MAITRI,-1.72,58.98,966.46,55.39,6.52,45.16,7.53,26.52,20651.09,31.61,4735.9,24
2016-01-06 04:50:00,MAITRI,-1.88,58.67,966.89,54.49,3.25,42.71,7.12,26.51,20648.6,29.9,4735.74,24
2016-01-06 04:55:00,MAITRI,-2.01,59.64,967.27,54.17,0.0,45.48,7.58,26.51,20645.95,31.83,4735.58,23
2016-01-06 05:00:00,MAITRI,-2.03,57.38,967.79,52.48,0.0,56.58,9.43,26.09,20642.14,45.71,4735.41,24
2016-01-06 05:05:00,MAITRI,-2.02,58.19,967.22,53.28,0.0,58.58,9.76,25.69,20637.26,58.61,4735.24,25
2016-01-06 05:10:00,MAITRI,-2.17,58.87,967.27,52.15,0.0,58.11,9.68,25.45,20632.91,52.2,4735.06,25
2016-01-06 05:15:00,MAITRI,-2.04,58.82,967.59,51.53,15.85,60.69,10.12,25.24,20628.21,56.31,4734.88,26
2016-01-06 05:20:00,MAITRI,-1.95,59.38,968.02,54.53,5.92,61.06,10.18,25.05,20623.67,54.52,4734.69,28
2016-01-06 05:25:00,MAITRI,-2.13,59.62,968.07,56.72,0.0,63.99,10.67,24.72,20619.2,53.63,4734.49,28
2016-01-06 05:30:00,MAITRI,-2.32,59.88,967.74,54.68,7.22,63.03,10.51,24.49,20614.94,51.19,4734.3,28
2016-01-06 05:35:00,MAITRI,-2.31,58.05,968.47,53.11,1.26,61.72,10.29,24.08,20609.95,59.77,4734.1,28
2016-01-06 05:40:00,MAITRI,-2.56,58.31,967.79,54.24,5.46,64.24,10.71,23.77,20605.37,55.01,4733.92,27
2016-01-06 05:45:00,MAITRI,-2.51,58.34,967.8,56.88,0.0,64.77,10.79,23.54,20600.44,59.17,4733.72,28
2016-01-06 05:50:00,MAITRI,-2.59,58.72,967.4,54.55,3.38,63.49,10.58,23.37,20595.4,60.52,4733.53,28
2016-01-06 05:55:00,MAITRI,-2.72,59.69,966.9,58.27,1.59,63.22,10.54,23.1,20590.72,56.07,4733.33,28
2016-01-06 06:00:00,MAITRI,-2.58,60.41,966.71,56.26,0.0,64.64,10.77,22.7,20586.03,56.3,4733.13,29
2016-01-06 06:05:00,MAITRI,-2.71,60.01,966.65,56.3,12.14,65.27,10.88,22.23,20580.93,61.17,4732.93,29
2016-01-06 06:10:00,MAITRI,-2.6,60.39,966.64,56.68,11.29,68.43,11.4,21.91,20575.58,64.18,4732.72,30
2016-01-06 06:15:00,MAITRI,-2.57,60.3,966.25,54.77,0.0,67.38,11.23,21.44,20570.47,61.36,4732.51,30
2016-01-06 06:20:00,MAITRI,-2.3,60.28,966.8,54.56,21.41,67.67,11.28,21.09,20565.55,59.05,4732.31,29
2016-01-06 06:25:00,MAITRI,-2.6,60.24,967.05,55.64,7.74,69.09,11.51,20.92,20560.91,55.71,4732.11,29
2016-01-06 06:30:00,MAITRI,-2.41,59.82,967.41,54.3,7.76,67.7,11.28,20.7,20555.2,68.51,4731.91,29
2016-01-06 06:35:00,MAITRI,-2.39,59.64,967.06,54.39,0.29,70.88,11.81,20.2,20550.37,57.92,4731.71,29
2016-01-06 06:40:00,MAITRI,-2.55,59.74,966.79,54.52,9.81,70.23,11.71,19.76,20545.18,62.34,4731.51,29
2016-01-06 06:45:00,MAITRI,-2.47,60.21,966.58,54.6,7.18,70.13,11.69,19.45,20539.31,70.43,4731.3,30
2016-01-06 06:50:00,MAITRI,-2.46,60.11,966.02,54.57,18.32,73.3,12.22,19.12,20534.22,61.11,4731.09,30
2016-01-06 06:55:00,MAITRI,-2.64,60.01,965.85,52.74,11.16,72.45,12.08,18.71,20528.81,64.87,4730.9,28
2016-01-06 07:00:00,MAITRI,-2.51,60.1,966.08,52.33,0.0,72.25,12.04,18.37,20523.49,63.82,4730.69,29
2016-01-06 07:05:00,MAITRI,-2.5,57.82,965.5,52.42,0.0,74.61,12.43,18.17,20517.55,71.26,4730.49,29
2016-01-06 07:10:00,MAITRI,-2.71,58.46,965.2,53.87,31.14,72.83,12.14,17.85,20511.99,66.79,4730.29,29
2016-01-06 07:15:00,MAITRI,-2.21,59.43,965.47,55.44,6.51,74.56,12.43,17.48,20506.86,61.48,4730.08,30
2016-01-06 07:20:00,MAITRI,-1.82,59.46,965.63,53.75,28.99,77.02,12.84,17.33,20500.46,76.89,4729.87,30
2016-01-06 07:25:00,MAITRI,-1.59,59.55,965.83,52.13,33.0,74.23,12.37,17.16,20495.39,60.82,4729.67,30
2016-01-06 07:30:00,MAITRI,-1.69,59.94,966.25,53.63,26.25,76.08,12.68,16.71,20489.64,68.99,4729.47,29
2016-01-06 07:35:00,MAITRI,-1.5,60.53,965.95,53.55,16.76,76.92,12.82,16.42,20483.15,77.86,4729.26,29
2016-01-06 07:40:00,MAITRI,-2.08,60.39,966.42,56.44,26.39,75.62,12.6,16.14,20477.59,66.7,4729.06,29
2016-01-06 07:45:00,MAITRI,-2.26,60.85,966.33,57.37,1.19,79.15,13.19,15.95,20472.12,65.65,4728.86,29
2016-01-06 07:50:00,MAITRI,-2.14,60.19,966.19,56.87,30.69,75.8,12.63,15.82,20466.99,61.62,4728.67,28
2016-01-06 07:55:00,MAITRI,-1.88,60.45,966.61,55.49,14.13,77.69,12.95,15.34,20460.76,74.78,4728.47,29
2016-01-06 08:00:00,MAITRI,-1.89,59.45,966.93,56.62,13.42,74.99,12.5,15.12,20454.43,75.89,4728.27,28
2016-01-06 08:05:00,MAITRI,-1.67,59.76,966.92,54.46,1.47,76.01,12.67,14.95,20448.05,76.58,4728.08,28
2016-01-06 08:10:00,MAITRI,-1.82,58.72,966.91,55.52,40.77,75.51,12.58,14.48,20442.02,72.4,4727.88,28
2016-01-06 08:15:00,MAITRI,-1.61,59.13,967.31,55.37,17.87,76.66,12.78,14.17,20435.98,72.44,4727.69,28
2016-01-06 08:20:00,MAITRI,-1.55,59.54,966.56,54.64,42.57,76.02,12.67,13.85,20430.37,67.3,4727.49,28
2016-01-06 08:25:00,MAITRI,-0.95,60.33,967.0,52.6,41.19,76.26,12.71,13.68,20424.52,70.22,4727.29,29
2016-01-06 08:30:00,MAITRI,-0.97,60.57,967.23,51.33,26.23,75.47,12.58,13.51,20418.7,69.82,4727.1,28
2016-01-06 08:35:00,MAITRI,-1.27,60.32,967.48,52.69,17.73,75.11,12.52,13.36,20412.81,70.69,4726.9,29
2016-01-06 08:40:00,MAITRI,-1.31,60.68,967.22,52.26,23.86,78.07,13.01,13.25,20407.1,68.56,4726.7,28
2016-01-06 08:45:00,MAITRI,-1.21,61.01,967.54,51.82,47.08,75.53,12.59,13.08,20401.8,63.58,4726.51,27
2016-01-06 08:50:00,MAITRI,-1.32,61.11,967.62,52.41,15.31,77.42,12.9,12.71,20396.13,67.99,4726.33,27
2016-01-06 08:55:00,MAITRI,-1.18,61.49,968.02,54.96,21.43,75.83,12.64,12.24,20390.21,71.01,4726.14,27
2016-01-06 09:00:00,MAITRI,-1.0,61.62,968.05,52.79,30.55,77.45,12.91,12.11,20384.7,66.17,4725.94,28
2016-01-06 09:05:00,MAITRI,-0.68,62.51,967.98,51.68,58.18,76.36,12.73,12.01,20378.35,76.23,4725.74,29
2016-01-06 09:10:00,MAITRI,-0.56,63.45,967.72,51.39,31.61,76.81,12.8,11.82,20372.65,68.42,4725.54,29
2016-01-06 09:15:00,MAITRI,-0.38,63.29,967.95,50.04,69.83,74.31,12.38,11.57,20366.62,72.29,4725.35,28
2016-01-06 09:20:00,MAITRI,-0.09,63.57,967.75,50.09,46.5,76.07,12.68,11.28,20360.31,75.69,4725.15,28
2016-01-06 09:25:00,MAITRI,-0.0,63.43,968.09,52.42,29.17,75.72,12.62,11.0,20355.03,63.4,4724.96,28
2016-01-06 09:30:00,MAITRI,0.3,63.19,967.98,52.09,49.61,75.91,12.65,10.83,20348.93,73.21,4724.76,28
2016-01-06 09:35:00,MAITRI,0.04,62.7,967.21,52.0,72.3,73.71,12.28,10.38,20343.47,65.53,4724.57,28
2016-01-06 09:40:00,MAITRI,0.04,63.19,966.26,50.84,56.76,74.39,12.4,9.93,20337.56,70.91,4724.38,27
2016-01-06 09:45:00,MAITRI,-0.53,63.23,965.47,52.58,66.82,74.95,12.49,9.57,20332.44,61.45,4724.19,28
2016-01-06 09:50:00,MAITRI,-0.96,63.07,966.06,54.67,55.63,77.72,12.95,9.34,20327.09,64.19,4723.99,28
2016-01-06 09:55:00,MAITRI,-0.81,62.91,965.76,54.08,64.56,76.55,12.76,9.26,20321.19,70.84,4723.8,28
2016-01-06 10:00:00,MAITRI,-1.06,62.86,965.36,55.4,51.77,75.39,12.57,9.15,20315.11,72.87,4723.6,28
2016-01-06 10:05:00,MAITRI,-1.55,62.38,964.71,56.78,2.65,77.61,12.94,8.77,20308.56,78.68,4723.41,28
2016-01-06 10:10:00,MAITRI,-1.26,62.03,964.75,55.06,78.98,75.95,12.66,8.51,20302.51,72.58,4723.21,29
2016-01-06 10:15:00,MAITRI,-1.01,59.01,964.58,53.16,1.91,79.06,13.18,8.16,20297.08,65.16,4723.01,29
2016-01-06 10:20:00,MAITRI,-0.89,58.92,964.9,53.77,31.62,77.48,12.91,7.69,20291.42,67.93,4722.81,29
2016-01-06 10:25:00,MAITRI,-0.64,59.8,965.3,52.37,55.84,75.28,12.55,7.25,20285.23,74.23,4722.6,30
2016-01-06 10:30:00,MAITRI,-0.33,59.56,964.84,51.38,12.92,76.92,12.82,7.12,20278.88,76.25,4722.39,30
2016-01-06 10:35:00,MAITRI,-0.45,59.5,965.27,52.28,36.12,76.64,12.77,6.72,20272.9,71.7,4722.18,30
2016-01-06 10:40:00,MAITRI,-0.37,59.65,964.96,50.99,36.02,75.17,12.53,6.25,20267.28,67.51,4721.98,29
2016-01-06 10:45:00,MAITRI,-0.15,56.21,964.95,49.44,9.33,77.15,12.86,5.77,20261.47,69.74,4721.78,29
2016-01-06 10:50:00,MAITRI,0.16,56.81,964.79,49.07,54.78,74.46,12.41,5.42,20256.18,63.44,4721.58,29
2016-01-06 10:55:00,MAITRI,0.17,57.41,964.95,49.0,54.46,76.26,12.71,4.98,20250.93,62.98,4721.37,29
2016-01-06 11:00:00,MAITRI,0.38,58.24,965.66,47.43,34.73,76.1,12.68,4.65,20245.5,65.19,4721.17,30
2016-01-06 11:05:00,MAITRI,0.65,60.05,965.87,47.35,46.18,76.53,12.76,4.3,20240.18,63.81,4720.97,29
2016-01-06 11:10:00,MAITRI,1.05,60.7,965.85,46.28,29.18,76.79,12.8,4.17,20233.71,77.59,4720.76,30
2016-01-06 11:15:00,MAITRI,1.17,60.7,965.51,46.91,24.76,75.09,12.51,4.08,20227.64,72.89,4720.55,30
2016-01-06 11:20:00,MAITRI,1.32,60.86,965.16,46.88,30.18,78.12,13.02,3.98,20222.07,66.82,4720.33,31
2016-01-06 11:25:00,MAITRI,0.89,60.76,966.25,48.06,69.47,75.0,12.5,3.69,20215.84,74.77,4720.12,31
2016-01-06 11:30:00,MAITRI,1.28,60.52,965.92,47.7,0.0,79.18,13.2,3.58,20209.71,73.55,4719.9,32
2016-01-06 11:35:00,MAITRI,0.8,60.86,965.29,49.51,67.83,77.21,12.87,3.29,20203.7,72.13,4719.68,31
2016-01-06 11:40:00,MAITRI,0.94,61.17,965.62,48.39,44.87,78.3,13.05,2.94,20197.53,74.01,4719.47,30
2016-01-06 11:45:00,MAITRI,0.9,61.56,965.14,48.87,22.11,78.43,13.07,2.72,20192.22,63.73,4719.26,30
2016-01-06 11:50:00,MAITRI,0.62,61.47,965.08,48.82,0.0,75.69,12.61,2.4,20186.19,72.39,4719.06,30
2016-01-06 11:55:00,MAITRI,0.66,61.48,964.51,48.87,10.95,78.09,13.01,1.99,20180.29,70.8,4718.85,30
2016-01-06 12:00:00,MAITRI,0.84,61.94,965.3,48.2,14.21,76.39,12.73,1.52,20174.23,72.68,4718.64,30
2016-01-06 12:05:00,MAITRI,0.69,62.35,965.25,47.33,548.05,26.02,4.34,1.8,20172.72,18.21,4718.43,30
2016-01-06 12:10:00,MAITRI,0.64,61.96,965.19,46.29,547.73,23.74,3.96,2.08,20171.33,16.62,4718.23,29
2016-01-06 12:15:00,MAITRI,0.79,61.74,965.21,47.18,534.3,24.67,4.11,2.36,20169.89,17.27,4718.03,29
2016-01-06 12:20:00,MAITRI,0.61,62.03,964.76,48.3,544.0,25.14,4.19,2.64,20168.43,17.6,4717.83,28
2016-01-06 12:25:00,MAITRI,0.65,62.13,964.51,48.89,524.83,22.99,3.83,2.89,20167.08,16.09,4717.64,28
2016-01-06 12:30:00,MAITRI,0.5,61.76,964.25,47.79,521.1,24.02,4.0,3.15,20165.68,16.82,4717.45,27
2016-01-06 12:35:00,MAITRI,0.58,61.54,965.09,47.06,514.84,23.44,3.91,3.4,20164.32,16.41,4717.26,28
2016-01-06 12:40:00,MAITRI,0.46,61.74,965.09,48.3,517.61,23.89,3.98,3.65,20162.92,16.72,4717.06,28
2016-01-06 12:45:00,MAITRI,0.4,61.29,964.81,49.37,524.0,24.66,4.11,3.92,20161.48,17.26,4716.87,28
2016-01-06 12:50:00,MAITRI,0.37,61.44,964.88,50.27,518.78,24.79,4.13,4.19,20160.04,17.35,4716.68,27
2016-01-06 12:55:00,MAITRI,0.21,60.9,964.46,51.15,515.54,22.55,3.76,4.43,20158.72,15.79,4716.5,26
2016-01-06 13:00:00,MAITRI,0.51,60.78,965.12,49.93,524.54,24.73,4.12,4.71,20157.28,17.31,4716.33,25
2016-01-06 13:05:00,MAITRI,0.51,60.93,965.28,50.31,506.18,20.27,3.38,4.91,20156.1,14.19,4716.16,24
2016-01-06 13:10:00,MAITRI,0.49,61.59,964.93,51.34,509.12,22.77,3.8,5.16,20154.77,15.94,4715.99,25
2016-01-06 13:15:00,MAITRI,0.06,61.34,964.37,53.06,498.61,26.42,4.4,5.42,20153.23,18.49,4715.81,25
2016-01-06 13:20:00,MAITRI,0.27,61.54,964.75,52.53,494.32,24.04,4.01,5.67,20151.83,16.83,4715.64,25
2016-01-06 13:25:00,MAITRI,0.19,60.73,965.22,51.94,516.89,26.44,4.41,5.93,20150.28,18.51,4715.46,26
2016-01-06 13:30:00,MAITRI,-0.02,61.21,964.53,53.13,480.19,25.19,4.2,6.18,20148.81,17.63,4715.28,26
2016-01-06 13:35:00,MAITRI,0.09,57.35,964.54,54.94,485.97,26.16,4.36,6.43,20147.29,18.31,4715.1,26
2016-01-06 13:40:00,MAITRI,0.04,57.71,964.55,55.43,495.25,23.2,3.87,6.67,20145.93,16.24,4714.92,26
2016-01-06 13:45:00,MAITRI,-0.13,57.8,964.9,55.49,473.03,24.27,4.04,6.9,20144.52,16.99,4714.74,25
2016-01-06 13:50:00,MAITRI,-0.36,58.32,964.75,54.74,473.36,23.97,3.99,7.13,20143.12,16.78,4714.57,25
2016-01-06 13:55:00,MAITRI,-0.23,58.48,964.93,53.64,456.42,28.49,4.75,7.37,20141.46,19.94,4714.4,25
2016-01-06 14:00:00,MAITRI,-0.24,58.69,964.77,53.68,457.57,44.72,7.45,7.04,20138.85,31.31,4714.22,25
2016-01-06 14:05:00,MAITRI,0.05,59.41,964.99,52.1,450.07,34.89,5.81,6.43,20136.81,24.42,4714.06,24
2016-01-06 14:10:00,MAITRI,0.2,58.97,965.13,53.93,441.39,36.77,6.13,6.09,20134.67,25.74,4713.88,25
2016-01-06 14:15:00,MAITRI,0.43,59.38,965.04,53.7,415.32,40.92,6.82,5.37,20132.28,28.64,4713.71,25
2016-01-06 14:20:00,MAITRI,0.84,58.85,965.2,52.82,429.32,41.62,6.94,4.67,20129.86,29.14,4713.54,24
2016-01-06 14:25:00,MAITRI,1.2,58.11,965.38,51.89,425.3,35.4,5.9,4.01,20127.79,24.78,4713.38,23
2016-01-06 14:30:00,MAITRI,1.01,57.83,965.7,51.42,422.21,44.23,7.37,3.41,20125.21,30.96,4713.22,24
2016-01-06 14:35:00,MAITRI,1.04,57.69,965.73,49.87,418.6,36.99,6.17,2.54,20123.05,25.9,4713.05,24
2016-01-06 14:40:00,MAITRI,1.23,57.93,966.09,49.8,406.88,38.05,6.34,1.67,20120.83,26.63,4712.88,24
2016-01-06 14:45:00,MAITRI,1.15,58.68,966.08,49.5,413.6,41.23,6.87,0.69,20118.43,28.86,4712.72,24
2016-01-06 14:50:00,MAITRI,1.24,59.26,965.77,49.5,406.38,41.67,6.94,0.35,20116.0,29.17,4712.55,24
2016-01-06 14:55:00,MAITRI,1.17,59.45,966.04,49.51,402.52,40.07,6.68,0.0,20113.66,28.05,4712.37,25
2016-01-06 15:00:00,MAITRI,0.84,58.6,966.2,50.15,377.41,38.16,6.36,0.0,20111.43,26.71,4712.2,25
2016-01-06 15:05:00,MAITRI,1.2,60.06,966.58,49.16,371.01,43.09,7.18,0.0,20108.92,30.16,4712.03,24
2016-01-06 15:10:00,MAITRI,1.32,60.0,966.69,47.62,365.11,42.66,7.11,0.0,20106.43,29.87,4711.86,25
2016-01-06 15:15:00,MAITRI,1.28,60.37,967.03,47.08,346.69,45.43,7.57,0.0,20103.78,31.8,4711.69,25
2016-01-06 15:20:00,MAITRI,1.1,60.64,967.15,46.09,339.18,42.72,7.12,0.0,20101.29,29.91,4711.51,25
2016-01-06 15:25:00,MAITRI,1.48,61.24,967.42,46.07,345.8,45.97,7.66,0.0,20098.61,32.18,4711.34,25
2016-01-06 15:30:00,MAITRI,1.19,61.6,966.94,48.36,323.04,42.33,7.06,0.0,20096.14,29.63,4711.17,25
2016-01-06 15:35:00,MAITRI,1.12,61.55,967.03,48.03,311.51,42.8,7.13,0.0,20093.64,29.96,4710.99,25
2016-01-06 15:40:00,MAITRI,1.03,61.69,965.98,48.51,321.64,46.63,7.77,0.0,20090.92,32.64,4710.81,26
2016-01-06 15:45:00,MAITRI,1.34,61.48,966.2,48.71,295.4,47.54,7.92,0.0,20088.15,33.28,4710.63,26
2016-01-06 15:50:00,MAITRI,1.12,58.42,966.59,49.18,293.98,47.35,7.89,0.0,20085.39,33.15,4710.45,26
2016-01-06 15:55:00,MAITRI,0.9,57.8,966.55,51.24,286.89,36.41,6.07,0.15,20083.26,25.49,4710.27,26
2016-01-06 16:00:00,MAITRI,0.97,58.86,966.8,51.18,250.74,34.45,5.74,0.27,20081.25,24.12,4710.08,27
2016-01-06 16:05:00,MAITRI,0.93,59.28,966.37,52.77,256.26,35.18,5.86,0.41,20079.2,24.62,4709.89,28
2016-01-06 16:10:00,MAITRI,1.0,59.77,966.4,52.53,248.72,35.61,5.93,0.54,20077.12,24.92,4709.69,28
2016-01-06 16:15:00,MAITRI,0.94,60.07,966.22,52.7,229.68,34.88,5.81,0.63,20075.09,24.42,4709.5,28
2016-01-06 16:20:00,MAITRI,1.07,60.43,966.31,51.83,225.12,34.42,5.74,0.72,20073.08,24.09,4709.31,27
2016-01-06 16:25:00,MAITRI,0.86,60.41,966.49,52.8,212.85,34.38,5.73,0.79,20071.08,24.06,4709.12,28
2016-01-06 16:30:00,MAITRI,0.91,58.92,965.98,53.58,190.04,36.72,6.12,0.87,20068.93,25.7,4708.92,28
2016-01-06 16:35:00,MAITRI,0.9,57.65,966.08,52.3,183.9,38.96,6.49,0.96,20066.66,27.27,4708.72,29
2016-01-06 16:40:00,MAITRI,0.81,58.15,965.97,53.53,165.99,37.84,6.31,1.03,20064.45,26.49,4708.52,29
2016-01-06 16:45:00,MAITRI,0.53,55.49,965.51,53.6,171.4,39.94,6.66,1.12,20062.12,27.96,4708.32,29
2016-01-06 16:50:00,MAITRI,0.69,56.75,965.75,52.37,154.36,40.45,6.74,1.2,20059.76,28.32,4708.12,28
2016-01-06 16:55:00,MAITRI,0.47,56.72,966.66,52.44,141.49,38.29,6.38,1.25,20057.53,26.8,4707.93,28
2016-01-06 17:00:00,MAITRI,-0.05,57.57,965.82,53.64,138.5,38.08,6.35,1.3,20055.31,26.66,4707.74,28
2016-01-06 17:05:00,MAITRI,0.18,57.71,966.11,53.77,116.54,41.7,6.95,1.36,20052.88,29.19,4707.54,28
2016-01-06 17:10:00,MAITRI,-0.43,57.97,965.37,54.82,119.49,42.53,7.09,1.42,20050.4,29.77,4707.35,27
2016-01-06 17:15:00,MAITRI,-0.54,58.28,965.38,55.9,112.46,38.78,6.46,1.45,20048.13,27.15,4707.17,27
2016-01-06 17:20:00,MAITRI,-0.27,59.38,964.95,55.16,85.4,38.84,6.47,1.45,20045.87,27.19,4706.98,27
2016-01-06 17:25:00,MAITRI,-0.12,60.16,965.73,53.62,83.45,42.46,7.08,1.49,20043.39,29.72,4706.79,27
2016-01-06 17:30:00,MAITRI,0.1,60.37,965.94,53.58,58.39,43.85,7.31,1.52,20040.83,30.69,4706.6,27
2016-01-06 17:35:00,MAITRI,-0.07,60.77,966.44,54.34,61.09,44.11,7.35,1.55,20038.26,30.87,4706.42,26
2016-01-06 17:40:00,MAITRI,-0.08,60.05,966.67,56.23,43.15,42.41,7.07,1.56,20035.79,29.69,4706.24,27
2016-01-06 17:45:00,MAITRI,0.33,60.74,966.29,56.43,28.32,44.29,7.38,1.57,20033.2,31.0,4706.05,27
2016-01-06 17:50:00,MAITRI,0.57,60.91,967.01,56.49,9.29,44.07,7.34,1.58,20030.63,30.85,4705.87,26
2016-01-06 17:55:00,MAITRI,0.64,60.88,966.92,56.05,26.81,44.88,7.48,1.59,20028.01,31.42,4705.68,27
2016-01-06 18:00:00,MAITRI,0.58,60.77,966.68,55.47,0.0,45.69,7.62,1.59,20025.35,31.99,4705.49,27
2016-01-06 18:05:00,MAITRI,0.34,61.22,967.4,54.05,2.61,46.44,7.74,1.59,20022.64,32.51,4705.3,28
2016-01-06 18:10:00,MAITRI,0.36,61.45,966.5,54.84,3.47,75.86,12.64,1.59,20018.21,53.1,4705.1,28
2016-01-06 18:15:00,MAITRI,0.77,61.4,966.56,54.95,4.74,71.94,11.99,1.59,20014.02,50.36,4704.91,28
2016-01-06 18:20:00,MAITRI,0.55,61.15,966.46,56.27,0.0,71.78,11.96,1.59,20009.83,50.25,4704.72,27
2016-01-06 18:25:00,MAITRI,0.76,60.83,966.51,55.02,0.0,71.46,11.91,1.59,20005.66,50.02,4704.53,27
2016-01-06 18:30:00,MAITRI,0.63,60.87,966.67,56.17,0.0,74.32,12.39,1.59,20001.33,52.02,4704.34,28
2016-01-06 18:35:00,MAITRI,0.6,61.37,965.86,56.73,0.0,70.66,11.78,1.59,19997.2,49.46,4704.15,28
2016-01-06 18:40:00,MAITRI,0.49,61.64,965.71,57.0,0.0,76.21,12.7,1.59,19992.76,53.35,4703.95,28
2016-01-06 18:45:00,MAITRI,0.49,61.72,965.87,55.95,0.0,70.02,11.67,1.59,19988.67,49.01,4703.76,28
2016-01-06 18:50:00,MAITRI,0.52,61.21,966.59,55.97,6.86,46.8,7.8,1.6,19985.94,32.76,4703.57,27
2016-01-06 18:55:00,MAITRI,0.46,61.36,966.87,55.73,8.14,45.36,7.56,1.6,19983.3,31.75,4703.37,28
2016-01-06 19:00:00,MAITRI,0.56,61.25,966.63,55.66,5.46,47.54,7.92,1.61,19980.53,33.28,4703.18,28
2016-01-06 19:05:00,MAITRI,0.41,62.03,966.82,56.28,2.69,46.37,7.73,1.61,19977.82,32.46,4702.99,27
2016-01-06 19:10:00,MAITRI,0.22,62.41,966.65,56.63,0.0,46.67,7.78,1.61,19975.1,32.67,4702.81,27
2016-01-06 19:15:00,MAITRI,0.25,61.99,966.63,56.17,1.15,43.8,7.3,1.59,19972.54,30.66,4702.62,26
2016-01-06 19:20:00,MAITRI,0.28,62.18,966.55,56.0,4.88,44.47,7.41,1.59,19969.95,31.13,4702.44,26
2016-01-06 19:25:00,MAITRI,0.05,62.51,967.09,57.12,0.0,46.78,7.8,1.59,19967.22,32.74,4702.26,27
2016-01-06 19:30:00,MAITRI,-0.05,62.39,967.49,55.18,6.87,44.49,7.42,1.59,19964.62,31.14,4702.07,27
2016-01-06 19:35:00,MAITRI,0.02,62.69,967.24,55.42,0.0,43.96,7.33,1.56,19962.06,30.77,4701.88,27
2016-01-06 19:40:00,MAITRI,-0.14,63.1,967.37,57.41,0.0,45.24,7.54,1.56,19959.42,31.67,4701.69,27
2016-01-06 19:45:00,MAITRI,-0.29,62.7,967.38,57.66,5.42,45.93,7.66,1.57,19956.74,32.15,4701.51,26
2016-01-06 19:50:00,MAITRI,-0.23,63.09,966.51,58.13,0.0,45.63,7.6,1.57,19954.08,31.94,4701.33,26
2016-01-06 19:55:00,MAITRI,-0.05,62.8,966.81,56.25,0.0,44.0,7.33,1.56,19951.51,30.8,4701.16,25
2016-01-06 20:00:00,MAITRI,0.03,62.41,967.15,56.8,0.0,44.33,7.39,1.56,19948.93,31.03,4700.99,25
2016-01-06 20:05:00,MAITRI,-0.08,62.62,966.17,56.53,5.8,42.41,7.07,1.52,19946.45,29.69,4700.81,26
2016-01-06 20:10:00,MAITRI,-0.03,62.21,966.14,55.75,5.44,43.01,7.17,1.5,19943.94,30.11,4700.63,25
2016-01-06 20:15:00,MAITRI,-0.09,62.75,966.14,54.94,6.97,45.01,7.5,1.51,19941.32,31.51,4700.46,25
2016-01-06 20:20:00,MAITRI,-0.25,62.58,966.15,55.23,6.73,43.67,7.28,1.51,19938.77,30.57,4700.29,24
2016-01-06 20:25:00,MAITRI,-0.56,62.84,965.94,56.93,0.0,42.98,7.16,1.5,19936.26,30.08,4700.13,23
2016-01-06 20:30:00,MAITRI,-0.63,63.09,966.2,58.16,0.0,43.29,7.22,1.5,19933.74,30.31,4699.99,21
2016-01-06 20:35:00,MAITRI,-0.57,62.77,965.09,57.86,1.54,45.62,7.6,1.5,19931.08,31.94,4699.83,22
2016-01-06 20:40:00,MAITRI,-0.57,62.87,965.21,57.08,3.57,44.4,7.4,1.5,19928.49,31.08,4699.67,23
2016-01-06 20:45:00,MAITRI,-0.6,62.1,965.36,59.09,0.0,42.93,7.15,1.49,19925.98,30.05,4699.51,24
2016-01-06 20:50:00,MAITRI,-0.82,62.08,965.48,60.3,16.79,43.4,7.23,1.49,19923.45,30.38,4699.34,24
2016-01-06 20:55:00,MAITRI,-0.92,62.22,966.3,60.87,0.0,44.13,7.36,1.49,19920.88,30.89,4699.17,25
2016-01-06 21:00:00,MAITRI,-1.12,62.15,966.12,60.85,0.0,43.84,7.31,1.47,19918.32,30.69,4698.99,26
2016-01-06 21:05:00,MAITRI,-1.2,62.45,964.84,60.66,6.63,42.57,7.1,1.44,19915.84,29.8,4698.81,26
2016-01-06 21:10:00,MAITRI,-1.06,62.27,964.69,59.91,12.08,44.23,7.37,1.45,19913.26,30.96,4698.63,25
2016-01-06 21:15:00,MAITRI,-1.11,62.87,964.88,58.92,6.37,45.44,7.57,1.45,19910.61,31.81,4698.45,26
2016-01-06 21:20:00,MAITRI,-1.01,63.5,964.86,57.83,1.22,44.5,7.42,1.45,19908.01,31.15,4698.27,26
2016-01-06 21:25:00,MAITRI,-1.0,63.1,965.47,58.1,0.0,42.94,7.16,1.42,19905.5,30.06,4698.1,25
2016-01-06 21:30:00,MAITRI,-1.23,60.06,965.47,59.94,0.0,44.99,7.5,1.42,19902.88,31.49,4697.92,25
2016-01-06 21:35:00,MAITRI,-1.17,60.19,965.4,60.11,0.0,44.16,7.36,1.42,19900.3,30.91,4697.75,25
2016-01-06 21:40:00,MAITRI,-1.46,60.4,965.52,60.82,0.0,44.53,7.42,1.42,19897.71,31.17,4697.58,24
2016-01-06 21:45:00,MAITRI,-1.02,56.37,965.58,59.95,0.0,44.51,7.42,1.42,19895.11,31.16,4697.42,24
2016-01-06 21:50:00,MAITRI,-0.96,57.37,966.12,58.0,0.0,44.45,7.41,1.42,19892.52,31.12,4697.25,24
2016-01-06 21:55:00,MAITRI,-0.87,58.21,966.21,57.18,0.0,45.01,7.5,1.42,19889.89,31.51,4697.08,24
2016-01-06 22:00:00,MAITRI,-1.06,58.95,966.15,57.29,0.0,42.3,7.05,1.4,19887.42,29.61,4696.92,23
2016-01-06 22:05:00,MAITRI,-1.29,58.78,965.76,60.28,0.0,43.33,7.22,1.4,19884.9,30.33,4696.76,23
2016-01-06 22:10:00,MAITRI,-1.47,58.91,965.36,62.45,9.72,42.38,7.06,1.4,19882.42,29.66,4696.6,23
2016-01-06 22:15:00,MAITRI,-1.75,59.16,965.98,63.16,10.91,41.45,6.91,1.38,19880.01,29.01,4696.44,24
2016-01-06 22:20:00,MAITRI,-1.77,59.97,966.28,63.19,0.0,42.97,7.16,1.37,19877.5,30.08,4696.28,23
2016-01-06 22:25:00,MAITRI,-1.56,60.0,966.07,61.86,1.29,43.29,7.22,1.37,19874.97,30.3,4696.12,23
2016-01-06 22:30:00,MAITRI,-1.59,60.23,966.21,60.3,12.21,41.77,6.96,1.36,19872.54,29.24,4695.96,23
2016-01-06 22:35:00,MAITRI,-1.37,60.58,966.54,58.96,0.0,43.51,7.25,1.35,19870.0,30.45,4695.79,24
2016-01-06 22:40:00,MAITRI,-1.23,60.83,967.04,57.46,0.0,42.98,7.16,1.34,19867.49,30.09,4695.62,24
2016-01-06 22:45:00,MAITRI,-1.44,61.43,967.09,56.98,5.05,43.29,7.22,1.34,19864.97,30.31,4695.46,24
2016-01-06 22:50:00,MAITRI,-1.22,61.61,967.84,57.51,0.0,43.89,7.31,1.34,19862.41,30.72,4695.29,24
2016-01-06 22:55:00,MAITRI,-1.13,62.05,968.29,57.21,2.8,43.53,7.25,1.33,19859.87,30.47,4695.12,24
2016-01-06 23:00:00,MAITRI,-1.25,62.01,968.24,56.14,6.42,43.77,7.29,1.34,19857.31,30.64,4694.96,24
2016-01-06 23:05:00,MAITRI,-1.29,62.11,967.84,56.76,21.13,43.14,7.19,1.35,19854.8,30.2,4694.79,24
2016-01-06 23:10:00,MAITRI,-1.22,61.89,968.58,55.33,5.23,44.39,7.4,1.35,19852.21,31.07,4694.62,24
2016-01-06 23:15:00,MAITRI,-1.25,61.88,968.34,54.12,2.71,45.79,7.63,1.35,19849.54,32.05,4694.46,24
2016-01-06 23:20:00,MAITRI,-1.51,61.62,968.12,55.63,0.0,43.43,7.24,1.34,19847.0,30.4,4694.29,24
2016-01-06 23:25:00,MAITRI,-1.43,62.19,968.39,55.49,0.0,42.35,7.06,1.31,19844.53,29.64,4694.12,25
2016-01-06 23:30:00,MAITRI,-1.43,62.08,967.91,54.95,16.29,43.95,7.33,1.31,19841.97,30.77,4693.95,24
2016-01-06 23:35:00,MAITRI,-1.67,62.37,967.49,58.0,0.0,44.57,7.43,1.31,19839.37,31.2,4693.79,23
2016-01-06 23:40:00,MAITRI,-2.16,62.77,967.21,58.92,2.94,43.87,7.31,1.32,19836.81,30.71,4693.63,23
2016-01-06 23:45:00,MAITRI,-1.8,63.32,966.82,57.74,0.0,44.18,7.36,1.32,19834.23,30.92,4693.47,23
2016-01-06 23:50:00,MAITRI,-1.6,63.67,967.49,56.46,4.84,42.18,7.03,1.3,19831.77,29.53,4693.31,23
2016-01-06 23:55:00,MAITRI,-1.6,63.6,967.34,55.59,0.0,44.43,7.4,1.3,19829.18,31.1,4693.15,23
2016-01-07 00:00:00,MAITRI,-1.56,63.71,967.67,57.63,5.02,44.54,7.42,1.3,19826.58,31.18,4692.99,24
2016-01-07 00:05:00,MAITRI,-1.45,63.76,967.37,56.06,0.0,44.46,7.41,1.3,19823.99,31.12,4692.82,24
2016-01-07 00:10:00,MAITRI,-1.42,63.4,967.76,55.0,0.0,45.17,7.53,1.3,19821.35,31.62,4692.66,23
2016-01-07 00:15:00,MAITRI,-1.74,63.4,967.7,57.14,9.48,42.34,7.06,1.29,19818.88,29.64,4692.5,23
2016-01-07 00:20:00,MAITRI,-1.92,63.24,967.73,57.72,1.45,44.74,7.46,1.29,19816.27,31.32,4692.34,23
2016-01-07 00:25:00,MAITRI,-2.18,62.54,967.84,59.73,1.03,44.18,7.36,1.29,19813.7,30.93,4692.17,24
2016-01-07 00:30:00,MAITRI,-2.41,62.4,968.39,59.56,0.0,43.13,7.19,1.27,19811.18,30.19,4692.01,24
2016-01-07 00:35:00,MAITRI,-2.51,63.04,968.92,59.69,0.0,42.28,7.05,1.25,19808.72,29.59,4691.85,23
2016-01-07 00:40:00,MAITRI,-2.52,63.18,968.3,58.72,0.0,44.2,7.37,1.25,19806.14,30.94,4691.69,23
2016-01-07 00:45:00,MAITRI,-2.7,63.11,967.67,60.55,0.0,43.06,7.18,1.24,19803.63,30.14,4691.53,23
2016-01-07 00:50:00,MAITRI,-2.71,63.06,967.21,63.05,3.38,43.12,7.19,1.24,19801.11,30.19,4691.37,23
2016-01-07 00:55:00,MAITRI,-2.62,63.18,967.67,62.95,21.77,42.22,7.04,1.24,19798.65,29.55,4691.21,23
2016-01-07 01:00:00,MAITRI,-2.77,63.37,966.96,65.32,4.07,41.91,6.98,1.21,19796.2,29.33,4691.05,23
2016-01-07 01:05:00,MAITRI,-2.88,63.72,966.9,63.21,4.91,43.02,7.17,1.21,19793.69,30.11,4690.89,23
2016-01-07 01:10:00,MAITRI,-2.74,63.79,966.51,62.69,12.28,44.28,7.38,1.21,19791.11,31.0,4690.73,23
2016-01-07 01:15:00,MAITRI,-3.01,63.6,965.98,64.02,0.0,43.01,7.17,1.2,19788.6,30.11,4690.57,23
2016-01-07 01:20:00,MAITRI,-2.72,63.36,965.56,63.68,0.53,43.84,7.31,1.2,19786.04,30.69,4690.41,23
2016-01-07 01:25:00,MAITRI,-2.92,63.65,965.25,61.87,4.08,44.0,7.33,1.21,19783.48,30.8,4690.26,22
2016-01-07 01:30:00,MAITRI,-3.04,63.43,964.71,62.05,8.7,40.71,6.78,1.17,19781.1,28.5,4690.1,22
2016-01-07 01:35:00,MAITRI,-3.21,63.83,964.6,62.44,6.59,42.95,7.16,1.17,19778.6,30.06,4689.95,22
2016-01-07 01:40:00,MAITRI,-3.51,63.94,965.04,61.07,8.81,46.05,7.67,1.18,19775.91,32.23,4689.79,23
2016-01-07 01:45:00,MAITRI,-3.54,63.84,965.49,63.06,0.0,43.79,7.3,1.18,19773.36,30.66,4689.63,23
2016-01-07 01:50:00,MAITRI,-3.36,63.21,965.96,61.41,0.09,40.66,6.78,1.13,19770.99,28.46,4689.47,23
2016-01-07 01:55:00,MAITRI,-3.36,63.38,965.35,61.95,15.24,42.33,7.06,1.12,19768.52,29.63,4689.31,23
2016-01-07 02:00:00,MAITRI,-3.35,62.84,965.6,59.58,0.0,41.93,6.99,1.09,19766.07,29.35,4689.15,23
2016-01-07 02:05:00,MAITRI,-3.56,62.51,965.72,57.8,8.44,43.21,7.2,1.09,19763.55,30.25,4688.99,24
2016-01-07 02:10:00,MAITRI,-3.69,62.88,965.96,60.08,0.0,43.75,7.29,1.08,19761.0,30.63,4688.82,24
2016-01-07 02:15:00,MAITRI,-3.35,62.11,966.11,59.94,2.56,44.82,7.47,1.09,19758.38,31.38,4688.65,24
2016-01-07 02:20:00,MAITRI,-2.88,61.96,965.98,57.98,0.0,45.56,7.59,1.09,19755.72,31.89,4688.49,23
2016-01-07 02:25:00,MAITRI,-2.88,61.88,966.31,56.75,0.51,44.58,7.43,1.09,19753.12,31.21,4688.33,23
2016-01-07 02:30:00,MAITRI,-3.06,62.19,966.33,55.44,0.0,43.82,7.3,1.08,19750.57,30.67,4688.17,24
2016-01-07 02:35:00,MAITRI,-3.27,62.21,966.95,57.94,3.36,43.51,7.25,1.07,19748.03,30.46,4687.99,25
2016-01-07 02:40:00,MAITRI,-3.23,62.1,966.95,56.61,7.16,43.82,7.3,1.07,19745.47,30.67,4687.82,25
2016-01-07 02:45:00,MAITRI,-3.32,62.09,967.46,55.59,0.0,45.13,7.52,1.07,19742.84,31.59,4687.65,25
2016-01-07 02:50:00,MAITRI,-3.52,62.35,967.27,58.82,9.78,43.6,7.27,1.08,19740.3,30.52,4687.48,24
2016-01-07 02:55:00,MAITRI,-3.63,62.3,967.04,57.3,13.02,43.97,7.33,1.09,19737.73,30.78,4687.31,24
2016-01-07 03:00:00,MAITRI,-3.38,62.39,967.02,56.71,0.0,41.57,6.93,1.04,19735.31,29.1,4687.15,24
2016-01-07 03:05:00,MAITRI,-3.66,62.25,967.5,59.42,7.21,45.18,7.53,1.05,19732.67,31.62,4686.98,24
2016-01-07 03:10:00,MAITRI,-3.31,61.97,967.32,57.57,1.66,43.37,7.23,1.04,19730.14,30.36,4686.81,24
2016-01-07 03:15:00,MAITRI,-2.92,61.74,967.08,58.77,0.0,41.4,6.9,1.0,19727.73,28.98,4686.65,23
2016-01-07 03:20:00,MAITRI,-2.9,61.28,966.34,58.39,0.0,43.45,7.24,1.0,19725.19,30.41,4686.49,23
2016-01-07 03:25:00,MAITRI,-3.17,61.09,966.97,60.88,6.9,44.56,7.43,1.0,19722.6,31.19,4686.33,24
2016-01-07 03:30:00,MAITRI,-3.1,61.47,966.88,58.97,0.0,42.63,7.11,0.98,19720.11,29.84,4686.16,24
2016-01-07 03:35:00,MAITRI,-3.07,62.21,966.44,58.81,7.78,44.57,7.43,0.99,19717.51,31.2,4686.0,23
2016-01-07 03:40:00,MAITRI,-2.92,62.25,967.49,56.88,0.0,46.36,7.73,0.99,19714.8,32.45,4685.83,24
2016-01-07 03:45:00,MAITRI,-2.89,61.81,966.63,56.94,0.0,46.4,7.73,0.99,19712.1,32.48,4685.67,24
2016-01-07 03:50:00,MAITRI,-2.87,61.7,966.73,55.57,1.16,42.55,7.09,0.96,19709.62,29.79,4685.5,24
2016-01-07 03:55:00,MAITRI,-2.9,61.62,966.27,54.11,10.16,43.66,7.28,0.97,19707.07,30.56,4685.33,24
2016-01-07 04:00:00,MAITRI,-3.19,61.15,966.65,56.49,0.0,46.23,7.7,0.97,19704.37,32.36,4685.16,25
2016-01-07 04:05:00,MAITRI,-3.47,61.65,965.97,58.21,12.06,42.47,7.08,0.97,19701.9,29.73,4685.0,23
2016-01-07 04:10:00,MAITRI,-3.61,61.69,966.57,59.35,14.77,43.03,7.17,0.97,19699.39,30.12,4684.84,23
2016-01-07 04:15:00,MAITRI,-3.57,61.6,966.97,60.16,0.09,41.91,6.99,0.95,19696.94,29.34,4684.68,23
2016-01-07 04:20:00,MAITRI,-3.64,57.91,966.68,63.19,0.0,44.48,7.41,0.95,19694.35,31.14,4684.51,24
2016-01-07 04:25:00,MAITRI,-3.44,58.63,966.78,61.86,0.0,41.21,6.87,0.9,19691.94,28.85,4684.35,24
2016-01-07 04:30:00,MAITRI,-3.23,58.98,966.59,61.66,15.04,43.3,7.22,0.91,19689.41,30.31,4684.18,24
2016-01-07 04:35:00,MAITRI,-3.21,59.62,966.38,62.63,0.0,41.99,7.0,0.88,19686.97,29.39,4684.01,24
2016-01-07 04:40:00,MAITRI,-3.4,59.09,966.11,60.14,0.0,42.51,7.08,0.86,19684.49,29.75,4683.85,24
2016-01-07 04:45:00,MAITRI,-3.28,59.6,965.81,58.97,0.0,56.03,9.34,0.03,19681.22,39.22,4683.68,24
2016-01-07 04:50:00,MAITRI,-3.14,60.38,965.74,58.37,10.59,61.2,10.2,0.0,19677.65,42.84,4683.52,23
2016-01-07 04:55:00,MAITRI,-3.07,60.76,966.44,56.42,0.0,53.5,8.92,0.0,19674.53,37.45,4683.36,23
2016-01-07 05:00:00,MAITRI,-3.25,61.3,966.43,58.27,0.0,59.22,9.87,0.0,19671.07,41.46,4683.19,24
2016-01-07 05:05:00,MAITRI,-3.2,61.9,966.93,56.73,9.16,60.05,10.01,0.0,19667.57,42.03,4683.03,24
2016-01-07 05:10:00,MAITRI,-2.99,61.39,967.11,55.45,1.36,60.8,10.13,0.0,19664.02,42.56,4682.86,24
2016-01-07 05:15:00,MAITRI,-2.86,61.55,967.5,54.32,7.36,56.24,9.37,0.0,19660.74,39.37,4682.69,24
2016-01-07 05:20:00,MAITRI,-2.64,61.9,967.64,53.87,0.0,55.04,9.17,0.0,19657.53,38.53,4682.53,23
2016-01-07 05:25:00,MAITRI,-2.36,62.03,967.96,52.65,0.0,57.76,9.63,0.0,19654.16,40.43,4682.37,23
2016-01-07 05:30:00,MAITRI,-2.15,62.04,967.81,51.17,13.52,57.0,9.5,0.0,19650.84,39.9,4682.22,22
2016-01-07 05:35:00,MAITRI,-2.05,61.86,968.1,50.99,0.0,56.84,9.47,0.0,19647.52,39.79,4682.07,22
2016-01-07 05:40:00,MAITRI,-1.91,62.3,968.03,54.1,0.0,60.3,10.05,0.0,19644.0,42.21,4681.92,22
2016-01-07 05:45:00,MAITRI,-2.15,62.42,967.59,57.45,0.0,56.23,9.37,0.0,19640.72,39.36,4681.76,22
2016-01-07 05:50:00,MAITRI,-2.41,62.08,967.3,58.08,0.46,55.08,9.18,0.0,19637.51,38.56,4681.6,24
2016-01-07 05:55:00,MAITRI,-2.95,61.84,967.51,60.3,0.0,55.72,9.29,0.0,19634.26,39.01,4681.44,23
2016-01-07 06:00:00,MAITRI,-2.72,61.79,967.93,59.7,19.26,59.96,9.99,0.0,19630.76,41.97,4681.28,23
2016-01-07 06:05:00,MAITRI,-2.27,61.42,967.96,57.33,8.19,52.94,8.82,0.0,19627.67,37.06,4681.12,22
2016-01-07 06:10:00,MAITRI,-2.12,61.24,967.54,55.41,30.35,54.31,9.05,0.0,19624.51,38.02,4680.97,22
2016-01-07 06:15:00,MAITRI,-2.11,61.13,967.48,54.15,33.45,54.46,9.08,0.0,19621.33,38.12,4680.82,22
2016-01-07 06:20:00,MAITRI,-1.73,62.0,967.73,55.76,48.78,50.42,8.4,0.0,19618.39,35.3,4680.66,23
2016-01-07 06:25:00,MAITRI,-1.96,62.32,967.2,53.94,62.8,59.9,9.98,0.0,19614.89,41.93,4680.49,24
2016-01-07 06:30:00,MAITRI,-1.72,62.24,967.12,52.25,76.14,39.35,6.56,0.02,19612.6,27.54,4680.33,23
2016-01-07 06:35:00,MAITRI,-2.28,62.03,967.34,54.96,82.09,39.03,6.51,0.05,19610.32,27.32,4680.18,22
2016-01-07 06:40:00,MAITRI,-2.4,61.98,967.29,58.06,98.69,38.1,6.35,0.08,19608.1,26.67,4680.03,22
2016-01-07 06:45:00,MAITRI,-2.56,62.03,967.6,58.56,97.1,39.65,6.61,0.13,19605.79,27.76,4679.87,22
2016-01-07 06:50:00,MAITRI,-2.73,62.43,967.06,61.39,104.47,39.81,6.63,0.19,19603.46,27.86,4679.72,22
2016-01-07 06:55:00,MAITRI,-2.63,62.55,967.11,59.41,113.17,40.4,6.73,0.25,19601.11,28.28,4679.56,23
2016-01-07 07:00:00,MAITRI,-2.38,62.68,967.38,58.12,116.48,40.01,6.67,0.31,19598.77,28.01,4679.4,23
2016-01-07 07:05:00,MAITRI,-2.07,62.79,967.92,60.03,8.2,42.19,7.03,0.3,19596.31,29.54,4679.25,22
2016-01-07 07:10:00,MAITRI,-1.97,62.79,967.84,58.31,32.26,42.16,7.03,0.32,19593.85,29.51,4679.1,21
2016-01-07 07:15:00,MAITRI,-1.92,62.39,967.98,57.15,32.66,42.35,7.06,0.33,19591.38,29.64,4678.95,22
2016-01-07 07:20:00,MAITRI,-2.0,62.33,967.43,56.79,6.66,43.33,7.22,0.34,19588.86,30.33,4678.8,22
2016-01-07 07:25:00,MAITRI,-2.15,61.38,967.82,57.85,18.28,43.85,7.31,0.35,19586.3,30.69,4678.65,22
2016-01-07 07:30:00,MAITRI,-1.96,60.95,967.77,59.78,25.82,42.89,7.15,0.36,19583.8,30.02,4678.49,23
2016-01-07 07:35:00,MAITRI,-2.5,59.46,966.56,60.66,31.62,40.12,6.69,0.34,19581.46,28.09,4678.33,23
2016-01-07 07:40:00,MAITRI,-2.89,58.14,965.29,61.35,22.94,42.02,7.0,0.35,19579.0,29.42,4678.16,24
2016-01-07 07:45:00,MAITRI,-2.81,58.61,965.39,61.28,31.24,42.95,7.16,0.36,19576.5,30.07,4677.99,24
2016-01-07 07:50:00,MAITRI,-2.61,59.45,965.63,59.33,39.34,42.36,7.06,0.38,19574.03,29.65,4677.83,24
2016-01-07 07:55:00,MAITRI,-2.51,57.24,964.88,58.55,228.53,35.02,5.84,0.5,19571.99,24.51,4677.65,25
2016-01-07 08:00:00,MAITRI,-2.49,57.38,964.66,60.02,247.68,35.24,5.87,0.63,19569.93,24.67,4677.47,26
2016-01-07 08:05:00,MAITRI,-2.16,57.71,965.08,61.58,260.22,30.27,5.05,0.71,19568.16,21.19,4677.3,25
2016-01-07 08:10:00,MAITRI,-1.95,58.65,965.18,60.54,273.13,34.23,5.7,0.85,19566.17,23.96,4677.12,26
2016-01-07 08:15:00,MAITRI,-2.02,57.46,965.48,61.24,275.12,31.98,5.33,0.96,19564.3,22.39,4676.93,27
2016-01-07 08:20:00,MAITRI,-2.42,56.88,964.35,61.94,290.02,31.84,5.31,1.1,19562.44,22.29,4676.75,26
2016-01-07 08:25:00,MAITRI,-2.14,57.15,964.22,59.69,307.53,30.2,5.03,1.23,19560.68,21.14,4676.57,26
2016-01-07 08:30:00,MAITRI,-1.85,57.25,964.61,61.1,307.81,29.93,4.99,1.35,19558.94,20.95,4676.39,26
2016-01-07 08:35:00,MAITRI,-1.45,57.7,964.91,58.4,342.31,31.39,5.23,1.53,19557.11,21.97,4676.21,26
2016-01-07 08:40:00,MAITRI,-1.34,58.46,964.99,57.61,329.06,33.05,5.51,1.7,19555.18,23.13,4676.01,28
2016-01-07 08:45:00,MAITRI,-1.37,59.08,965.88,55.58,349.37,29.96,4.99,1.86,19553.43,20.97,4675.82,28
2016-01-07 08:50:00,MAITRI,-1.22,59.23,965.37,55.12,359.91,28.66,4.78,2.02,19551.76,20.06,4675.64,26
2016-01-07 08:55:00,MAITRI,-1.07,59.91,965.33,54.39,354.78,28.46,4.74,2.17,19550.1,19.92,4675.46,26
2016-01-07 09:00:00,MAITRI,-0.87,60.21,965.13,54.27,364.33,29.63,4.94,2.36,19548.37,20.74,4675.28,25
2016-01-07 09:05:00,MAITRI,-0.66,59.73,964.98,52.42,382.05,28.12,4.69,2.54,19546.73,19.68,4675.1,26
2016-01-07 09:10:00,MAITRI,-0.58,60.54,965.76,50.86,396.79,28.88,4.81,2.74,19545.04,20.22,4674.92,27
2016-01-07 09:15:00,MAITRI,-0.48,60.45,965.4,51.37,403.21,28.9,4.82,2.95,19543.36,20.23,4674.73,27
2016-01-07 09:20:00,MAITRI,-0.21,60.09,965.48,49.77,409.43,29.0,4.83,3.17,19541.67,20.3,4674.54,27
2016-01-07 09:25:00,MAITRI,-0.18,60.4,965.06,49.89,417.53,27.11,4.52,3.37,19540.09,18.97,4674.36,26
2016-01-07 09:30:00,MAITRI,-0.32,60.53,965.07,51.45,430.35,27.75,4.63,3.59,19538.47,19.43,4674.18,26
2016-01-07 09:35:00,MAITRI,-0.92,60.59,965.59,53.41,418.78,27.37,4.56,3.8,19536.87,19.16,4674.0,26
2016-01-07 09:40:00,MAITRI,-0.73,60.69,965.98,53.58,435.72,26.76,4.46,4.02,19535.31,18.73,4673.82,26
2016-01-07 09:45:00,MAITRI,-0.61,61.06,965.55,53.65,435.61,26.64,4.44,4.23,19533.76,18.65,4673.63,27
2016-01-07 09:50:00,MAITRI,-0.44,60.4,965.48,51.45,439.06,27.24,4.54,4.46,19532.17,19.07,4673.44,27
2016-01-07 09:55:00,MAITRI,-0.51,61.27,966.01,53.67,474.49,26.53,4.42,4.7,19530.62,18.57,4673.26,27
2016-01-07 10:00:00,MAITRI,-0.7,61.41,965.93,53.86,454.65,27.38,4.56,4.94,19529.02,19.17,4673.08,26
2016-01-07 10:05:00,MAITRI,-0.75,61.29,966.07,54.32,453.05,27.63,4.6,5.18,19527.41,19.34,4672.9,26
2016-01-07 10:10:00,MAITRI,-0.54,61.81,965.48,53.49,466.52,26.48,4.41,5.42,19525.87,18.53,4672.71,27
2016-01-07 10:15:00,MAITRI,-0.47,61.91,965.72,52.25,470.76,25.17,4.2,5.64,19524.4,17.62,4672.52,27
2016-01-07 10:20:00,MAITRI,-0.35,58.95,965.61,50.51,470.82,25.94,4.32,5.89,19522.88,18.16,4672.34,26
2016-01-07 10:25:00,MAITRI,-0.15,59.96,966.02,49.24,493.28,23.42,3.9,6.12,19521.52,16.4,4672.16,26
2016-01-07 10:30:00,MAITRI,-0.12,60.16,965.68,47.79,498.29,24.98,4.16,6.38,19520.06,17.49,4671.99,25
2016-01-07 10:35:00,MAITRI,0.11,60.38,966.12,47.44,496.96,25.5,4.25,6.64,19518.57,17.85,4671.81,26
2016-01-07 10:40:00,MAITRI,0.03,61.28,965.7,47.64,517.74,25.85,4.31,6.91,19517.07,18.09,4671.62,26
2016-01-07 10:45:00,MAITRI,0.18,61.72,965.64,47.13,513.45,24.59,4.1,7.18,19515.63,17.21,4671.44,26
2016-01-07 10:50:00,MAITRI,0.23,62.13,965.22,45.92,523.74,23.9,3.98,7.45,19514.24,16.73,4671.26,26
2016-01-07 10:55:00,MAITRI,0.46,61.97,965.6,45.11,510.86,22.6,3.77,7.69,19512.92,15.82,4671.08,26
2016-01-07 11:00:00,MAITRI,0.77,62.35,965.47,44.54,535.74,23.63,3.94,7.97,19511.54,16.54,4670.91,25
2016-01-07 11:05:00,MAITRI,1.16,62.3,966.23,43.93,529.48,25.37,4.23,8.24,19510.06,17.76,4670.73,26
2016-01-07 11:10:00,MAITRI,0.74,62.31,965.34,46.23,536.02,23.22,3.87,8.51,19508.71,16.26,4670.54,27
2016-01-07 11:15:00,MAITRI,0.74,62.56,965.6,45.53,525.81,25.25,4.21,8.79,19507.23,17.68,4670.35,27
2016-01-07 11:20:00,MAITRI,0.37,62.55,965.57,47.29,524.86,24.09,4.01,9.06,19505.83,16.86,4670.17,27
2016-01-07 11:25:00,MAITRI,0.47,60.81,965.77,46.63,532.88,23.34,3.89,9.32,19504.47,16.34,4669.97,28
2016-01-07 11:30:00,MAITRI,0.7,60.48,965.5,45.78,528.32,23.75,3.96,9.58,19503.08,16.62,4669.77,29
2016-01-07 11:35:00,MAITRI,0.72,60.4,965.46,45.62,519.59,26.85,4.48,9.85,19501.51,18.8,4669.56,30
2016-01-07 11:40:00,MAITRI,0.92,60.44,965.41,44.91,541.3,24.64,4.11,10.13,19500.08,17.25,4669.35,30
2016-01-07 11:45:00,MAITRI,0.78,60.72,965.27,45.56,534.92,24.53,4.09,10.41,19498.65,17.17,4669.15,29
2016-01-07 11:50:00,MAITRI,0.79,61.46,965.66,44.71,535.41,23.14,3.86,10.66,19497.3,16.2,4668.95,29
2016-01-07 11:55:00,MAITRI,0.94,62.14,965.65,44.18,535.35,23.59,3.93,10.91,19495.92,16.51,4668.74,30
2016-01-07 12:00:00,MAITRI,1.02,62.6,965.52,44.78,546.52,22.93,3.82,11.18,19494.58,16.05,4668.54,29
2016-01-07 12:05:00,MAITRI,0.94,62.69,965.35,43.97,535.0,25.82,4.3,11.45,19493.08,18.08,4668.34,29
2016-01-07 12:10:00,MAITRI,0.85,63.05,965.69,44.5,536.52,23.13,3.85,11.71,19491.73,16.19,4668.15,28
2016-01-07 12:15:00,MAITRI,1.1,59.25,965.53,44.05,539.85,24.63,4.11,12.0,19490.29,17.24,4667.96,27
2016-01-07 12:20:00,MAITRI,0.85,59.72,965.12,45.96,539.36,24.84,4.14,12.28,19488.84,17.39,4667.78,26
2016-01-07 12:25:00,MAITRI,1.0,60.36,964.82,46.81,526.7,21.91,3.65,12.51,19487.56,15.34,4667.59,27
2016-01-07 12:30:00,MAITRI,1.14,60.85,964.84,45.84,540.3,22.6,3.77,12.78,19486.24,15.82,4667.4,27
2016-01-07 12:35:00,MAITRI,1.08,61.04,965.52,45.54,533.79,25.36,4.23,13.06,19484.77,17.75,4667.22,27
2016-01-07 12:40:00,MAITRI,1.18,60.75,965.68,45.41,531.87,23.34,3.89,13.33,19483.4,16.34,4667.03,27
2016-01-07 12:45:00,MAITRI,1.04,60.96,965.24,46.99,531.77,25.42,4.24,13.61,19481.92,17.79,4666.83,28
2016-01-07 12:50:00,MAITRI,0.83,60.53,965.1,48.09,520.69,21.56,3.59,13.83,19480.66,15.09,4666.65,27
2016-01-07 12:55:00,MAITRI,0.99,61.37,966.14,47.38,529.15,22.87,3.81,14.09,19479.33,16.01,4666.47,26
2016-01-07 13:00:00,MAITRI,1.23,61.24,966.84,47.64,510.93,24.44,4.07,14.36,19477.9,17.11,4666.28,26
2016-01-07 13:05:00,MAITRI,1.35,58.14,967.04,46.48,528.78,23.03,3.84,14.63,19476.56,16.12,4666.1,26
2016-01-07 13:10:00,MAITRI,1.29,58.53,966.72,46.82,515.97,22.78,3.8,14.88,19475.23,15.95,4665.92,26
2016-01-07 13:15:00,MAITRI,1.26,58.86,966.48,46.79,526.86,25.53,4.25,15.16,19473.74,17.87,4665.74,27
2016-01-07 13:20:00,MAITRI,1.19,59.22,966.17,47.37,500.31,26.05,4.34,15.42,19472.22,18.24,4665.55,27
2016-01-07 13:25:00,MAITRI,1.04,55.23,966.18,49.79,502.44,25.69,4.28,15.68,19470.72,17.98,4665.36,27
2016-01-07 13:30:00,MAITRI,0.96,55.81,965.55,49.9,484.52,27.03,4.51,15.93,19469.15,18.92,4665.17,28
2016-01-07 13:35:00,MAITRI,1.07,57.05,966.75,48.53,484.2,23.71,3.95,16.15,19467.76,16.6,4664.97,28
2016-01-07 13:40:00,MAITRI,1.29,55.61,967.23,47.3,489.16,25.71,4.29,16.4,19466.26,18.0,4664.78,28
2016-01-07 13:45:00,MAITRI,1.24,56.41,967.21,47.44,479.07,24.9,4.15,16.64,19464.81,17.43,4664.58,28
2016-01-07 13:50:00,MAITRI,1.26,57.21,967.22,46.37,483.11,25.53,4.25,16.88,19463.32,17.87,4664.39,28
2016-01-07 13:55:00,MAITRI,1.15,57.57,967.0,47.37,469.57,25.73,4.29,17.12,19461.82,18.01,4664.19,28
2016-01-07 14:00:00,MAITRI,1.31,58.33,967.24,46.37,474.0,25.49,4.25,17.35,19460.33,17.84,4664.0,28
2016-01-07 14:05:00,MAITRI,1.34,59.21,967.15,46.37,455.68,27.52,4.59,17.59,19458.73,19.27,4663.81,27
2016-01-07 14:10:00,MAITRI,1.36,59.55,967.22,45.38,455.49,27.42,4.57,17.82,19457.13,19.2,4663.62,28
2016-01-07 14:15:00,MAITRI,1.54,59.18,967.53,46.29,444.38,26.44,4.41,18.04,19455.59,18.51,4663.43,27
2016-01-07 14:20:00,MAITRI,1.78,59.33,966.94,46.62,444.65,27.72,4.62,18.28,19453.97,19.4,4663.24,27
2016-01-07 14:25:00,MAITRI,1.74,59.07,966.82,45.69,434.69,27.69,4.61,18.5,19452.36,19.38,4663.06,27
2016-01-07 14:30:00,MAITRI,1.86,58.94,966.77,45.36,422.3,27.42,4.57,18.7,19450.76,19.19,4662.86,28
2016-01-07 14:35:00,MAITRI,1.78,58.32,966.87,45.33,423.89,29.25,4.87,18.93,19449.05,20.47,4662.67,28
2016-01-07 14:40:00,MAITRI,1.7,58.79,966.81,47.88,421.59,26.79,4.46,19.12,19447.49,18.75,4662.48,27
2016-01-07 14:45:00,MAITRI,1.79,58.55,967.11,47.66,392.63,27.87,4.64,19.31,19445.86,19.51,4662.29,27
2016-01-07 14:50:00,MAITRI,1.93,58.1,967.89,48.49,390.33,27.2,4.53,19.47,19444.27,19.04,4662.1,27
2016-01-07 14:55:00,MAITRI,1.84,57.6,968.01,47.77,385.94,30.26,5.04,19.67,19442.51,21.18,4661.92,27
2016-01-07 15:00:00,MAITRI,1.53,56.09,967.56,48.69,375.96,31.89,5.32,19.87,19440.65,22.32,4661.73,27
2016-01-07 15:05:00,MAITRI,1.29,56.97,967.56,50.93,380.24,28.47,4.74,20.05,19438.99,19.93,4661.54,27
2016-01-07 15:10:00,MAITRI,1.19,56.99,967.75,49.96,364.88,27.92,4.65,20.2,19437.36,19.54,4661.35,27
2016-01-07 15:15:00,MAITRI,0.98,56.86,967.37,51.32,343.02,32.81,5.47,20.38,19435.45,22.97,4661.17,27
2016-01-07 15:20:00,MAITRI,1.29,57.46,967.66,50.49,334.78,33.28,5.55,20.55,19433.5,23.3,4660.98,27
2016-01-07 15:25:00,MAITRI,1.58,58.36,967.97,49.77,323.98,30.25,5.04,20.69,19431.74,21.17,4660.79,27
2016-01-07 15:30:00,MAITRI,1.46,58.65,967.02,50.51,316.23,29.53,4.92,20.8,19430.02,20.67,4660.6,28
2016-01-07 15:35:00,MAITRI,1.42,58.78,966.05,51.29,299.8,33.18,5.53,20.96,19428.08,23.23,4660.4,28
2016-01-07 15:40:00,MAITRI,1.47,58.76,965.97,50.11,306.81,33.19,5.53,21.12,19426.15,23.23,4660.22,27
2016-01-07 15:45:00,MAITRI,1.27,59.65,965.82,51.44,289.61,32.81,5.47,21.27,19424.23,22.97,4660.03,26
2016-01-07 15:50:00,MAITRI,1.0,60.8,965.99,53.42,283.2,32.45,5.41,21.39,19422.34,22.71,4659.85,27
2016-01-07 15:55:00,MAITRI,0.79,61.32,965.9,54.33,277.22,34.8,5.8,21.54,19420.31,24.36,4659.65,28
2016-01-07 16:00:00,MAITRI,0.84,61.57,966.52,54.39,256.37,33.25,5.54,21.63,19418.37,23.28,4659.46,28
2016-01-07 16:05:00,MAITRI,0.91,61.28,966.27,54.48,249.14,37.23,6.21,21.76,19416.2,26.06,4659.26,28
2016-01-07 16:10:00,MAITRI,0.45,62.19,965.92,55.08,251.44,35.79,5.97,21.89,19414.11,25.06,4659.07,28
2016-01-07 16:15:00,MAITRI,0.33,60.48,965.35,53.5,234.76,35.67,5.94,22.01,19412.03,24.97,4658.87,28
2016-01-07 16:20:00,MAITRI,0.3,59.28,965.51,52.23,225.69,36.34,6.06,22.13,19409.91,25.44,4658.68,28
2016-01-07 16:25:00,MAITRI,0.45,59.69,966.37,52.55,214.13,37.75,6.29,22.24,19407.71,26.42,4658.49,27
2016-01-07 16:30:00,MAITRI,0.31,58.45,965.76,51.15,224.09,33.82,5.64,22.33,19405.73,23.68,4658.31,26
2016-01-07 16:35:00,MAITRI,0.23,58.25,966.02,52.13,197.84,37.34,6.22,22.43,19403.56,26.14,4658.14,25
2016-01-07 16:40:00,MAITRI,0.18,58.63,965.09,53.25,175.43,35.52,5.92,22.49,19401.48,24.86,4657.97,25
2016-01-07 16:45:00,MAITRI,0.18,59.46,965.06,54.21,157.53,38.81,6.47,22.58,19399.22,27.16,4657.78,27
2016-01-07 16:50:00,MAITRI,0.09,59.76,965.29,52.51,154.9,38.37,6.39,22.65,19396.98,26.86,4657.59,27
2016-01-07 16:55:00,MAITRI,0.36,59.51,965.41,51.26,153.21,37.29,6.22,22.69,19394.81,26.11,4657.4,28
2016-01-07 17:00:00,MAITRI,0.35,60.42,965.57,49.77,127.95,42.42,7.07,22.76,19392.33,29.7,4657.21,27
2016-01-07 17:05:00,MAITRI,0.53,60.64,965.6,49.72,131.56,37.61,6.27,22.8,19390.14,26.33,4657.03,26
2016-01-07 17:10:00,MAITRI,0.46,61.04,965.68,49.96,108.81,40.9,6.82,22.86,19387.75,28.63,4656.84,27
2016-01-07 17:15:00,MAITRI,0.65,61.09,966.31,50.58,101.71,41.48,6.91,22.91,19385.33,29.04,4656.65,28
2016-01-07 17:20:00,MAITRI,0.34,61.74,967.07,51.45,79.59,42.85,7.14,22.95,19382.83,29.99,4656.45,28
2016-01-07 17:25:00,MAITRI,0.13,62.02,966.97,53.18,73.01,41.71,6.95,22.97,19380.4,29.2,4656.26,28
2016-01-07 17:30:00,MAITRI,0.37,62.37,966.82,52.91,62.79,43.45,7.24,23.0,19377.87,30.42,4656.06,28
2016-01-07 17:35:00,MAITRI,0.61,61.97,966.85,51.38,60.93,45.22,7.54,23.03,19375.23,31.65,4655.87,28
2016-01-07 17:40:00,MAITRI,0.45,62.11,966.79,51.87,32.8,41.62,6.94,23.01,19372.8,29.14,4655.68,27
2016-01-07 17:45:00,MAITRI,0.33,62.46,966.29,51.25,26.38,44.1,7.35,23.02,19370.23,30.87,4655.49,28
2016-01-07 17:50:00,MAITRI,0.25,62.64,966.3,51.76,43.28,43.93,7.32,23.04,19367.66,30.75,4655.29,28
2016-01-07 17:55:00,MAITRI,0.27,62.67,966.45,53.56,10.17,45.7,7.62,23.04,19365.0,31.99,4655.1,28
2016-01-07 18:00:00,MAITRI,0.36,62.08,966.34,53.46,0.0,44.73,7.46,23.02,19362.39,31.31,4654.9,29
2016-01-07 18:05:00,MAITRI,0.48,62.11,966.19,54.16,3.16,45.28,7.55,23.01,19359.75,31.69,4654.69,29
2016-01-07 18:10:00,MAITRI,0.52,62.63,965.3,54.63,19.37,44.66,7.44,23.0,19357.14,31.26,4654.49,30
2016-01-07 18:15:00,MAITRI,0.44,62.44,965.72,56.33,11.8,45.48,7.58,23.01,19354.49,31.84,4654.28,29
2016-01-07 18:20:00,MAITRI,0.08,61.8,965.92,58.36,3.97,42.69,7.11,22.96,19352.0,29.88,4654.09,28
2016-01-07 18:25:00,MAITRI,0.18,61.72,966.5,57.4,0.0,45.73,7.62,22.96,19349.33,32.01,4653.9,28
2016-01-07 18:30:00,MAITRI,0.39,61.18,966.32,56.77,9.33,43.79,7.3,22.95,19346.78,30.65,4653.71,27
2016-01-07 18:35:00,MAITRI,0.34,61.2,966.26,57.38,0.0,45.03,7.5,22.94,19339.8,83.78,4653.51,28
2016-01-07 18:40:00,MAITRI,0.15,61.56,965.8,58.21,17.31,45.36,7.56,22.95,19332.79,84.03,4653.31,29
2016-01-07 18:45:00,MAITRI,0.12,61.7,965.79,58.46,7.69,44.47,7.41,22.93,19326.5,75.56,4653.11,29
2016-01-07 18:50:00,MAITRI,-0.3,61.69,965.94,60.24,0.0,45.2,7.53,22.91,19319.31,86.21,4652.91,29
2016-01-07 18:55:00,MAITRI,-0.19,61.69,966.21,61.61,0.0,46.29,7.72,22.91,19314.37,59.34,4652.71,29
2016-01-07 19:00:00,MAITRI,0.01,61.48,966.03,62.07,0.0,46.73,7.79,22.91,19309.02,64.17,4652.5,30
2016-01-07 19:05:00,MAITRI,-0.1,61.93,966.79,62.38,0.0,46.4,7.73,22.91,19304.05,59.68,4652.3,29
2016-01-07 19:10:00,MAITRI,-0.23,61.42,966.67,61.21,7.51,44.5,7.42,22.9,19297.46,79.07,4652.1,28
2016-01-07 19:15:00,MAITRI,-0.3,61.21,966.55,61.37,10.13,44.63,7.44,22.9,19292.47,59.83,4651.91,28
2016-01-07 19:20:00,MAITRI,-0.65,60.91,967.05,62.97,0.0,46.42,7.74,22.9,19285.74,80.78,4651.71,29
2016-01-07 19:25:00,MAITRI,-0.47,61.49,966.91,61.69,14.47,43.04,7.17,22.87,19280.68,60.76,4651.51,28
2016-01-07 19:30:00,MAITRI,-0.29,61.19,966.75,60.33,0.0,46.26,7.71,22.87,19274.27,76.9,4651.32,28
2016-01-07 19:35:00,MAITRI,-0.4,61.09,966.53,60.37,0.13,46.83,7.81,22.87,19266.93,88.05,4651.12,28
2016-01-07 19:40:00,MAITRI,-0.26,59.01,966.68,59.98,0.0,44.51,7.42,22.87,19261.48,65.46,4650.94,27
2016-01-07 19:45:00,MAITRI,-0.5,59.18,967.41,60.69,0.0,44.72,7.45,22.86,19255.31,73.99,4650.75,27
2016-01-07 19:50:00,MAITRI,-0.26,59.48,967.01,59.78,0.0,43.96,7.33,22.85,19250.62,56.26,4650.56,27
2016-01-07 19:55:00,MAITRI,-0.29,59.41,967.02,60.1,0.0,43.22,7.2,22.81,19245.56,60.79,4650.37,27
2016-01-07 20:00:00,MAITRI,-0.64,59.42,966.4,61.02,0.0,44.85,7.48,22.81,19239.7,70.26,4650.19,26
2016-01-07 20:05:00,MAITRI,-0.67,59.98,966.31,60.04,3.26,43.07,7.18,22.81,19237.19,30.15,4650.03,24
2016-01-07 20:10:00,MAITRI,-0.68,59.05,966.84,58.77,0.0,43.19,7.2,22.8,19234.67,30.23,4649.86,24
2016-01-07 20:15:00,MAITRI,-0.91,59.66,966.29,61.02,18.52,42.66,7.11,22.8,19232.18,29.86,4649.69,24
2016-01-07 20:20:00,MAITRI,-0.97,59.72,965.95,63.05,25.73,43.23,7.2,22.82,19229.66,30.26,4649.53,24
2016-01-07 20:25:00,MAITRI,-0.77,60.07,966.5,61.68,6.62,42.67,7.11,22.81,19227.17,29.87,4649.36,24
2016-01-07 20:30:00,MAITRI,-0.66,61.07,966.3,60.43,11.7,42.62,7.1,22.81,19224.69,29.83,4649.2,23
2016-01-07 20:35:00,MAITRI,-0.67,60.99,966.25,59.73,9.02,41.61,6.93,22.8,19222.26,29.13,4649.05,22
2016-01-07 20:40:00,MAITRI,-0.75,60.83,966.61,58.26,0.59,42.57,7.09,22.79,19219.78,29.8,4648.9,22
2016-01-07 20:45:00,MAITRI,-0.8,61.0,965.46,57.93,7.5,43.86,7.31,22.79,19217.22,30.7,4648.74,23
2016-01-07 20:50:00,MAITRI,-0.76,60.49,965.95,56.88,0.0,43.68,7.28,22.79,19214.67,30.57,4648.58,23
2016-01-07 20:55:00,MAITRI,-0.58,60.69,966.0,56.21,0.0,43.55,7.26,22.79,19212.13,30.49,4648.42,23
2016-01-07 21:00:00,MAITRI,-0.5,58.67,965.8,55.22,5.85,43.76,7.29,22.8,19209.58,30.63,4648.26,22
2016-01-07 21:05:00,MAITRI,-0.53,59.32,965.76,55.75,4.8,44.77,7.46,22.8,19206.96,31.34,4648.1,23
2016-01-07 21:10:00,MAITRI,-0.56,59.64,965.7,56.25,5.25,41.05,6.84,22.77,19204.57,28.74,4647.95,22
2016-01-07 21:15:00,MAITRI,-0.62,59.96,966.13,58.14,3.63,41.99,7.0,22.77,19202.12,29.39,4647.81,21
2016-01-07 21:20:00,MAITRI,-0.81,59.89,966.08,57.36,1.38,44.36,7.39,22.77,19199.53,31.05,4647.66,21
2016-01-07 21:25:00,MAITRI,-0.84,60.39,964.69,57.62,0.0,42.26,7.04,22.77,19197.07,29.58,4647.51,21
2016-01-07 21:30:00,MAITRI,-1.09,60.61,964.48,58.11,5.88,44.76,7.46,22.77,19194.46,31.33,4647.36,22
2016-01-07 21:35:00,MAITRI,-0.99,60.88,965.22,58.51,0.0,42.41,7.07,22.75,19191.98,29.69,4647.2,23
2016-01-07 21:40:00,MAITRI,-1.18,61.25,964.94,58.9,0.0,42.07,7.01,22.73,19189.53,29.45,4647.04,23
2016-01-07 21:45:00,MAITRI,-1.13,61.59,964.79,59.72,0.0,45.41,7.57,22.73,19186.88,31.79,4646.88,23
2016-01-07 21:50:00,MAITRI,-1.1,61.11,965.14,57.79,0.0,42.58,7.1,22.72,19184.4,29.81,4646.73,22
2016-01-07 21:55:00,MAITRI,-0.8,60.89,965.82,56.83,0.0,42.21,7.03,22.71,19181.93,29.55,4646.58,22
2016-01-07 22:00:00,MAITRI,-1.0,61.46,965.6,60.04,3.98,44.06,7.34,22.71,19179.36,30.85,4646.43,21
2016-01-07 22:05:00,MAITRI,-0.94,59.56,965.19,58.13,0.0,42.73,7.12,22.71,19176.87,29.91,4646.28,21
2016-01-07 22:10:00,MAITRI,-1.17,59.95,964.89,59.11,0.0,43.9,7.32,22.71,19174.31,30.73,4646.13,22
2016-01-07 22:15:00,MAITRI,-1.04,59.8,964.78,57.57,0.0,41.62,6.94,22.69,19171.88,29.13,4645.98,22
2016-01-07 22:20:00,MAITRI,-1.02,60.43,965.25,58.43,0.0,41.19,6.87,22.66,19169.48,28.83,4645.83,22
2016-01-07 22:25:00,MAITRI,-1.27,60.8,966.04,59.35,6.46,45.26,7.54,22.66,19166.84,31.68,4645.67,22
2016-01-07 22:30:00,MAITRI,-1.6,61.62,966.28,61.36,8.74,44.26,7.38,22.67,19164.26,30.98,4645.52,22
2016-01-07 22:35:00,MAITRI,-1.79,61.81,966.14,60.77,0.0,43.94,7.32,22.67,19161.69,30.76,4645.37,22
2016-01-07 22:40:00,MAITRI,-1.32,62.07,965.56,59.92,3.62,41.72,6.95,22.65,19159.26,29.2,4645.22,21
2016-01-07 22:45:00,MAITRI,-1.38,62.32,965.37,59.42,6.89,40.97,6.83,22.63,19156.87,28.68,4645.08,21
2016-01-07 22:50:00,MAITRI,-1.48,62.99,965.22,58.25,1.86,42.1,7.02,22.62,19154.41,29.47,4644.93,21
2016-01-07 22:55:00,MAITRI,-1.39,62.58,964.83,56.86,0.0,44.5,7.42,22.62,19151.82,31.15,4644.78,22
2016-01-07 23:00:00,MAITRI,-1.23,63.11,964.62,55.52,1.11,45.51,7.58,22.62,19149.16,31.86,4644.62,22
2016-01-07 23:05:00,MAITRI,-1.03,63.37,964.36,53.93,8.39,44.59,7.43,22.63,19146.56,31.21,4644.47,23
2016-01-07 23:10:00,MAITRI,-1.38,63.79,964.67,56.58,0.0,43.3,7.22,22.61,19144.04,30.31,4644.3,24
2016-01-07 23:15:00,MAITRI,-1.38,63.73,964.68,55.99,0.0,43.22,7.2,22.61,19141.52,30.26,4644.14,23
2016-01-07 23:20:00,MAITRI,-1.66,63.56,965.06,58.3,5.73,43.04,7.17,22.6,19139.01,30.13,4643.98,23
2016-01-07 23:25:00,MAITRI,-1.46,62.88,965.21,56.96,0.0,41.23,6.87,22.57,19136.6,28.86,4643.83,22
2016-01-07 23:30:00,MAITRI,-1.6,62.92,965.49,57.77,0.0,43.23,7.2,22.56,19134.08,30.26,4643.67,23
2016-01-07 23:35:00,MAITRI,-1.59,62.59,966.16,58.18,3.17,43.39,7.23,22.56,19131.55,30.37,4643.5,24
2016-01-07 23:40:00,MAITRI,-1.58,62.32,965.82,58.96,0.0,45.76,7.63,22.56,19128.88,32.03,4643.33,24
2016-01-07 23:45:00,MAITRI,-1.32,62.25,965.77,57.9,0.0,44.4,7.4,22.56,19126.29,31.08,4643.16,25
2016-01-07 23:50:00,MAITRI,-1.61,62.32,966.01,59.98,7.88,44.77,7.46,22.56,19123.68,31.34,4642.99,24
2016-01-07 23:55:00,MAITRI,-1.6,61.85,966.56,60.2,0.0,44.71,7.45,22.56,19121.07,31.3,4642.83,24
2016-01-08 00:00:00,MAITRI,-1.84,61.99,967.08,60.28,5.04,39.67,6.61,22.5,19118.75,27.77,4642.67,23
2016-01-08 00:05:00,MAITRI,-1.56,62.74,966.71,58.58,0.0,44.43,7.4,22.5,19116.16,31.1,4642.51,23
2016-01-08 00:10:00,MAITRI,-1.89,62.91,967.32,58.69,0.0,42.73,7.12,22.49,19113.67,29.91,4642.35,22
2016-01-08 00:15:00,MAITRI,-2.07,62.85,967.07,59.07,0.0,44.37,7.39,22.49,19111.08,31.06,4642.2,22
2016-01-08 00:20:00,MAITRI,-2.05,62.53,967.13,57.96,4.41,43.45,7.24,22.49,19108.55,30.41,4642.05,22
2016-01-08 00:25:00,MAITRI,-1.81,62.55,967.39,58.85,10.0,40.69,6.78,22.46,19106.17,28.49,4641.9,22
2016-01-08 00:30:00,MAITRI,-1.71,62.6,967.61,58.87,0.78,43.44,7.24,22.46,19103.64,30.41,4641.75,21
2016-01-08 00:35:00,MAITRI,-1.94,62.71,966.94,61.74,0.0,43.54,7.26,22.46,19101.1,30.47,4641.6,21
2016-01-08 00:40:00,MAITRI,-2.37,62.98,966.46,62.09,7.28,42.68,7.11,22.46,19098.61,29.87,4641.46,21
2016-01-08 00:45:00,MAITRI,-2.18,62.64,966.34,61.65,8.6,43.31,7.22,22.47,19096.08,30.32,4641.31,22
2016-01-08 00:50:00,MAITRI,-2.48,62.63,966.34,63.02,0.0,43.35,7.23,22.47,19093.56,30.35,4641.15,22
2016-01-08 00:55:00,MAITRI,-2.33,62.85,966.18,62.51,0.0,41.69,6.95,22.44,19091.12,29.19,4640.99,23
2016-01-08 01:00:00,MAITRI,-2.26,62.49,965.98,60.41,0.0,43.36,7.23,22.43,19088.59,30.35,4640.83,23
2016-01-08 01:05:00,MAITRI,-1.93,62.56,966.15,58.42,0.0,44.43,7.4,22.43,19086.0,31.1,4640.67,23
2016-01-08 01:10:00,MAITRI,-2.11,62.53,966.58,59.75,0.0,42.32,7.05,22.41,19083.53,29.62,4640.51,23
2016-01-08 01:15:00,MAITRI,-1.99,62.8,966.61,61.44,0.0,41.45,6.91,22.37,19081.12,29.02,4640.35,23
2016-01-08 01:20:00,MAITRI,-1.66,63.15,966.21,59.49,0.0,43.72,7.29,22.37,19078.57,30.6,4640.19,23
2016-01-08 01:25:00,MAITRI,-1.64,63.0,965.87,59.35,0.0,44.24,7.37,22.37,19075.98,30.97,4640.03,23
2016-01-08 01:30:00,MAITRI,-2.01,63.26,965.84,58.44,1.95,42.9,7.15,22.37,19073.48,30.03,4639.88,22
2016-01-08 01:35:00,MAITRI,-1.68,62.38,965.72,59.21,0.0,41.22,6.87,22.34,19071.08,28.85,4639.73,22
2016-01-08 01:40:00,MAITRI,-1.93,62.95,965.62,57.61,0.0,42.51,7.08,22.33,19068.6,29.76,4639.58,21
2016-01-08 01:45:00,MAITRI,-1.99,62.77,965.51,56.07,0.0,43.74,7.29,22.33,19066.05,30.62,4639.44,21
2016-01-08 01:50:00,MAITRI,-2.04,62.31,965.54,56.71,9.58,42.38,7.06,22.34,19063.57,29.66,4639.29,21
2016-01-08 01:55:00,MAITRI,-2.15,63.84,965.53,55.72,0.0,43.61,7.27,22.34,19061.03,30.53,4639.15,21
2016-01-08 02:00:00,MAITRI,-1.86,63.79,965.54,56.63,3.99,43.01,7.17,22.34,19058.52,30.11,4638.99,22
2016-01-08 02:05:00,MAITRI,-1.71,63.38,965.59,54.99,9.45,42.99,7.17,22.34,19056.01,30.09,4638.83,23
2016-01-08 02:10:00,MAITRI,-1.6,62.72,965.99,53.51,6.06,45.41,7.57,22.34,19053.36,31.79,4638.67,23
2016-01-08 02:15:00,MAITRI,-2.13,63.3,965.56,54.82,3.18,42.04,7.01,22.32,19050.91,29.43,4638.51,23
2016-01-08 02:20:00,MAITRI,-2.01,63.74,966.06,54.72,0.0,44.24,7.37,22.32,19048.33,30.97,4638.35,24
2016-01-08 02:25:00,MAITRI,-2.23,62.96,965.79,56.54,0.0,45.7,7.62,22.32,19045.67,31.99,4638.18,24
2016-01-08 02:30:00,MAITRI,-1.99,62.61,966.02,58.09,0.0,46.73,7.79,22.32,19042.94,32.71,4638.02,23
2016-01-08 02:35:00,MAITRI,-1.6,62.73,965.72,56.96,0.86,43.53,7.25,22.32,19040.4,30.47,4637.86,23
2016-01-08 02:40:00,MAITRI,-2.06,62.55,966.13,59.09,7.05,45.64,7.61,22.32,19037.74,31.95,4637.69,24
2016-01-08 02:45:00,MAITRI,-1.98,62.29,966.09,58.66,0.0,45.4,7.57,22.32,19035.09,31.78,4637.52,25
2016-01-08 02:50:00,MAITRI,-2.22,62.53,966.58,57.56,0.0,42.14,7.02,22.27,19032.63,29.5,4637.34,26
2016-01-08 02:55:00,MAITRI,-2.55,62.61,966.26,59.09,1.8,43.95,7.33,22.26,19030.07,30.77,4637.16,26
2016-01-08 03:00:00,MAITRI,-2.29,62.3,966.04,57.3,0.0,45.68,7.61,22.26,19027.4,31.97,4636.98,26
2016-01-08 03:05:00,MAITRI,-2.54,61.18,965.62,60.42,0.0,44.68,7.45,22.26,19024.8,31.28,4636.81,25
2016-01-08 03:10:00,MAITRI,-3.5,61.48,964.47,62.49,8.3,46.01,7.67,22.26,19022.11,32.21,4636.63,25
2016-01-08 03:15:00,MAITRI,-3.38,61.53,964.6,59.93,0.0,43.23,7.21,22.25,19019.59,30.26,4636.46,25
2016-01-08 03:20:00,MAITRI,-4.04,61.4,963.39,61.91,5.96,44.19,7.37,22.25,19017.01,30.93,4636.28,25
2016-01-08 03:25:00,MAITRI,-3.85,62.13,963.54,61.5,0.0,44.59,7.43,22.25,19014.41,31.21,4636.11,25
2016-01-08 03:30:00,MAITRI,-3.82,62.51,963.79,59.3,0.0,42.35,7.06,22.22,19011.94,29.64,4635.94,24
2016-01-08 03:35:00,MAITRI,-3.74,62.34,964.51,59.08,9.89,41.85,6.97,22.19,19009.5,29.29,4635.77,25
2016-01-08 03:40:00,MAITRI,-3.93,59.43,964.08,60.5,0.0,43.89,7.32,22.18,19006.94,30.72,4635.59,26
2016-01-08 03:45:00,MAITRI,-3.51,59.76,964.33,59.23,6.93,43.74,7.29,22.18,19004.39,30.62,4635.42,25
2016-01-08 03:50:00,MAITRI,-3.52,60.07,964.65,58.0,9.78,43.28,7.21,22.17,19001.86,30.3,4635.24,25
2016-01-08 03:55:00,MAITRI,-3.22,60.67,964.79,57.25,4.31,44.36,7.39,22.18,18999.28,31.05,4635.07,25
2016-01-08 04:00:00,MAITRI,-3.48,60.0,964.61,58.7,0.0,42.66,7.11,22.16,18996.79,29.86,4634.9,24
2016-01-08 04:05:00,MAITRI,-3.58,60.21,964.54,56.73,0.0,43.36,7.23,22.16,18994.26,30.35,4634.74,23
2016-01-08 04:10:00,MAITRI,-3.57,60.69,964.67,54.86,20.7,40.14,6.69,22.13,18991.92,28.1,4634.58,23
2016-01-08 04:15:00,MAITRI,-3.55,60.82,964.27,53.79,5.01,42.05,7.01,22.11,18989.46,29.43,4634.42,23
2016-01-08 04:20:00,MAITRI,-3.56,60.65,964.68,55.24,3.02,43.73,7.29,22.11,18986.91,30.61,4634.26,23
2016-01-08 04:25:00,MAITRI,-3.77,61.47,964.84,53.52,4.75,42.52,7.09,22.1,18984.43,29.76,4634.1,23
2016-01-08 04:30:00,MAITRI,-3.48,61.31,965.19,53.53,2.56,45.58,7.6,22.1,18981.77,31.9,4633.94,24
2016-01-08 04:35:00,MAITRI,-3.45,61.32,965.14,52.07,3.43,43.73,7.29,22.1,18979.22,30.61,4633.77,24
2016-01-08 04:40:00,MAITRI,-3.46,61.92,966.01,51.34,6.91,41.96,6.99,22.07,18976.77,29.37,4633.6,25
2016-01-08 04:45:00,MAITRI,-3.06,61.89,965.77,50.3,6.59,43.53,7.25,22.06,18974.24,30.47,4633.42,25
2016-01-08 04:50:00,MAITRI,-2.79,62.18,966.1,49.84,0.0,44.92,7.49,22.06,18971.61,31.44,4633.26,24
2016-01-08 04:55:00,MAITRI,-2.71,61.1,965.32,50.34,5.71,42.84,7.14,22.05,18969.12,29.99,4633.09,24
2016-01-08 05:00:00,MAITRI,-2.45,61.33,965.96,50.15,0.08,44.77,7.46,22.05,18966.5,31.34,4632.92,24
2016-01-08 05:05:00,MAITRI,-2.22,61.11,966.27,49.06,6.92,45.21,7.53,22.06,18963.87,31.64,4632.76,24
2016-01-08 05:10:00,MAITRI,-2.3,61.6,965.83,52.95,3.2,45.45,7.58,22.06,18961.22,31.82,4632.59,24
2016-01-08 05:15:00,MAITRI,-2.28,61.39,965.44,53.84,12.79,41.46,6.91,22.04,18958.8,29.02,4632.43,23
2016-01-08 05:20:00,MAITRI,-2.26,61.27,965.72,55.09,2.06,43.6,7.27,22.04,18956.25,30.52,4632.27,23
2016-01-08 05:25:00,MAITRI,-2.04,61.37,965.45,55.51,4.53,42.75,7.12,22.04,18953.76,29.92,4632.12,22
2016-01-08 05:30:00,MAITRI,-1.91,62.0,966.09,53.95,8.07,44.05,7.34,22.04,18951.19,30.84,4631.97,22
2016-01-08 05:35:00,MAITRI,-1.98,62.41,966.5,52.47,0.0,42.96,7.16,22.03,18948.68,30.07,4631.81,23
2016-01-08 05:40:00,MAITRI,-1.8,62.36,966.49,52.21,0.0,42.69,7.12,22.01,18946.19,29.89,4631.64,24
2016-01-08 05:45:00,MAITRI,-1.69,62.04,966.5,52.1,0.31,45.46,7.58,22.01,18943.54,31.82,4631.48,23
2016-01-08 05:50:00,MAITRI,-1.65,62.06,966.5,53.08,2.02,45.26,7.54,22.01,18940.9,31.68,4631.32,23
2016-01-08 05:55:00,MAITRI,-1.72,61.93,966.59,51.21,9.55,41.37,6.89,21.99,18938.49,28.96,4631.17,22
2016-01-08 06:00:00,MAITRI,-1.79,61.72,966.44,50.92,2.05,42.16,7.03,21.98,18936.03,29.51,4631.01,22
2016-01-08 06:05:00,MAITRI,-1.99,61.37,966.8,52.22,8.57,44.21,7.37,21.99,18933.45,30.94,4630.85,23
2016-01-08 06:10:00,MAITRI,-2.21,61.51,966.7,52.48,25.36,42.18,7.03,21.99,18930.99,29.53,4630.69,24
2016-01-08 06:15:00,MAITRI,-2.04,61.2,966.69,53.25,34.7,42.19,7.03,22.01,18928.53,29.53,4630.53,23
2016-01-08 06:20:00,MAITRI,-2.17,61.48,966.49,53.1,37.69,43.46,7.24,22.03,18925.99,30.42,4630.37,23
2016-01-08 06:25:00,MAITRI,-2.49,61.95,966.19,54.66,62.52,42.02,7.0,22.06,18923.54,29.41,4630.22,22
2016-01-08 06:30:00,MAITRI,-2.29,62.48,966.03,53.96,0.0,43.69,7.28,22.06,18921.0,30.58,4630.06,22
2016-01-08 06:35:00,MAITRI,-2.42,63.03,966.52,54.97,0.0,42.62,7.1,22.04,18918.51,29.84,4629.9,23
2016-01-08 06:40:00,MAITRI,-2.32,62.72,966.01,53.53,18.49,43.55,7.26,22.05,18915.97,30.49,4629.74,23
2016-01-08 06:45:00,MAITRI,-2.39,62.45,965.19,53.75,22.53,44.17,7.36,22.06,18913.39,30.92,4629.58,23
2016-01-08 06:50:00,MAITRI,-2.08,62.58,965.4,51.81,17.44,45.1,7.52,22.07,18910.76,31.57,4629.42,23
2016-01-08 06:55:00,MAITRI,-2.02,57.92,965.28,51.57,22.47,42.99,7.17,22.08,18908.25,30.09,4629.26,23
2016-01-08 07:00:00,MAITRI,-2.32,58.33,964.99,53.23,27.89,42.5,7.08,22.1,18905.77,29.75,4629.1,24
2016-01-08 07:05:00,MAITRI,-2.73,56.17,963.64,54.63,30.35,44.64,7.44,22.11,18903.17,31.25,4628.92,25
2016-01-08 07:10:00,MAITRI,-2.57,57.44,963.67,53.49,34.81,41.17,6.86,22.11,18900.77,28.82,4628.75,25
2016-01-08 07:15:00,MAITRI,-2.67,57.57,964.2,52.91,33.01,43.57,7.26,22.12,18898.23,30.5,4628.57,26
2016-01-08 07:20:00,MAITRI,-2.4,57.51,964.23,51.17,14.57,44.57,7.43,22.13,18895.63,31.2,4628.4,25
2016-01-08 07:25:00,MAITRI,-2.17,57.44,964.14,51.27,40.32,43.23,7.2,22.15,18893.1,30.26,4628.22,25
2016-01-08 07:30:00,MAITRI,-2.14,57.69,963.92,50.67,0.0,43.67,7.28,22.15,18890.56,30.57,4628.05,25
2016-01-08 07:35:00,MAITRI,-1.92,58.53,963.92,50.4,8.55,44.67,7.45,22.15,18887.95,31.27,4627.87,25
2016-01-08 07:40:00,MAITRI,-1.69,58.91,964.01,48.67,15.38,42.95,7.16,22.16,18885.45,30.07,4627.71,24
2016-01-08 07:45:00,MAITRI,-1.3,58.94,963.86,47.51,22.11,41.49,6.91,22.15,18883.03,29.04,4627.54,24
2016-01-08 07:50:00,MAITRI,-1.42,58.73,963.28,48.69,43.67,40.89,6.82,22.16,18880.64,28.62,4627.37,24
2016-01-08 07:55:00,MAITRI,-1.32,58.86,963.33,47.27,39.72,43.35,7.23,22.18,18878.11,30.35,4627.21,24
2016-01-08 08:00:00,MAITRI,-1.4,59.54,963.37,50.28,36.32,41.27,6.88,22.18,18875.7,28.89,4627.04,24
2016-01-08 08:05:00,MAITRI,-1.11,60.29,964.38,49.17,30.69,44.03,7.34,22.2,18873.14,30.82,4626.87,25
2016-01-08 08:10:00,MAITRI,-0.97,60.89,964.83,51.76,274.96,34.81,5.8,22.34,18871.11,24.37,4626.69,25
2016-01-08 08:15:00,MAITRI,-1.19,60.95,965.19,53.33,274.3,34.73,5.79,22.48,18867.06,48.52,4626.51,26
2016-01-08 08:20:00,MAITRI,-1.11,61.48,965.45,53.26,287.89,32.37,5.4,22.62,18862.55,54.14,4626.33,26
2016-01-08 08:25:00,MAITRI,-1.0,61.5,965.22,53.01,315.23,30.65,5.11,22.76,18859.28,39.21,4626.16,25
2016-01-08 08:30:00,MAITRI,-1.24,61.65,964.62,53.27,312.52,31.22,5.2,22.92,18854.38,58.82,4625.99,25
2016-01-08 08:35:00,MAITRI,-1.57,61.73,964.4,54.7,327.92,31.84,5.31,23.09,18849.4,59.81,4625.81,26
2016-01-08 08:40:00,MAITRI,-1.4,62.08,964.6,53.54,323.9,34.08,5.68,23.26,18845.19,50.43,4625.62,27
2016-01-08 08:45:00,MAITRI,-1.49,62.69,964.29,53.74,341.05,31.44,5.24,23.42,18841.65,42.5,4625.42,28
2016-01-08 08:50:00,MAITRI,-1.22,62.31,963.84,53.26,357.92,31.66,5.28,23.61,18836.73,59.09,4625.24,27
2016-01-08 08:55:00,MAITRI,-1.21,62.18,963.73,52.83,377.56,30.74,5.12,23.81,18831.86,58.41,4625.04,28
2016-01-08 09:00:00,MAITRI,-1.1,62.64,963.3,52.09,372.66,33.29,5.55,24.0,18828.3,42.7,4624.85,28
2016-01-08 09:05:00,MAITRI,-1.11,62.98,963.99,54.08,376.69,31.32,5.22,24.2,18823.47,58.03,4624.65,28
2016-01-08 09:10:00,MAITRI,-1.15,63.04,963.63,52.61,384.23,29.39,4.9,24.39,18819.54,47.16,4624.47,27
2016-01-08 09:15:00,MAITRI,-1.1,63.54,963.93,51.3,391.9,30.15,5.02,24.59,18815.64,46.71,4624.28,27
2016-01-08 09:20:00,MAITRI,-1.13,63.41,963.73,49.81,408.37,29.03,4.84,24.8,18811.65,47.93,4624.09,27
2016-01-08 09:25:00,MAITRI,-1.06,60.77,964.2,48.95,410.11,27.83,4.64,25.01,18807.84,45.72,4623.91,26
2016-01-08 09:30:00,MAITRI,-1.03,59.21,964.4,48.54,432.65,25.66,4.28,25.21,18804.52,39.8,4623.73,26
2016-01-08 09:35:00,MAITRI,-0.74,59.69,964.45,51.15,435.35,27.58,4.6,25.44,18800.02,54.0,4623.54,27
2016-01-08 09:40:00,MAITRI,-1.32,60.11,963.42,52.73,435.4,28.1,4.68,25.66,18796.02,47.96,4623.35,27
2016-01-08 09:45:00,MAITRI,-1.8,60.77,962.44,54.03,438.54,27.77,4.63,25.89,18791.54,53.83,4623.17,27
2016-01-08 09:50:00,MAITRI,-1.63,61.65,962.95,52.98,444.79,26.14,4.36,26.1,18787.77,45.2,4622.98,27
2016-01-08 09:55:00,MAITRI,-2.1,62.16,962.48,54.63,442.47,27.0,4.5,26.32,18784.43,40.07,4622.79,27
2016-01-08 10:00:00,MAITRI,-1.92,62.21,962.39,53.94,434.67,27.53,4.59,26.55,18780.9,42.37,4622.6,27
2016-01-08 10:05:00,MAITRI,-2.07,61.79,963.2,54.49,463.63,24.5,4.08,26.76,18779.47,17.15,4622.42,26
2016-01-08 10:10:00,MAITRI,-1.82,61.72,963.47,52.76,457.94,27.09,4.52,27.0,18777.89,18.97,4622.24,26
2016-01-08 10:15:00,MAITRI,-1.57,61.85,963.73,51.11,463.17,26.78,4.46,27.24,18776.33,18.74,4622.06,26
2016-01-08 10:20:00,MAITRI,-1.18,61.94,964.18,50.59,465.97,25.85,4.31,27.48,18774.82,18.09,4621.88,26
2016-01-08 10:25:00,MAITRI,-0.79,62.06,964.27,49.93,494.15,24.97,4.16,27.72,18773.37,17.48,4621.69,27
2016-01-08 10:30:00,MAITRI,-0.38,62.21,964.81,49.34,492.35,26.14,4.36,27.98,18771.84,18.3,4621.51,27
2016-01-08 10:35:00,MAITRI,-0.45,62.38,964.34,47.84,496.13,26.27,4.38,28.24,18770.31,18.39,4621.32,27
2016-01-08 10:40:00,MAITRI,-0.14,62.39,964.8,46.49,498.42,25.78,4.3,28.5,18768.81,18.04,4621.13,27
2016-01-08 10:45:00,MAITRI,-0.54,62.06,964.38,48.66,497.86,24.62,4.1,28.74,18767.37,17.24,4620.94,28
2016-01-08 10:50:00,MAITRI,-0.93,61.83,964.84,49.8,500.28,27.07,4.51,29.0,18765.79,18.95,4620.74,29
2016-01-08 10:55:00,MAITRI,-1.27,61.08,964.73,51.78,506.12,25.06,4.18,29.27,18764.33,17.54,4620.55,27
2016-01-08 11:00:00,MAITRI,-1.22,61.03,964.25,51.83,502.96,24.78,4.13,29.52,18762.88,17.34,4620.35,28
2016-01-08 11:05:00,MAITRI,-1.05,60.85,964.48,53.37,500.16,26.97,4.5,29.78,18761.31,18.88,4620.17,27
2016-01-08 11:10:00,MAITRI,-0.75,59.01,964.76,52.17,523.36,22.44,3.74,30.03,18760.0,15.71,4619.99,26
2016-01-08 11:15:00,MAITRI,-0.72,59.24,964.66,52.58,530.17,22.96,3.83,30.31,18758.66,16.07,4619.81,25
2016-01-08 11:20:00,MAITRI,-0.55,59.18,964.95,50.89,518.06,21.4,3.57,30.54,18757.41,14.98,4619.64,25
2016-01-08 11:25:00,MAITRI,-0.85,59.95,964.23,52.4,517.58,23.38,3.9,30.8,18756.05,16.37,4619.46,26
2016-01-08 11:30:00,MAITRI,-0.44,60.66,964.1,50.26,512.79,22.82,3.8,31.03,18754.72,15.97,4619.26,28
2016-01-08 11:35:00,MAITRI,-0.4,60.81,963.56,50.59,521.21,23.73,3.96,31.3,18753.33,16.61,4619.08,27
2016-01-08 11:40:00,MAITRI,-0.53,61.15,964.13,51.29,526.65,22.78,3.8,31.55,18752.0,15.94,4618.89,27
2016-01-08 11:45:00,MAITRI,-0.18,60.81,964.9,50.82,525.32,25.81,4.3,31.82,18750.5,18.07,4618.7,27
2016-01-08 11:50:00,MAITRI,-0.21,61.44,964.83,49.51,542.84,23.24,3.87,32.1,18749.14,16.27,4618.51,27
2016-01-08 11:55:00,MAITRI,-0.01,61.72,964.73,50.58,538.46,24.33,4.06,32.38,18747.72,17.03,4618.33,27
2016-01-08 12:00:00,MAITRI,-0.19,61.66,964.36,51.46,540.92,23.78,3.96,32.66,18746.34,16.64,4618.14,27
2016-01-08 12:05:00,MAITRI,-0.13,58.34,964.64,50.46,524.19,22.92,3.82,32.92,18745.0,16.04,4617.95,27
2016-01-08 12:10:00,MAITRI,-0.03,58.99,965.12,50.6,521.02,23.45,3.91,33.18,18743.63,16.42,4617.76,27
2016-01-08 12:15:00,MAITRI,0.14,59.18,965.03,49.98,542.4,21.62,3.6,33.44,18742.37,15.13,4617.58,27
2016-01-08 12:20:00,MAITRI,0.3,55.89,965.25,48.68,546.37,21.64,3.61,33.7,18741.11,15.15,4617.39,27
2016-01-08 12:25:00,MAITRI,0.24,56.7,964.5,49.89,545.07,22.44,3.74,33.98,18739.8,15.71,4617.2,27
2016-01-08 12:30:00,MAITRI,-0.04,57.28,964.32,51.04,526.86,22.25,3.71,34.24,18738.5,15.57,4617.02,26
2016-01-08 12:35:00,MAITRI,0.25,57.37,964.97,50.35,528.32,21.51,3.58,34.48,18737.25,15.06,4616.84,26
2016-01-08 12:40:00,MAITRI,0.45,58.18,965.71,49.37,526.02,22.83,3.8,34.75,18735.91,15.98,4616.66,26
2016-01-08 12:45:00,MAITRI,0.55,57.98,965.88,51.36,521.18,24.55,4.09,35.02,18734.48,17.19,4616.48,26
2016-01-08 12:50:00,MAITRI,0.56,58.86,965.44,52.35,518.18,25.37,4.23,35.29,18733.0,17.76,4616.29,27
2016-01-08 12:55:00,MAITRI,0.71,58.94,966.38,51.94,508.44,24.88,4.15,35.55,18731.55,17.42,4616.1,27
2016-01-08 13:00:00,MAITRI,0.92,59.88,966.47,50.51,506.32,25.97,4.33,35.82,18730.04,18.18,4615.9,29
2016-01-08 13:05:00,MAITRI,0.83,60.3,966.53,50.34,521.69,24.36,4.06,36.07,18728.61,17.05,4615.69,30
2016-01-08 13:10:00,MAITRI,0.64,61.06,966.42,50.16,511.99,27.01,4.5,36.34,18727.04,18.91,4615.5,28
2016-01-08 13:15:00,MAITRI,0.87,60.98,966.56,48.85,489.42,26.81,4.47,36.59,18725.48,18.76,4615.31,27
2016-01-08 13:20:00,MAITRI,0.58,60.84,966.72,49.54,491.73,26.82,4.47,36.85,18723.91,18.77,4615.12,27
2016-01-08 13:25:00,MAITRI,0.77,60.4,966.71,47.95,492.28,39.3,6.55,36.52,18721.62,27.51,4614.94,27
2016-01-08 13:30:00,MAITRI,0.52,60.49,967.15,48.9,494.73,42.38,7.06,35.31,18719.15,29.67,4614.75,27
2016-01-08 13:35:00,MAITRI,0.59,60.93,967.15,48.61,475.7,37.29,6.22,34.89,18716.97,26.11,4614.56,28
2016-01-08 13:40:00,MAITRI,0.84,60.54,967.78,48.54,485.16,38.75,6.46,33.9,18714.71,27.12,4614.36,28
2016-01-08 13:45:00,MAITRI,1.13,60.66,967.94,47.6,480.11,40.58,6.76,33.24,18712.34,28.41,4614.17,28
2016-01-08 13:50:00,MAITRI,1.27,60.59,968.4,48.09,479.0,38.74,6.46,32.33,18710.08,27.11,4613.97,28
2016-01-08 13:55:00,MAITRI,0.85,61.29,967.29,49.72,466.53,43.51,7.25,31.25,18707.55,30.45,4613.78,27
2016-01-08 14:00:00,MAITRI,1.04,60.86,967.17,49.94,455.54,38.88,6.48,30.76,18705.28,27.21,4613.6,27
2016-01-08 14:05:00,MAITRI,1.2,61.41,966.75,49.86,458.53,37.99,6.33,30.46,18703.06,26.59,4613.41,27
2016-01-08 14:10:00,MAITRI,1.43,61.33,966.91,49.93,455.59,39.33,6.56,29.3,18700.77,27.53,4613.22,27
2016-01-08 14:15:00,MAITRI,1.67,61.22,967.32,49.65,441.83,40.86,6.81,28.1,18698.38,28.6,4613.03,27
2016-01-08 14:20:00,MAITRI,1.94,59.28,967.81,49.13,436.07,41.52,6.92,27.43,18695.96,29.06,4612.85,27
2016-01-08 14:25:00,MAITRI,1.62,60.0,967.46,49.42,446.87,43.96,7.33,26.4,18693.4,30.77,4612.66,27
2016-01-08 14:30:00,MAITRI,1.47,60.67,966.96,49.71,421.23,40.67,6.78,25.88,18691.03,28.47,4612.48,26
2016-01-08 14:35:00,MAITRI,1.34,60.61,966.7,50.39,430.52,41.64,6.94,24.95,18688.6,29.14,4612.29,27
2016-01-08 14:40:00,MAITRI,1.2,60.42,966.73,48.83,411.1,44.2,7.37,23.77,18686.02,30.94,4612.1,28
2016-01-08 14:45:00,MAITRI,0.99,61.44,966.81,49.59,400.13,45.92,7.65,23.43,18683.34,32.15,4611.91,27
2016-01-08 14:50:00,MAITRI,1.34,61.1,966.32,49.64,380.93,46.9,7.82,22.22,18680.6,32.83,4611.73,26
2016-01-08 14:55:00,MAITRI,1.24,61.39,966.61,51.65,386.46,44.09,7.35,21.64,18678.03,30.86,4611.56,25
2016-01-08 15:00:00,MAITRI,1.38,61.68,966.38,51.83,362.39,42.94,7.16,20.71,18675.53,30.06,4611.37,26
2016-01-08 15:05:00,MAITRI,1.79,62.63,966.96,50.85,346.92,41.98,7.0,20.08,18673.08,29.39,4611.19,26
2016-01-08 15:10:00,MAITRI,1.92,62.6,966.98,50.49,359.37,41.53,6.92,19.15,18670.66,29.07,4611.02,25
2016-01-08 15:15:00,MAITRI,1.78,62.58,965.76,51.01,342.39,47.21,7.87,18.62,18667.9,33.05,4610.84,26
2016-01-08 15:20:00,MAITRI,1.4,62.65,965.92,52.02,345.37,51.63,8.6,17.76,18664.89,36.14,4610.65,27
2016-01-08 15:25:00,MAITRI,1.34,62.54,965.69,52.48,330.34,49.31,8.22,17.31,18662.01,34.51,4610.47,27
2016-01-08 15:30:00,MAITRI,1.25,62.5,965.59,51.4,311.4,45.73,7.62,16.59,18659.35,32.01,4610.27,28
2016-01-08 15:35:00,MAITRI,1.05,60.43,965.48,51.84,313.3,42.68,7.11,15.68,18656.86,29.88,4610.08,28
2016-01-08 15:40:00,MAITRI,0.99,61.53,964.83,52.5,303.25,45.46,7.58,14.46,18654.21,31.82,4609.88,28
2016-01-08 15:45:00,MAITRI,0.8,62.23,965.28,52.49,297.52,49.89,8.32,13.61,18651.3,34.93,4609.69,28
2016-01-08 15:50:00,MAITRI,1.26,62.19,965.36,51.44,285.83,46.21,7.7,13.12,18648.6,32.35,4609.49,28
2016-01-08 15:55:00,MAITRI,1.03,61.96,965.56,52.55,273.06,34.65,5.78,13.26,18646.58,24.26,4609.3,28
2016-01-08 16:00:00,MAITRI,0.88,60.19,965.37,51.32,255.97,33.48,5.58,13.38,18644.63,23.44,4609.11,27
2016-01-08 16:05:00,MAITRI,0.98,60.68,965.25,49.89,253.59,33.71,5.62,13.49,18642.66,23.6,4608.93,26
2016-01-08 16:10:00,MAITRI,0.57,61.72,964.84,51.33,246.1,34.15,5.69,13.61,18640.67,23.9,4608.75,26
2016-01-08 16:15:00,MAITRI,0.13,61.73,964.5,53.67,230.87,36.61,6.1,13.73,18638.53,25.63,4608.57,26
2016-01-08 16:20:00,MAITRI,0.34,62.32,964.22,53.49,221.56,38.07,6.35,13.84,18636.31,26.65,4608.38,27
2016-01-08 16:25:00,MAITRI,0.55,62.1,964.95,52.88,218.88,34.51,5.75,13.92,18634.3,24.16,4608.19,27
2016-01-08 16:30:00,MAITRI,0.33,62.8,965.24,53.63,191.84,37.03,6.17,14.01,18632.14,25.92,4608.01,27
2016-01-08 16:35:00,MAITRI,0.42,62.44,965.58,55.48,185.46,36.36,6.06,14.08,18630.02,25.45,4607.82,27
2016-01-08 16:40:00,MAITRI,0.15,62.13,965.37,57.23,169.5,37.14,6.19,14.15,18627.85,26.0,4607.63,27
2016-01-08 16:45:00,MAITRI,0.01,61.41,965.64,57.55,176.61,42.1,7.02,14.24,18625.39,29.47,4607.44,27
2016-01-08 16:50:00,MAITRI,-0.08,61.76,965.45,58.25,151.53,39.34,6.56,14.32,18623.1,27.54,4607.26,26
2016-01-08 16:55:00,MAITRI,-0.31,62.13,965.25,59.9,38.35,44.34,7.39,14.34,18620.51,31.03,4607.08,27
2016-01-08 17:00:00,MAITRI,-0.35,62.3,965.05,59.89,6.74,45.75,7.63,14.34,18617.84,32.03,4606.88,28
2016-01-08 17:05:00,MAITRI,-0.19,62.52,965.16,59.26,13.69,44.46,7.41,14.35,18615.25,31.12,4606.69,27
2016-01-08 17:10:00,MAITRI,-0.11,62.44,965.19,58.34,22.53,42.99,7.17,14.34,18612.74,30.1,4606.51,26
2016-01-08 17:15:00,MAITRI,-0.3,62.41,965.43,59.49,0.0,43.77,7.3,14.32,18610.19,30.64,4606.33,26
2016-01-08 17:20:00,MAITRI,-0.24,62.81,965.52,58.61,25.4,45.4,7.57,14.34,18607.54,31.78,4606.15,27
2016-01-08 17:25:00,MAITRI,-0.06,63.17,965.23,57.51,34.48,42.37,7.06,14.34,18605.07,29.66,4605.97,26
2016-01-08 17:30:00,MAITRI,-0.14,62.54,965.36,58.96,17.96,44.31,7.38,14.34,18602.48,31.02,4605.78,27
2016-01-08 17:35:00,MAITRI,-0.1,62.19,965.57,58.17,37.32,42.71,7.12,14.34,18599.99,29.9,4605.59,27
2016-01-08 17:40:00,MAITRI,-0.03,61.98,965.19,58.4,0.0,44.45,7.41,14.34,18597.4,31.11,4605.41,26
2016-01-08 17:45:00,MAITRI,-0.29,62.74,965.11,58.01,1.76,44.27,7.38,14.33,18594.82,30.99,4605.23,26
2016-01-08 17:50:00,MAITRI,-0.29,62.6,965.22,58.35,6.27,44.83,7.47,14.33,18592.2,31.38,4605.04,27
2016-01-08 17:55:00,MAITRI,-0.17,62.46,964.5,58.5,6.72,45.94,7.66,14.33,18589.52,32.16,4604.86,26
2016-01-08 18:00:00,MAITRI,0.1,62.02,964.54,58.21,0.0,43.03,7.17,14.31,18587.01,30.12,4604.69,25
2016-01-08 18:05:00,MAITRI,0.13,63.51,964.48,57.59,0.0,44.35,7.39,14.31,18584.43,31.04,4604.51,25
2016-01-08 18:10:00,MAITRI,0.08,62.85,964.89,56.12,0.0,42.86,7.14,14.28,18581.92,30.0,4604.34,25
2016-01-08 18:15:00,MAITRI,0.04,63.1,965.75,54.81,0.49,45.33,7.56,14.28,18579.28,31.73,4604.16,26
2016-01-08 18:20:00,MAITRI,-0.2,62.54,965.65,56.85,0.0,44.86,7.48,14.28,18576.66,31.4,4603.98,26
2016-01-08 18:25:00,MAITRI,-0.19,62.13,964.57,57.16,9.39,43.25,7.21,14.26,18574.14,30.28,4603.8,26
2016-01-08 18:30:00,MAITRI,-0.07,61.18,964.2,56.88,0.0,44.64,7.44,14.26,18571.54,31.25,4603.62,26
2016-01-08 18:35:00,MAITRI,0.17,61.59,964.13,56.73,0.0,46.32,7.72,14.26,18568.83,32.43,4603.44,26
2016-01-08 18:40:00,MAITRI,0.03,61.11,964.08,55.35,1.34,45.66,7.61,14.26,18566.17,31.96,4603.26,26
2016-01-08 18:45:00,MAITRI,0.06,61.32,964.19,56.01,0.0,44.27,7.38,14.26,18563.59,30.99,4603.08,25
2016-01-08 18:50:00,MAITRI,-0.11,61.55,964.32,56.84,0.0,45.03,7.5,14.26,18560.96,31.52,4602.9,26
2016-01-08 18:55:00,MAITRI,-0.13,61.9,964.37,58.04,1.89,45.06,7.51,14.27,18558.33,31.54,4602.72,26
2016-01-08 19:00:00,MAITRI,-0.33,61.81,964.5,59.37,0.0,46.57,7.76,14.27,18555.62,32.6,4602.54,26
2016-01-08 19:05:00,MAITRI,-0.42,62.49,964.05,61.43,0.0,42.88,7.15,14.24,18553.12,30.02,4602.37,25
2016-01-08 19:10:00,MAITRI,-0.48,62.79,964.89,59.68,0.0,45.15,7.52,14.24,18550.48,31.6,4602.19,25
2016-01-08 19:15:00,MAITRI,-0.47,62.98,964.89,59.24,8.86,44.01,7.33,14.24,18547.92,30.8,4602.02,25
2016-01-08 19:20:00,MAITRI,-0.61,63.13,965.19,59.17,10.6,45.4,7.57,14.25,18545.27,31.78,4601.84,26
2016-01-08 19:25:00,MAITRI,-0.56,62.91,965.4,57.6,12.1,44.78,7.46,14.25,18542.65,31.35,4601.67,25
2016-01-08 19:30:00,MAITRI,-0.96,63.2,965.52,59.47,0.0,45.04,7.51,14.25,18540.03,31.52,4601.49,25
2016-01-08 19:35:00,MAITRI,-0.87,63.11,965.75,60.36,0.0,44.44,7.41,14.25,18537.44,31.1,4601.33,24
2016-01-08 19:40:00,MAITRI,-0.69,62.79,966.04,59.4,4.63,43.62,7.27,14.24,18534.89,30.53,4601.15,26
2016-01-08 19:45:00,MAITRI,-0.73,62.57,965.99,59.86,1.15,45.01,7.5,14.23,18532.27,31.51,4600.96,27
2016-01-08 19:50:00,MAITRI,-0.47,62.18,965.92,60.33,14.58,45.49,7.58,14.24,18529.61,31.84,4600.76,28
2016-01-08 19:55:00,MAITRI,-0.39,61.63,966.01,58.4,4.4,44.73,7.45,14.23,18527.0,31.31,4600.57,28
2016-01-08 20:00:00,MAITRI,-0.82,62.06,965.46,59.21,0.0,44.66,7.44,14.22,18524.4,31.26,4600.38,27
2016-01-08 20:05:00,MAITRI,-0.75,61.84,965.3,58.11,10.11,47.6,7.93,14.23,18521.62,33.32,4600.2,26
2016-01-08 20:10:00,MAITRI,-0.87,61.3,966.07,56.75,10.15,44.56,7.43,14.23,18519.02,31.2,4600.03,25
2016-01-08 20:15:00,MAITRI,-1.07,61.12,966.49,58.45,5.6,43.94,7.32,14.24,18516.46,30.76,4599.86,24
2016-01-08 20:20:00,MAITRI,-1.24,61.12,966.94,58.93,7.04,43.57,7.26,14.24,18513.92,30.5,4599.69,24
2016-01-08 20:25:00,MAITRI,-1.26,61.76,966.68,59.5,10.52,43.43,7.24,14.25,18511.38,30.4,4599.53,23
2016-01-08 20:30:00,MAITRI,-1.15,62.46,966.54,58.17,8.22,44.9,7.48,14.25,18508.76,31.43,4599.37,23
2016-01-08 20:35:00,MAITRI,-1.17,62.51,966.63,57.32,16.51,42.11,7.02,14.25,18506.31,29.47,4599.22,22
2016-01-08 20:40:00,MAITRI,-1.32,61.85,966.53,58.21,4.73,41.93,6.99,14.25,18503.86,29.35,4599.08,21
2016-01-08 20:45:00,MAITRI,-1.37,60.45,966.54,59.76,0.0,42.42,7.07,14.25,18501.39,29.7,4598.94,20
2016-01-08 20:50:00,MAITRI,-1.69,60.88,965.95,60.82,0.0,42.64,7.11,14.25,18498.9,29.85,4598.79,21
2016-01-08 20:55:00,MAITRI,-1.78,61.64,965.77,62.89,9.61,42.45,7.08,14.25,18496.42,29.72,4598.65,20
2016-01-08 21:00:00,MAITRI,-1.62,61.94,965.43,62.3,8.29,40.94,6.82,14.24,18494.03,28.66,4598.51,20
2016-01-08 21:05:00,MAITRI,-1.56,62.07,965.48,63.85,0.0,43.28,7.21,14.24,18491.51,30.3,4598.37,21
2016-01-08 21:10:00,MAITRI,-1.36,61.98,965.31,62.48,0.0,43.64,7.27,14.24,18488.96,30.55,4598.22,22
2016-01-08 21:15:00,MAITRI,-1.24,62.15,965.38,62.22,0.0,43.97,7.33,14.24,18486.4,30.78,4598.06,22
2016-01-08 21:20:00,MAITRI,-1.0,62.75,965.58,62.05,2.87,42.94,7.16,14.23,18483.89,30.06,4597.9,23
2016-01-08 21:25:00,MAITRI,-0.93,62.42,965.5,60.13,0.0,42.87,7.15,14.22,18481.39,30.01,4597.74,23
2016-01-08 21:30:00,MAITRI,-0.81,62.61,966.26,58.71,1.29,43.31,7.22,14.22,18478.87,30.32,4597.58,23
2016-01-08 21:35:00,MAITRI,-1.12,62.75,966.01,59.03,3.25,44.21,7.37,14.22,18476.29,30.95,4597.42,23
2016-01-08 21:40:00,MAITRI,-1.11,63.47,966.63,59.14,0.0,42.96,7.16,14.21,18473.78,30.07,4597.26,23
2016-01-08 21:45:00,MAITRI,-0.98,63.29,966.14,59.84,0.0,42.72,7.12,14.19,18471.29,29.9,4597.1,23
2016-01-08 21:50:00,MAITRI,-1.24,62.96,966.23,61.69,0.43,41.95,6.99,14.16,18468.84,29.36,4596.94,23
2016-01-08 21:55:00,MAITRI,-1.06,62.9,966.57,59.77,0.0,42.51,7.08,14.14,18466.36,29.76,4596.78,23
2016-01-08 22:00:00,MAITRI,-0.86,60.28,966.18,58.14,0.0,43.75,7.29,14.14,18463.81,30.63,4596.62,24
2016-01-08 22:05:00,MAITRI,-1.02,61.04,966.35,59.97,9.22,43.77,7.3,14.15,18461.26,30.64,4596.45,24
2016-01-08 22:10:00,MAITRI,-1.13,61.1,966.24,59.38,8.01,44.27,7.38,14.15,18458.68,30.99,4596.28,25
2016-01-08 22:15:00,MAITRI,-1.21,61.26,966.57,58.59,3.36,44.23,7.37,14.15,18456.1,30.96,4596.1,25
2016-01-08 22:20:00,MAITRI,-1.52,61.23,966.1,57.72,0.0,43.0,7.17,14.13,18453.59,30.1,4595.93,25
2016-01-08 22:25:00,MAITRI,-1.61,61.23,966.33,57.3,7.94,45.37,7.56,14.14,18450.94,31.76,4595.76,25
2016-01-08 22:30:00,MAITRI,-1.77,61.0,966.25,56.84,0.0,44.57,7.43,14.14,18448.34,31.2,4595.58,25
2016-01-08 22:35:00,MAITRI,-1.77,61.6,966.34,57.11,3.53,43.03,7.17,14.12,18445.83,30.12,4595.42,24
2016-01-08 22:40:00,MAITRI,-1.93,61.88,966.39,56.41,0.0,43.86,7.31,14.12,18443.27,30.7,4595.24,25
2016-01-08 22:45:00,MAITRI,-1.66,59.6,966.16,55.2,0.0,44.2,7.37,14.12,18440.69,30.94,4595.07,25
2016-01-08 22:50:00,MAITRI,-1.4,59.68,966.02,54.08,0.05,44.69,7.45,14.12,18438.09,31.28,4594.9,24
2016-01-08 22:55:00,MAITRI,-1.35,61.01,965.73,52.71,1.57,45.13,7.52,14.12,18435.45,31.59,4594.74,23
2016-01-08 23:00:00,MAITRI,-1.25,61.19,965.66,54.26,0.0,46.26,7.71,14.12,18432.76,32.38,4594.59,22
2016-01-08 23:05:00,MAITRI,-1.12,61.2,966.1,53.99,1.44,44.41,7.4,14.12,18430.17,31.09,4594.44,22
2016-01-08 23:10:00,MAITRI,-1.03,61.3,966.61,52.98,0.0,41.76,6.96,14.09,18427.73,29.23,4594.28,23
2016-01-08 23:15:00,MAITRI,-1.33,60.9,965.28,54.79,10.31,43.36,7.23,14.09,18425.2,30.35,4594.12,23
2016-01-08 23:20:00,MAITRI,-1.55,60.4,964.4,56.45,0.0,42.93,7.16,14.09,18422.7,30.05,4593.96,23
2016-01-08 23:25:00,MAITRI,-1.86,60.92,964.38,58.68,6.64,42.35,7.06,14.08,18420.23,29.65,4593.8,23
2016-01-08 23:30:00,MAITRI,-2.24,60.78,963.91,59.46,0.0,45.24,7.54,14.08,18417.59,31.67,4593.65,22
2016-01-08 23:35:00,MAITRI,-2.44,61.1,963.36,58.39,15.79,42.56,7.09,14.08,18415.1,29.79,4593.49,23
2016-01-08 23:40:00,MAITRI,-2.45,61.56,963.39,58.44,11.13,70.51,11.75,14.09,18410.99,49.36,4593.33,23
2016-01-08 23:45:00,MAITRI,-2.27,60.91,964.27,58.95,3.31,69.25,11.54,14.09,18406.95,48.47,4593.17,23
2016-01-08 23:50:00,MAITRI,-2.04,61.08,965.12,57.45,3.5,69.18,11.53,14.09,18402.92,48.43,4593.01,23
2016-01-08 23:55:00,MAITRI,-2.14,61.84,965.39,56.55,0.0,67.34,11.22,14.09,18398.99,47.14,4592.85,23
2016-01-09 00:00:00,MAITRI,-2.07,61.9,965.21,56.83,0.59,66.96,11.16,14.09,18395.08,46.87,4592.68,24
2016-01-09 00:05:00,MAITRI,-2.17,62.07,965.72,57.15,3.83,70.52,11.75,14.09,18390.97,49.37,4592.52,23
2016-01-09 00:10:00,MAITRI,-2.19,61.77,965.95,56.36,0.0,64.51,10.75,14.09,18387.2,45.16,4592.37,22
2016-01-09 00:15:00,MAITRI,-1.9,61.47,965.86,57.26,0.0,62.01,10.33,14.09,18383.59,43.41,4592.21,23
2016-01-09 00:20:00,MAITRI,-1.81,60.86,966.28,57.81,0.0,74.07,12.34,14.09,18379.27,51.85,4592.04,24
2016-01-09 00:25:00,MAITRI,-1.76,61.13,966.46,58.09,15.74,68.19,11.37,14.1,18375.29,47.74,4591.87,24
2016-01-09 00:30:00,MAITRI,-1.81,61.83,966.49,59.72,0.0,71.56,11.93,14.1,18371.11,50.09,4591.71,24
2016-01-09 00:35:00,MAITRI,-1.74,61.7,966.66,61.32,0.0,76.74,12.79,14.1,18366.64,53.72,4591.53,25
2016-01-09 00:40:00,MAITRI,-2.06,61.31,965.68,62.62,21.19,67.09,11.18,14.11,18362.72,46.97,4591.37,24
2016-01-09 00:45:00,MAITRI,-1.82,60.85,965.69,60.79,2.39,66.79,11.13,14.11,18358.83,46.76,4591.2,24
2016-01-09 00:50:00,MAITRI,-1.72,56.77,965.94,60.99,0.0,71.98,12.0,14.11,18354.63,50.39,4591.04,23
2016-01-09 00:55:00,MAITRI,-2.12,57.43,964.92,62.07,9.53,69.5,11.58,14.12,18350.57,48.65,4590.88,23
2016-01-09 01:00:00,MAITRI,-1.94,57.16,965.03,62.51,7.85,67.02,11.17,14.12,18346.66,46.92,4590.71,25
2016-01-09 01:05:00,MAITRI,-2.0,57.42,965.92,60.81,0.0,62.52,10.42,14.12,18343.02,43.76,4590.53,25
2016-01-09 01:10:00,MAITRI,-1.83,57.83,966.0,58.82,0.0,60.92,10.15,14.12,18339.46,42.64,4590.36,25
2016-01-09 01:15:00,MAITRI,-1.96,58.18,965.92,57.2,0.0,70.36,11.73,14.12,18335.36,49.25,4590.19,25
2016-01-09 01:20:00,MAITRI,-2.31,58.34,965.89,56.33,15.9,62.94,10.49,14.13,18331.69,44.06,4590.01,26
2016-01-09 01:25:00,MAITRI,-2.12,59.07,965.14,56.74,4.68,44.4,7.4,14.13,18329.1,31.08,4589.83,26
2016-01-09 01:30:00,MAITRI,-2.46,59.33,965.63,56.05,13.41,43.49,7.25,14.14,18326.56,30.44,4589.65,25
2016-01-09 01:35:00,MAITRI,-2.64,59.67,966.3,55.84,7.05,43.95,7.32,14.14,18324.0,30.76,4589.49,24
2016-01-09 01:40:00,MAITRI,-2.68,59.74,966.23,54.62,0.0,43.59,7.26,14.14,18321.46,30.51,4589.32,24
2016-01-09 01:45:00,MAITRI,-2.97,60.05,965.48,55.87,0.0,45.07,7.51,14.14,18318.83,31.55,4589.15,24
2016-01-09 01:50:00,MAITRI,-2.61,59.88,965.62,55.34,0.0,44.88,7.48,14.14,18316.21,31.42,4588.99,24
2016-01-09 01:55:00,MAITRI,-2.74,60.28,966.15,57.08,1.49,45.0,7.5,14.14,18313.58,31.5,4588.82,24
2016-01-09 02:00:00,MAITRI,-2.98,60.12,965.61,59.64,0.0,41.19,6.86,14.1,18311.18,28.83,4588.65,24
2016-01-09 02:05:00,MAITRI,-2.91,60.21,965.68,60.09,0.0,46.67,7.78,14.1,18308.46,32.67,4588.49,24
2016-01-09 02:10:00,MAITRI,-3.4,60.18,964.62,61.88,0.75,42.9,7.15,14.08,18305.96,30.03,4588.32,24
2016-01-09 02:15:00,MAITRI,-3.5,61.02,964.87,62.75,8.35,42.04,7.01,14.06,18303.5,29.42,4588.15,24
2016-01-09 02:20:00,MAITRI,-3.22,60.91,964.7,62.12,0.0,41.67,6.95,14.02,18301.07,29.17,4587.99,24
2016-01-09 02:25:00,MAITRI,-3.82,61.5,963.54,63.47,0.0,43.03,7.17,14.02,18298.56,30.12,4587.83,23
2016-01-09 02:30:00,MAITRI,-3.35,62.39,963.17,61.47,7.02,41.52,6.92,13.98,18296.14,29.07,4587.66,24
2016-01-09 02:35:00,MAITRI,-3.07,62.53,963.82,60.47,5.14,42.7,7.12,13.96,18293.65,29.89,4587.49,24
2016-01-09 02:40:00,MAITRI,-3.78,62.71,962.98,62.09,0.78,44.19,7.37,13.96,18291.07,30.94,4587.33,23
2016-01-09 02:45:00,MAITRI,-3.9,62.37,963.59,60.61,0.18,43.35,7.22,13.96,18288.54,30.34,4587.17,23
2016-01-09 02:50:00,MAITRI,-3.38,62.31,964.47,62.36,0.0,41.36,6.89,13.93,18286.13,28.95,4587.02,22
2016-01-09 02:55:00,MAITRI,-3.14,62.25,964.59,60.5,8.98,44.22,7.37,13.94,18283.55,30.96,4586.86,23
2016-01-09 03:00:00,MAITRI,-3.17,62.16,964.5,58.79,1.18,43.49,7.25,13.94,18281.01,30.44,4586.7,23
2016-01-09 03:05:00,MAITRI,-3.5,62.15,964.49,60.32,2.62,43.92,7.32,13.94,18278.45,30.75,4586.54,23
2016-01-09 03:10:00,MAITRI,-3.77,61.69,964.73,62.05,5.55,44.4,7.4,13.94,18275.86,31.08,4586.37,24
2016-01-09 03:15:00,MAITRI,-3.84,61.63,965.25,62.98,2.59,41.81,6.97,13.9,18273.42,29.27,4586.2,25
2016-01-09 03:20:00,MAITRI,-3.3,62.43,965.53,60.39,0.0,43.28,7.21,13.88,18270.9,30.3,4586.03,25
2016-01-09 03:25:00,MAITRI,-3.05,62.7,966.27,60.25,0.0,44.16,7.36,13.87,18268.32,30.91,4585.85,25
2016-01-09 03:30:00,MAITRI,-2.97,63.26,966.26,59.9,11.95,44.62,7.44,13.88,18265.72,31.24,4585.68,25
2016-01-09 03:35:00,MAITRI,-3.25,62.86,965.96,57.95,0.0,42.3,7.05,13.84,18263.25,29.61,4585.51,25
2016-01-09 03:40:00,MAITRI,-3.48,63.44,965.68,59.75,11.53,47.04,7.84,13.85,18260.51,32.93,4585.33,25
2016-01-09 03:45:00,MAITRI,-3.69,63.13,965.85,61.76,0.0,42.09,7.01,13.8,18258.05,29.46,4585.15,26
2016-01-09 03:50:00,MAITRI,-3.6,62.71,965.56,60.65,0.0,45.24,7.54,13.8,18255.41,31.67,4584.97,26
2016-01-09 03:55:00,MAITRI,-3.23,62.74,965.51,58.1,12.15,43.6,7.27,13.8,18252.87,30.52,4584.8,25
2016-01-09 04:00:00,MAITRI,-3.08,62.92,965.79,57.91,0.0,43.83,7.3,13.78,18250.31,30.68,4584.62,26
2016-01-09 04:05:00,MAITRI,-2.86,62.74,965.59,56.71,8.03,44.3,7.38,13.78,18247.73,31.01,4584.44,25
2016-01-09 04:10:00,MAITRI,-2.98,63.18,965.51,55.41,0.0,42.22,7.04,13.74,18245.27,29.55,4584.27,25
2016-01-09 04:15:00,MAITRI,-2.66,62.6,965.22,53.96,0.0,42.85,7.14,13.72,18242.77,30.0,4584.1,24
2016-01-09 04:20:00,MAITRI,-2.63,61.93,964.94,54.05,3.93,44.18,7.36,13.72,18240.19,30.93,4583.92,26
2016-01-09 04:25:00,MAITRI,-2.65,61.56,965.04,54.08,0.0,43.45,7.24,13.7,18237.66,30.42,4583.75,25
2016-01-09 04:30:00,MAITRI,-2.79,61.44,965.01,56.44,4.57,45.13,7.52,13.71,18235.02,31.59,4583.58,24
2016-01-09 04:35:00,MAITRI,-2.79,56.47,965.05,54.68,0.0,43.98,7.33,13.71,18232.46,30.79,4583.42,23
2016-01-09 04:40:00,MAITRI,-2.92,57.1,965.81,53.64,0.0,42.42,7.07,13.7,18229.98,29.69,4583.26,23
2016-01-09 04:45:00,MAITRI,-3.04,57.45,965.75,52.25,0.61,41.98,7.0,13.68,18227.53,29.39,4583.1,23
2016-01-09 04:50:00,MAITRI,-2.81,58.23,965.8,51.68,1.27,44.61,7.44,13.68,18224.93,31.23,4582.94,23
2016-01-09 04:55:00,MAITRI,-2.67,59.4,966.25,55.23,0.0,41.6,6.93,13.66,18222.5,29.12,4582.79,22
2016-01-09 05:00:00,MAITRI,-2.37,59.9,966.65,54.78,4.86,42.0,7.0,13.66,18220.05,29.4,4582.65,21
2016-01-09 05:05:00,MAITRI,-2.28,60.29,966.11,54.71,4.66,42.96,7.16,13.66,18217.55,30.07,4582.5,21
2016-01-09 05:10:00,MAITRI,-2.29,60.8,966.64,53.24,2.27,41.72,6.95,13.64,18215.11,29.2,4582.35,22
2016-01-09 05:15:00,MAITRI,-3.02,60.96,965.44,55.56,6.9,41.01,6.84,13.62,18212.72,28.71,4582.2,21
2016-01-09 05:20:00,MAITRI,-3.68,61.12,964.17,57.67,0.0,43.0,7.17,13.62,18210.21,30.1,4582.05,22
2016-01-09 05:25:00,MAITRI,-3.33,61.13,964.62,56.96,0.0,41.93,6.99,13.61,18207.77,29.35,4581.9,21
2016-01-09 05:30:00,MAITRI,-3.06,61.19,965.61,56.42,0.0,44.04,7.34,13.61,18205.2,30.83,4581.75,22
2016-01-09 05:35:00,MAITRI,-2.77,61.22,965.46,54.17,0.0,42.09,7.02,13.59,18202.74,29.47,4581.59,23
2016-01-09 05:40:00,MAITRI,-2.65,61.74,965.53,52.81,1.69,43.23,7.2,13.58,18200.22,30.26,4581.43,23
2016-01-09 05:45:00,MAITRI,-2.61,62.03,965.4,56.51,5.52,43.82,7.3,13.59,18197.67,30.67,4581.28,22
2016-01-09 05:50:00,MAITRI,-2.97,61.34,965.03,54.5,0.0,41.24,6.87,13.55,18195.26,28.87,4581.12,23
2016-01-09 05:55:00,MAITRI,-2.85,62.05,964.9,53.04,0.0,42.86,7.14,13.54,18192.76,30.0,4580.97,22
2016-01-09 06:00:00,MAITRI,-2.64,62.01,964.71,51.62,0.0,40.89,6.82,13.51,18190.37,28.62,4580.82,21
2016-01-09 06:05:00,MAITRI,-2.67,61.95,965.25,51.36,20.91,43.81,7.3,13.52,18187.82,30.66,4580.67,22
2016-01-09 06:10:00,MAITRI,-2.72,61.94,965.13,49.85,34.32,41.22,6.87,13.53,18185.41,28.86,4580.51,22
2016-01-09 06:15:00,MAITRI,-2.55,62.32,965.61,48.83,35.56,42.7,7.12,13.55,18182.92,29.89,4580.35,23
2016-01-09 06:20:00,MAITRI,-2.7,61.72,965.17,49.24,44.54,40.3,6.72,13.55,18180.57,28.21,4580.19,23
2016-01-09 06:25:00,MAITRI,-2.7,61.93,965.21,50.79,58.91,39.62,6.6,13.56,18178.26,27.73,4580.04,22
2016-01-09 06:30:00,MAITRI,-2.4,62.52,965.31,52.53,62.08,38.07,6.34,13.56,18176.04,26.65,4579.9,21
2016-01-09 06:35:00,MAITRI,-2.03,62.4,965.57,50.84,81.57,39.55,6.59,13.59,18173.73,27.69,4579.74,22
2016-01-09 06:40:00,MAITRI,-1.99,62.15,965.1,49.54,89.62,39.89,6.65,13.64,18171.41,27.92,4579.59,22
2016-01-09 06:45:00,MAITRI,-1.79,62.6,965.31,50.44,100.48,38.9,6.48,13.68,18169.14,27.23,4579.43,23
2016-01-09 06:50:00,MAITRI,-1.89,62.59,965.32,50.78,126.54,39.54,6.59,13.75,18166.83,27.68,4579.27,23
2016-01-09 06:55:00,MAITRI,-2.19,62.88,965.09,49.51,124.78,40.2,6.7,13.81,18164.49,28.14,4579.1,24
2016-01-09 07:00:00,MAITRI,-2.09,62.42,965.11,49.74,140.86,36.44,6.07,13.85,18162.36,25.51,4578.94,24
2016-01-09 07:05:00,MAITRI,-2.03,62.96,965.73,49.59,138.36,38.34,6.39,13.91,18160.12,26.84,4578.76,25
2016-01-09 07:10:00,MAITRI,-2.11,62.68,965.65,52.56,150.43,38.85,6.47,13.99,18157.86,27.19,4578.59,25
2016-01-09 07:15:00,MAITRI,-2.66,62.37,965.86,55.51,165.79,39.57,6.59,14.08,18155.55,27.7,4578.41,26
2016-01-09 07:20:00,MAITRI,-2.31,59.93,965.19,54.85,187.13,34.65,5.78,14.14,18153.53,24.26,4578.24,25
2016-01-09 07:25:00,MAITRI,-1.99,59.96,965.35,52.75,215.71,34.27,5.71,14.24,18151.53,23.99,4578.07,24
2016-01-09 07:30:00,MAITRI,-1.75,60.16,965.73,54.97,195.53,36.08,6.01,14.34,18149.43,25.25,4577.9,24
2016-01-09 07:35:00,MAITRI,-1.64,61.14,965.83,53.88,210.71,34.75,5.79,14.43,18147.4,24.33,4577.73,25
2016-01-09 07:40:00,MAITRI,-1.8,61.31,966.05,52.75,226.13,35.39,5.9,14.55,18145.33,24.77,4577.56,25
2016-01-09 07:45:00,MAITRI,-1.58,61.3,965.86,52.9,225.87,35.08,5.85,14.66,18143.29,24.55,4577.38,25
2016-01-09 07:50:00,MAITRI,-2.2,60.83,966.54,55.7,234.45,34.43,5.74,14.79,18141.28,24.1,4577.22,24
2016-01-09 07:55:00,MAITRI,-1.96,59.85,966.85,55.55,230.6,31.87,5.31,14.87,18139.42,22.31,4577.06,23
2016-01-09 08:00:00,MAITRI,-1.98,60.23,966.92,54.9,263.01,32.93,5.49,15.0,18137.5,23.05,4576.89,24
2016-01-09 08:05:00,MAITRI,-1.93,60.49,967.43,52.98,265.71,32.11,5.35,15.11,18135.63,22.48,4576.72,25
2016-01-09 08:10:00,MAITRI,-1.64,61.0,967.86,51.61,292.79,33.61,5.6,15.26,18133.67,23.52,4576.55,24
2016-01-09 08:15:00,MAITRI,-1.52,61.01,967.72,51.6,309.69,29.89,4.98,15.39,18131.92,20.92,4576.37,25
2016-01-09 08:20:00,MAITRI,-1.23,61.16,967.98,49.79,311.02,31.35,5.23,15.54,18130.09,21.95,4576.2,25
2016-01-09 08:25:00,MAITRI,-0.93,61.17,968.0,48.25,334.64,31.41,5.23,15.72,18128.26,21.99,4576.02,26
2016-01-09 08:30:00,MAITRI,-0.83,61.07,968.22,48.43,340.12,31.4,5.23,15.9,18126.43,21.98,4575.84,26
2016-01-09 08:35:00,MAITRI,-1.09,61.15,968.16,51.35,336.44,68.08,11.35,16.07,18122.46,47.65,4575.67,25
2016-01-09 08:40:00,MAITRI,-0.75,61.15,967.81,49.75,349.42,58.2,9.7,16.25,18119.06,40.74,4575.49,25
2016-01-09 08:45:00,MAITRI,-0.77,61.4,967.83,48.9,350.0,58.07,9.68,16.44,18115.68,40.65,4575.32,25
2016-01-09 08:50:00,MAITRI,-0.94,61.96,967.72,51.62,355.78,68.3,11.38,16.62,18111.69,47.81,4575.15,25
2016-01-09 08:55:00,MAITRI,-0.95,61.81,967.58,51.53,363.54,58.42,9.74,16.81,18108.28,40.89,4574.97,26
2016-01-09 09:00:00,MAITRI,-1.04,62.23,967.59,52.4,367.7,66.78,11.13,17.0,18104.39,46.74,4574.78,26
2016-01-09 09:05:00,MAITRI,-0.83,62.06,967.24,52.71,371.35,64.48,10.75,17.2,18100.63,45.14,4574.6,26
2016-01-09 09:10:00,MAITRI,-0.85,61.79,967.35,54.58,384.94,49.75,8.29,17.4,18097.73,34.82,4574.42,27
2016-01-09 09:15:00,MAITRI,-0.87,61.69,967.33,55.23,385.01,52.87,8.81,17.6,18094.64,37.01,4574.23,27
2016-01-09 09:20:00,MAITRI,-0.91,61.89,967.0,56.64,385.01,53.46,8.91,17.8,18091.52,37.42,4574.04,27
2016-01-09 09:25:00,MAITRI,-1.07,62.13,966.65,57.64,400.13,50.3,8.38,18.01,18088.59,35.21,4573.86,26
2016-01-09 09:30:00,MAITRI,-0.96,62.36,966.57,55.29,410.93,51.62,8.6,18.22,18085.58,36.14,4573.68,26
2016-01-09 09:35:00,MAITRI,-0.87,62.37,966.74,53.74,418.11,65.97,11.0,18.44,18081.73,46.18,4573.49,27
2016-01-09 09:40:00,MAITRI,-0.57,61.96,966.94,51.62,433.25,52.86,8.81,18.67,18078.64,37.0,4573.31,26
2016-01-09 09:45:00,MAITRI,-0.73,62.74,966.39,53.07,441.45,56.0,9.33,18.9,18075.38,39.2,4573.13,26
2016-01-09 09:50:00,MAITRI,-0.51,62.65,966.52,55.05,434.32,54.45,9.07,19.12,18072.2,38.11,4572.94,27
2016-01-09 09:55:00,MAITRI,-0.45,62.64,967.06,54.87,448.52,27.82,4.64,19.36,18070.58,19.48,4572.76,27
2016-01-09 10:00:00,MAITRI,-0.91,61.63,967.62,55.56,454.86,24.18,4.03,19.54,18069.17,16.93,4572.57,27
2016-01-09 10:05:00,MAITRI,-1.14,62.13,967.13,56.96,450.27,26.73,4.45,19.77,18067.61,18.71,4572.38,27
2016-01-09 10:10:00,MAITRI,-0.89,61.63,966.93,58.37,461.16,27.16,4.53,20.01,18066.02,19.01,4572.19,27
2016-01-09 10:15:00,MAITRI,-1.31,61.74,967.7,58.57,464.32,25.23,4.2,20.24,18064.55,17.66,4572.01,26
2016-01-09 10:20:00,MAITRI,-1.03,61.99,967.69,59.87,459.65,25.55,4.26,20.45,18063.06,17.88,4571.83,27
2016-01-09 10:25:00,MAITRI,-0.88,61.97,967.41,58.16,464.64,25.84,4.31,20.67,18061.56,18.09,4571.63,28
2016-01-09 10:30:00,MAITRI,-0.72,61.71,966.99,57.26,476.24,64.37,10.73,20.92,18057.8,45.06,4571.44,28
2016-01-09 10:35:00,MAITRI,-0.95,62.19,966.37,57.11,464.79,51.05,8.51,21.16,18054.82,35.74,4571.25,27
2016-01-09 10:40:00,MAITRI,-0.77,62.55,966.58,55.08,490.99,49.2,8.2,21.42,18051.95,34.44,4571.06,27
2016-01-09 10:45:00,MAITRI,-0.95,63.37,966.15,55.23,487.74,55.88,9.31,21.67,18048.69,39.11,4570.88,26
2016-01-09 10:50:00,MAITRI,-0.71,63.13,965.57,54.9,494.97,46.05,7.68,21.93,18046.01,32.24,4570.7,26
2016-01-09 10:55:00,MAITRI,-0.57,63.4,965.58,52.25,503.18,48.07,8.01,22.2,18043.2,33.65,4570.52,26
2016-01-09 11:00:00,MAITRI,-0.6,62.78,966.01,52.63,502.65,47.27,7.88,22.46,18040.45,33.09,4570.35,25
2016-01-09 11:05:00,MAITRI,-0.26,62.62,965.89,50.43,518.29,54.0,9.0,22.73,18037.3,37.8,4570.18,24
2016-01-09 11:10:00,MAITRI,-0.23,62.82,965.98,52.44,508.7,50.62,8.44,22.99,18034.34,35.44,4570.01,24
2016-01-09 11:15:00,MAITRI,-0.03,62.96,966.35,50.69,524.48,58.81,9.8,23.27,18030.91,41.17,4569.84,25
2016-01-09 11:20:00,MAITRI,0.31,63.39,966.28,50.56,516.05,48.46,8.08,23.53,18028.09,33.92,4569.67,24
2016-01-09 11:25:00,MAITRI,0.49,63.22,966.35,49.57,523.09,50.17,8.36,23.81,18025.16,35.12,4569.5,25
2016-01-09 11:30:00,MAITRI,0.79,63.12,966.68,48.97,533.33,55.31,9.22,24.09,18021.93,38.72,4569.33,25
2016-01-09 11:35:00,MAITRI,0.63,63.51,966.99,51.05,508.9,46.75,7.79,24.35,18019.21,32.73,4569.15,26
2016-01-09 11:40:00,MAITRI,0.47,63.41,967.05,51.73,523.0,52.44,8.74,24.62,18016.15,36.71,4568.96,27
2016-01-09 11:45:00,MAITRI,0.94,63.55,967.52,51.41,508.42,44.58,7.43,24.89,18013.55,31.2,4568.77,27
2016-01-09 11:50:00,MAITRI,0.77,63.25,967.69,51.29,532.93,59.72,9.95,25.17,18010.06,41.8,4568.58,27
2016-01-09 11:55:00,MAITRI,0.84,63.05,968.27,49.61,524.88,60.85,10.14,25.44,18006.51,42.59,4568.4,27
2016-01-09 12:00:00,MAITRI,0.99,63.08,968.25,48.8,528.0,55.35,9.23,25.72,18003.28,38.75,4568.21,27
2016-01-09 12:05:00,MAITRI,0.81,62.87,967.93,47.67,543.13,57.02,9.5,26.0,17999.96,39.92,4568.02,27
2016-01-09 12:10:00,MAITRI,1.0,62.33,968.03,46.34,525.38,58.73,9.79,26.27,17996.53,41.11,4567.84,26
2016-01-09 12:15:00,MAITRI,0.74,61.75,967.81,46.75,537.97,43.68,7.28,26.55,17993.98,30.58,4567.67,25
2016-01-09 12:20:00,MAITRI,0.89,62.24,967.54,46.77,533.34,57.15,9.52,26.83,17990.65,40.0,4567.49,25
2016-01-09 12:25:00,MAITRI,0.67,61.98,967.53,46.95,520.48,60.42,10.07,27.1,17987.12,42.29,4567.31,26
2016-01-09 12:30:00,MAITRI,0.66,61.67,966.7,47.29,523.43,57.37,9.56,27.38,17983.78,40.16,4567.14,25
2016-01-09 12:35:00,MAITRI,0.72,62.0,966.4,47.3,515.13,58.13,9.69,27.64,17980.39,40.69,4566.97,25
2016-01-09 12:40:00,MAITRI,0.7,62.53,966.72,46.8,531.21,60.33,10.06,27.92,17976.87,42.23,4566.78,26
2016-01-09 12:45:00,MAITRI,0.48,62.58,965.85,47.78,523.35,59.4,9.9,28.19,17973.4,41.58,4566.6,26
2016-01-09 12:50:00,MAITRI,0.6,58.67,966.22,46.88,529.06,54.03,9.0,28.47,17970.25,37.82,4566.42,27
2016-01-09 12:55:00,MAITRI,0.27,59.54,966.37,48.63,507.62,51.39,8.56,28.73,17967.25,35.97,4566.24,26
2016-01-09 13:00:00,MAITRI,0.35,60.37,965.93,48.84,526.74,61.11,10.18,29.01,17963.69,42.77,4566.06,25
2016-01-09 13:05:00,MAITRI,0.42,60.44,965.21,48.89,523.87,59.48,9.91,29.28,17960.22,41.63,4565.89,25
2016-01-09 13:10:00,MAITRI,0.12,60.42,965.31,49.91,512.18,24.22,4.04,29.55,17958.81,16.95,4565.72,25
2016-01-09 13:15:00,MAITRI,0.07,61.15,965.84,50.36,519.18,24.16,4.03,29.82,17957.4,16.91,4565.53,26
2016-01-09 13:20:00,MAITRI,-0.1,61.54,965.87,51.18,507.5,24.49,4.08,30.08,17955.97,17.15,4565.35,26
2016-01-09 13:25:00,MAITRI,0.19,61.79,965.6,51.21,483.57,24.77,4.13,30.32,17954.52,17.34,4565.17,27
2016-01-09 13:30:00,MAITRI,0.32,61.8,965.46,49.83,500.8,24.58,4.1,30.57,17953.09,17.21,4564.98,27
2016-01-09 13:35:00,MAITRI,0.75,61.38,966.02,48.96,491.32,26.21,4.37,30.82,17951.56,18.35,4564.78,28
2016-01-09 13:40:00,MAITRI,1.09,60.64,965.59,48.41,470.65,24.58,4.1,31.03,17950.13,17.21,4564.59,28
2016-01-09 13:45:00,MAITRI,0.92,60.98,965.36,49.55,478.85,25.06,4.18,31.26,17948.67,17.54,4564.4,28
2016-01-09 13:50:00,MAITRI,0.81,60.91,964.71,49.87,466.0,25.39,4.23,31.48,17947.18,17.77,4564.2,28
2016-01-09 13:55:00,MAITRI,0.45,61.08,965.13,50.7,468.61,25.28,4.21,31.69,17945.71,17.7,4564.01,28
2016-01-09 14:00:00,MAITRI,0.46,60.58,965.4,50.05,472.11,26.33,4.39,31.93,17944.17,18.43,4563.81,28
2016-01-09 14:05:00,MAITRI,0.86,61.1,965.99,49.4,466.0,26.43,4.4,32.16,17942.63,18.5,4563.61,29
2016-01-09 14:10:00,MAITRI,0.9,61.82,966.02,49.38,448.3,29.24,4.87,32.4,17940.93,20.46,4563.41,29
2016-01-09 14:15:00,MAITRI,0.82,57.46,966.37,50.01,452.17,29.05,4.84,32.63,17939.23,20.33,4563.22,28
2016-01-09 14:20:00,MAITRI,0.96,57.65,966.74,49.73,442.27,28.45,4.74,32.86,17937.57,19.92,4563.02,28
2016-01-09 14:25:00,MAITRI,0.97,57.81,966.98,49.32,407.25,30.48,5.08,33.07,17935.79,21.34,4562.83,28
2016-01-09 14:30:00,MAITRI,0.94,58.59,966.92,50.2,411.24,29.85,4.98,33.29,17934.05,20.9,4562.63,28
2016-01-09 14:35:00,MAITRI,0.95,58.89,966.62,50.12,419.27,29.26,4.88,33.51,17932.35,20.48,4562.44,28
2016-01-09 14:40:00,MAITRI,1.03,58.11,966.51,49.42,402.67,26.47,4.41,33.67,17930.8,18.53,4562.24,28
2016-01-09 14:45:00,MAITRI,1.16,59.28,966.03,49.71,396.88,29.91,4.99,33.88,17929.06,20.94,4562.06,27
2016-01-09 14:50:00,MAITRI,1.26,60.13,965.99,49.6,398.24,27.12,4.52,34.04,17927.48,18.98,4561.86,28
2016-01-09 14:55:00,MAITRI,1.27,59.49,965.75,49.71,388.57,29.75,4.96,34.24,17925.74,20.83,4561.67,28
2016-01-09 15:00:00,MAITRI,1.49,58.64,965.79,49.73,378.44,31.03,5.17,34.44,17923.93,21.72,4561.47,28
2016-01-09 15:05:00,MAITRI,1.67,59.12,965.64,49.95,359.31,31.55,5.26,34.63,17922.09,22.09,4561.28,27
2016-01-09 15:10:00,MAITRI,1.5,59.54,965.52,48.61,343.1,34.22,5.7,34.81,17920.09,23.95,4561.1,27
2016-01-09 15:15:00,MAITRI,1.23,58.2,965.38,49.42,357.18,30.47,5.08,34.99,17918.32,21.33,4560.91,27
2016-01-09 15:20:00,MAITRI,1.09,59.6,965.0,49.95,334.81,32.16,5.36,35.17,17916.44,22.51,4560.72,27
2016-01-09 15:25:00,MAITRI,1.06,60.82,964.49,50.46,346.24,30.62,5.1,35.33,17914.65,21.44,4560.53,28
2016-01-09 15:30:00,MAITRI,1.0,61.08,963.64,51.08,311.17,34.6,5.77,35.49,17912.64,24.22,4560.33,28
2016-01-09 15:35:00,MAITRI,1.09,61.07,964.22,50.69,314.22,32.05,5.34,35.64,17910.77,22.44,4560.14,28
2016-01-09 15:40:00,MAITRI,1.12,61.09,964.62,50.07,297.98,32.48,5.41,35.78,17908.87,22.74,4559.95,27
2016-01-09 15:45:00,MAITRI,0.77,61.75,964.4,52.05,279.46,35.97,6.0,35.93,17906.77,25.18,4559.76,28
2016-01-09 15:50:00,MAITRI,0.52,61.66,964.75,54.38,273.72,34.71,5.79,36.07,17904.75,24.3,4559.56,28
2016-01-09 15:55:00,MAITRI,0.69,62.4,964.95,53.96,268.55,34.79,5.8,36.21,17902.72,24.35,4559.37,28
2016-01-09 16:00:00,MAITRI,0.89,62.68,965.72,53.01,271.39,34.79,5.8,36.35,17900.69,24.35,4559.17,28
2016-01-09 16:05:00,MAITRI,0.59,63.08,965.65,54.73,241.31,36.6,6.1,36.47,17898.55,25.62,4558.98,28
2016-01-09 16:10:00,MAITRI,0.59,63.06,965.62,53.89,244.88,35.57,5.93,36.59,17896.48,24.9,4558.78,29
2016-01-09 16:15:00,MAITRI,0.81,63.78,965.7,52.22,235.15,36.23,6.04,36.71,17894.37,25.36,4558.58,28
2016-01-09 16:20:00,MAITRI,0.61,63.82,965.95,53.42,226.94,38.93,6.49,36.83,17892.09,27.25,4558.39,28
2016-01-09 16:25:00,MAITRI,0.62,63.67,966.19,52.78,207.98,37.74,6.29,36.94,17889.89,26.42,4558.19,28
2016-01-09 16:30:00,MAITRI,0.77,62.99,966.23,52.44,195.17,36.72,6.12,37.02,17887.75,25.7,4558.0,28
2016-01-09 16:35:00,MAITRI,0.87,63.58,966.22,51.64,201.54,38.32,6.39,37.12,17885.52,26.82,4557.81,28
2016-01-09 16:40:00,MAITRI,0.72,63.58,966.25,53.91,185.51,38.95,6.49,37.22,17883.24,27.26,4557.62,27
2016-01-09 16:45:00,MAITRI,0.47,63.36,965.82,55.91,163.23,40.06,6.68,37.3,17880.91,28.04,4557.43,27
2016-01-09 16:50:00,MAITRI,0.64,62.12,965.22,55.96,160.86,37.99,6.33,37.37,17878.69,26.59,4557.24,27
2016-01-09 16:55:00,MAITRI,0.47,62.81,965.09,56.87,140.43,41.65,6.94,37.45,17876.26,29.16,4557.06,26
2016-01-09 17:00:00,MAITRI,0.57,62.19,964.82,57.3,140.16,39.77,6.63,37.52,17873.94,27.84,4556.87,27
2016-01-09 17:05:00,MAITRI,0.67,62.25,964.81,55.13,101.14,42.72,7.12,37.57,17871.45,29.91,4556.68,28
2016-01-09 17:10:00,MAITRI,0.43,62.5,965.14,55.82,121.13,41.88,6.98,37.63,17869.01,29.31,4556.48,29
2016-01-09 17:15:00,MAITRI,0.24,61.98,964.8,55.92,109.5,41.46,6.91,37.69,17866.59,29.02,4556.28,29
2016-01-09 17:20:00,MAITRI,-0.1,60.55,964.71,56.81,83.54,39.99,6.66,37.69,17864.25,27.99,4556.08,28
2016-01-09 17:25:00,MAITRI,0.08,60.72,964.76,56.45,90.55,41.96,6.99,37.74,17861.81,29.37,4555.89,28
2016-01-09 17:30:00,MAITRI,-0.14,60.99,964.71,56.59,59.04,41.37,6.9,37.75,17859.39,28.96,4555.7,27
2016-01-09 17:35:00,MAITRI,-0.09,61.1,964.35,57.77,67.54,41.72,6.95,37.76,17856.96,29.2,4555.51,28
2016-01-09 17:40:00,MAITRI,0.18,61.11,964.38,56.98,46.55,42.96,7.16,37.77,17854.45,30.07,4555.31,28
2016-01-09 17:45:00,MAITRI,0.18,62.08,965.28,55.38,18.7,44.65,7.44,37.78,17851.85,31.26,4555.12,28
2016-01-09 17:50:00,MAITRI,0.1,62.78,965.25,55.51,26.14,44.32,7.39,37.79,17849.26,31.03,4554.92,28
2016-01-09 17:55:00,MAITRI,-0.04,62.91,964.9,53.99,18.73,45.2,7.53,37.8,17846.63,31.64,4554.73,28
2016-01-09 18:00:00,MAITRI,-0.08,63.1,965.25,55.94,2.21,45.51,7.58,37.8,17843.97,31.85,4554.53,28
2016-01-09 18:05:00,MAITRI,0.14,62.98,965.48,54.94,6.56,45.63,7.61,37.8,17841.31,31.94,4554.34,28
2016-01-09 18:10:00,MAITRI,-0.03,63.52,965.61,55.54,0.0,45.44,7.57,37.8,17838.66,31.8,4554.15,28
2016-01-09 18:15:00,MAITRI,0.16,63.33,965.42,55.17,5.34,47.1,7.85,37.8,17835.91,32.97,4553.95,28
2016-01-09 18:20:00,MAITRI,0.14,63.33,965.94,54.07,2.51,45.43,7.57,37.8,17833.26,31.8,4553.76,28
2016-01-09 18:25:00,MAITRI,0.26,63.41,965.45,54.75,0.0,46.44,7.74,37.8,17830.55,32.51,4553.56,28
2016-01-09 18:30:00,MAITRI,0.24,63.22,965.67,55.8,0.0,44.89,7.48,37.79,17827.93,31.43,4553.37,27
2016-01-09 18:35:00,MAITRI,-0.32,62.74,964.57,56.39,0.0,44.05,7.34,37.76,17825.37,30.83,4553.18,28
2016-01-09 18:40:00,MAITRI,-0.45,62.95,965.38,57.28,0.0,44.53,7.42,37.74,17822.77,31.17,4552.99,28
2016-01-09 18:45:00,MAITRI,-0.33,63.69,965.46,54.96,6.16,44.23,7.37,37.73,17820.19,30.96,4552.8,27
2016-01-09 18:50:00,MAITRI,-0.28,63.75,965.81,56.0,3.9,45.8,7.63,37.73,17817.52,32.06,4552.61,27
2016-01-09 18:55:00,MAITRI,-0.22,63.21,966.0,54.76,6.48,47.41,7.9,37.73,17814.75,33.19,4552.42,27
2016-01-09 19:00:00,MAITRI,-0.1,62.7,966.08,54.55,6.43,47.45,7.91,37.73,17811.98,33.21,4552.23,28
2016-01-09 19:05:00,MAITRI,-0.05,63.1,966.49,54.87,5.16,45.26,7.54,37.74,17809.34,31.68,4552.04,27
2016-01-09 19:10:00,MAITRI,-0.0,62.03,966.66,53.88,0.0,43.61,7.27,37.71,17806.8,30.52,4551.85,27
2016-01-09 19:15:00,MAITRI,0.03,62.43,966.88,52.87,17.36,44.84,7.47,37.72,17804.18,31.39,4551.67,26
2016-01-09 19:20:00,MAITRI,-0.43,62.13,966.12,54.19,8.91,44.18,7.36,37.72,17801.61,30.93,4551.49,26
2016-01-09 19:25:00,MAITRI,-0.14,62.84,966.47,53.51,0.0,46.15,7.69,37.72,17798.91,32.31,4551.31,26
2016-01-09 19:30:00,MAITRI,-0.22,62.61,966.08,54.41,0.0,47.4,7.9,37.72,17796.15,33.18,4551.13,26
2016-01-09 19:35:00,MAITRI,-0.27,61.5,966.33,53.25,0.0,43.28,7.21,37.68,17793.62,30.3,4550.94,27
2016-01-09 19:40:00,MAITRI,-0.17,61.87,966.18,53.53,0.0,44.43,7.4,37.67,17791.03,31.1,4550.76,27
2016-01-09 19:45:00,MAITRI,-0.57,61.89,966.52,55.31,0.0,44.66,7.44,37.66,17788.43,31.27,4550.57,27
2016-01-09 19:50:00,MAITRI,-0.6,62.02,967.11,54.36,0.0,44.68,7.45,37.65,17785.82,31.28,4550.38,27
2016-01-09 19:55:00,MAITRI,-0.47,61.06,967.53,55.04,3.55,45.78,7.63,37.65,17783.15,32.05,4550.19,27
2016-01-09 20:00:00,MAITRI,-0.86,60.62,967.6,57.07,0.0,42.49,7.08,37.62,17780.67,29.74,4550.01,26
2016-01-09 20:05:00,MAITRI,-0.72,60.64,967.4,56.08,2.76,44.99,7.5,37.62,17778.05,31.49,4549.84,25
2016-01-09 20:10:00,MAITRI,-1.02,60.26,967.51,57.95,0.0,45.2,7.53,37.62,17775.41,31.64,4549.67,24
2016-01-09 20:15:00,MAITRI,-0.79,60.57,967.02,58.55,6.43,42.4,7.07,37.61,17772.94,29.68,4549.51,23
2016-01-09 20:20:00,MAITRI,-0.67,60.86,966.95,59.29,7.34,43.35,7.22,37.61,17770.41,30.34,4549.35,23
2016-01-09 20:25:00,MAITRI,-0.64,59.88,967.48,58.13,1.07,43.33,7.22,37.61,17767.88,30.33,4549.2,22
2016-01-09 20:30:00,MAITRI,-0.84,59.3,967.48,57.51,2.04,42.51,7.08,37.61,17765.4,29.76,4549.06,21
2016-01-09 20:35:00,MAITRI,-0.91,59.06,967.45,58.25,4.15,42.01,7.0,37.61,17762.95,29.41,4548.91,21
2016-01-09 20:40:00,MAITRI,-0.77,60.2,967.35,56.75,14.03,43.62,7.27,37.62,17760.41,30.54,4548.76,21
2016-01-09 20:45:00,MAITRI,-0.85,60.0,967.24,56.32,0.0,41.66,6.94,37.6,17757.98,29.16,4548.61,22
2016-01-09 20:50:00,MAITRI,-0.97,60.16,967.0,58.2,12.05,42.32,7.05,37.6,17755.51,29.63,4548.45,23
2016-01-09 20:55:00,MAITRI,-1.33,60.16,966.49,58.73,5.28,43.4,7.23,37.6,17752.97,30.38,4548.29,23
2016-01-09 21:00:00,MAITRI,-0.98,55.98,966.71,58.21,0.0,40.94,6.82,37.56,17750.59,28.66,4548.13,23
2016-01-09 21:05:00,MAITRI,-0.97,57.42,966.87,57.53,0.99,43.98,7.33,37.57,17748.02,30.78,4547.98,22
2016-01-09 21:10:00,MAITRI,-0.87,58.16,966.89,56.39,0.0,42.98,7.16,37.57,17745.51,30.08,4547.83,22
2016-01-09 21:15:00,MAITRI,-1.15,58.44,966.87,55.92,1.11,42.86,7.14,37.56,17743.01,30.0,4547.67,23
2016-01-09 21:20:00,MAITRI,-0.87,59.22,966.85,56.53,12.87,42.76,7.13,37.56,17740.52,29.93,4547.5,24
2016-01-09 21:25:00,MAITRI,-0.61,59.72,966.87,56.99,3.81,43.02,7.17,37.56,17738.01,30.11,4547.33,24
2016-01-09 21:30:00,MAITRI,-0.5,60.09,966.75,56.05,0.0,43.59,7.27,37.55,17735.47,30.51,4547.17,24
2016-01-09 21:35:00,MAITRI,-0.44,58.0,966.68,55.3,0.0,45.04,7.51,37.55,17732.84,31.53,4547.01,23
2016-01-09 21:40:00,MAITRI,-0.41,58.67,966.51,56.06,0.0,44.26,7.38,37.55,17730.26,30.98,4546.85,23
2016-01-09 21:45:00,MAITRI,-0.51,59.27,966.66,54.81,0.0,42.58,7.1,37.53,17727.77,29.8,4546.68,24
2016-01-09 21:50:00,MAITRI,-0.72,60.46,966.98,55.87,0.0,43.65,7.28,37.53,17725.23,30.56,4546.51,24
2016-01-09 21:55:00,MAITRI,-0.83,60.79,966.78,56.33,0.0,45.16,7.53,37.53,17722.59,31.61,4546.35,24
2016-01-09 22:00:00,MAITRI,-1.05,61.28,966.19,59.28,2.69,41.17,6.86,37.5,17720.19,28.82,4546.19,23
2016-01-09 22:05:00,MAITRI,-1.05,61.36,966.27,58.51,13.87,44.39,7.4,37.5,17717.6,31.07,4546.03,23
2016-01-09 22:10:00,MAITRI,-1.02,61.41,966.38,59.01,10.95,44.25,7.37,37.51,17715.02,30.97,4545.86,24
2016-01-09 22:15:00,MAITRI,-1.1,62.05,966.59,60.39,0.0,41.48,6.91,37.48,17712.6,29.04,4545.71,22
2016-01-09 22:20:00,MAITRI,-1.47,62.31,966.71,59.92,6.74,42.3,7.05,37.48,17710.13,29.61,4545.56,21
2016-01-09 22:25:00,MAITRI,-1.34,58.96,966.58,58.31,0.0,41.49,6.91,37.47,17707.71,29.04,4545.42,21
2016-01-09 22:30:00,MAITRI,-1.3,59.66,966.97,60.16,0.22,43.16,7.19,37.47,17705.2,30.21,4545.27,21
2016-01-09 22:35:00,MAITRI,-1.52,59.8,966.53,60.88,0.0,43.37,7.23,37.47,17702.67,30.36,4545.12,22
2016-01-09 22:40:00,MAITRI,-1.64,60.89,965.58,61.08,9.89,42.77,7.13,37.47,17700.17,29.94,4544.97,21
2016-01-09 22:45:00,MAITRI,-1.36,60.69,965.5,61.75,14.67,42.93,7.16,37.48,17697.67,30.05,4544.82,22
2016-01-09 22:50:00,MAITRI,-1.25,60.97,965.82,62.57,4.21,42.36,7.06,37.47,17695.2,29.65,4544.66,23
2016-01-09 22:55:00,MAITRI,-1.56,61.58,964.97,62.38,0.0,41.33,6.89,37.43,17692.79,28.93,4544.5,23
2016-01-09 23:00:00,MAITRI,-1.66,61.63,964.99,61.15,0.0,43.59,7.26,37.43,17690.24,30.51,4544.34,23
2016-01-09 23:05:00,MAITRI,-1.72,61.7,965.28,60.24,0.0,42.81,7.13,37.42,17687.75,29.97,4544.18,23
2016-01-09 23:10:00,MAITRI,-1.96,62.17,965.16,59.3,7.66,41.79,6.97,37.4,17685.31,29.25,4544.02,23
2016-01-09 23:15:00,MAITRI,-1.75,61.89,965.47,61.28,0.0,42.23,7.04,37.38,17682.84,29.56,4543.87,22
2016-01-09 23:20:00,MAITRI,-1.86,62.12,965.54,60.08,11.22,44.05,7.34,37.39,17680.27,30.84,4543.71,23
2016-01-09 23:25:00,MAITRI,-2.0,61.78,965.55,59.08,0.0,42.89,7.15,37.38,17677.77,30.02,4543.56,22
2016-01-09 23:30:00,MAITRI,-1.99,61.94,965.8,60.2,0.96,41.8,6.97,37.36,17675.33,29.26,4543.4,22
2016-01-09 23:35:00,MAITRI,-1.8,62.17,965.77,60.51,0.0,42.99,7.17,37.36,17672.83,30.09,4543.25,22
2016-01-09 23:40:00,MAITRI,-1.74,62.24,965.96,59.76,3.95,45.2,7.53,37.36,17670.19,31.64,4543.09,23
2016-01-09 23:45:00,MAITRI,-1.54,62.39,965.57,58.48,0.0,42.95,7.16,37.35,17667.68,30.07,4542.92,24
2016-01-09 23:50:00,MAITRI,-1.81,62.23,965.28,59.66,0.0,42.8,7.13,37.33,17665.19,29.96,4542.76,23
2016-01-09 23:55:00,MAITRI,-1.93,62.43,965.59,61.6,2.07,43.5,7.25,37.33,17662.65,30.45,4542.6,24
2016-01-10 00:00:00,MAITRI,-2.38,62.13,965.51,63.0,0.0,44.21,7.37,37.33,17660.07,30.95,4542.43,24
2016-01-10 00:05:00,MAITRI,-2.2,62.25,966.01,62.44,0.0,44.12,7.35,37.33,17657.5,30.88,4542.26,24
2016-01-10 00:10:00,MAITRI,-2.13,58.19,965.59,62.28,0.0,43.46,7.24,37.33,17654.96,30.42,4542.1,24
2016-01-10 00:15:00,MAITRI,-2.5,58.89,964.6,63.41,0.0,43.9,7.32,37.33,17652.4,30.73,4541.93,24
2016-01-10 00:20:00,MAITRI,-2.56,58.32,964.52,61.67,0.0,42.39,7.07,37.31,17649.93,29.68,4541.77,23
2016-01-10 00:25:00,MAITRI,-2.53,58.8,965.4,61.37,9.09,44.83,7.47,37.32,17647.31,31.38,4541.6,24
2016-01-10 00:30:00,MAITRI,-2.5,59.35,966.24,61.41,2.27,43.74,7.29,37.32,17644.76,30.62,4541.44,24
2016-01-10 00:35:00,MAITRI,-2.36,55.58,966.21,61.63,10.29,41.5,6.92,37.3,17642.34,29.05,4541.27,24
2016-01-10 00:40:00,MAITRI,-2.3,56.29,966.53,59.76,2.17,43.03,7.17,37.3,17639.83,30.12,4541.11,23
2016-01-10 00:45:00,MAITRI,-2.1,57.75,967.09,58.21,0.0,43.28,7.21,37.3,17637.31,30.3,4540.95,23
2016-01-10 00:50:00,MAITRI,-2.14,58.74,967.57,58.52,0.0,40.75,6.79,37.26,17634.93,28.53,4540.79,23
2016-01-10 00:55:00,MAITRI,-2.37,59.28,967.17,59.07,0.0,43.83,7.31,37.26,17632.37,30.68,4540.64,22
2016-01-10 01:00:00,MAITRI,-2.38,59.5,967.51,58.81,4.11,41.77,6.96,37.24,17629.94,29.24,4540.48,23
2016-01-10 01:05:00,MAITRI,-2.69,59.77,966.98,60.47,13.07,41.95,6.99,37.24,17627.49,29.36,4540.33,22
2016-01-10 01:10:00,MAITRI,-2.8,60.33,966.81,62.25,0.04,43.12,7.19,37.24,17624.97,30.19,4540.17,22
2016-01-10 01:15:00,MAITRI,-2.8,60.42,967.2,60.25,0.0,40.29,6.72,37.2,17622.62,28.2,4540.03,21
2016-01-10 01:20:00,MAITRI,-3.01,60.79,966.89,60.89,3.25,45.03,7.51,37.2,17620.0,31.52,4539.87,22
2016-01-10 01:25:00,MAITRI,-2.66,60.23,966.81,61.34,0.0,42.87,7.14,37.2,17617.5,30.01,4539.72,22
2016-01-10 01:30:00,MAITRI,-3.13,60.47,966.87,60.25,1.81,44.92,7.49,37.2,17614.88,31.44,4539.56,23
2016-01-10 01:35:00,MAITRI,-2.87,60.02,967.2,59.28,5.46,43.99,7.33,37.2,17612.31,30.79,4539.4,23
2016-01-10 01:40:00,MAITRI,-2.78,60.53,967.25,59.6,5.32,44.2,7.37,37.21,17609.73,30.94,4539.24,24
2016-01-10 01:45:00,MAITRI,-2.72,60.38,967.33,58.47,10.68,43.52,7.25,37.21,17607.19,30.46,4539.06,25
2016-01-10 01:50:00,MAITRI,-2.78,60.85,967.45,57.82,2.49,44.91,7.48,37.21,17604.57,31.43,4538.89,25
2016-01-10 01:55:00,MAITRI,-2.92,60.68,967.36,56.54,0.0,43.42,7.24,37.2,17602.04,30.4,4538.72,25
2016-01-10 02:00:00,MAITRI,-3.18,61.25,967.35,54.96,7.26,42.53,7.09,37.17,17599.56,29.77,4538.54,25
2016-01-10 02:05:00,MAITRI,-2.79,61.44,967.36,53.17,0.0,40.76,6.79,37.13,17597.18,28.53,4538.38,23
2016-01-10 02:10:00,MAITRI,-2.85,61.95,967.11,52.44,7.14,41.4,6.9,37.1,17594.77,28.98,4538.23,22
2016-01-10 02:15:00,MAITRI,-3.1,62.68,966.64,54.36,0.0,44.08,7.35,37.1,17592.19,30.85,4538.08,22
2016-01-10 02:20:00,MAITRI,-3.0,62.41,967.13,54.34,0.0,42.7,7.12,37.1,17589.7,29.89,4537.93,21
2016-01-10 02:25:00,MAITRI,-2.88,62.73,967.18,54.68,5.53,42.32,7.05,37.1,17587.24,29.62,4537.78,22
2016-01-10 02:30:00,MAITRI,-3.46,62.04,966.06,57.02,0.0,44.54,7.42,37.1,17584.64,31.18,4537.62,23
2016-01-10 02:35:00,MAITRI,-3.35,61.97,965.93,55.42,0.0,43.71,7.28,37.1,17582.09,30.6,4537.46,23
2016-01-10 02:40:00,MAITRI,-3.07,61.6,966.62,55.52,1.98,46.14,7.69,37.1,17579.4,32.3,4537.3,23
2016-01-10 02:45:00,MAITRI,-3.24,61.35,967.22,56.85,0.0,44.49,7.41,37.1,17576.8,31.14,4537.14,23
2016-01-10 02:50:00,MAITRI,-2.8,61.47,966.89,55.34,0.0,44.1,7.35,37.1,17574.23,30.87,4536.98,23
2016-01-10 02:55:00,MAITRI,-3.13,61.7,966.59,53.82,3.38,41.47,6.91,37.07,17571.81,29.03,4536.83,22
2016-01-10 03:00:00,MAITRI,-3.05,61.49,966.75,52.01,0.86,43.8,7.3,37.07,17569.25,30.66,4536.67,22
2016-01-10 03:05:00,MAITRI,-3.03,61.74,967.23,51.07,11.33,42.99,7.17,37.08,17566.75,30.09,4536.51,23
2016-01-10 03:10:00,MAITRI,-3.25,61.81,967.36,54.15,0.0,43.8,7.3,37.08,17564.19,30.66,4536.35,24
2016-01-10 03:15:00,MAITRI,-2.81,61.75,967.16,52.76,0.0,43.45,7.24,37.07,17561.66,30.42,4536.18,24
2016-01-10 03:20:00,MAITRI,-2.61,62.06,966.77,51.46,2.25,42.54,7.09,37.05,17559.18,29.78,4536.01,24
2016-01-10 03:25:00,MAITRI,-2.54,62.82,967.12,51.67,6.1,43.04,7.17,37.04,17556.66,30.13,4535.85,24
2016-01-10 03:30:00,MAITRI,-2.28,62.27,967.22,53.45,2.11,46.0,7.67,37.04,17553.98,32.2,4535.68,24
2016-01-10 03:35:00,MAITRI,-2.26,61.68,966.92,52.86,11.77,45.06,7.51,37.05,17551.35,31.54,4535.52,23
2016-01-10 03:40:00,MAITRI,-2.24,62.09,966.71,51.49,10.54,41.05,6.84,37.02,17548.96,28.74,4535.36,23
2016-01-10 03:45:00,MAITRI,-1.91,62.57,966.62,53.11,3.89,41.98,7.0,36.99,17546.51,29.39,4535.2,23
2016-01-10 03:50:00,MAITRI,-2.76,62.81,965.46,55.78,4.22,42.23,7.04,36.97,17544.05,29.56,4535.04,23
2016-01-10 03:55:00,MAITRI,-2.76,62.52,965.31,55.08,0.0,40.95,6.82,36.93,17541.66,28.66,4534.88,23
2016-01-10 04:00:00,MAITRI,-2.7,62.83,965.11,53.95,8.06,41.41,6.9,36.91,17539.24,28.99,4534.73,22
2016-01-10 04:05:00,MAITRI,-2.7,62.36,966.15,52.86,0.0,43.02,7.17,36.91,17536.73,30.11,4534.58,21
2016-01-10 04:10:00,MAITRI,-2.49,62.65,966.0,52.3,11.53,43.77,7.29,36.91,17534.18,30.64,4534.43,22
2016-01-10 04:15:00,MAITRI,-2.13,62.8,965.85,50.89,0.0,44.23,7.37,36.91,17531.6,30.96,4534.28,22
2016-01-10 04:20:00,MAITRI,-1.98,62.55,966.05,50.46,5.55,44.09,7.35,36.91,17529.03,30.86,4534.12,23
2016-01-10 04:25:00,MAITRI,-1.87,62.38,966.31,50.89,0.0,43.06,7.18,36.91,17526.52,30.14,4533.96,23
2016-01-10 04:30:00,MAITRI,-1.71,62.81,966.69,50.9,1.73,43.07,7.18,36.89,17524.0,30.15,4533.79,24
2016-01-10 04:35:00,MAITRI,-1.44,62.64,966.36,49.93,0.0,43.19,7.2,36.88,17521.48,30.24,4533.62,24
2016-01-10 04:40:00,MAITRI,-1.61,62.16,966.43,50.1,0.0,42.61,7.1,36.86,17519.0,29.83,4533.47,23
2016-01-10 04:45:00,MAITRI,-1.56,62.02,966.34,50.51,0.0,44.86,7.48,36.86,17516.38,31.41,4533.31,23
2016-01-10 04:50:00,MAITRI,-1.58,61.8,966.28,49.95,0.0,42.98,7.16,36.85,17513.87,30.08,4533.15,23
2016-01-10 04:55:00,MAITRI,-1.66,62.08,966.88,50.26,0.0,42.15,7.03,36.83,17511.41,29.51,4532.99,23
2016-01-10 05:00:00,MAITRI,-2.13,62.99,966.32,52.41,7.2,41.79,6.96,36.8,17508.98,29.25,4532.82,24
2016-01-10 05:05:00,MAITRI,-2.26,63.1,966.44,51.3,0.0,43.46,7.24,36.79,17506.44,30.42,4532.65,24
2016-01-10 05:10:00,MAITRI,-2.71,62.83,966.84,54.16,4.46,43.36,7.23,36.79,17503.91,30.35,4532.49,23
2016-01-10 05:15:00,MAITRI,-2.83,62.63,966.72,53.19,0.0,42.15,7.03,36.77,17501.45,29.51,4532.33,23
2016-01-10 05:20:00,MAITRI,-2.93,62.11,966.19,54.07,14.29,41.21,6.87,36.73,17499.05,28.85,4532.17,24
2016-01-10 05:25:00,MAITRI,-2.49,58.71,965.94,55.48,0.0,41.72,6.95,36.7,17496.62,29.2,4532.0,24
2016-01-10 05:30:00,MAITRI,-2.35,58.44,966.01,54.93,0.0,43.6,7.27,36.7,17494.07,30.52,4531.84,23
2016-01-10 05:35:00,MAITRI,-2.17,58.48,966.22,54.75,7.96,41.89,6.98,36.69,17491.63,29.32,4531.68,23
2016-01-10 05:40:00,MAITRI,-2.2,58.58,966.09,53.78,0.0,43.36,7.23,36.68,17489.1,30.35,4531.51,24
2016-01-10 05:45:00,MAITRI,-2.28,58.61,966.83,52.03,16.18,43.24,7.21,36.69,17486.58,30.27,4531.35,24
2016-01-10 05:50:00,MAITRI,-2.26,59.0,966.67,52.62,8.89,41.43,6.91,36.66,17484.16,29.0,4531.18,24
2016-01-10 05:55:00,MAITRI,-2.31,59.54,966.52,51.38,0.0,43.22,7.2,36.66,17481.64,30.25,4531.02,23
2016-01-10 06:00:00,MAITRI,-2.17,60.03,967.14,50.3,0.0,40.96,6.83,36.61,17479.25,28.67,4530.85,24
2016-01-10 06:05:00,MAITRI,-2.28,61.34,966.91,48.97,0.53,43.28,7.21,36.6,17476.73,30.29,4530.68,25
2016-01-10 06:10:00,MAITRI,-2.47,61.94,966.6,49.46,44.2,42.88,7.15,36.62,17474.23,30.02,4530.51,24
2016-01-10 06:15:00,MAITRI,-2.35,62.07,967.71,49.75,27.8,43.54,7.26,36.64,17471.69,30.48,4530.35,24
2016-01-10 06:20:00,MAITRI,-2.34,62.51,967.62,48.96,31.61,41.91,6.98,36.65,17469.24,29.34,4530.19,23
2016-01-10 06:25:00,MAITRI,-2.46,62.75,967.68,49.6,48.81,44.54,7.42,36.67,17466.64,31.18,4530.03,23
2016-01-10 06:30:00,MAITRI,-2.73,62.33,967.24,51.67,74.74,39.27,6.54,36.69,17464.35,27.49,4529.87,22
2016-01-10 06:35:00,MAITRI,-2.77,62.46,967.52,52.86,86.94,39.13,6.52,36.73,17462.07,27.39,4529.72,22
2016-01-10 06:40:00,MAITRI,-2.66,62.25,966.98,51.42,102.24,37.62,6.27,36.77,17459.88,26.33,4529.58,21
2016-01-10 06:45:00,MAITRI,-2.29,62.26,966.9,51.19,113.95,39.23,6.54,36.83,17457.59,27.46,4529.43,21
2016-01-10 06:50:00,MAITRI,-2.31,62.65,967.03,49.82,119.15,36.46,6.08,36.86,17455.46,25.52,4529.28,21
2016-01-10 06:55:00,MAITRI,-2.07,62.82,966.78,49.58,135.25,37.42,6.24,36.93,17453.28,26.19,4529.13,22
2016-01-10 07:00:00,MAITRI,-1.95,62.44,966.98,49.12,140.13,38.06,6.34,37.0,17451.06,26.64,4528.98,22
2016-01-10 07:05:00,MAITRI,-1.79,60.39,967.59,49.31,152.22,37.12,6.19,37.08,17448.89,25.99,4528.82,23
2016-01-10 07:10:00,MAITRI,-1.61,61.1,967.88,47.52,170.82,36.16,6.03,37.15,17446.78,25.32,4528.65,24
2016-01-10 07:15:00,MAITRI,-1.44,59.53,968.19,47.73,170.13,38.55,6.43,37.24,17444.53,26.99,4528.49,24
2016-01-10 07:20:00,MAITRI,-1.51,59.09,968.48,47.45,196.87,34.93,5.82,37.34,17442.5,24.45,4528.33,23
2016-01-10 07:25:00,MAITRI,-1.82,59.24,968.13,49.31,198.99,36.18,6.03,37.44,17440.39,25.32,4528.17,23
2016-01-10 07:30:00,MAITRI,-1.49,59.44,967.93,48.22,197.1,35.73,5.96,37.54,17438.3,25.01,4528.01,23
2016-01-10 07:35:00,MAITRI,-1.39,59.84,967.77,48.03,230.14,33.9,5.65,37.66,17436.32,23.73,4527.85,23
2016-01-10 07:40:00,MAITRI,-1.22,59.94,967.95,47.23,220.75,34.49,5.75,37.78,17434.31,24.14,4527.69,23
2016-01-10 07:45:00,MAITRI,-1.87,59.41,968.49,51.07,223.34,36.22,6.04,37.89,17432.2,25.36,4527.53,23
2016-01-10 07:50:00,MAITRI,-1.94,59.44,967.8,51.79,230.59,30.58,5.1,37.95,17430.42,21.41,4527.37,23
2016-01-10 07:55:00,MAITRI,-2.03,60.03,968.29,51.39,258.97,31.17,5.2,38.05,17428.6,21.82,4527.2,24
2016-01-10 08:00:00,MAITRI,-1.94,60.29,968.16,50.87,261.76,34.44,5.74,38.18,17426.59,24.11,4527.03,25
2016-01-10 08:05:00,MAITRI,-1.71,60.45,967.9,50.87,281.04,31.75,5.29,38.31,17424.74,22.23,4526.85,25
2016-01-10 08:10:00,MAITRI,-1.49,60.78,968.02,49.49,290.55,32.53,5.42,38.46,17422.84,22.77,4526.68,25
2016-01-10 08:15:00,MAITRI,-1.23,61.35,967.56,47.97,293.63,30.82,5.14,38.58,17421.04,21.58,4526.51,25
2016-01-10 08:20:00,MAITRI,-1.42,61.28,967.19,47.08,302.19,30.65,5.11,38.72,17419.25,21.45,4526.34,24
2016-01-10 08:25:00,MAITRI,-0.95,61.51,967.08,46.09,323.66,30.02,5.0,38.87,17417.5,21.01,4526.17,24
2016-01-10 08:30:00,MAITRI,-1.07,61.6,966.62,47.72,328.14,32.65,5.44,39.04,17415.6,22.85,4526.0,25
2016-01-10 08:35:00,MAITRI,-1.17,61.99,966.52,46.88,341.1,29.26,4.88,39.19,17413.89,20.48,4525.83,25
2016-01-10 08:40:00,MAITRI,-1.09,62.44,966.31,47.93,345.93,30.8,5.13,39.37,17412.09,21.56,4525.65,25
2016-01-10 08:45:00,MAITRI,-1.0,62.21,966.02,47.1,348.65,32.04,5.34,39.56,17410.22,22.43,4525.48,25
2016-01-10 08:50:00,MAITRI,-1.19,61.81,965.1,47.85,347.28,30.73,5.12,39.74,17408.43,21.51,4525.31,25
2016-01-10 08:55:00,MAITRI,-1.72,60.87,964.5,49.7,365.17,30.56,5.09,39.93,17406.65,21.39,4525.12,26
2016-01-10 09:00:00,MAITRI,-1.61,60.87,964.84,52.18,373.68,29.35,4.89,40.12,17404.94,20.55,4524.95,25
2016-01-10 09:05:00,MAITRI,-1.43,59.05,964.69,51.16,383.66,26.38,4.4,40.28,17403.4,18.46,4524.78,25
2016-01-10 09:10:00,MAITRI,-1.34,59.48,965.04,50.14,391.23,27.81,4.64,40.47,17401.77,19.47,4524.6,25
2016-01-10 09:15:00,MAITRI,-1.55,60.2,965.78,51.42,379.1,29.39,4.9,40.67,17400.06,20.57,4524.42,26
2016-01-10 09:20:00,MAITRI,-1.38,60.28,965.33,51.42,420.67,28.93,4.82,40.89,17398.37,20.25,4524.24,26
2016-01-10 09:25:00,MAITRI,-1.03,60.64,965.4,52.17,405.25,28.05,4.68,41.1,17396.74,19.64,4524.06,26
2016-01-10 09:30:00,MAITRI,-0.7,60.75,965.12,51.23,428.47,27.15,4.53,41.31,17395.15,19.01,4523.88,26
2016-01-10 09:35:00,MAITRI,-0.45,61.14,965.25,49.97,433.81,25.38,4.23,41.5,17393.67,17.77,4523.69,27
2016-01-10 09:40:00,MAITRI,-0.57,61.7,965.1,51.23,446.11,27.8,4.63,41.73,17392.05,19.46,4523.5,28
2016-01-10 09:45:00,MAITRI,-0.69,61.94,964.8,50.03,437.63,28.02,4.67,41.96,17390.42,19.62,4523.31,28
2016-01-10 09:50:00,MAITRI,-0.33,61.4,965.21,48.48,457.55,27.43,4.57,42.19,17388.82,19.2,4523.11,28
2016-01-10 09:55:00,MAITRI,-0.28,61.74,965.1,47.62,454.83,27.72,4.62,42.43,17387.2,19.4,4522.91,29
2016-01-10 10:00:00,MAITRI,-0.23,62.06,965.09,47.05,457.6,27.72,4.62,42.67,17385.58,19.4,4522.71,29
2016-01-10 10:05:00,MAITRI,-0.15,62.23,965.06,46.91,468.2,25.13,4.19,42.88,17384.12,17.59,4522.51,28
2016-01-10 10:10:00,MAITRI,-0.28,62.52,965.63,47.87,453.39,30.01,5.0,43.12,17382.37,21.01,4522.32,28
2016-01-10 10:15:00,MAITRI,-0.17,62.37,964.99,47.67,474.27,25.2,4.2,43.35,17380.9,17.64,4522.13,27
2016-01-10 10:20:00,MAITRI,0.03,61.73,965.05,46.82,473.16,26.65,4.44,43.59,17379.34,18.65,4521.94,27
2016-01-10 10:25:00,MAITRI,0.28,61.42,965.63,46.0,493.36,25.8,4.3,43.85,17377.84,18.06,4521.76,26
2016-01-10 10:30:00,MAITRI,-0.04,61.92,965.52,46.91,494.51,26.4,4.4,44.11,17376.3,18.48,4521.58,27
2016-01-10 10:35:00,MAITRI,-0.05,62.26,965.74,47.78,494.01,23.03,3.84,44.32,17374.95,16.12,4521.39,27
2016-01-10 10:40:00,MAITRI,0.08,58.48,965.65,46.59,508.86,24.56,4.09,44.59,17373.52,17.19,4521.21,26
2016-01-10 10:45:00,MAITRI,0.21,59.13,966.04,45.53,508.96,26.34,4.39,44.85,17371.98,18.44,4521.02,27
2016-01-10 10:50:00,MAITRI,0.17,59.28,966.43,48.2,501.2,25.73,4.29,45.11,17370.48,18.01,4520.84,26
2016-01-10 10:55:00,MAITRI,0.25,59.55,966.61,47.37,518.97,24.87,4.15,45.38,17369.03,17.41,4520.66,26
2016-01-10 11:00:00,MAITRI,0.42,59.59,966.19,48.61,502.43,22.81,3.8,45.62,17367.7,15.97,4520.48,26
2016-01-10 11:05:00,MAITRI,0.23,59.77,966.53,48.98,503.12,23.94,3.99,45.88,17366.3,16.76,4520.31,25
2016-01-10 11:10:00,MAITRI,0.45,59.98,967.16,47.54,519.56,23.68,3.95,46.15,17364.92,16.57,4520.14,24
2016-01-10 11:15:00,MAITRI,0.65,59.98,967.24,45.61,540.86,22.79,3.8,46.43,17363.59,15.95,4519.97,25
2016-01-10 11:20:00,MAITRI,0.69,59.82,966.85,45.45,524.24,22.95,3.82,46.7,17362.26,16.06,4519.79,25
2016-01-10 11:25:00,MAITRI,0.17,60.87,965.86,47.26,522.71,20.89,3.48,46.92,17361.04,14.62,4519.61,26
2016-01-10 11:30:00,MAITRI,0.33,60.81,966.04,46.03,531.83,23.2,3.87,47.2,17359.68,16.24,4519.43,26
2016-01-10 11:35:00,MAITRI,0.29,60.94,965.37,46.61,530.78,22.51,3.75,47.46,17358.37,15.76,4519.25,26
2016-01-10 11:40:00,MAITRI,0.67,61.69,966.07,46.74,534.28,22.34,3.72,47.72,17357.07,15.63,4519.07,26
2016-01-10 11:45:00,MAITRI,0.61,61.97,965.79,46.99,530.52,20.6,3.43,47.94,17355.87,14.42,4518.89,26
2016-01-10 11:50:00,MAITRI,0.99,62.04,966.53,46.81,526.51,24.52,4.09,48.21,17354.44,17.16,4518.7,27
2016-01-10 11:55:00,MAITRI,1.1,61.71,967.49,45.39,533.95,24.92,4.15,48.49,17352.98,17.44,4518.51,27
2016-01-10 12:00:00,MAITRI,1.35,62.03,966.7,45.21,545.17,26.16,4.36,48.78,17351.46,18.31,4518.32,28
2016-01-10 12:05:00,MAITRI,1.62,61.7,966.29,45.25,550.31,21.61,3.6,49.04,17350.2,15.13,4518.13,27
2016-01-10 12:10:00,MAITRI,1.46,61.84,966.54,44.36,533.74,23.33,3.89,49.31,17348.83,16.33,4517.94,27
2016-01-10 12:15:00,MAITRI,1.51,61.92,966.13,45.01,544.75,20.49,3.41,49.55,17347.64,14.34,4517.76,26
2016-01-10 12:20:00,MAITRI,1.49,62.0,966.71,44.63,532.76,23.72,3.95,49.82,17346.26,16.6,4517.58,26
2016-01-10 12:25:00,MAITRI,1.53,62.18,966.42,44.47,533.89,23.77,3.96,50.1,17344.87,16.64,4517.4,26
2016-01-10 12:30:00,MAITRI,1.69,62.3,966.43,44.16,524.19,21.45,3.57,50.33,17343.62,15.01,4517.22,26
2016-01-10 12:35:00,MAITRI,1.55,62.77,965.74,44.82,535.15,23.07,3.84,50.6,17342.27,16.15,4517.03,27
2016-01-10 12:40:00,MAITRI,1.05,62.53,965.02,46.84,531.66,23.61,3.94,50.87,17340.9,16.53,4516.85,26
2016-01-10 12:45:00,MAITRI,0.74,62.73,965.35,48.15,525.72,24.12,4.02,51.15,17339.49,16.88,4516.67,26
2016-01-10 12:50:00,MAITRI,0.87,59.28,965.56,47.32,536.26,25.47,4.24,51.43,17338.0,17.83,4516.49,27
2016-01-10 12:55:00,MAITRI,1.06,59.2,965.48,46.15,527.44,20.27,3.38,51.65,17336.82,14.19,4516.31,26
2016-01-10 13:00:00,MAITRI,1.18,59.8,965.39,44.77,523.93,22.95,3.82,51.91,17335.48,16.06,4516.12,26
2016-01-10 13:05:00,MAITRI,0.97,60.26,964.88,46.19,526.99,22.4,3.73,52.16,17334.18,15.68,4515.94,27
2016-01-10 13:10:00,MAITRI,0.88,60.31,964.24,47.2,503.39,26.2,4.37,52.42,17332.65,18.34,4515.75,27
2016-01-10 13:15:00,MAITRI,0.62,60.65,964.36,47.51,498.78,22.19,3.7,52.63,17331.35,15.54,4515.57,26
2016-01-10 13:20:00,MAITRI,0.62,60.3,964.97,46.25,505.92,24.22,4.04,52.89,17329.94,16.95,4515.39,26
2016-01-10 13:25:00,MAITRI,0.81,60.4,964.67,46.96,503.25,25.76,4.29,53.16,17328.44,18.03,4515.2,27
2016-01-10 13:30:00,MAITRI,0.7,60.35,964.39,48.3,502.9,24.57,4.1,53.42,17327.0,17.2,4515.02,26
2016-01-10 13:35:00,MAITRI,0.56,60.68,963.9,47.43,497.05,23.59,3.93,53.66,17325.63,16.51,4514.84,26
2016-01-10 13:40:00,MAITRI,0.54,60.74,963.65,47.79,471.01,23.63,3.94,53.86,17324.25,16.54,4514.66,26
2016-01-10 13:45:00,MAITRI,0.72,57.99,963.77,46.62,483.73,23.6,3.93,54.09,17322.87,16.52,4514.48,26
2016-01-10 13:50:00,MAITRI,0.77,57.99,963.98,46.9,480.6,25.2,4.2,54.34,17321.4,17.64,4514.3,26
2016-01-10 13:55:00,MAITRI,0.77,58.27,963.36,47.73,474.61,26.63,4.44,54.59,17319.85,18.64,4514.11,27
2016-01-10 14:00:00,MAITRI,0.62,59.59,963.67,48.98,474.22,26.58,4.43,54.84,17318.3,18.6,4513.92,27
2016-01-10 14:05:00,MAITRI,0.98,57.4,964.4,48.38,466.05,26.26,4.38,55.07,17316.77,18.38,4513.73,28
2016-01-10 14:10:00,MAITRI,1.1,58.5,964.62,47.62,432.52,26.91,4.48,55.28,17315.2,18.83,4513.53,28
2016-01-10 14:15:00,MAITRI,1.22,59.2,965.31,47.4,435.24,25.84,4.31,55.48,17313.69,18.09,4513.35,27
2016-01-10 14:20:00,MAITRI,1.07,58.38,965.23,48.71,445.64,25.49,4.25,55.68,17312.2,17.84,4513.16,27
2016-01-10 14:25:00,MAITRI,1.03,58.61,964.91,48.98,426.81,28.59,4.77,55.91,17310.54,20.01,4512.98,26
2016-01-10 14:30:00,MAITRI,1.01,59.24,964.98,48.07,451.65,25.4,4.23,56.12,17309.05,17.78,4512.8,26
2016-01-10 14:35:00,MAITRI,1.03,59.55,965.18,47.3,431.4,31.44,5.24,56.35,17307.22,22.01,4512.61,27
2016-01-10 14:40:00,MAITRI,0.93,60.52,964.86,46.44,424.27,28.03,4.67,56.57,17305.58,19.62,4512.43,26
2016-01-10 14:45:00,MAITRI,1.04,60.81,964.88,45.21,401.1,30.07,5.01,56.78,17303.83,21.05,4512.24,27
2016-01-10 14:50:00,MAITRI,1.19,60.57,965.24,45.05,391.26,29.32,4.89,56.97,17302.12,20.52,4512.05,28
2016-01-10 14:55:00,MAITRI,1.13,60.57,965.54,47.68,392.11,29.76,4.96,57.18,17300.38,20.83,4511.85,28
2016-01-10 15:00:00,MAITRI,1.22,60.99,965.45,48.2,375.81,30.34,5.06,57.37,17298.61,21.24,4511.66,28
2016-01-10 15:05:00,MAITRI,1.39,61.33,965.47,47.13,380.32,29.16,4.86,57.56,17296.91,20.41,4511.47,27
2016-01-10 15:10:00,MAITRI,1.61,61.18,965.14,47.75,38.51,57.63,9.61,57.15,17292.73,50.18,4511.28,27
2016-01-10 15:15:00,MAITRI,1.48,61.98,965.33,46.81,35.21,58.85,9.81,56.84,17287.92,57.79,4511.09,28
2016-01-10 15:20:00,MAITRI,1.17,61.93,964.54,48.46,16.86,59.15,9.86,56.61,17283.02,58.8,4510.9,28
2016-01-10 15:25:00,MAITRI,1.44,62.08,964.35,48.73,39.32,61.81,10.3,56.47,17278.73,51.43,4510.7,28
2016-01-10 15:30:00,MAITRI,1.15,62.16,964.48,49.87,3.46,63.24,10.54,56.07,17274.0,56.73,4510.5,29
2016-01-10 15:35:00,MAITRI,1.22,62.46,965.02,49.07,54.09,59.39,9.9,55.67,17269.31,56.36,4510.31,28
2016-01-10 15:40:00,MAITRI,0.97,62.52,964.56,50.94,38.61,61.76,10.29,55.38,17264.5,57.64,4510.12,27
2016-01-10 15:45:00,MAITRI,1.27,63.3,964.62,49.46,49.12,61.58,10.26,55.01,17260.17,51.98,4509.92,28
2016-01-10 15:50:00,MAITRI,1.33,63.59,964.56,49.89,49.15,60.2,10.03,54.68,17255.37,57.61,4509.72,29
2016-01-10 15:55:00,MAITRI,1.39,63.64,963.99,50.38,34.49,64.09,10.68,54.41,17250.05,63.83,4509.52,29
2016-01-10 16:00:00,MAITRI,1.52,63.76,964.55,50.07,26.4,64.32,10.72,54.1,17244.79,63.13,4509.31,30
2016-01-10 16:05:00,MAITRI,1.52,63.61,964.45,50.61,13.11,65.98,11.0,53.87,17239.58,62.56,4509.11,29
2016-01-10 16:10:00,MAITRI,1.51,63.39,964.53,50.23,2.99,64.89,10.82,53.5,17234.29,63.44,4508.92,28
2016-01-10 16:15:00,MAITRI,1.56,62.87,964.72,50.07,0.0,64.79,10.8,53.31,17229.7,55.12,4508.72,28
2016-01-10 16:20:00,MAITRI,1.73,62.79,964.75,49.99,33.36,65.47,10.91,52.92,17224.29,64.92,4508.53,28
2016-01-10 16:25:00,MAITRI,1.58,62.59,964.93,49.35,7.1,67.24,11.21,52.69,17219.69,55.15,4508.33,28
2016-01-10 16:30:00,MAITRI,1.63,62.39,965.27,48.97,9.68,67.7,11.28,52.29,17214.31,64.65,4508.14,28
2016-01-10 16:35:00,MAITRI,1.3,59.57,965.15,49.68,14.09,69.46,11.58,52.2,17208.75,66.63,4507.94,28
2016-01-10 16:40:00,MAITRI,0.9,59.92,964.35,50.4,15.74,69.39,11.56,51.89,17203.53,62.64,4507.75,28
2016-01-10 16:45:00,MAITRI,0.91,60.63,964.78,50.23,0.0,70.23,11.7,51.52,17198.6,59.22,4507.55,29
2016-01-10 16:50:00,MAITRI,0.91,60.63,964.58,51.76,0.61,69.43,11.57,51.16,17193.24,64.35,4507.35,28
2016-01-10 16:55:00,MAITRI,0.9,60.71,965.2,51.23,9.2,70.47,11.75,50.97,17187.7,66.44,4507.16,28
2016-01-10 17:00:00,MAITRI,1.0,60.86,965.9,51.6,21.72,71.77,11.96,50.52,17182.65,60.6,4506.97,28
2016-01-10 17:05:00,MAITRI,0.89,60.57,965.83,52.44,19.23,70.47,11.75,50.07,17177.1,66.53,4506.77,28
2016-01-10 17:10:00,MAITRI,0.72,59.41,966.13,54.72,13.17,72.25,12.04,49.72,17172.19,58.92,4506.58,28
2016-01-10 17:15:00,MAITRI,0.18,59.7,965.62,55.68,0.0,75.73,12.62,49.25,17166.71,65.84,4506.37,29
2016-01-10 17:20:00,MAITRI,-0.23,59.58,964.82,56.41,7.69,76.0,12.67,49.12,17160.99,68.61,4506.17,29
2016-01-10 17:25:00,MAITRI,-0.41,59.89,965.33,58.18,2.84,74.02,12.34,48.79,17155.11,70.52,4505.97,29
2016-01-10 17:30:00,MAITRI,-0.13,59.83,965.35,57.26,0.0,75.2,12.53,48.42,17149.67,65.32,4505.77,29
2016-01-10 17:35:00,MAITRI,-0.21,60.51,966.19,57.54,0.16,76.84,12.81,48.29,17143.6,72.89,4505.58,28
2016-01-10 17:40:00,MAITRI,0.03,60.98,965.62,57.63,0.0,75.91,12.65,48.18,17137.36,74.87,4505.37,29
2016-01-10 17:45:00,MAITRI,0.11,61.3,966.31,55.86,0.0,78.06,13.01,47.78,17131.32,72.38,4505.17,29
2016-01-10 17:50:00,MAITRI,0.56,61.03,966.2,55.25,2.37,79.53,13.25,47.32,17125.11,74.58,4504.97,29
2016-01-10 17:55:00,MAITRI,0.57,61.19,965.92,55.95,10.5,76.6,12.77,47.04,17119.54,66.84,4504.78,28
2016-01-10 18:00:00,MAITRI,0.62,61.06,965.9,55.07,17.46,76.98,12.83,46.67,17113.07,77.56,4504.58,28
2016-01-10 18:05:00,MAITRI,0.79,61.08,966.45,54.92,0.0,74.54,12.42,46.5,17108.02,60.7,4504.39,28
2016-01-10 18:10:00,MAITRI,1.12,61.58,966.67,54.33,0.0,79.85,13.31,46.06,17101.39,79.54,4504.2,27
2016-01-10 18:15:00,MAITRI,1.27,61.81,966.85,53.54,0.0,77.61,12.93,45.59,17095.81,66.92,4504.01,27
2016-01-10 18:20:00,MAITRI,0.75,61.75,966.95,55.62,0.0,77.61,12.93,45.15,17089.59,74.71,4503.83,27
2016-01-10 18:25:00,MAITRI,0.87,61.01,966.66,55.2,0.0,79.25,13.21,44.96,17083.95,67.57,4503.63,28
2016-01-10 18:30:00,MAITRI,0.97,61.02,966.71,53.69,7.41,77.2,12.87,44.72,17078.22,68.86,4503.44,28
2016-01-10 18:35:00,MAITRI,0.91,62.06,966.09,54.0,0.0,76.99,12.83,44.59,17072.45,69.18,4503.24,28
2016-01-10 18:40:00,MAITRI,0.81,61.74,965.91,55.39,0.0,78.9,13.15,44.28,17066.17,75.41,4503.05,28
2016-01-10 18:45:00,MAITRI,0.53,62.15,966.4,56.43,0.0,77.52,12.92,43.99,17060.74,65.15,4502.85,28
2016-01-10 18:50:00,MAITRI,0.22,62.24,966.27,58.39,0.19,77.29,12.88,43.79,17054.55,74.26,4502.66,28
2016-01-10 18:55:00,MAITRI,0.1,62.19,966.08,58.56,1.94,75.71,12.62,43.29,17048.3,75.05,4502.47,28
2016-01-10 19:00:00,MAITRI,-0.2,62.21,966.88,60.39,0.0,77.48,12.91,42.84,17041.8,77.98,4502.27,28
2016-01-10 19:05:00,MAITRI,-0.17,62.27,967.1,62.25,12.62,75.67,12.61,42.35,17036.41,64.67,4502.08,28
2016-01-10 19:10:00,MAITRI,-0.16,62.21,965.99,62.35,15.28,75.85,12.64,42.12,17030.16,74.94,4501.88,28
2016-01-10 19:15:00,MAITRI,-0.15,62.0,965.77,60.66,0.0,45.28,7.55,42.12,17027.52,31.69,4501.69,27
2016-01-10 19:20:00,MAITRI,-0.19,62.4,965.56,60.03,5.72,46.01,7.67,42.13,17024.84,32.2,4501.51,27
2016-01-10 19:25:00,MAITRI,-0.19,62.0,965.99,57.94,6.71,44.98,7.5,42.13,17022.21,31.49,4501.32,27
2016-01-10 19:30:00,MAITRI,-0.41,61.86,965.79,58.71,0.0,46.4,7.73,42.13,17019.51,32.48,4501.13,27
2016-01-10 19:35:00,MAITRI,-0.51,61.75,965.56,59.0,0.0,46.14,7.69,42.13,17016.82,32.3,4500.93,29
2016-01-10 19:40:00,MAITRI,-0.73,61.96,964.92,61.03,0.0,46.4,7.73,42.13,17014.11,32.48,4500.73,29
2016-01-10 19:45:00,MAITRI,-0.63,62.19,964.78,61.3,0.0,47.68,7.95,42.13,17011.33,33.38,4500.52,30
2016-01-10 19:50:00,MAITRI,-0.88,61.69,964.91,61.93,0.0,45.57,7.59,42.12,17008.67,31.9,4500.32,29
2016-01-10 19:55:00,MAITRI,-0.59,61.93,965.17,60.22,12.95,41.51,6.92,42.06,17006.25,29.06,4500.12,29
2016-01-10 20:00:00,MAITRI,-0.6,62.42,965.55,58.79,0.0,44.57,7.43,42.04,17003.65,31.2,4499.92,28
2016-01-10 20:05:00,MAITRI,-0.78,61.57,965.03,58.12,1.14,46.22,7.7,42.04,17000.95,32.36,4499.74,27
2016-01-10 20:10:00,MAITRI,-0.73,61.42,965.66,57.29,16.89,42.5,7.08,42.03,16998.47,29.75,4499.56,25
2016-01-10 20:15:00,MAITRI,-1.06,61.47,964.81,58.32,0.0,43.95,7.33,42.02,16995.91,30.77,4499.39,25
2016-01-10 20:20:00,MAITRI,-1.33,61.8,964.57,58.77,4.19,45.9,7.65,42.02,16993.23,32.13,4499.21,26
2016-01-10 20:25:00,MAITRI,-1.0,62.31,964.98,59.36,0.0,44.56,7.43,42.02,16990.63,31.19,4499.03,26
2016-01-10 20:30:00,MAITRI,-1.16,61.52,965.41,60.3,0.0,45.13,7.52,42.02,16988.0,31.59,4498.85,26
2016-01-10 20:35:00,MAITRI,-1.06,61.45,965.79,60.12,1.11,44.36,7.39,42.01,16985.41,31.05,4498.67,26
2016-01-10 20:40:00,MAITRI,-0.92,61.62,965.8,60.85,0.0,45.52,7.59,42.01,16982.76,31.87,4498.49,26
2016-01-10 20:45:00,MAITRI,-0.9,61.12,965.91,62.58,4.12,44.86,7.48,42.02,16980.14,31.4,4498.31,25
2016-01-10 20:50:00,MAITRI,-0.63,61.04,965.89,61.8,2.75,42.94,7.16,42.0,16977.63,30.06,4498.14,25
2016-01-10 20:55:00,MAITRI,-0.72,61.8,965.97,60.9,1.99,46.46,7.74,42.0,16974.92,32.52,4497.97,25
2016-01-10 21:00:00,MAITRI,-1.03,61.46,965.64,61.34,0.0,45.6,7.6,42.0,16972.26,31.92,4497.8,24
2016-01-10 21:05:00,MAITRI,-1.05,61.44,966.13,61.38,0.0,42.35,7.06,41.97,16969.79,29.64,4497.63,24
2016-01-10 21:10:00,MAITRI,-0.76,56.95,966.21,60.11,0.0,41.34,6.89,41.92,16967.38,28.94,4497.46,25
2016-01-10 21:15:00,MAITRI,-1.08,57.16,966.19,59.7,6.31,43.83,7.31,41.93,16964.83,30.68,4497.29,24
2016-01-10 21:20:00,MAITRI,-1.41,57.56,966.35,59.43,0.5,43.35,7.23,41.93,16962.3,30.35,4497.12,24
2016-01-10 21:25:00,MAITRI,-1.47,58.14,966.34,59.59,7.87,43.2,7.2,41.93,16959.78,30.24,4496.96,24
2016-01-10 21:30:00,MAITRI,-1.41,59.34,966.36,59.47,0.0,45.1,7.52,41.93,16957.15,31.57,4496.78,25
2016-01-10 21:35:00,MAITRI,-1.13,60.37,966.77,58.23,4.01,42.96,7.16,41.92,16954.64,30.07,4496.62,24
2016-01-10 21:40:00,MAITRI,-0.95,60.51,966.86,56.58,0.0,44.94,7.49,41.92,16952.02,31.46,4496.46,23
2016-01-10 21:45:00,MAITRI,-1.24,60.79,966.91,57.44,1.86,41.91,6.98,41.9,16949.57,29.33,4496.3,23
2016-01-10 21:50:00,MAITRI,-1.47,58.29,967.26,59.33,13.04,44.54,7.42,41.9,16946.98,31.18,4496.14,23
2016-01-10 21:55:00,MAITRI,-1.29,58.8,967.44,58.59,2.07,43.1,7.18,41.91,16944.46,30.17,4495.98,23
2016-01-10 22:00:00,MAITRI,-1.08,59.03,967.39,59.87,0.0,42.93,7.16,41.89,16941.96,30.05,4495.81,24
2016-01-10 22:05:00,MAITRI,-1.16,59.97,967.53,59.22,0.0,44.17,7.36,41.89,16939.38,30.92,4495.65,24
2016-01-10 22:10:00,MAITRI,-1.53,60.73,966.84,62.04,0.0,46.75,7.79,41.89,16936.65,32.73,4495.48,24
2016-01-10 22:15:00,MAITRI,-1.34,58.73,966.79,59.99,3.4,44.57,7.43,41.9,16934.05,31.2,4495.32,23
2016-01-10 22:20:00,MAITRI,-1.2,59.45,966.75,60.88,0.0,41.33,6.89,41.86,16931.64,28.93,4495.16,23
2016-01-10 22:25:00,MAITRI,-1.33,59.22,966.97,60.17,0.0,42.06,7.01,41.85,16929.19,29.44,4495.01,22
2016-01-10 22:30:00,MAITRI,-1.25,59.79,966.91,59.62,0.0,42.32,7.05,41.84,16926.72,29.63,4494.85,22
2016-01-10 22:35:00,MAITRI,-1.22,59.48,967.18,58.08,0.0,43.84,7.31,41.84,16921.31,64.86,4494.69,23
2016-01-10 22:40:00,MAITRI,-1.03,59.85,967.16,57.47,2.1,44.29,7.38,41.84,16914.81,78.11,4494.53,23
2016-01-10 22:45:00,MAITRI,-1.32,60.51,966.62,58.43,8.88,41.66,6.94,41.83,16910.12,56.2,4494.38,22
2016-01-10 22:50:00,MAITRI,-1.45,60.9,966.75,57.7,0.0,42.09,7.01,41.81,16904.74,64.62,4494.23,22
2016-01-10 22:55:00,MAITRI,-1.29,61.17,967.28,59.61,20.67,43.14,7.19,41.82,16898.52,74.58,4494.08,22
2016-01-10 23:00:00,MAITRI,-1.31,60.25,967.44,60.09,14.11,43.04,7.17,41.83,16892.17,76.21,4493.92,22
2016-01-10 23:05:00,MAITRI,-1.31,60.41,967.57,59.05,6.26,41.32,6.89,41.81,16887.13,60.55,4493.77,22
2016-01-10 23:10:00,MAITRI,-1.24,59.94,968.16,57.97,1.61,42.76,7.13,41.81,16882.43,56.4,4493.62,22
2016-01-10 23:15:00,MAITRI,-1.66,60.04,967.51,58.78,5.98,42.71,7.12,41.81,16876.09,76.06,4493.47,21
2016-01-10 23:20:00,MAITRI,-1.88,59.93,967.0,57.84,0.0,43.79,7.3,41.81,16869.23,82.24,4493.31,23
2016-01-10 23:25:00,MAITRI,-1.96,60.59,966.7,57.23,0.6,44.06,7.34,41.81,16863.72,66.11,4493.15,23
2016-01-10 23:30:00,MAITRI,-2.38,61.43,966.24,58.25,0.0,44.86,7.48,41.81,16858.98,56.9,4492.99,23
2016-01-10 23:35:00,MAITRI,-2.42,61.34,966.82,57.53,0.0,43.5,7.25,41.81,16853.96,60.29,4492.83,23
2016-01-10 23:40:00,MAITRI,-2.2,61.12,966.65,59.55,5.32,43.92,7.32,41.82,16851.4,30.74,4492.67,23
2016-01-10 23:45:00,MAITRI,-2.14,61.64,966.68,60.55,0.0,41.4,6.9,41.78,16848.98,28.98,4492.51,23
2016-01-10 23:50:00,MAITRI,-1.89,61.71,966.47,58.55,0.0,43.25,7.21,41.78,16846.46,30.27,4492.35,23
2016-01-10 23:55:00,MAITRI,-1.75,61.75,966.95,59.6,14.88,41.84,6.97,41.77,16844.02,29.29,4492.2,22
2016-01-11 00:00:00,MAITRI,-1.76,62.33,966.79,58.58,0.0,44.16,7.36,41.77,16841.44,30.91,4492.04,23
2016-01-11 00:05:00,MAITRI,-1.85,61.98,966.14,61.47,0.0,44.02,7.34,41.77,16838.87,30.82,4491.89,22
2016-01-11 00:10:00,MAITRI,-1.81,57.63,966.18,61.77,5.65,42.0,7.0,41.76,16836.42,29.4,4491.73,23
2016-01-11 00:15:00,MAITRI,-1.97,57.97,966.35,61.9,0.96,44.9,7.48,41.76,16833.81,31.43,4491.56,24
2016-01-11 00:20:00,MAITRI,-1.8,58.65,966.66,63.32,2.29,44.78,7.46,41.76,16831.19,31.34,4491.4,24
2016-01-11 00:25:00,MAITRI,-1.94,58.11,967.05,64.93,4.43,41.57,6.93,41.75,16828.77,29.1,4491.24,22
2016-01-11 00:30:00,MAITRI,-1.99,59.29,967.32,65.96,0.57,43.88,7.31,41.75,16826.21,30.71,4491.09,22
2016-01-11 00:35:00,MAITRI,-1.61,59.86,967.0,63.65,0.0,41.79,6.96,41.73,16823.77,29.25,4490.94,22
2016-01-11 00:40:00,MAITRI,-1.51,59.73,966.86,62.78,0.0,42.79,7.13,41.73,16821.28,29.95,4490.78,22
2016-01-11 00:45:00,MAITRI,-1.74,59.18,966.38,65.29,0.58,42.82,7.14,41.73,16818.78,29.98,4490.63,22
2016-01-11 00:50:00,MAITRI,-1.98,59.37,966.25,65.01,2.98,41.57,6.93,41.7,16816.35,29.1,4490.47,23
2016-01-11 00:55:00,MAITRI,-1.78,59.71,965.96,64.44,0.0,45.8,7.63,41.7,16813.68,32.06,4490.31,23
2016-01-11 01:00:00,MAITRI,-1.69,59.81,965.9,62.73,5.42,43.95,7.33,41.71,16811.12,30.77,4490.15,23
2016-01-11 01:05:00,MAITRI,-1.76,59.94,965.64,62.76,0.0,41.63,6.94,41.69,16808.69,29.14,4490.0,22
2016-01-11 01:10:00,MAITRI,-1.7,59.7,966.17,60.92,0.0,44.39,7.4,41.69,16806.1,31.07,4489.85,22
2016-01-11 01:15:00,MAITRI,-1.74,59.93,966.53,62.37,9.28,40.8,6.8,41.66,16803.72,28.56,4489.69,22
2016-01-11 01:20:00,MAITRI,-1.79,60.44,966.55,60.92,0.0,43.98,7.33,41.66,16801.15,30.79,4489.53,23
2016-01-11 01:25:00,MAITRI,-1.98,60.92,966.18,62.19,0.0,44.24,7.37,41.66,16798.57,30.97,4489.37,23
2016-01-11 01:30:00,MAITRI,-1.9,60.8,966.11,59.9,0.0,41.19,6.86,41.61,16796.17,28.83,4489.21,24
2016-01-11 01:35:00,MAITRI,-2.01,60.85,966.43,61.33,0.0,45.74,7.62,41.61,16793.5,32.02,4489.04,24
2016-01-11 01:40:00,MAITRI,-2.52,61.51,966.21,60.15,17.84,44.1,7.35,41.62,16790.93,30.87,4488.87,25
2016-01-11 01:45:00,MAITRI,-2.47,61.05,966.56,60.31,7.94,45.29,7.55,41.63,16788.29,31.7,4488.7,24
2016-01-11 01:50:00,MAITRI,-2.47,60.76,967.0,61.88,1.33,45.01,7.5,41.63,16785.66,31.51,4488.54,23
2016-01-11 01:55:00,MAITRI,-2.3,60.75,966.69,62.25,0.0,44.11,7.35,41.63,16783.09,30.87,4488.39,22
2016-01-11 02:00:00,MAITRI,-2.31,60.34,966.38,60.71,8.39,42.64,7.11,41.63,16780.6,29.85,4488.24,22
2016-01-11 02:05:00,MAITRI,-2.32,60.95,966.14,61.18,0.0,43.64,7.27,41.63,16778.06,30.55,4488.08,22
2016-01-11 02:10:00,MAITRI,-2.52,61.25,966.28,59.63,0.0,42.37,7.06,41.62,16775.58,29.66,4487.93,22
2016-01-11 02:15:00,MAITRI,-2.81,61.51,965.59,60.61,10.11,42.77,7.13,41.63,16773.09,29.94,4487.78,22
2016-01-11 02:20:00,MAITRI,-3.04,61.46,965.56,58.68,0.0,44.24,7.37,41.63,16770.51,30.97,4487.62,22
2016-01-11 02:25:00,MAITRI,-2.6,61.5,965.64,57.07,5.78,43.17,7.19,41.63,16767.99,30.22,4487.47,22
2016-01-11 02:30:00,MAITRI,-2.5,62.07,965.15,56.34,7.29,42.83,7.14,41.63,16765.49,29.98,4487.31,23
2016-01-11 02:35:00,MAITRI,-2.2,61.35,964.85,55.33,1.16,43.8,7.3,41.63,16762.94,30.66,4487.15,23
2016-01-11 02:40:00,MAITRI,-2.48,61.98,964.98,54.08,5.51,41.69,6.95,41.6,16760.51,29.18,4486.99,23
2016-01-11 02:45:00,MAITRI,-2.58,62.39,964.66,57.76,13.1,42.58,7.1,41.6,16758.02,29.81,4486.83,23
2016-01-11 02:50:00,MAITRI,-2.48,62.49,964.82,57.44,0.0,42.16,7.03,41.58,16755.56,29.51,4486.67,23
2016-01-11 02:55:00,MAITRI,-2.38,62.01,964.4,57.23,1.28,43.66,7.28,41.57,16753.02,30.56,4486.51,24
2016-01-11 03:00:00,MAITRI,-2.17,61.86,964.69,55.4,2.37,42.91,7.15,41.57,16750.51,30.04,4486.35,23
2016-01-11 03:05:00,MAITRI,-2.45,61.73,964.55,57.44,0.0,44.26,7.38,41.57,16747.93,30.98,4486.18,24
2016-01-11 03:10:00,MAITRI,-2.62,62.15,964.42,55.62,14.28,42.38,7.06,41.56,16745.46,29.66,4486.02,23
2016-01-11 03:15:00,MAITRI,-2.67,62.67,965.31,55.72,0.33,41.75,6.96,41.53,16743.02,29.22,4485.86,23
2016-01-11 03:20:00,MAITRI,-3.02,59.96,964.92,56.96,0.0,44.36,7.39,41.53,16740.44,31.05,4485.7,23
2016-01-11 03:25:00,MAITRI,-3.21,60.34,965.11,55.64,0.0,44.41,7.4,41.53,16737.84,31.09,4485.54,23
2016-01-11 03:30:00,MAITRI,-3.2,58.87,965.02,53.82,1.04,43.25,7.21,41.53,16735.32,30.28,4485.37,24
2016-01-11 03:35:00,MAITRI,-3.16,59.73,965.76,54.15,6.27,42.53,7.09,41.51,16732.84,29.77,4485.21,24
2016-01-11 03:40:00,MAITRI,-2.75,59.91,965.86,52.58,5.99,43.7,7.28,41.51,16730.29,30.59,4485.03,25
2016-01-11 03:45:00,MAITRI,-2.67,59.64,965.76,52.66,0.0,42.12,7.02,41.48,16727.83,29.48,4484.86,25
2016-01-11 03:50:00,MAITRI,-2.64,60.13,965.58,51.35,0.0,44.81,7.47,41.48,16725.22,31.37,4484.69,25
2016-01-11 03:55:00,MAITRI,-2.7,60.64,965.67,51.05,0.0,44.88,7.48,41.48,16722.6,31.42,4484.51,25
2016-01-11 04:00:00,MAITRI,-3.5,61.2,964.79,53.71,6.95,45.17,7.53,41.48,16719.97,31.62,4484.34,25
2016-01-11 04:05:00,MAITRI,-3.15,60.47,964.81,55.36,3.68,44.88,7.48,41.48,16717.35,31.42,4484.17,24
2016-01-11 04:10:00,MAITRI,-3.04,60.6,965.21,54.48,4.92,43.23,7.21,41.48,16714.83,30.26,4484.01,24
2016-01-11 04:15:00,MAITRI,-3.26,60.53,964.95,53.3,8.54,42.15,7.03,41.46,16712.37,29.51,4483.84,24
2016-01-11 04:20:00,MAITRI,-4.0,61.33,963.92,55.93,4.89,43.85,7.31,41.46,16709.81,30.69,4483.67,24
2016-01-11 04:25:00,MAITRI,-3.71,61.98,963.87,56.13,0.0,45.35,7.56,41.46,16707.17,31.74,4483.5,25
2016-01-11 04:30:00,MAITRI,-3.23,61.81,963.94,54.53,0.0,44.72,7.45,41.46,16704.56,31.31,4483.33,25
2016-01-11 04:35:00,MAITRI,-2.92,61.39,963.57,52.78,10.48,44.73,7.45,41.47,16701.95,31.31,4483.16,24
2016-01-11 04:40:00,MAITRI,-3.08,61.66,963.93,55.45,0.0,42.19,7.03,41.44,16699.49,29.53,4482.99,24
2016-01-11 04:45:00,MAITRI,-2.72,61.22,964.08,56.67,12.53,42.62,7.1,41.43,16697.0,29.83,4482.83,24
2016-01-11 04:50:00,MAITRI,-2.62,60.85,964.08,57.0,7.14,44.6,7.43,41.44,16694.4,31.22,4482.66,24
2016-01-11 04:55:00,MAITRI,-2.7,60.73,964.77,55.25,0.0,45.84,7.64,41.44,16691.72,32.09,4482.49,25
2016-01-11 05:00:00,MAITRI,-2.37,60.39,964.82,53.61,0.08,44.02,7.34,41.44,16689.16,30.81,4482.32,24
2016-01-11 05:05:00,MAITRI,-2.61,60.32,964.27,57.17,0.0,46.3,7.72,41.44,16686.46,32.41,4482.15,24
2016-01-11 05:10:00,MAITRI,-2.77,60.14,964.4,55.59,6.66,42.09,7.02,41.43,16684.0,29.46,4482.0,22
2016-01-11 05:15:00,MAITRI,-2.45,60.19,964.34,54.36,0.0,44.58,7.43,41.43,16681.4,31.21,4481.84,23
2016-01-11 05:20:00,MAITRI,-3.35,60.73,963.29,56.67,2.43,43.86,7.31,41.43,16678.84,30.7,4481.67,24
2016-01-11 05:25:00,MAITRI,-3.87,60.85,963.67,58.93,0.34,44.35,7.39,41.43,16676.26,31.04,4481.51,24
2016-01-11 05:30:00,MAITRI,-3.7,60.09,964.34,56.86,0.0,42.73,7.12,41.42,16673.76,29.91,4481.35,23
2016-01-11 05:35:00,MAITRI,-3.84,60.51,963.9,59.95,0.46,42.16,7.03,41.4,16671.3,29.51,4481.19,23
2016-01-11 05:40:00,MAITRI,-3.91,59.83,963.75,61.28,0.0,44.93,7.49,41.4,16668.68,31.45,4481.02,24
2016-01-11 05:45:00,MAITRI,-3.69,57.94,964.78,58.96,0.0,46.22,7.7,41.4,16665.99,32.36,4480.85,24
2016-01-11 05:50:00,MAITRI,-3.79,58.41,965.31,60.63,0.0,44.07,7.34,41.4,16663.42,30.85,4480.69,24
2016-01-11 05:55:00,MAITRI,-3.33,59.09,965.52,58.62,0.0,43.92,7.32,41.4,16660.85,30.74,4480.53,23
2016-01-11 06:00:00,MAITRI,-3.1,59.42,965.67,56.15,5.31,43.18,7.2,41.4,16658.34,30.22,4480.36,24
2016-01-11 06:05:00,MAITRI,-3.14,60.21,965.39,59.23,7.01,42.86,7.14,41.39,16655.83,30.0,4480.19,24
2016-01-11 06:10:00,MAITRI,-3.19,60.61,965.56,59.9,12.61,42.43,7.07,41.39,16653.36,29.7,4480.03,23
2016-01-11 06:15:00,MAITRI,-3.38,60.86,965.57,62.52,35.57,40.67,6.78,41.39,16650.99,28.47,4479.87,23
2016-01-11 06:20:00,MAITRI,-2.97,61.04,965.41,63.12,51.54,42.07,7.01,41.42,16648.53,29.45,4479.72,23
2016-01-11 06:25:00,MAITRI,-2.52,60.78,965.5,60.42,36.53,41.81,6.97,41.43,16646.09,29.26,4479.56,22
2016-01-11 06:30:00,MAITRI,-2.25,60.62,965.14,58.97,63.17,38.76,6.46,41.45,16643.83,27.13,4479.42,21
2016-01-11 06:35:00,MAITRI,-2.07,60.87,965.5,57.39,92.44,38.21,6.37,41.48,16641.6,26.75,4479.26,22
2016-01-11 06:40:00,MAITRI,-2.01,61.12,966.25,55.6,0.0,43.74,7.29,41.48,16639.05,30.62,4479.11,22
2016-01-11 06:45:00,MAITRI,-1.81,60.96,966.67,55.45,16.79,41.18,6.86,41.47,16636.65,28.83,4478.97,21
2016-01-11 06:50:00,MAITRI,-2.65,61.37,965.48,57.89,15.02,41.13,6.85,41.46,16634.25,28.79,4478.81,22
2016-01-11 06:55:00,MAITRI,-2.12,61.71,965.6,59.0,3.01,44.51,7.42,41.46,16631.66,31.16,4478.66,22
2016-01-11 07:00:00,MAITRI,-2.08,62.21,965.57,58.32,9.6,41.42,6.9,41.44,16629.24,29.0,4478.51,22
2016-01-11 07:05:00,MAITRI,-2.12,61.87,965.93,57.4,22.46,41.69,6.95,41.44,16626.81,29.18,4478.35,22
2016-01-11 07:10:00,MAITRI,-2.17,62.81,965.47,59.35,19.58,44.21,7.37,41.45,16624.23,30.94,4478.2,22
2016-01-11 07:15:00,MAITRI,-1.88,62.44,965.36,57.15,26.5,42.37,7.06,41.47,16621.76,29.66,4478.05,22
2016-01-11 07:20:00,MAITRI,-1.83,62.73,965.57,54.68,28.24,43.31,7.22,41.48,16619.23,30.32,4477.89,23
2016-01-11 07:25:00,MAITRI,-1.75,62.65,965.68,53.27,11.97,42.34,7.06,41.48,16616.76,29.64,4477.73,23
2016-01-11 07:30:00,MAITRI,-1.78,62.45,965.36,53.3,11.77,43.89,7.31,41.48,16614.2,30.72,4477.57,23
2016-01-11 07:35:00,MAITRI,-1.66,62.13,965.29,53.32,22.45,41.4,6.9,41.47,16611.79,28.98,4477.41,23
2016-01-11 07:40:00,MAITRI,-1.53,62.13,965.35,52.63,21.68,40.31,6.72,41.44,16609.43,28.22,4477.25,23
2016-01-11 07:45:00,MAITRI,-1.59,62.07,966.26,52.22,35.62,40.83,6.81,41.44,16607.05,28.58,4477.09,23
2016-01-11 07:50:00,MAITRI,-1.53,62.06,966.36,50.31,13.34,43.28,7.21,41.45,16604.53,30.29,4476.93,23
2016-01-11 07:55:00,MAITRI,-1.45,62.05,966.15,48.42,10.41,42.84,7.14,41.45,16602.03,29.99,4476.78,22
2016-01-11 08:00:00,MAITRI,-1.17,62.0,965.82,47.82,43.58,40.63,6.77,41.45,16599.66,28.44,4476.62,23
2016-01-11 08:05:00,MAITRI,-1.0,62.13,965.45,47.55,18.7,42.11,7.02,41.45,16597.2,29.48,4476.46,23
2016-01-11 08:10:00,MAITRI,-0.82,62.41,965.36,47.82,27.25,43.7,7.28,41.47,16594.65,30.59,4476.29,24
2016-01-11 08:15:00,MAITRI,-0.79,62.95,965.56,47.97,28.29,44.82,7.47,41.48,16592.04,31.38,4476.12,24
2016-01-11 08:20:00,MAITRI,-0.81,62.94,965.24,47.84,11.52,42.16,7.03,41.46,16589.58,29.52,4475.96,24
2016-01-11 08:25:00,MAITRI,-0.82,63.65,965.6,46.99,56.33,41.48,6.91,41.48,16587.16,29.04,4475.78,25
2016-01-11 08:30:00,MAITRI,-0.75,63.61,966.06,47.59,60.72,44.17,7.36,41.51,16584.58,30.92,4475.6,26
2016-01-11 08:35:00,MAITRI,-0.66,63.1,966.14,47.69,48.3,44.75,7.46,41.53,16581.97,31.32,4475.42,26
2016-01-11 08:40:00,MAITRI,-0.55,63.61,966.03,46.94,31.37,43.69,7.28,41.54,16579.42,30.59,4475.24,27
2016-01-11 08:45:00,MAITRI,-0.96,63.5,966.09,47.86,52.65,41.83,6.97,41.55,16576.98,29.28,4475.05,27
2016-01-11 08:50:00,MAITRI,-0.86,63.25,965.74,48.25,351.79,30.07,5.01,41.71,16575.23,21.05,4474.86,27
2016-01-11 08:55:00,MAITRI,-0.99,63.2,965.48,51.3,373.47,28.59,4.76,41.87,16573.56,20.01,4474.67,27
2016-01-11 09:00:00,MAITRI,-1.1,63.3,965.89,53.73,352.8,32.21,5.37,42.06,16571.68,22.55,4474.49,26
2016-01-11 09:05:00,MAITRI,-0.83,62.64,966.18,55.39,379.15,31.65,5.27,42.25,16569.84,22.15,4474.31,26
2016-01-11 09:10:00,MAITRI,-0.8,62.08,965.94,56.56,375.82,28.51,4.75,42.43,16568.17,19.96,4474.13,26
2016-01-11 09:15:00,MAITRI,-0.58,62.23,965.47,56.07,396.87,28.49,4.75,42.63,16566.51,19.94,4473.95,26
2016-01-11 09:20:00,MAITRI,-0.54,62.4,965.88,54.73,390.24,27.83,4.64,42.81,16564.89,19.48,4473.77,26
2016-01-11 09:25:00,MAITRI,-0.22,62.44,966.23,56.77,413.15,27.83,4.64,43.01,16563.27,19.48,4473.58,27
2016-01-11 09:30:00,MAITRI,0.08,62.42,966.32,55.24,408.29,28.57,4.76,43.22,16561.6,20.0,4473.4,26
2016-01-11 09:35:00,MAITRI,-0.05,62.65,966.1,53.37,413.61,27.82,4.64,43.43,16559.98,19.47,4473.22,26
2016-01-11 09:40:00,MAITRI,0.1,59.96,965.98,52.16,428.78,28.36,4.73,43.65,16558.32,19.86,4473.05,25
2016-01-11 09:45:00,MAITRI,0.23,60.4,965.65,51.32,441.74,27.77,4.63,43.88,16556.7,19.44,4472.87,25
2016-01-11 09:50:00,MAITRI,0.36,60.36,965.94,50.6,445.2,24.87,4.14,44.08,16555.25,17.41,4472.7,25
2016-01-11 09:55:00,MAITRI,0.46,60.49,966.2,51.05,457.7,24.94,4.16,44.31,16553.8,17.46,4472.53,24
2016-01-11 10:00:00,MAITRI,0.41,60.25,966.31,49.87,465.4,21.57,3.59,44.49,16552.54,15.1,4472.37,24
2016-01-11 10:05:00,MAITRI,0.36,60.54,965.71,49.95,466.12,28.21,4.7,44.74,16550.89,19.75,4472.19,25
2016-01-11 10:10:00,MAITRI,0.18,60.57,964.95,49.64,471.66,25.22,4.2,44.98,16549.42,17.66,4472.02,25
2016-01-11 10:15:00,MAITRI,-0.13,61.04,965.04,51.02,475.65,26.97,4.49,45.23,16547.85,18.88,4471.84,26
2016-01-11 10:20:00,MAITRI,-0.17,61.18,964.83,51.57,468.81,25.89,4.31,45.47,16546.34,18.12,4471.66,26
2016-01-11 10:25:00,MAITRI,-0.19,62.0,964.81,52.23,466.66,25.66,4.28,45.71,16544.84,17.96,4471.49,25
2016-01-11 10:30:00,MAITRI,-0.0,62.67,965.22,50.83,487.74,26.11,4.35,45.97,16543.32,18.28,4471.3,27
2016-01-11 10:35:00,MAITRI,0.24,61.85,965.39,50.27,484.49,26.74,4.46,46.22,16541.76,18.72,4471.1,28
2016-01-11 10:40:00,MAITRI,-0.23,61.57,964.6,51.8,504.87,24.21,4.03,46.46,16540.35,16.94,4470.91,28
2016-01-11 10:45:00,MAITRI,0.13,63.55,964.34,50.4,494.17,25.2,4.2,46.71,16538.88,17.64,4470.72,28
2016-01-11 10:50:00,MAITRI,0.06,63.31,964.68,51.11,494.83,27.45,4.57,46.97,16537.27,19.21,4470.51,29
2016-01-11 10:55:00,MAITRI,0.36,63.33,965.1,51.0,495.49,27.39,4.57,47.22,16535.68,19.18,4470.31,29
2016-01-11 11:00:00,MAITRI,0.4,63.11,965.07,52.03,492.54,26.91,4.49,47.48,16534.11,18.84,4470.12,28
2016-01-11 11:05:00,MAITRI,0.35,62.94,965.29,50.7,503.79,25.96,4.33,47.74,16532.59,18.17,4469.93,27
2016-01-11 11:10:00,MAITRI,0.48,63.02,964.56,51.03,526.56,24.07,4.01,48.02,16531.19,16.85,4469.75,26
2016-01-11 11:15:00,MAITRI,0.36,62.94,964.53,51.28,511.72,27.3,4.55,48.28,16529.6,19.11,4469.57,26
2016-01-11 11:20:00,MAITRI,0.3,62.74,965.01,53.12,506.27,24.09,4.01,48.55,16528.19,16.86,4469.4,25
2016-01-11 11:25:00,MAITRI,0.69,62.99,965.23,51.64,529.98,23.32,3.89,48.82,16526.83,16.33,4469.22,25
2016-01-11 11:30:00,MAITRI,0.83,63.14,965.52,50.3,534.84,24.73,4.12,49.1,16525.39,17.31,4469.04,26
2016-01-11 11:35:00,MAITRI,0.67,63.56,965.78,50.04,517.34,26.28,4.38,49.37,16521.32,48.83,4468.85,27
2016-01-11 11:40:00,MAITRI,0.81,62.88,965.39,49.55,518.58,26.88,4.48,49.64,16517.08,50.89,4468.65,29
2016-01-11 11:45:00,MAITRI,0.79,62.58,965.17,49.74,535.02,24.8,4.13,49.92,16513.25,45.97,4468.45,29
2016-01-11 11:50:00,MAITRI,1.18,62.91,964.94,48.66,526.56,22.22,3.7,50.15,16509.74,42.13,4468.26,28
2016-01-11 11:55:00,MAITRI,1.27,62.91,964.94,47.41,545.86,24.54,4.09,50.44,16506.95,33.49,4468.06,28
2016-01-11 12:00:00,MAITRI,1.17,63.22,964.76,48.53,521.79,26.4,4.4,50.71,16503.17,45.29,4467.86,29
2016-01-11 12:05:00,MAITRI,0.98,61.79,965.27,50.85,528.29,22.94,3.82,50.95,16500.08,37.07,4467.66,29
2016-01-11 12:10:00,MAITRI,0.58,62.12,964.56,52.03,520.39,24.23,4.04,51.2,16496.21,46.45,4467.46,29
2016-01-11 12:15:00,MAITRI,0.56,62.63,964.41,50.72,525.11,23.28,3.88,51.44,16492.76,41.42,4467.26,29
2016-01-11 12:20:00,MAITRI,0.52,62.82,964.59,49.42,518.83,25.79,4.3,51.71,16489.24,42.21,4467.06,29
2016-01-11 12:25:00,MAITRI,0.83,63.19,964.53,48.61,517.71,26.47,4.41,51.98,16485.92,39.82,4466.85,29
2016-01-11 12:30:00,MAITRI,0.91,63.25,965.0,47.02,520.77,24.3,4.05,52.24,16482.65,39.34,4466.66,28
2016-01-11 12:35:00,MAITRI,0.83,63.26,965.1,47.33,521.58,23.2,3.87,52.49,16480.16,29.82,4466.47,27
2016-01-11 12:40:00,MAITRI,0.74,63.03,964.48,47.86,511.3,24.45,4.07,52.75,16476.24,47.03,4466.28,28
2016-01-11 12:45:00,MAITRI,0.59,62.35,964.44,49.05,519.54,23.73,3.95,53.0,16473.09,37.8,4466.08,28
2016-01-11 12:50:00,MAITRI,0.26,61.93,965.1,50.07,529.66,22.79,3.8,53.25,16469.4,44.33,4465.9,27
2016-01-11 12:55:00,MAITRI,0.45,61.93,965.25,49.1,509.6,25.22,4.2,53.52,16466.4,35.99,4465.7,28
2016-01-11 13:00:00,MAITRI,0.53,61.38,964.99,49.13,510.92,26.59,4.43,53.78,16463.19,38.43,4465.51,28
2016-01-11 13:05:00,MAITRI,0.31,61.4,964.91,50.26,509.47,24.83,4.14,54.04,16459.83,40.39,4465.31,28
2016-01-11 13:10:00,MAITRI,0.23,61.38,965.2,50.83,496.01,25.02,4.17,54.3,16456.21,43.43,4465.12,27
2016-01-11 13:15:00,MAITRI,-0.08,61.09,964.58,52.28,494.38,25.71,4.29,54.55,16452.94,39.29,4464.93,28
2016-01-11 13:20:00,MAITRI,0.15,61.02,964.67,50.48,503.85,25.89,4.32,54.82,16449.58,40.29,4464.74,28
2016-01-11 13:25:00,MAITRI,-0.16,60.54,963.95,52.0,494.28,25.57,4.26,55.06,16446.36,38.57,4464.53,29
2016-01-11 13:30:00,MAITRI,-0.53,60.38,964.07,52.67,489.51,25.51,4.25,55.31,16443.56,33.59,4464.34,28
2016-01-11 13:35:00,MAITRI,-0.3,60.71,964.41,54.48,451.98,26.85,4.47,55.54,16439.83,44.83,4464.15,28
2016-01-11 13:40:00,MAITRI,0.1,60.38,964.95,52.79,475.14,25.91,4.32,55.79,16435.8,48.37,4463.96,27
2016-01-11 13:45:00,MAITRI,-0.22,60.56,965.17,53.21,472.1,27.26,4.54,56.03,16432.73,36.88,4463.78,26
2016-01-11 13:50:00,MAITRI,0.08,60.75,965.79,51.74,481.04,25.5,4.25,56.27,16429.85,34.47,4463.58,28
2016-01-11 13:55:00,MAITRI,0.29,60.72,965.87,51.23,458.13,28.17,4.7,56.51,16425.35,54.02,4463.39,28
2016-01-11 14:00:00,MAITRI,0.43,59.98,966.29,50.71,467.84,26.69,4.45,56.74,16423.79,18.68,4463.19,29
2016-01-11 14:05:00,MAITRI,0.37,60.9,966.48,51.46,452.64,30.24,5.04,56.98,16422.03,21.17,4462.99,29
2016-01-11 14:10:00,MAITRI,0.1,60.98,966.46,52.27,444.21,25.38,4.23,57.16,16420.55,17.77,4462.78,29
2016-01-11 14:15:00,MAITRI,0.24,60.72,966.32,50.88,434.73,26.49,4.42,57.36,16419.0,18.55,4462.59,28
2016-01-11 14:20:00,MAITRI,0.61,60.69,966.75,51.06,425.2,26.79,4.47,57.55,16417.44,18.76,4462.4,28
2016-01-11 14:25:00,MAITRI,0.8,58.88,966.48,50.52,441.81,27.79,4.63,57.78,16415.82,19.45,4462.21,27
2016-01-11 14:30:00,MAITRI,0.85,59.02,966.88,49.01,432.61,26.79,4.46,57.99,16414.26,18.75,4462.02,27
2016-01-11 14:35:00,MAITRI,0.49,59.67,966.27,49.9,412.44,27.81,4.63,58.2,16412.64,19.47,4461.83,27
2016-01-11 14:40:00,MAITRI,0.52,59.85,966.25,50.1,399.63,26.26,4.38,58.36,16411.1,18.39,4461.65,26
2016-01-11 14:45:00,MAITRI,0.81,59.6,965.86,50.15,390.72,30.53,5.09,58.57,16409.32,21.37,4461.47,27
2016-01-11 14:50:00,MAITRI,0.78,59.57,965.67,50.7,398.83,30.2,5.03,58.77,16407.56,21.14,4461.28,27
2016-01-11 14:55:00,MAITRI,0.6,59.65,965.59,51.78,365.17,30.36,5.06,58.96,16405.79,21.25,4461.09,27
2016-01-11 15:00:00,MAITRI,0.72,60.2,966.18,51.15,363.52,30.78,5.13,59.15,16404.0,21.54,4460.9,27
2016-01-11 15:05:00,MAITRI,0.74,60.57,966.36,49.8,376.63,29.98,5.0,59.35,16402.25,20.99,4460.72,27
2016-01-11 15:10:00,MAITRI,0.71,61.15,965.89,50.43,361.44,29.05,4.84,59.51,16400.55,20.34,4460.53,27
2016-01-11 15:15:00,MAITRI,0.81,61.04,965.84,50.83,345.02,32.58,5.43,59.69,16398.65,22.8,4460.34,27
2016-01-11 15:20:00,MAITRI,0.89,61.5,966.26,50.33,343.48,30.61,5.1,59.86,16396.87,21.43,4460.15,27
2016-01-11 15:25:00,MAITRI,0.89,61.15,966.96,50.46,322.19,34.11,5.69,60.02,16394.88,23.88,4459.96,28
2016-01-11 15:30:00,MAITRI,0.82,61.23,966.62,50.96,318.0,32.05,5.34,60.18,16393.01,22.43,4459.77,27
2016-01-11 15:35:00,MAITRI,0.75,61.64,966.6,52.73,312.71,33.7,5.62,60.35,16391.04,23.59,4459.58,28
2016-01-11 15:40:00,MAITRI,0.63,61.88,966.03,52.8,311.04,33.2,5.53,60.51,16389.1,23.24,4459.38,28
2016-01-11 15:45:00,MAITRI,0.6,59.07,966.37,52.89,302.24,32.71,5.45,60.66,16387.2,22.9,4459.19,27
2016-01-11 15:50:00,MAITRI,0.74,58.97,966.24,51.66,275.51,31.96,5.33,60.77,16385.33,22.37,4459.01,27
2016-01-11 15:55:00,MAITRI,0.69,60.09,965.92,51.75,283.04,34.63,5.77,60.92,16383.31,24.24,4458.82,27
2016-01-11 16:00:00,MAITRI,0.95,60.43,965.89,50.5,270.1,34.83,5.8,61.06,16381.28,24.38,4458.64,26
2016-01-11 16:05:00,MAITRI,1.07,60.9,965.97,49.21,270.85,32.92,5.49,61.19,16379.36,23.04,4458.46,26
2016-01-11 16:10:00,MAITRI,0.87,60.59,965.37,51.57,232.96,37.54,6.26,61.31,16377.17,26.28,4458.27,27
2016-01-11 16:15:00,MAITRI,0.9,60.82,965.46,51.13,247.0,37.38,6.23,61.44,16374.99,26.17,4458.08,27
2016-01-11 16:20:00,MAITRI,0.6,61.15,965.6,52.5,212.3,36.45,6.08,61.55,16372.86,25.52,4457.9,27
2016-01-11 16:25:00,MAITRI,0.58,60.95,965.79,53.84,211.48,36.37,6.06,61.66,16370.74,25.46,4457.72,26
2016-01-11 16:30:00,MAITRI,0.75,59.81,965.4,54.25,203.97,37.83,6.3,61.76,16368.53,26.48,4457.53,27
2016-01-11 16:35:00,MAITRI,0.66,60.53,965.51,55.03,188.2,38.02,6.34,61.86,16366.32,26.61,4457.33,28
2016-01-11 16:40:00,MAITRI,0.91,60.79,965.54,54.84,189.88,38.72,6.45,61.96,16364.06,27.1,4457.14,28
2016-01-11 16:45:00,MAITRI,1.09,61.25,965.79,53.2,157.15,37.73,6.29,62.02,16361.86,26.41,4456.95,27
2016-01-11 16:50:00,MAITRI,0.78,61.37,965.95,54.58,145.35,41.41,6.9,62.1,16359.44,28.99,4456.76,28
2016-01-11 16:55:00,MAITRI,1.11,61.05,965.95,52.93,147.18,40.82,6.8,62.17,16357.06,28.57,4456.56,28
2016-01-11 17:00:00,MAITRI,1.41,61.04,966.44,52.32,135.21,41.41,6.9,62.24,16354.65,28.99,4456.37,28
2016-01-11 17:05:00,MAITRI,1.16,60.92,966.08,53.14,126.49,41.93,6.99,62.31,16352.2,29.35,4456.17,29
2016-01-11 17:10:00,MAITRI,0.9,61.5,965.51,53.22,101.84,41.07,6.85,62.35,16349.8,28.75,4455.97,29
2016-01-11 17:15:00,MAITRI,1.12,61.47,965.52,52.89,104.46,38.95,6.49,62.35,16347.53,27.27,4455.76,29
2016-01-11 17:20:00,MAITRI,0.82,60.4,965.35,54.16,89.93,43.12,7.19,62.4,16345.02,30.18,4455.57,28
2016-01-11 17:25:00,MAITRI,1.06,60.86,965.02,53.62,78.3,72.02,12.0,62.44,16340.81,50.41,4455.37,28
2016-01-11 17:30:00,MAITRI,0.91,61.43,965.15,54.6,52.48,71.23,11.87,62.47,16336.66,49.86,4455.18,28
2016-01-11 17:35:00,MAITRI,0.72,61.85,964.98,54.81,65.22,74.24,12.37,62.5,16332.33,51.97,4454.99,28
2016-01-11 17:40:00,MAITRI,0.94,61.88,965.13,54.02,53.05,75.12,12.52,62.53,16327.95,52.59,4454.78,29
2016-01-11 17:45:00,MAITRI,0.75,62.25,964.31,54.93,16.38,76.05,12.68,62.54,16323.51,53.24,4454.59,28
2016-01-11 17:50:00,MAITRI,0.9,62.19,964.76,54.78,38.59,64.36,10.73,62.56,16319.76,45.05,4454.4,28
2016-01-11 17:55:00,MAITRI,0.78,61.89,965.17,53.12,2.73,64.03,10.67,62.56,16316.02,44.82,4454.2,28
2016-01-11 18:00:00,MAITRI,0.47,61.85,965.29,55.08,0.0,71.52,11.92,62.56,16311.85,50.06,4454.01,27
2016-01-11 18:05:00,MAITRI,0.58,61.23,965.42,54.56,0.0,73.04,12.17,62.56,16307.59,51.13,4453.83,27
2016-01-11 18:10:00,MAITRI,0.39,61.92,965.1,55.0,0.0,45.45,7.57,62.56,16304.94,31.81,4453.63,28
2016-01-11 18:15:00,MAITRI,0.28,61.89,965.5,53.65,6.52,45.45,7.58,62.56,16302.29,31.82,4453.44,28
2016-01-11 18:20:00,MAITRI,-0.12,62.37,966.01,55.88,9.12,46.36,7.73,62.56,16299.58,32.45,4453.24,28
2016-01-11 18:25:00,MAITRI,-0.05,62.69,965.63,56.19,12.82,47.47,7.91,62.57,16296.81,33.23,4453.05,28
2016-01-11 18:30:00,MAITRI,0.02,62.86,965.83,57.61,0.0,47.25,7.87,62.57,16294.06,33.07,4452.86,27
2016-01-11 18:35:00,MAITRI,0.08,62.75,965.96,56.98,3.25,44.6,7.43,62.56,16291.46,31.22,4452.67,27
2016-01-11 18:40:00,MAITRI,-0.25,57.75,965.87,57.62,0.0,45.85,7.64,62.56,16288.78,32.09,4452.49,27
2016-01-11 18:45:00,MAITRI,-0.12,58.05,966.09,56.36,10.08,43.46,7.24,62.55,16286.25,30.42,4452.3,27
2016-01-11 18:50:00,MAITRI,0.03,58.88,966.4,54.16,0.0,42.54,7.09,62.51,16283.76,29.78,4452.11,27
2016-01-11 18:55:00,MAITRI,0.2,59.58,967.08,54.16,0.0,44.25,7.38,62.5,16281.18,30.98,4451.92,27
2016-01-11 19:00:00,MAITRI,0.36,59.5,967.52,53.61,0.0,44.65,7.44,62.5,16278.58,31.26,4451.74,26
2016-01-11 19:05:00,MAITRI,0.71,60.41,967.79,52.99,5.12,43.84,7.31,62.48,16276.02,30.69,4451.56,27
2016-01-11 19:10:00,MAITRI,0.65,60.53,966.72,54.08,7.54,43.55,7.26,62.46,16273.48,30.48,4451.37,27
2016-01-11 19:15:00,MAITRI,0.27,60.85,967.03,56.3,0.0,43.38,7.23,62.43,16270.95,30.37,4451.18,27
2016-01-11 19:20:00,MAITRI,0.22,61.01,965.75,57.17,5.03,44.8,7.47,62.43,16268.34,31.36,4450.99,28
2016-01-11 19:25:00,MAITRI,0.29,60.46,966.1,57.24,4.82,44.85,7.48,62.42,16265.72,31.4,4450.79,28
2016-01-11 19:30:00,MAITRI,0.33,60.85,966.16,57.91,0.0,45.13,7.52,62.42,16263.09,31.59,4450.6,28
2016-01-11 19:35:00,MAITRI,-0.13,61.1,965.49,58.77,15.03,45.55,7.59,62.42,16260.43,31.88,4450.4,28
2016-01-11 19:40:00,MAITRI,-0.37,61.57,965.06,60.73,0.0,44.0,7.33,62.4,16257.86,30.8,4450.22,27
2016-01-11 19:45:00,MAITRI,-0.47,61.54,964.81,60.18,2.63,44.18,7.36,62.39,16255.29,30.93,4450.03,27
2016-01-11 19:50:00,MAITRI,-0.56,61.61,964.37,59.1,0.0,45.31,7.55,62.39,16252.64,31.72,4449.84,27
2016-01-11 19:55:00,MAITRI,-0.62,61.6,964.35,59.9,3.37,47.06,7.84,62.39,16249.9,32.94,4449.65,27
2016-01-11 20:00:00,MAITRI,-0.21,62.42,964.22,59.31,0.0,46.76,7.79,62.39,16247.17,32.74,4449.47,26
2016-01-11 20:05:00,MAITRI,-0.21,61.68,964.35,58.78,0.0,43.93,7.32,62.39,16244.61,30.75,4449.3,25
2016-01-11 20:10:00,MAITRI,-0.04,62.14,964.0,58.1,0.0,44.75,7.46,62.39,16242.0,31.33,4449.12,25
2016-01-11 20:15:00,MAITRI,-0.19,60.97,964.13,57.51,0.0,42.83,7.14,62.36,16239.5,29.98,4448.95,25
2016-01-11 20:20:00,MAITRI,0.08,61.5,964.84,56.47,0.0,56.71,9.45,62.25,16234.76,56.82,4448.77,26
2016-01-11 20:25:00,MAITRI,-0.17,60.87,965.36,58.36,2.41,60.65,10.11,61.83,16230.53,50.8,4448.58,28
2016-01-11 20:30:00,MAITRI,-0.62,60.79,965.53,60.06,0.0,62.3,10.38,61.67,16225.38,61.84,4448.38,28
2016-01-11 20:35:00,MAITRI,-0.52,60.87,965.42,59.3,0.0,60.49,10.08,61.46,16221.18,50.4,4448.19,28
2016-01-11 20:40:00,MAITRI,-0.3,61.14,965.35,59.69,0.0,58.01,9.67,61.15,16216.41,57.18,4447.99,28
2016-01-11 20:45:00,MAITRI,-0.54,61.34,964.88,60.15,0.0,61.49,10.25,60.85,16211.28,61.53,4447.79,29
2016-01-11 20:50:00,MAITRI,-0.66,61.65,965.14,60.78,14.37,60.88,10.15,60.43,16206.4,58.6,4447.59,29
2016-01-11 20:55:00,MAITRI,-0.38,61.36,964.84,60.15,13.66,61.53,10.26,60.11,16201.61,57.53,4447.39,29
2016-01-11 21:00:00,MAITRI,-0.79,61.4,965.15,59.83,2.09,63.43,10.57,59.92,16196.39,62.57,4447.18,30
2016-01-11 21:05:00,MAITRI,-1.25,60.75,964.68,60.92,16.36,65.14,10.86,59.61,16191.74,55.8,4446.98,29
2016-01-11 21:10:00,MAITRI,-1.6,61.07,965.39,61.42,0.0,66.04,11.01,59.28,16186.32,65.01,4446.78,29
2016-01-11 21:15:00,MAITRI,-1.58,61.51,965.62,61.66,1.7,67.07,11.18,58.84,16181.81,54.14,4446.57,30
2016-01-11 21:20:00,MAITRI,-1.72,61.8,964.36,61.36,0.0,67.42,11.24,58.63,16176.65,62.02,4446.36,30
2016-01-11 21:25:00,MAITRI,-1.8,58.68,964.61,62.84,15.89,67.47,11.24,58.48,16171.41,62.84,4446.16,29
2016-01-11 21:30:00,MAITRI,-1.97,59.17,965.24,63.0,0.0,67.1,11.18,58.23,16166.38,60.33,4445.95,30
2016-01-11 21:35:00,MAITRI,-1.87,59.03,964.77,63.28,0.0,67.85,11.31,58.05,16161.5,58.54,4445.75,29
2016-01-11 21:40:00,MAITRI,-1.99,59.68,964.24,65.45,2.83,67.21,11.2,57.79,16156.34,61.99,4445.55,29
2016-01-11 21:45:00,MAITRI,-2.34,60.32,964.63,66.75,8.3,69.72,11.62,57.47,16150.81,66.34,4445.35,28
2016-01-11 21:50:00,MAITRI,-2.37,61.13,965.46,66.92,0.0,68.63,11.44,57.3,16146.19,55.42,4445.16,28
2016-01-11 21:55:00,MAITRI,-2.42,61.09,965.74,66.25,0.0,69.27,11.55,57.03,16141.15,60.47,4444.96,29
2016-01-11 22:00:00,MAITRI,-2.27,61.29,966.67,65.27,0.0,69.46,11.58,56.72,16135.85,63.59,4444.75,30
2016-01-11 22:05:00,MAITRI,-1.99,61.68,966.51,65.54,3.87,71.34,11.89,56.34,16130.06,69.5,4444.54,30
2016-01-11 22:10:00,MAITRI,-1.8,62.01,966.57,63.9,0.0,72.93,12.16,56.17,16124.21,70.25,4444.33,30
2016-01-11 22:15:00,MAITRI,-1.93,61.77,965.54,63.6,0.0,73.65,12.28,56.02,16118.64,66.75,4444.13,29
2016-01-11 22:20:00,MAITRI,-2.0,61.88,965.96,61.5,1.89,74.83,12.47,55.69,16113.05,67.15,4443.93,29
2016-01-11 22:25:00,MAITRI,-1.83,62.2,966.26,61.77,2.88,74.52,12.42,55.44,16107.09,71.48,4443.72,30
2016-01-11 22:30:00,MAITRI,-1.84,62.27,965.03,61.69,4.74,74.39,12.4,55.14,16101.99,61.26,4443.51,30
2016-01-11 22:35:00,MAITRI,-2.03,62.31,964.89,62.4,0.0,74.79,12.47,54.78,16096.59,64.76,4443.31,30
2016-01-11 22:40:00,MAITRI,-2.13,62.43,965.38,63.34,1.65,76.39,12.73,54.62,16090.95,67.65,4443.1,30
2016-01-11 22:45:00,MAITRI,-2.19,62.82,965.84,65.11,4.33,74.22,12.37,54.29,16085.27,68.21,4442.9,29
2016-01-11 22:50:00,MAITRI,-2.34,62.68,966.23,66.42,0.0,79.68,13.28,54.03,16078.78,77.89,4442.69,30
2016-01-11 22:55:00,MAITRI,-2.54,62.88,965.35,68.48,0.0,78.58,13.1,53.53,16073.44,64.02,4442.49,29
2016-01-11 23:00:00,MAITRI,-2.6,63.16,965.1,66.78,0.0,77.56,12.93,53.35,16067.48,71.53,4442.28,29
2016-01-11 23:05:00,MAITRI,-2.53,63.72,965.15,65.34,9.08,79.46,13.24,52.93,16061.24,74.93,4442.09,28
2016-01-11 23:10:00,MAITRI,-2.2,63.83,964.87,62.95,0.67,77.71,12.95,52.47,16055.74,65.9,4441.9,28
2016-01-11 23:15:00,MAITRI,-2.26,63.59,964.97,63.38,0.0,77.67,12.95,52.37,16049.46,75.45,4441.7,28
2016-01-11 23:20:00,MAITRI,-2.41,63.4,964.69,63.53,0.0,79.41,13.24,52.17,16043.16,75.5,4441.51,28
2016-01-11 23:25:00,MAITRI,-2.44,63.68,964.68,65.11,0.0,78.42,13.07,51.91,16037.57,67.09,4441.31,28
2016-01-11 23:30:00,MAITRI,-2.43,63.45,964.89,65.29,3.91,79.08,13.18,51.51,16031.29,75.36,4441.11,29
2016-01-11 23:35:00,MAITRI,-2.58,63.98,964.39,65.48,0.0,76.74,12.79,51.29,16025.41,70.6,4440.9,30
2016-01-11 23:40:00,MAITRI,-2.33,63.85,964.35,63.29,0.0,80.2,13.37,50.99,16019.07,76.13,4440.69,30
2016-01-11 23:45:00,MAITRI,-2.44,63.38,964.76,64.86,3.78,80.43,13.4,50.76,16012.73,76.01,4440.49,30
2016-01-11 23:50:00,MAITRI,-2.09,63.22,964.93,64.74,0.0,77.97,12.99,50.49,16007.15,67.02,4440.28,30
2016-01-11 23:55:00,MAITRI,-1.92,63.57,964.6,62.95,0.17,78.74,13.12,50.35,16001.59,66.68,4440.08,29
2016-01-12 00:00:00,MAITRI,-1.9,62.91,964.63,61.67,0.0,79.19,13.2,50.04,15996.09,65.97,4439.87,30
2016-01-12 00:05:00,MAITRI,-2.22,62.68,964.53,60.28,3.53,78.67,13.11,49.92,15990.56,66.41,4439.66,30
2016-01-12 00:10:00,MAITRI,-2.31,62.59,964.7,58.94,0.0,78.3,13.05,49.51,15984.28,75.37,4439.46,29
2016-01-12 00:15:00,MAITRI,-2.31,62.24,965.02,60.47,6.76,79.56,13.26,49.02,15978.66,67.36,4439.26,28
2016-01-12 00:20:00,MAITRI,-2.12,62.53,965.03,59.29,0.0,78.27,13.05,48.64,15972.22,77.4,4439.06,29
2016-01-12 00:25:00,MAITRI,-2.18,62.45,965.09,60.62,0.0,79.16,13.19,48.16,15966.64,66.86,4438.85,30
2016-01-12 00:30:00,MAITRI,-2.37,62.87,965.78,60.65,15.02,78.15,13.03,47.69,15960.59,72.66,4438.65,29
2016-01-12 00:35:00,MAITRI,-2.46,63.14,965.38,62.3,5.62,77.73,12.95,47.5,15954.04,78.54,4438.46,28
2016-01-12 00:40:00,MAITRI,-2.31,62.81,965.48,61.18,5.36,46.5,7.75,47.5,15951.33,32.55,4438.27,27
2016-01-12 00:45:00,MAITRI,-2.28,62.78,965.48,59.15,3.14,47.32,7.89,47.5,15948.57,33.12,4438.08,27
2016-01-12 00:50:00,MAITRI,-2.14,62.69,965.98,59.6,0.36,45.78,7.63,47.5,15945.9,32.04,4437.91,25
2016-01-12 00:55:00,MAITRI,-2.49,62.83,965.27,60.31,0.6,45.42,7.57,47.5,15943.25,31.8,4437.74,24
2016-01-12 01:00:00,MAITRI,-2.71,62.93,964.88,61.07,19.55,43.07,7.18,47.51,15940.74,30.15,4437.58,24
2016-01-12 01:05:00,MAITRI,-2.99,63.1,964.73,59.88,1.32,45.87,7.65,47.51,15938.06,32.11,4437.41,24
2016-01-12 01:10:00,MAITRI,-3.17,62.44,964.83,61.45,4.82,42.94,7.16,47.5,15935.56,30.06,4437.24,24
2016-01-12 01:15:00,MAITRI,-3.51,62.91,964.95,63.37,0.0,44.9,7.48,47.5,15932.94,31.43,4437.08,24
2016-01-12 01:20:00,MAITRI,-3.55,62.53,965.24,65.07,0.0,45.52,7.59,47.5,15930.28,31.86,4436.91,24
2016-01-12 01:25:00,MAITRI,-3.09,62.42,965.39,63.77,0.0,42.86,7.14,47.48,15927.78,30.0,4436.74,24
2016-01-12 01:30:00,MAITRI,-3.29,61.93,965.52,65.75,0.0,42.65,7.11,47.47,15925.29,29.86,4436.58,23
2016-01-12 01:35:00,MAITRI,-3.33,61.29,965.86,63.5,7.64,43.02,7.17,47.46,15922.78,30.11,4436.42,24
2016-01-12 01:40:00,MAITRI,-3.12,60.81,965.93,62.46,15.59,51.35,8.56,46.01,15919.79,35.95,4436.25,24
2016-01-12 01:45:00,MAITRI,-3.39,60.85,966.01,64.43,0.0,61.79,10.3,45.27,15916.18,43.26,4436.09,23
2016-01-12 01:50:00,MAITRI,-3.35,60.57,966.41,64.15,0.0,54.36,9.06,44.75,15913.01,38.05,4435.93,23
2016-01-12 01:55:00,MAITRI,-3.59,61.38,966.1,66.37,2.88,55.74,9.29,43.43,15909.76,39.02,4435.76,24
2016-01-12 02:00:00,MAITRI,-3.74,61.05,965.96,63.91,0.0,60.94,10.16,42.48,15906.21,42.66,4435.6,23
2016-01-12 02:05:00,MAITRI,-3.48,61.45,965.73,61.73,0.0,53.85,8.97,41.61,15903.07,37.69,4435.44,23
2016-01-12 02:10:00,MAITRI,-3.74,61.51,965.39,59.73,0.0,55.05,9.18,40.3,15899.85,38.54,4435.28,23
2016-01-12 02:15:00,MAITRI,-3.54,61.48,966.07,59.05,0.0,53.47,8.91,39.15,15896.74,37.43,4435.12,24
2016-01-12 02:20:00,MAITRI,-3.54,61.26,966.68,56.94,1.75,60.24,10.04,38.29,15893.22,42.17,4434.95,24
2016-01-12 02:25:00,MAITRI,-3.73,61.8,966.94,59.48,0.0,60.02,10.0,37.49,15889.72,42.01,4434.78,24
2016-01-12 02:30:00,MAITRI,-3.75,61.4,966.85,57.53,12.75,45.51,7.58,37.5,15887.07,31.85,4434.62,24
2016-01-12 02:35:00,MAITRI,-3.88,61.38,966.91,59.86,0.0,43.49,7.25,37.48,15884.53,30.44,4434.44,25
2016-01-12 02:40:00,MAITRI,-3.64,61.74,967.24,59.11,0.0,43.64,7.27,37.47,15881.98,30.55,4434.27,25
2016-01-12 02:45:00,MAITRI,-3.64,62.72,966.73,62.08,16.4,42.15,7.03,37.46,15879.52,29.51,4434.1,24
2016-01-12 02:50:00,MAITRI,-3.29,62.56,966.26,61.23,0.0,46.6,7.77,37.46,15876.81,32.62,4433.93,25
2016-01-12 02:55:00,MAITRI,-2.93,61.81,966.11,58.97,11.63,44.17,7.36,37.47,15874.23,30.92,4433.76,24
2016-01-12 03:00:00,MAITRI,-3.14,62.09,966.4,60.73,13.34,40.04,6.67,37.42,15871.89,28.03,4433.6,23
2016-01-12 03:05:00,MAITRI,-2.81,61.87,966.58,58.15,0.44,43.03,7.17,37.41,15869.38,30.12,4433.44,23
2016-01-12 03:10:00,MAITRI,-2.67,62.44,967.0,55.91,9.73,43.49,7.25,37.42,15866.85,30.44,4433.28,24
2016-01-12 03:15:00,MAITRI,-2.81,61.61,966.54,59.29,0.0,41.89,6.98,37.38,15864.4,29.32,4433.11,24
2016-01-12 03:20:00,MAITRI,-2.58,62.21,966.73,58.87,11.03,44.89,7.48,37.39,15861.78,31.42,4432.95,23
2016-01-12 03:25:00,MAITRI,-2.62,61.73,966.34,58.56,0.13,44.65,7.44,37.39,15859.18,31.25,4432.79,23
2016-01-12 03:30:00,MAITRI,-3.34,61.74,965.23,60.6,3.17,42.0,7.0,37.36,15856.73,29.4,4432.63,23
2016-01-12 03:35:00,MAITRI,-3.46,62.11,965.05,62.1,7.3,44.0,7.33,37.37,15854.16,30.8,4432.47,24
2016-01-12 03:40:00,MAITRI,-3.4,62.3,965.08,61.34,2.28,43.19,7.2,37.36,15851.64,30.23,4432.3,24
2016-01-12 03:45:00,MAITRI,-3.41,62.5,964.39,61.06,0.0,42.73,7.12,37.34,15849.15,29.91,4432.13,24
2016-01-12 03:50:00,MAITRI,-3.12,62.82,964.78,60.55,0.0,42.7,7.12,37.31,15846.66,29.89,4431.97,24
2016-01-12 03:55:00,MAITRI,-3.88,62.92,963.88,62.17,0.0,44.29,7.38,37.31,15844.08,31.0,4431.8,24
2016-01-12 04:00:00,MAITRI,-3.69,63.12,964.74,59.67,0.0,45.42,7.57,37.31,15841.43,31.8,4431.63,24
2016-01-12 04:05:00,MAITRI,-3.74,62.69,963.96,59.41,0.0,45.25,7.54,37.31,15838.79,31.68,4431.47,24
2016-01-12 04:10:00,MAITRI,-3.86,58.69,963.72,62.63,8.64,44.41,7.4,37.32,15836.2,31.08,4431.29,25
2016-01-12 04:15:00,MAITRI,-3.7,58.1,963.99,62.12,0.0,44.51,7.42,37.32,15833.6,31.16,4431.12,25
2016-01-12 04:20:00,MAITRI,-3.46,58.66,964.2,61.17,6.83,43.08,7.18,37.31,15831.09,30.16,4430.94,25
2016-01-12 04:25:00,MAITRI,-3.2,59.18,964.93,60.57,0.0,43.08,7.18,37.3,15828.57,30.15,4430.78,24
2016-01-12 04:30:00,MAITRI,-3.06,59.24,964.61,60.85,0.0,42.57,7.09,37.29,15826.09,29.8,4430.62,23
2016-01-12 04:35:00,MAITRI,-3.1,59.52,964.67,59.93,1.13,44.0,7.33,37.29,15823.52,30.8,4430.46,23
2016-01-12 04:40:00,MAITRI,-4.0,60.53,963.72,61.99,0.0,45.27,7.54,37.29,15820.88,31.69,4430.3,23
2016-01-12 04:45:00,MAITRI,-3.92,60.48,963.89,63.44,9.03,44.22,7.37,37.29,15818.3,30.95,4430.14,23
2016-01-12 04:50:00,MAITRI,-3.65,60.37,964.2,65.99,12.36,43.09,7.18,37.3,15815.79,30.16,4429.98,23
2016-01-12 04:55:00,MAITRI,-3.4,60.58,964.44,68.49,13.63,43.9,7.32,37.31,15813.23,30.73,4429.82,23
2016-01-12 05:00:00,MAITRI,-3.48,61.57,964.43,65.67,0.0,43.73,7.29,37.3,15810.68,30.61,4429.65,24
2016-01-12 05:05:00,MAITRI,-3.12,62.26,964.4,62.7,6.45,41.14,6.86,37.26,15808.28,28.8,4429.49,24
2016-01-12 05:10:00,MAITRI,-2.97,62.22,965.21,61.89,13.9,44.56,7.43,37.27,15805.68,31.19,4429.32,24
2016-01-12 05:15:00,MAITRI,-2.62,62.31,965.52,60.15,0.0,44.83,7.47,37.27,15803.07,31.38,4429.15,24
2016-01-12 05:20:00,MAITRI,-2.43,62.55,965.47,59.66,0.0,45.18,7.53,37.27,15800.43,31.62,4428.99,24
2016-01-12 05:25:00,MAITRI,-2.29,62.94,965.94,58.0,0.25,45.34,7.56,37.27,15797.78,31.74,4428.83,23
2016-01-12 05:30:00,MAITRI,-2.45,63.23,965.81,60.89,5.4,44.0,7.33,37.27,15795.22,30.8,4428.67,23
2016-01-12 05:35:00,MAITRI,-2.32,63.08,965.85,59.76,0.0,42.26,7.04,37.25,15792.75,29.58,4428.51,23
2016-01-12 05:40:00,MAITRI,-2.01,63.09,966.03,57.97,0.58,46.83,7.8,37.25,15790.02,32.78,4428.34,24
2016-01-12 05:45:00,MAITRI,-1.93,62.78,966.46,60.37,7.14,44.32,7.39,37.25,15787.44,31.02,4428.18,23
2016-01-12 05:50:00,MAITRI,-2.2,62.55,966.17,60.98,0.0,43.49,7.25,37.25,15784.9,30.44,4428.03,22
2016-01-12 05:55:00,MAITRI,-1.96,62.36,966.7,59.28,15.18,42.78,7.13,37.26,15782.4,29.94,4427.87,23
2016-01-12 06:00:00,MAITRI,-2.15,62.33,966.53,59.8,0.0,44.66,7.44,37.26,15779.8,31.26,4427.71,23
2016-01-12 06:05:00,MAITRI,-2.17,63.35,966.9,57.71,0.28,45.5,7.58,37.26,15777.14,31.85,4427.53,25
2016-01-12 06:10:00,MAITRI,-1.84,62.62,966.69,58.71,8.31,42.52,7.09,37.24,15774.66,29.77,4427.37,24
2016-01-12 06:15:00,MAITRI,-1.77,62.75,966.18,57.6,0.0,44.79,7.47,37.24,15772.05,31.35,4427.21,23
2016-01-12 06:20:00,MAITRI,-1.68,63.06,966.17,55.67,0.0,42.0,7.0,37.22,15769.6,29.4,4427.06,22
2016-01-12 06:25:00,MAITRI,-1.42,62.74,966.52,53.86,25.02,44.83,7.47,37.23,15766.99,31.38,4426.9,23
2016-01-12 06:30:00,MAITRI,-1.32,62.54,966.86,52.69,6.29,43.7,7.28,37.24,15764.44,30.59,4426.73,24
2016-01-12 06:35:00,MAITRI,-1.46,62.52,967.01,53.34,15.78,42.57,7.09,37.23,15761.95,29.8,4426.56,24
2016-01-12 06:40:00,MAITRI,-1.35,62.32,966.86,55.13,26.62,41.82,6.97,37.23,15759.51,29.28,4426.4,24
2016-01-12 06:45:00,MAITRI,-2.23,62.41,966.41,57.67,9.92,45.14,7.52,37.23,15756.88,31.6,4426.23,24
2016-01-12 06:50:00,MAITRI,-2.11,62.51,966.22,55.39,24.44,42.02,7.0,37.23,15754.43,29.42,4426.06,24
2016-01-12 06:55:00,MAITRI,-1.92,62.75,966.33,54.38,17.72,42.86,7.14,37.23,15751.93,30.0,4425.9,24
2016-01-12 07:00:00,MAITRI,-2.46,62.08,967.1,56.84,12.54,45.52,7.59,37.24,15749.27,31.86,4425.73,24
2016-01-12 07:05:00,MAITRI,-2.77,60.02,966.03,57.92,6.46,45.79,7.63,37.24,15746.6,32.05,4425.57,23
2016-01-12 07:10:00,MAITRI,-2.6,60.36,966.11,56.55,28.27,42.88,7.15,37.25,15744.1,30.01,4425.41,23
2016-01-12 07:15:00,MAITRI,-2.35,60.83,966.12,55.87,171.3,38.08,6.35,37.34,15741.88,26.66,4425.25,23
2016-01-12 07:20:00,MAITRI,-2.37,60.87,965.73,54.41,180.05,68.74,11.46,37.44,15737.87,48.12,4425.09,23
2016-01-12 07:25:00,MAITRI,-2.46,60.69,965.09,56.54,184.85,65.31,10.89,37.53,15734.06,45.72,4424.94,22
2016-01-12 07:30:00,MAITRI,-2.36,62.04,965.67,55.14,191.42,64.57,10.76,37.63,15730.29,45.2,4424.78,22
2016-01-12 07:35:00,MAITRI,-2.33,61.85,965.44,54.97,210.44,61.1,10.18,37.74,15726.73,42.77,4424.62,23
2016-01-12 07:40:00,MAITRI,-2.04,61.37,965.15,53.63,226.97,61.0,10.17,37.86,15723.17,42.7,4424.47,23
2016-01-12 07:45:00,MAITRI,-2.22,61.55,965.34,54.13,227.22,57.14,9.52,37.98,15719.84,40.0,4424.3,24
2016-01-12 07:50:00,MAITRI,-2.14,61.46,965.4,53.29,238.08,67.42,11.24,38.1,15715.91,47.19,4424.12,25
2016-01-12 07:55:00,MAITRI,-2.59,59.98,964.26,54.57,240.28,57.34,9.56,38.23,15712.56,40.14,4423.95,25
2016-01-12 08:00:00,MAITRI,-2.23,60.06,964.03,53.6,255.56,51.61,8.6,38.36,15709.55,36.13,4423.78,24
2016-01-12 08:05:00,MAITRI,-1.64,60.78,963.78,51.89,278.66,57.49,9.58,38.51,15706.2,40.25,4423.61,25
2016-01-12 08:10:00,MAITRI,-1.37,60.85,964.0,50.33,280.97,51.27,8.54,38.65,15703.21,35.89,4423.44,25
2016-01-12 08:15:00,MAITRI,-1.25,60.53,963.3,50.4,307.26,53.83,8.97,38.81,15700.07,37.68,4423.26,25
2016-01-12 08:20:00,MAITRI,-0.98,61.0,964.05,52.99,292.3,55.9,9.32,38.97,15696.81,39.13,4423.09,25
2016-01-12 08:25:00,MAITRI,-1.29,61.27,963.62,54.4,300.6,59.03,9.84,39.12,15693.36,41.32,4422.9,27
2016-01-12 08:30:00,MAITRI,-1.44,62.05,963.42,54.41,315.4,61.91,10.32,39.29,15689.75,43.34,4422.72,27
2016-01-12 08:35:00,MAITRI,-1.48,62.04,963.37,55.05,328.42,54.32,9.05,39.46,15686.58,38.03,4422.53,27
2016-01-12 08:40:00,MAITRI,-1.4,62.3,963.04,53.89,352.57,56.74,9.46,39.64,15683.27,39.72,4422.34,27
2016-01-12 08:45:00,MAITRI,-1.24,62.11,963.85,52.14,339.18,62.76,10.46,39.82,15679.61,43.94,4422.15,27
2016-01-12 08:50:00,MAITRI,-1.1,62.18,964.49,54.68,349.36,58.91,9.82,40.0,15676.17,41.24,4421.96,28
2016-01-12 08:55:00,MAITRI,-1.02,62.39,964.7,53.7,378.35,50.27,8.38,40.2,15673.24,35.19,4421.76,28
2016-01-12 09:00:00,MAITRI,-0.73,62.19,964.92,52.68,369.18,57.31,9.55,40.39,15669.9,40.12,4421.57,28
2016-01-12 09:05:00,MAITRI,-0.73,61.9,964.55,52.44,365.81,51.37,8.56,40.58,15666.9,35.96,4421.37,28
2016-01-12 09:10:00,MAITRI,-0.41,62.31,964.8,51.11,388.49,52.63,8.77,40.78,15663.83,36.84,4421.18,28
2016-01-12 09:15:00,MAITRI,-0.22,61.76,964.99,49.51,401.0,57.86,9.64,40.99,15660.46,40.51,4420.99,28
2016-01-12 09:20:00,MAITRI,0.01,62.31,965.21,51.8,415.56,55.65,9.28,41.21,15657.21,38.96,4420.79,28
2016-01-12 09:25:00,MAITRI,0.07,60.36,965.02,50.82,422.1,56.94,9.49,41.43,15653.89,39.86,4420.6,27
2016-01-12 09:30:00,MAITRI,-0.25,60.37,965.15,51.79,419.78,56.22,9.37,41.65,15650.61,39.36,4420.41,28
2016-01-12 09:35:00,MAITRI,-0.21,60.5,965.67,51.48,419.25,50.47,8.41,41.87,15647.66,35.33,4420.22,27
2016-01-12 09:40:00,MAITRI,-0.29,60.88,965.71,50.19,430.21,56.32,9.39,42.09,15644.38,39.42,4420.03,27
2016-01-12 09:45:00,MAITRI,-0.14,61.41,965.55,49.14,438.47,49.61,8.27,42.32,15641.49,34.72,4419.84,28
2016-01-12 09:50:00,MAITRI,0.08,61.27,965.42,48.74,464.45,57.49,9.58,42.56,15638.13,40.24,4419.65,27
2016-01-12 09:55:00,MAITRI,0.29,61.69,966.33,48.62,451.32,52.25,8.71,42.8,15635.08,36.57,4419.46,28
2016-01-12 10:00:00,MAITRI,0.26,61.76,965.99,48.62,450.34,51.79,8.63,43.03,15632.06,36.26,4419.26,28
2016-01-12 10:05:00,MAITRI,0.03,61.87,966.21,50.1,473.59,28.36,4.73,43.28,15630.41,19.85,4419.07,28
2016-01-12 10:10:00,MAITRI,0.3,61.66,966.14,50.2,462.8,26.1,4.35,43.51,15628.89,18.27,4418.88,27
2016-01-12 10:15:00,MAITRI,0.07,61.91,966.65,51.1,474.81,25.21,4.2,43.73,15627.41,17.65,4418.68,29
2016-01-12 10:20:00,MAITRI,0.19,62.46,965.91,50.64,483.92,27.92,4.65,43.98,15625.79,19.54,4418.48,29
2016-01-12 10:25:00,MAITRI,0.05,62.71,965.85,49.09,492.64,27.16,4.53,44.24,15624.2,19.01,4418.28,28
2016-01-12 10:30:00,MAITRI,0.27,58.87,965.67,47.45,500.94,25.79,4.3,44.5,15622.7,18.05,4418.08,29
2016-01-12 10:35:00,MAITRI,0.43,59.16,965.41,47.52,490.69,25.08,4.18,44.73,15621.23,17.56,4417.88,29
2016-01-12 10:40:00,MAITRI,0.12,58.94,965.24,49.58,509.09,26.0,4.33,45.0,15619.72,18.2,4417.68,29
2016-01-12 10:45:00,MAITRI,0.26,60.25,965.73,48.61,494.35,25.89,4.32,45.26,15618.21,18.12,4417.49,28
2016-01-12 10:50:00,MAITRI,0.42,60.38,966.01,47.95,519.19,26.74,4.46,45.53,15616.65,18.72,4417.3,27
2016-01-12 10:55:00,MAITRI,0.61,60.62,965.66,47.72,519.05,24.2,4.03,45.8,15615.24,16.94,4417.11,27
2016-01-12 11:00:00,MAITRI,0.23,60.65,966.39,49.12,520.02,25.96,4.33,46.07,15613.72,18.17,4416.93,26
2016-01-12 11:05:00,MAITRI,0.19,61.49,966.32,49.3,516.14,25.44,4.24,46.34,15612.24,17.81,4416.74,27
2016-01-12 11:10:00,MAITRI,0.41,61.82,966.84,48.97,503.06,26.18,4.36,46.6,15610.71,18.32,4416.56,27
2016-01-12 11:15:00,MAITRI,0.55,61.53,966.78,50.72,516.19,24.61,4.1,46.86,15609.28,17.22,4416.36,28
2016-01-12 11:20:00,MAITRI,0.92,61.69,966.98,49.23,540.5,24.5,4.08,47.14,15607.85,17.15,4416.17,28
2016-01-12 11:25:00,MAITRI,1.15,61.94,966.87,48.22,531.09,23.34,3.89,47.41,15606.48,16.34,4415.98,27
2016-01-12 11:30:00,MAITRI,1.29,62.6,966.2,49.28,526.66,27.25,4.54,47.69,15604.9,19.07,4415.78,28
2016-01-12 11:35:00,MAITRI,1.2,62.49,965.67,49.56,527.5,24.69,4.12,47.96,15603.45,17.28,4415.59,28
2016-01-12 11:40:00,MAITRI,1.36,62.09,965.52,48.44,521.23,26.83,4.47,48.23,15601.89,18.78,4415.4,28
2016-01-12 11:45:00,MAITRI,1.4,60.83,966.01,47.41,538.18,23.52,3.92,48.51,15600.52,16.46,4415.21,27
2016-01-12 11:50:00,MAITRI,1.47,59.74,966.3,46.58,543.53,24.27,4.05,48.8,15599.1,16.99,4415.02,27
2016-01-12 11:55:00,MAITRI,1.33,60.23,965.99,45.59,533.59,23.62,3.94,49.07,15597.72,16.53,4414.84,26
2016-01-12 12:00:00,MAITRI,1.27,60.51,966.18,46.12,538.13,21.5,3.58,49.32,15596.47,15.05,4414.65,27
2016-01-12 12:05:00,MAITRI,1.12,61.03,965.98,45.09,530.64,24.12,4.02,49.59,15595.06,16.88,4414.47,26
2016-01-12 12:10:00,MAITRI,1.21,61.42,966.43,45.7,530.57,24.61,4.1,49.87,15593.63,17.23,4414.29,26
2016-01-12 12:15:00,MAITRI,0.99,61.91,966.52,44.94,545.33,23.46,3.91,50.16,15592.26,16.42,4414.1,27
2016-01-12 12:20:00,MAITRI,1.08,62.11,966.5,44.31,538.6,23.76,3.96,50.42,15590.87,16.63,4413.9,29
2016-01-12 12:25:00,MAITRI,0.87,60.98,966.37,44.65,548.6,22.57,3.76,50.68,15589.56,15.8,4413.7,29
2016-01-12 12:30:00,MAITRI,0.81,61.06,965.86,45.28,534.64,25.46,4.24,50.96,15588.07,17.82,4413.5,29
2016-01-12 12:35:00,MAITRI,0.89,60.4,966.18,47.51,525.31,25.09,4.18,51.24,15586.61,17.56,4413.3,29
2016-01-12 12:40:00,MAITRI,0.68,60.93,965.59,48.74,527.12,24.89,4.15,51.51,15585.16,17.42,4413.1,29
2016-01-12 12:45:00,MAITRI,0.74,60.77,965.28,48.42,512.9,25.86,4.31,51.78,15583.65,18.1,4412.89,30
2016-01-12 12:50:00,MAITRI,0.7,60.84,965.25,48.67,517.96,24.62,4.1,52.03,15582.21,17.23,4412.68,30
2016-01-12 12:55:00,MAITRI,0.74,60.51,965.46,48.79,518.31,24.15,4.02,52.28,15580.8,16.9,4412.47,30
2016-01-12 13:00:00,MAITRI,0.56,61.03,965.65,49.69,506.61,27.17,4.53,52.54,15579.22,19.02,4412.27,29
2016-01-12 13:05:00,MAITRI,0.47,61.3,965.09,50.27,506.31,24.47,4.08,52.79,15577.79,17.13,4412.08,28
2016-01-12 13:10:00,MAITRI,0.55,61.61,964.92,49.14,502.96,25.77,4.29,53.05,15576.29,18.04,4411.87,29
2016-01-12 13:15:00,MAITRI,0.77,61.77,965.14,48.06,503.45,25.95,4.32,53.31,15574.77,18.16,4411.68,28
2016-01-12 13:20:00,MAITRI,1.08,61.99,965.1,48.63,507.11,26.67,4.44,53.58,15573.22,18.67,4411.49,27
2016-01-12 13:25:00,MAITRI,0.95,61.99,965.16,50.79,493.38,24.59,4.1,53.83,15571.78,17.22,4411.31,26
2016-01-12 13:30:00,MAITRI,0.8,61.25,965.05,50.84,488.59,22.86,3.81,54.04,15570.45,16.0,4411.13,26
2016-01-12 13:35:00,MAITRI,1.03,61.74,964.82,49.83,486.41,25.9,4.32,54.29,15568.94,18.13,4410.94,27
2016-01-12 13:40:00,MAITRI,0.78,57.03,965.05,52.07,466.8,25.48,4.25,54.52,15567.45,17.84,4410.75,28
2016-01-12 13:45:00,MAITRI,1.13,57.6,965.53,51.53,483.71,27.69,4.62,54.77,15565.84,19.38,4410.56,27
2016-01-12 13:50:00,MAITRI,0.93,54.49,965.48,53.6,466.89,27.88,4.65,55.01,15564.21,19.52,4410.37,27
2016-01-12 13:55:00,MAITRI,0.68,55.77,965.9,53.99,450.59,26.74,4.46,55.25,15562.65,18.72,4410.19,27
2016-01-12 14:00:00,MAITRI,0.9,56.62,965.7,53.64,456.09,26.24,4.37,55.48,15561.12,18.36,4410.0,27
2016-01-12 14:05:00,MAITRI,1.18,57.51,965.26,53.51,448.36,28.42,4.74,55.72,15559.46,19.89,4409.81,27
2016-01-12 14:10:00,MAITRI,1.38,56.62,965.73,53.3,440.24,26.34,4.39,55.93,15557.93,18.44,4409.62,27
2016-01-12 14:15:00,MAITRI,1.58,57.73,965.99,52.39,441.68,28.8,4.8,56.17,15556.25,20.16,4409.44,26
2016-01-12 14:20:00,MAITRI,1.16,58.25,965.14,53.28,419.03,27.87,4.65,56.38,15554.62,19.51,4409.26,26
2016-01-12 14:25:00,MAITRI,0.96,59.08,965.08,55.11,417.18,27.55,4.59,56.6,15553.01,19.28,4409.08,26
2016-01-12 14:30:00,MAITRI,0.77,59.24,965.03,54.91,423.94,28.02,4.67,56.82,15551.38,19.61,4408.9,26
2016-01-12 14:35:00,MAITRI,0.85,59.19,965.12,54.36,415.44,28.32,4.72,57.03,15549.73,19.82,4408.72,26
2016-01-12 14:40:00,MAITRI,1.0,58.82,965.15,53.33,424.15,29.51,4.92,57.26,15548.01,20.66,4408.53,27
2016-01-12 14:45:00,MAITRI,1.08,59.02,965.21,53.08,398.66,27.43,4.57,57.43,15546.41,19.2,4408.34,28
2016-01-12 14:50:00,MAITRI,1.14,59.62,964.9,53.42,394.49,30.83,5.14,57.63,15544.61,21.58,4408.15,27
2016-01-12 14:55:00,MAITRI,1.41,59.04,965.19,52.45,381.94,29.15,4.86,57.82,15542.91,20.4,4407.96,28
2016-01-12 15:00:00,MAITRI,1.11,58.9,965.36,53.39,360.31,29.23,4.87,57.98,15541.2,20.46,4407.77,27
2016-01-12 15:05:00,MAITRI,0.89,59.61,964.57,53.65,367.45,29.42,4.9,58.16,15539.49,20.6,4407.58,27
2016-01-12 15:10:00,MAITRI,0.73,59.83,964.91,55.44,359.09,32.04,5.34,58.35,15537.62,22.43,4407.4,26
2016-01-12 15:15:00,MAITRI,0.74,60.41,965.02,55.11,341.47,32.63,5.44,58.53,15535.71,22.84,4407.23,25
2016-01-12 15:20:00,MAITRI,0.9,60.73,965.99,54.81,334.63,52.16,8.69,58.7,15532.67,36.51,4407.06,25
2016-01-12 15:25:00,MAITRI,0.81,57.46,966.57,54.72,321.48,62.78,10.46,58.87,15529.01,43.95,4406.88,25
2016-01-12 15:30:00,MAITRI,0.99,57.38,966.39,53.18,324.55,69.93,11.66,59.04,15524.93,48.95,4406.7,26
2016-01-12 15:35:00,MAITRI,0.69,58.23,965.65,54.05,310.9,62.5,10.42,59.2,15521.28,43.75,4406.52,26
2016-01-12 15:40:00,MAITRI,0.65,58.23,964.83,55.81,290.29,61.92,10.32,59.35,15517.67,43.35,4406.33,27
2016-01-12 15:45:00,MAITRI,0.36,58.46,964.03,56.55,280.07,55.82,9.3,59.5,15514.41,39.07,4406.15,26
2016-01-12 15:50:00,MAITRI,0.75,58.96,964.12,55.99,274.31,57.04,9.51,59.64,15511.09,39.93,4405.98,25
2016-01-12 15:55:00,MAITRI,1.01,59.26,964.74,55.51,283.05,60.19,10.03,59.79,15507.58,42.13,4405.8,26
2016-01-12 16:00:00,MAITRI,0.77,59.56,965.12,56.72,254.03,58.51,9.75,59.92,15504.16,40.96,4405.61,27
2016-01-12 16:05:00,MAITRI,0.36,59.5,964.97,57.43,249.18,72.17,12.03,60.05,15499.95,50.52,4405.43,26
2016-01-12 16:10:00,MAITRI,0.23,59.33,965.02,58.19,227.5,37.05,6.17,60.17,15497.79,25.93,4405.25,26
2016-01-12 16:15:00,MAITRI,0.1,59.24,965.19,58.39,225.53,36.7,6.12,60.28,15495.65,25.69,4405.07,26
2016-01-12 16:20:00,MAITRI,-0.1,60.06,965.1,59.88,222.29,35.78,5.96,60.4,15493.56,25.05,4404.89,26
2016-01-12 16:25:00,MAITRI,-0.22,59.65,964.41,59.75,192.13,36.94,6.16,60.5,15491.41,25.86,4404.71,26
2016-01-12 16:30:00,MAITRI,-0.17,59.87,964.3,61.13,195.22,34.4,5.73,60.55,15489.4,24.08,4404.52,27
2016-01-12 16:35:00,MAITRI,0.14,60.54,964.47,58.82,196.98,38.31,6.39,60.66,15487.17,26.82,4404.34,26
2016-01-12 16:40:00,MAITRI,0.08,60.58,964.68,59.02,179.75,39.96,6.66,60.75,15484.84,27.97,4404.15,27
2016-01-12 16:45:00,MAITRI,-0.18,60.27,964.64,59.86,167.15,37.03,6.17,60.81,15482.68,25.92,4403.97,27
2016-01-12 16:50:00,MAITRI,0.05,60.53,964.76,57.54,155.8,36.06,6.01,60.84,15480.57,25.24,4403.78,27
2016-01-12 16:55:00,MAITRI,-0.06,60.48,963.85,58.29,151.45,39.4,6.57,60.92,15478.28,27.58,4403.6,26
2016-01-12 17:00:00,MAITRI,-0.29,59.25,964.23,58.73,139.3,38.5,6.42,60.99,15476.03,26.95,4403.42,26
2016-01-12 17:05:00,MAITRI,-0.01,59.18,965.01,58.34,127.63,39.2,6.53,61.05,15473.74,27.44,4403.24,26
2016-01-12 17:10:00,MAITRI,0.31,60.02,965.18,57.44,104.91,39.86,6.64,61.09,15471.42,27.9,4403.05,27
2016-01-12 17:15:00,MAITRI,0.35,59.98,964.91,57.55,88.18,40.71,6.78,61.14,15469.04,28.49,4402.87,25
2016-01-12 17:20:00,MAITRI,0.25,60.02,964.64,57.51,83.24,41.23,6.87,61.18,15466.64,28.86,4402.69,26
2016-01-12 17:25:00,MAITRI,-0.05,59.95,964.39,57.48,85.02,39.25,6.54,61.19,15464.35,27.48,4402.51,26
2016-01-12 17:30:00,MAITRI,0.05,59.73,963.88,57.35,77.44,41.57,6.93,61.23,15461.92,29.1,4402.33,26
2016-01-12 17:35:00,MAITRI,0.12,59.51,964.51,56.77,51.03,41.01,6.83,61.23,15459.53,28.7,4402.15,26
2016-01-12 17:40:00,MAITRI,0.22,59.56,964.59,55.9,55.61,41.82,6.97,61.25,15457.09,29.27,4401.97,26
2016-01-12 17:45:00,MAITRI,0.18,60.24,965.53,54.61,31.05,43.03,7.17,61.27,15454.58,30.12,4401.8,25
2016-01-12 17:50:00,MAITRI,-0.2,59.64,965.51,55.47,29.36,43.94,7.32,61.28,15452.02,30.76,4401.62,25
2016-01-12 17:55:00,MAITRI,0.03,59.73,965.96,54.51,17.97,43.75,7.29,61.29,15449.47,30.63,4401.45,25
2016-01-12 18:00:00,MAITRI,0.29,60.24,965.94,53.49,7.61,44.95,7.49,61.3,15446.84,31.47,4401.27,26
2016-01-12 18:05:00,MAITRI,0.13,60.05,966.3,52.52,0.0,45.73,7.62,61.3,15444.18,32.01,4401.08,27
2016-01-12 18:10:00,MAITRI,0.15,60.81,965.74,52.98,1.69,57.72,9.62,61.1,15439.35,57.93,4400.89,28
2016-01-12 18:15:00,MAITRI,0.4,60.87,965.55,53.47,1.6,58.2,9.7,60.7,15435.14,50.47,4400.69,28
2016-01-12 18:20:00,MAITRI,0.41,60.98,965.71,54.83,2.24,59.31,9.88,60.51,15430.94,50.5,4400.5,28
2016-01-12 18:25:00,MAITRI,0.05,60.94,965.5,55.27,10.75,61.14,10.19,60.21,15426.03,58.83,4400.31,28
2016-01-12 18:30:00,MAITRI,-0.13,61.02,965.01,57.61,3.02,57.96,9.66,60.01,15421.5,54.38,4400.11,28
2016-01-12 18:35:00,MAITRI,0.05,60.79,965.59,57.6,11.97,59.38,9.9,59.9,15416.6,58.85,4399.91,29
2016-01-12 18:40:00,MAITRI,0.3,60.79,966.37,56.85,13.66,61.23,10.2,59.75,15411.78,57.84,4399.71,29
2016-01-12 18:45:00,MAITRI,0.05,55.7,966.2,57.68,0.0,62.23,10.37,59.58,15407.48,51.52,4399.51,29
2016-01-12 18:50:00,MAITRI,0.05,56.81,965.9,58.75,4.38,62.5,10.42,59.43,15403.04,53.26,4399.31,28
2016-01-12 18:55:00,MAITRI,0.21,56.38,965.94,57.84,13.83,62.83,10.47,59.25,15397.83,62.58,4399.12,28
2016-01-12 19:00:00,MAITRI,0.06,57.01,964.86,58.38,4.67,63.65,10.61,58.98,15393.15,56.11,4398.92,29
2016-01-12 19:05:00,MAITRI,-0.31,58.03,964.39,58.52,3.65,65.54,10.92,58.8,15387.94,62.58,4398.72,29
2016-01-12 19:10:00,MAITRI,-0.52,59.17,964.34,57.83,12.05,63.96,10.66,58.36,15382.81,61.56,4398.51,29
2016-01-12 19:15:00,MAITRI,-0.69,60.0,964.75,58.69,1.46,67.69,11.28,57.94,15377.66,61.79,4398.31,29
2016-01-12 19:20:00,MAITRI,-0.9,60.26,964.55,59.41,0.0,68.07,11.35,57.51,15372.7,59.47,4398.11,29
2016-01-12 19:25:00,MAITRI,-1.32,59.84,964.15,59.91,5.48,66.92,11.15,57.15,15367.6,61.22,4397.91,29
2016-01-12 19:30:00,MAITRI,-0.99,57.92,964.51,59.54,12.78,68.65,11.44,56.7,15362.49,61.35,4397.71,29
2016-01-12 19:35:00,MAITRI,-1.13,58.53,964.35,58.78,0.0,68.04,11.34,56.2,15357.56,59.17,4397.51,29
2016-01-12 19:40:00,MAITRI,-1.47,58.75,964.92,60.33,0.0,67.79,11.3,56.01,15351.83,68.71,4397.31,29
2016-01-12 19:45:00,MAITRI,-1.34,57.06,965.33,59.59,0.0,70.56,11.76,55.69,15346.71,61.48,4397.1,29
2016-01-12 19:50:00,MAITRI,-1.73,57.75,964.82,59.93,0.0,72.41,12.07,55.54,15341.77,59.27,4396.9,29
2016-01-12 19:55:00,MAITRI,-1.66,58.89,965.16,60.24,13.39,70.5,11.75,55.23,15336.52,62.95,4396.71,28
2016-01-12 20:00:00,MAITRI,-1.91,59.55,964.89,61.46,6.8,70.17,11.69,55.06,15331.35,62.11,4396.51,28
2016-01-12 20:05:00,MAITRI,-1.72,60.64,965.13,61.12,0.0,73.41,12.23,54.88,15325.91,65.3,4396.32,28
2016-01-12 20:10:00,MAITRI,-1.69,60.9,965.1,59.25,0.0,71.11,11.85,54.61,15320.83,60.98,4396.12,29
2016-01-12 20:15:00,MAITRI,-1.7,61.12,964.18,59.05,6.27,76.53,12.76,54.29,15314.72,73.21,4395.92,29
2016-01-12 20:20:00,MAITRI,-1.76,61.89,965.02,59.76,9.13,74.19,12.37,53.83,15308.87,70.29,4395.72,28
2016-01-12 20:25:00,MAITRI,-1.61,62.07,965.27,58.74,0.0,76.26,12.71,53.51,15302.78,73.02,4395.53,28
2016-01-12 20:30:00,MAITRI,-1.32,62.23,965.25,58.31,15.39,74.58,12.43,53.08,15296.76,72.3,4395.33,28
2016-01-12 20:35:00,MAITRI,-1.25,62.0,965.68,58.09,12.62,74.43,12.4,52.82,15291.72,60.42,4395.13,29
2016-01-12 20:40:00,MAITRI,-1.27,61.28,964.55,57.79,0.0,74.98,12.5,52.56,15286.57,61.87,4394.93,29
2016-01-12 20:45:00,MAITRI,-1.3,62.29,965.05,59.05,1.44,81.69,13.62,52.34,15281.08,65.82,4394.72,30
2016-01-12 20:50:00,MAITRI,-1.59,61.94,964.19,59.9,0.0,79.63,13.27,52.17,15275.27,69.76,4394.51,30
2016-01-12 20:55:00,MAITRI,-1.97,61.79,963.48,60.43,8.17,79.54,13.26,51.91,15268.93,76.01,4394.3,31
2016-01-12 21:00:00,MAITRI,-2.13,62.05,963.31,59.4,0.0,80.02,13.34,51.52,15262.99,71.39,4394.09,30
2016-01-12 21:05:00,MAITRI,-2.28,62.04,963.66,58.52,0.67,78.01,13.0,51.4,15256.5,77.79,4393.89,29
2016-01-12 21:10:00,MAITRI,-2.08,61.79,963.77,57.66,4.16,82.29,13.71,50.99,15250.6,70.84,4393.68,30
2016-01-12 21:15:00,MAITRI,-2.1,62.14,963.6,58.11,6.02,78.02,13.0,50.49,15244.32,75.33,4393.47,30
2016-01-12 21:20:00,MAITRI,-1.79,61.91,963.84,58.45,0.0,77.15,12.86,50.36,15238.56,69.16,4393.27,29
2016-01-12 21:25:00,MAITRI,-1.51,61.64,963.87,57.85,9.17,45.99,7.67,50.37,15235.88,32.19,4393.08,27
2016-01-12 21:30:00,MAITRI,-1.48,61.86,964.47,56.82,2.94,45.75,7.63,50.37,15233.21,32.03,4392.9,26
2016-01-12 21:35:00,MAITRI,-1.66,61.13,964.53,56.27,1.32,44.08,7.35,50.37,15230.64,30.86,4392.73,25
2016-01-12 21:40:00,MAITRI,-1.5,61.28,964.41,55.43,0.75,45.31,7.55,50.37,15227.99,31.72,4392.56,24
2016-01-12 21:45:00,MAITRI,-1.26,61.15,964.53,54.73,3.39,41.71,6.95,50.34,15225.56,29.2,4392.4,23
2016-01-12 21:50:00,MAITRI,-1.11,60.87,964.8,56.89,0.0,42.42,7.07,50.32,15223.08,29.7,4392.24,24
2016-01-12 21:55:00,MAITRI,-0.81,60.84,964.83,57.3,0.0,42.66,7.11,50.31,15220.6,29.86,4392.08,23
2016-01-12 22:00:00,MAITRI,-1.12,61.32,964.74,56.5,2.29,42.42,7.07,50.29,15218.12,29.69,4391.92,23
2016-01-12 22:05:00,MAITRI,-1.3,61.8,964.16,57.01,0.0,44.96,7.49,50.29,15215.5,31.47,4391.76,23
2016-01-12 22:10:00,MAITRI,-1.25,61.87,964.19,56.75,0.0,42.01,7.0,50.26,15213.05,29.41,4391.59,24
2016-01-12 22:15:00,MAITRI,-1.06,62.31,963.87,57.77,3.68,44.17,7.36,50.26,15210.47,30.92,4391.42,24
2016-01-12 22:20:00,MAITRI,-1.05,62.45,963.7,58.28,0.0,43.73,7.29,50.26,15207.92,30.61,4391.26,24
2016-01-12 22:25:00,MAITRI,-1.14,62.32,964.26,57.94,0.0,43.27,7.21,50.24,15205.4,30.29,4391.09,24
2016-01-12 22:30:00,MAITRI,-1.5,62.57,963.69,59.02,0.64,42.39,7.07,50.22,15202.92,29.68,4390.92,24
2016-01-12 22:35:00,MAITRI,-1.55,62.37,964.02,59.35,0.0,44.6,7.43,50.22,15200.32,31.22,4390.75,25
2016-01-12 22:40:00,MAITRI,-1.37,62.02,964.05,59.77,0.0,45.1,7.52,50.22,15197.69,31.57,4390.57,26
2016-01-12 22:45:00,MAITRI,-1.43,62.44,964.06,59.9,2.46,42.87,7.15,50.18,15195.19,30.01,4390.39,26
2016-01-12 22:50:00,MAITRI,-1.9,56.69,963.6,60.98,2.14,43.82,7.3,50.19,15192.63,30.68,4390.22,25
2016-01-12 22:55:00,MAITRI,-1.68,57.32,964.29,59.55,7.4,42.4,7.07,50.17,15190.16,29.68,4390.04,25
2016-01-12 23:00:00,MAITRI,-1.5,58.05,965.12,58.23,0.0,43.61,7.27,50.17,15187.62,30.53,4389.87,24
2016-01-12 23:05:00,MAITRI,-1.57,59.04,965.23,59.08,25.55,44.1,7.35,50.18,15185.04,30.87,4389.72,23
2016-01-12 23:10:00,MAITRI,-1.44,60.42,965.35,61.06,8.45,41.75,6.96,50.17,15182.61,29.23,4389.56,22
2016-01-12 23:15:00,MAITRI,-1.71,60.82,964.74,63.67,0.0,43.28,7.21,50.17,15180.08,30.3,4389.42,21
2016-01-12 23:20:00,MAITRI,-1.86,61.46,964.23,62.45,0.0,41.87,6.98,50.16,15177.64,29.31,4389.27,21
2016-01-12 23:25:00,MAITRI,-2.15,61.41,964.3,60.96,0.0,42.3,7.05,50.15,15175.17,29.61,4389.12,21
2016-01-12 23:30:00,MAITRI,-2.44,61.16,964.92,62.76,8.9,43.82,7.3,50.16,15172.62,30.68,4388.97,22
2016-01-12 23:35:00,MAITRI,-2.41,61.27,965.13,62.83,0.0,43.53,7.26,50.16,15170.08,30.47,4388.81,23
2016-01-12 23:40:00,MAITRI,-2.37,61.38,965.14,61.83,0.0,44.67,7.45,50.16,15167.47,31.27,4388.65,23
2016-01-12 23:45:00,MAITRI,-2.31,61.34,965.28,60.64,0.0,43.13,7.19,50.15,15164.96,30.19,4388.49,23
2016-01-12 23:50:00,MAITRI,-2.5,61.96,964.2,62.02,0.0,42.52,7.09,50.14,15162.48,29.76,4388.33,23
2016-01-12 23:55:00,MAITRI,-2.41,62.36,964.19,62.0,0.0,43.73,7.29,50.14,15159.93,30.61,4388.17,23
2016-01-13 00:00:00,MAITRI,-2.49,61.9,963.98,59.99,10.68,44.4,7.4,50.14,15157.34,31.08,4388.01,24
2016-01-13 00:05:00,MAITRI,-2.38,61.76,964.73,58.35,0.27,43.15,7.19,50.12,15154.82,30.2,4387.83,25
2016-01-13 00:10:00,MAITRI,-2.13,61.63,964.56,58.38,0.0,43.52,7.25,50.11,15152.28,30.46,4387.67,24
2016-01-13 00:15:00,MAITRI,-2.5,61.49,963.89,59.75,0.0,43.54,7.26,50.11,15149.74,30.48,4387.5,24
2016-01-13 00:20:00,MAITRI,-2.41,61.31,964.44,60.04,8.76,45.41,7.57,50.11,15147.09,31.79,4387.33,24
2016-01-13 00:25:00,MAITRI,-2.28,60.68,965.32,59.79,5.64,44.44,7.41,50.12,15144.5,31.1,4387.16,25
2016-01-13 00:30:00,MAITRI,-2.55,61.19,965.15,60.02,0.0,44.19,7.36,50.11,15141.92,30.93,4386.98,26
2016-01-13 00:35:00,MAITRI,-2.36,61.84,965.26,60.43,0.5,43.44,7.24,50.09,15139.39,30.41,4386.81,25
2016-01-13 00:40:00,MAITRI,-2.4,61.57,965.47,59.29,0.0,45.5,7.58,50.09,15136.73,31.85,4386.63,25
2016-01-13 00:45:00,MAITRI,-2.59,60.56,965.57,60.83,10.1,41.86,6.98,50.07,15134.29,29.3,4386.47,24
2016-01-13 00:50:00,MAITRI,-2.5,60.54,965.58,60.46,0.0,42.4,7.07,50.05,15131.82,29.68,4386.31,23
2016-01-13 00:55:00,MAITRI,-2.23,61.15,965.67,58.65,4.41,44.34,7.39,50.06,15129.23,31.04,4386.15,23
2016-01-13 01:00:00,MAITRI,-2.15,61.17,966.41,57.51,2.2,42.84,7.14,50.05,15126.73,29.99,4385.99,23
2016-01-13 01:05:00,MAITRI,-2.28,61.35,967.16,56.95,3.43,44.96,7.49,50.05,15124.11,31.47,4385.82,24
2016-01-13 01:10:00,MAITRI,-2.46,61.88,967.34,58.74,16.91,42.63,7.11,50.05,15121.62,29.84,4385.65,24
2016-01-13 01:15:00,MAITRI,-2.51,62.01,966.95,61.54,0.0,41.3,6.88,50.01,15119.21,28.91,4385.49,23
2016-01-13 01:20:00,MAITRI,-2.57,62.75,966.97,60.51,5.71,43.58,7.26,50.01,15116.67,30.5,4385.33,23
2016-01-13 01:25:00,MAITRI,-2.67,62.52,966.45,60.83,0.0,41.63,6.94,49.99,15114.24,29.14,4385.18,22
2016-01-13 01:30:00,MAITRI,-2.62,62.55,966.63,59.77,0.0,41.55,6.92,49.96,15111.82,29.08,4385.03,22
2016-01-13 01:35:00,MAITRI,-3.16,59.44,965.33,61.36,9.99,42.44,7.07,49.96,15109.34,29.71,4384.87,22
2016-01-13 01:40:00,MAITRI,-3.05,59.52,965.4,61.66,0.0,45.27,7.54,49.96,15106.7,31.69,4384.72,22
2016-01-13 01:45:00,MAITRI,-3.2,59.87,965.06,63.87,0.0,42.87,7.14,49.96,15104.2,30.01,4384.57,22
2016-01-13 01:50:00,MAITRI,-2.88,60.21,964.6,63.54,0.0,41.75,6.96,49.95,15101.77,29.23,4384.42,21
2016-01-13 01:55:00,MAITRI,-3.03,60.87,964.3,64.68,3.67,43.77,7.3,49.95,15099.21,30.64,4384.27,22
2016-01-13 02:00:00,MAITRI,-3.05,61.56,964.42,64.97,0.0,43.83,7.3,49.95,15096.66,30.68,4384.12,22
2016-01-13 02:05:00,MAITRI,-3.32,61.65,964.59,66.56,3.5,42.8,7.13,49.95,15094.16,29.96,4383.97,21
2016-01-13 02:10:00,MAITRI,-3.48,62.07,964.33,65.89,8.86,40.36,6.73,49.92,15091.81,28.25,4383.82,22
2016-01-13 02:15:00,MAITRI,-3.35,61.84,965.26,63.34,0.0,43.88,7.31,49.92,15089.25,30.71,4383.67,22
2016-01-13 02:20:00,MAITRI,-3.24,61.79,965.78,61.62,4.92,43.11,7.18,49.92,15086.73,30.18,4383.52,21
2016-01-13 02:25:00,MAITRI,-2.82,62.28,966.43,63.09,2.24,40.81,6.8,49.89,15084.35,28.57,4383.37,21
2016-01-13 02:30:00,MAITRI,-3.07,62.19,966.16,61.23,0.0,43.2,7.2,49.89,15081.83,30.24,4383.22,22
2016-01-13 02:35:00,MAITRI,-2.76,62.03,966.17,61.78,0.0,42.59,7.1,49.88,15079.35,29.81,4383.07,22
2016-01-13 02:40:00,MAITRI,-2.52,62.98,966.19,60.6,0.0,42.55,7.09,49.86,15076.86,29.78,4382.91,23
2016-01-13 02:45:00,MAITRI,-2.83,63.87,965.77,63.52,0.0,44.66,7.44,49.86,15074.26,31.26,4382.75,23
2016-01-13 02:50:00,MAITRI,-2.51,63.41,965.79,64.02,0.0,43.52,7.25,49.86,15071.72,30.46,4382.59,23
2016-01-13 02:55:00,MAITRI,-2.57,62.78,965.66,62.06,0.0,44.8,7.47,49.86,15069.11,31.36,4382.43,23
2016-01-13 03:00:00,MAITRI,-3.05,60.51,965.19,63.13,2.1,44.3,7.38,49.86,15066.52,31.01,4382.26,24
2016-01-13 03:05:00,MAITRI,-2.82,60.08,965.58,62.36,0.0,43.86,7.31,49.86,15063.96,30.7,4382.1,24
2016-01-13 03:10:00,MAITRI,-3.05,60.63,965.54,60.06,0.0,43.86,7.31,49.86,15061.41,30.7,4381.94,23
2016-01-13 03:15:00,MAITRI,-3.03,59.8,966.03,58.98,9.5,44.28,7.38,49.87,15058.82,30.99,4381.77,24
2016-01-13 03:20:00,MAITRI,-3.09,60.0,966.47,57.3,0.0,45.06,7.51,49.87,15056.19,31.54,4381.61,23
2016-01-13 03:25:00,MAITRI,-3.0,60.34,967.0,55.24,0.13,44.74,7.46,49.87,15053.59,31.32,4381.46,22
2016-01-13 03:30:00,MAITRI,-2.89,60.44,966.91,55.18,0.0,43.02,7.17,49.86,15051.08,30.12,4381.3,23
2016-01-13 03:35:00,MAITRI,-3.21,60.46,967.43,56.56,16.24,42.81,7.13,49.87,15048.58,29.96,4381.14,23
2016-01-13 03:40:00,MAITRI,-2.96,60.8,967.18,54.74,12.11,41.03,6.84,49.84,15046.19,28.72,4380.98,23
2016-01-13 03:45:00,MAITRI,-2.6,61.37,966.8,53.15,0.0,44.65,7.44,49.84,15043.58,31.26,4380.82,23
2016-01-13 03:50:00,MAITRI,-3.37,61.24,965.73,55.81,11.55,42.62,7.1,49.84,15041.09,29.83,4380.66,23
2016-01-13 03:55:00,MAITRI,-3.17,61.87,965.86,53.78,14.21,41.29,6.88,49.82,15038.69,28.9,4380.5,23
2016-01-13 04:00:00,MAITRI,-3.43,61.62,965.91,56.13,6.36,44.21,7.37,49.82,15036.11,30.94,4380.33,24
2016-01-13 04:05:00,MAITRI,-3.48,61.87,966.14,58.36,0.0,43.21,7.2,49.81,15033.59,30.24,4380.17,24
2016-01-13 04:10:00,MAITRI,-4.09,61.64,965.01,60.31,0.0,44.71,7.45,49.81,15030.98,31.3,4379.99,25
2016-01-13 04:15:00,MAITRI,-4.89,61.56,963.94,62.16,1.59,43.49,7.25,49.8,15028.44,30.44,4379.82,25
2016-01-13 04:20:00,MAITRI,-4.51,61.85,964.3,60.6,4.23,45.07,7.51,49.8,15025.81,31.55,4379.65,25
2016-01-13 04:25:00,MAITRI,-4.2,62.56,965.1,63.15,0.32,42.51,7.09,49.78,15023.33,29.76,4379.48,24
2016-01-13 04:30:00,MAITRI,-3.67,61.82,965.22,63.63,0.0,42.0,7.0,49.74,15020.88,29.4,4379.31,24
2016-01-13 04:35:00,MAITRI,-3.39,61.14,965.12,62.71,0.0,44.16,7.36,49.74,15018.31,30.91,4379.15,24
2016-01-13 04:40:00,MAITRI,-3.36,61.16,965.8,62.26,8.22,43.24,7.21,49.75,15015.78,30.27,4378.99,23
2016-01-13 04:45:00,MAITRI,-3.61,61.05,966.07,63.42,3.78,42.59,7.1,49.74,15013.3,29.82,4378.83,23
2016-01-13 04:50:00,MAITRI,-3.16,61.05,966.25,63.76,0.0,45.98,7.66,49.74,15010.62,32.18,4378.67,23
2016-01-13 04:55:00,MAITRI,-3.07,61.25,966.99,62.84,14.95,45.02,7.5,49.74,15007.99,31.51,4378.51,23
2016-01-13 05:00:00,MAITRI,-2.89,61.91,966.56,61.44,6.76,43.71,7.28,49.75,15005.44,30.59,4378.35,23
2016-01-13 05:05:00,MAITRI,-2.91,62.17,966.5,59.65,0.0,44.67,7.45,49.75,15002.84,31.27,4378.18,24
2016-01-13 05:10:00,MAITRI,-2.92,61.87,967.1,59.39,0.0,41.26,6.88,49.71,15000.43,28.88,4378.02,23
2016-01-13 05:15:00,MAITRI,-2.73,62.86,967.64,58.78,0.0,42.3,7.05,49.68,14997.96,29.61,4377.85,24
2016-01-13 05:20:00,MAITRI,-2.34,62.88,967.21,56.85,1.66,43.61,7.27,49.67,14995.42,30.53,4377.69,24
2016-01-13 05:25:00,MAITRI,-1.97,62.65,967.09,55.38,0.0,43.31,7.22,49.66,14992.89,30.32,4377.52,24
2016-01-13 05:30:00,MAITRI,-2.15,62.19,966.9,54.86,0.0,41.11,6.85,49.61,14990.49,28.78,4377.35,24
2016-01-13 05:35:00,MAITRI,-1.96,62.54,966.89,54.31,0.0,44.16,7.36,49.61,14987.92,30.91,4377.19,24
2016-01-13 05:40:00,MAITRI,-1.97,62.37,966.84,52.78,0.0,43.72,7.29,49.61,14985.37,30.6,4377.03,23
2016-01-13 05:45:00,MAITRI,-1.9,62.33,966.21,52.61,5.49,42.59,7.1,49.61,14982.88,29.81,4376.87,22
2016-01-13 05:50:00,MAITRI,-2.03,62.59,966.55,54.32,0.0,41.32,6.89,49.58,14980.47,28.92,4376.73,21
2016-01-13 05:55:00,MAITRI,-2.06,62.13,966.14,53.58,12.93,42.84,7.14,49.59,14977.97,29.99,4376.59,20
2016-01-13 06:00:00,MAITRI,-1.96,62.15,966.49,52.36,7.44,42.55,7.09,49.59,14975.49,29.79,4376.44,21
2016-01-13 06:05:00,MAITRI,-1.63,62.64,966.26,54.04,0.4,42.49,7.08,49.59,14973.01,29.74,4376.3,21
2016-01-13 06:10:00,MAITRI,-1.67,62.4,966.66,54.99,14.44,42.06,7.01,49.6,14970.56,29.44,4376.15,21
2016-01-13 06:15:00,MAITRI,-1.61,62.24,967.38,54.94,43.71,40.63,6.77,49.61,14968.19,28.44,4376.0,22
2016-01-13 06:20:00,MAITRI,-1.68,62.41,967.44,55.83,40.53,41.31,6.88,49.63,14965.78,28.91,4375.85,22
2016-01-13 06:25:00,MAITRI,-2.09,62.34,967.61,56.62,56.97,40.05,6.68,49.63,14963.44,28.04,4375.69,23
2016-01-13 06:30:00,MAITRI,-2.14,62.96,967.58,57.48,79.18,40.23,6.7,49.67,14961.1,28.16,4375.53,23
2016-01-13 06:35:00,MAITRI,-2.23,63.32,967.63,55.98,75.62,41.78,6.96,49.71,14958.66,29.25,4375.36,24
2016-01-13 06:40:00,MAITRI,-2.25,63.19,968.12,56.72,87.46,40.03,6.67,49.76,14956.33,28.02,4375.2,23
2016-01-13 06:45:00,MAITRI,-1.9,63.02,968.02,54.87,100.76,38.13,6.35,49.78,14954.1,26.69,4375.04,23
2016-01-13 06:50:00,MAITRI,-1.97,62.74,967.59,53.04,114.31,39.17,6.53,49.84,14951.82,27.42,4374.88,23
2016-01-13 06:55:00,MAITRI,-1.9,63.22,968.41,52.84,119.83,38.83,6.47,49.91,14949.55,27.18,4374.72,23
2016-01-13 07:00:00,MAITRI,-1.85,62.93,968.28,51.66,156.66,37.92,6.32,49.99,14947.34,26.54,4374.56,23
2016-01-13 07:05:00,MAITRI,-1.45,63.27,968.16,50.03,154.37,37.97,6.33,50.07,14945.12,26.58,4374.4,23
2016-01-13 07:10:00,MAITRI,-1.15,63.28,967.82,49.66,145.1,37.14,6.19,50.12,14942.96,26.0,4374.24,24
2016-01-13 07:15:00,MAITRI,-0.94,63.11,967.31,49.27,165.55,39.18,6.53,50.21,14940.67,27.43,4374.07,24
2016-01-13 07:20:00,MAITRI,-0.91,63.25,966.75,48.3,174.74,39.18,6.53,50.3,14938.39,27.42,4373.9,25
2016-01-13 07:25:00,MAITRI,-0.9,63.11,967.04,48.06,202.22,33.32,5.55,50.35,14936.44,23.33,4373.72,25
2016-01-13 07:30:00,MAITRI,-1.0,63.04,966.65,47.39,211.16,36.5,6.08,50.46,14934.31,25.55,4373.55,25
2016-01-13 07:35:00,MAITRI,-1.1,63.04,966.47,48.69,224.58,36.43,6.07,50.58,14932.19,25.5,4373.37,25
2016-01-13 07:40:00,MAITRI,-1.19,62.65,966.43,47.99,222.44,35.02,5.84,50.69,14930.15,24.51,4373.2,25
2016-01-13 07:45:00,MAITRI,-1.41,62.62,966.25,49.58,237.54,34.42,5.74,50.8,14928.14,24.09,4373.03,25
2016-01-13 07:50:00,MAITRI,-1.46,62.1,965.9,48.54,256.47,32.02,5.34,50.91,14926.27,22.42,4372.86,24
2016-01-13 07:55:00,MAITRI,-1.54,61.45,965.47,51.64,263.98,34.27,5.71,51.04,14924.27,23.99,4372.69,24
2016-01-13 08:00:00,MAITRI,-1.52,61.78,966.18,49.96,245.63,34.6,5.77,51.17,14922.25,24.22,4372.52,25
2016-01-13 08:05:00,MAITRI,-1.73,61.88,965.93,50.44,282.94,33.04,5.51,51.31,14920.33,23.13,4372.34,26
2016-01-13 08:10:00,MAITRI,-1.48,62.39,965.97,52.61,286.29,33.46,5.58,51.46,14918.37,23.42,4372.16,26
2016-01-13 08:15:00,MAITRI,-1.28,62.91,966.76,51.86,284.02,32.73,5.46,51.6,14916.46,22.91,4371.98,26
2016-01-13 08:20:00,MAITRI,-1.25,63.0,966.53,50.46,304.5,34.0,5.67,51.75,14914.48,23.8,4371.8,26
2016-01-13 08:25:00,MAITRI,-0.84,63.57,966.72,48.94,319.45,32.22,5.37,51.92,14912.6,22.55,4371.62,25
2016-01-13 08:30:00,MAITRI,-0.71,63.98,966.64,51.15,324.11,31.46,5.24,52.08,14910.77,22.02,4371.44,26
2016-01-13 08:35:00,MAITRI,-0.59,63.59,966.33,49.66,314.81,33.0,5.5,52.24,14908.84,23.1,4371.26,27
2016-01-13 08:40:00,MAITRI,-0.94,63.79,966.55,51.48,336.87,29.3,4.88,52.37,14907.13,20.51,4371.07,27
2016-01-13 08:45:00,MAITRI,-0.79,63.06,966.31,49.66,349.09,30.18,5.03,52.53,14905.37,21.12,4370.88,27
2016-01-13 08:50:00,MAITRI,-0.7,62.87,966.46,49.66,353.12,31.53,5.26,52.72,14903.53,22.07,4370.69,27
2016-01-13 08:55:00,MAITRI,-0.75,62.6,966.69,48.47,367.8,31.72,5.29,52.91,14901.68,22.21,4370.51,27
2016-01-13 09:00:00,MAITRI,-0.57,62.83,966.61,47.11,389.38,31.37,5.23,53.11,14899.85,21.96,4370.32,27
2016-01-13 09:05:00,MAITRI,-0.44,60.29,966.55,46.38,396.18,30.62,5.1,53.32,14898.07,21.44,4370.13,27
2016-01-13 09:10:00,MAITRI,-0.26,61.26,966.64,45.86,67.98,41.34,6.89,53.34,14895.66,28.94,4369.94,27
2016-01-13 09:15:00,MAITRI,-0.16,61.0,966.31,45.62,19.0,43.88,7.31,53.34,14893.1,30.72,4369.76,27
2016-01-13 09:20:00,MAITRI,-0.22,61.47,966.4,45.17,32.67,41.22,6.87,53.31,14890.69,28.85,4369.57,27
2016-01-13 09:25:00,MAITRI,-0.31,61.15,965.93,46.95,43.68,44.15,7.36,53.33,14888.12,30.91,4369.37,28
2016-01-13 09:30:00,MAITRI,-0.36,61.48,965.68,47.62,48.46,44.65,7.44,53.36,14885.51,31.26,4369.18,28
2016-01-13 09:35:00,MAITRI,0.08,60.63,965.84,46.86,88.35,39.55,6.59,53.37,14883.2,27.69,4368.99,27
2016-01-13 09:40:00,MAITRI,0.07,60.22,965.14,47.39,32.18,44.69,7.45,53.38,14880.6,31.28,4368.81,27
2016-01-13 09:45:00,MAITRI,0.15,59.91,965.26,46.81,92.45,42.63,7.1,53.43,14878.11,29.84,4368.62,27
2016-01-13 09:50:00,MAITRI,0.34,60.31,965.95,45.54,81.23,41.87,6.98,53.47,14875.67,29.31,4368.43,27
2016-01-13 09:55:00,MAITRI,0.14,60.51,965.36,47.68,18.91,45.17,7.53,53.48,14873.03,31.62,4368.23,29
2016-01-13 10:00:00,MAITRI,0.18,60.59,965.59,47.05,45.21,43.74,7.29,53.51,14870.48,30.62,4368.03,28
2016-01-13 10:05:00,MAITRI,0.29,61.42,965.38,46.86,81.71,42.16,7.03,53.55,14868.02,29.51,4367.85,27
2016-01-13 10:10:00,MAITRI,0.48,62.07,966.11,45.38,79.7,42.3,7.05,53.59,14865.55,29.61,4367.67,25
2016-01-13 10:15:00,MAITRI,0.69,62.61,966.83,44.38,83.26,40.82,6.8,53.63,14863.17,28.57,4367.5,25
2016-01-13 10:20:00,MAITRI,0.56,62.63,966.89,45.94,45.95,43.78,7.3,53.66,14860.62,30.65,4367.32,26
2016-01-13 10:25:00,MAITRI,0.46,62.48,966.15,46.29,77.37,44.39,7.4,53.7,14858.03,31.07,4367.14,26
2016-01-13 10:30:00,MAITRI,0.39,62.73,966.09,45.54,30.44,44.0,7.33,53.71,14855.46,30.8,4366.96,26
2016-01-13 10:35:00,MAITRI,0.69,63.22,966.02,44.8,52.31,41.83,6.97,53.71,14853.02,29.28,4366.77,27
2016-01-13 10:40:00,MAITRI,0.84,62.87,966.59,43.86,47.11,42.8,7.13,53.73,14850.53,29.96,4366.58,27
2016-01-13 10:45:00,MAITRI,0.59,62.5,966.5,45.21,45.62,43.86,7.31,53.75,14847.97,30.7,4366.4,26
2016-01-13 10:50:00,MAITRI,0.45,63.2,966.81,48.07,29.02,43.63,7.27,53.77,14845.42,30.54,4366.22,26
2016-01-13 10:55:00,MAITRI,0.44,63.36,966.26,46.95,23.54,46.24,7.71,53.78,14842.72,32.37,4366.03,27
2016-01-13 11:00:00,MAITRI,0.53,63.41,966.55,46.03,79.32,41.58,6.93,53.82,14840.3,29.11,4365.85,26
2016-01-13 11:05:00,MAITRI,0.59,63.45,965.7,46.76,48.18,41.95,6.99,53.82,14837.85,29.36,4365.67,27
2016-01-13 11:10:00,MAITRI,0.6,63.68,965.23,47.13,95.1,42.08,7.01,53.87,14835.4,29.46,4365.49,26
2016-01-13 11:15:00,MAITRI,0.58,63.87,964.76,47.81,510.81,24.53,4.09,54.13,14833.97,17.17,4365.31,26
2016-01-13 11:20:00,MAITRI,0.7,63.07,965.27,46.52,537.88,21.17,3.53,54.37,14832.73,14.82,4365.12,26
2016-01-13 11:25:00,MAITRI,0.65,63.6,964.94,47.27,522.2,23.08,3.85,54.62,14831.38,16.15,4364.94,27
2016-01-13 11:30:00,MAITRI,0.58,64.09,964.95,47.69,531.29,24.35,4.06,54.9,14829.96,17.05,4364.75,27
2016-01-13 11:35:00,MAITRI,0.78,63.62,964.83,46.71,518.99,23.76,3.96,55.16,14828.58,16.64,4364.57,26
2016-01-13 11:40:00,MAITRI,1.23,63.08,965.08,45.86,540.86,23.27,3.88,55.44,14827.22,16.29,4364.38,27
2016-01-13 11:45:00,MAITRI,1.09,63.26,964.58,46.7,534.51,25.88,4.31,55.71,14825.71,18.12,4364.19,27
2016-01-13 11:50:00,MAITRI,1.18,63.56,965.39,46.58,529.29,24.28,4.05,55.99,14824.29,17.0,4364.01,27
2016-01-13 11:55:00,MAITRI,1.25,63.32,966.19,45.32,529.32,24.21,4.03,56.27,14822.88,16.94,4363.82,27
2016-01-13 12:00:00,MAITRI,1.15,61.22,966.21,47.95,522.26,24.69,4.12,56.54,14821.44,17.28,4363.63,27
2016-01-13 12:05:00,MAITRI,1.08,61.43,966.87,47.21,525.27,25.13,4.19,56.81,14819.98,17.59,4363.44,27
2016-01-13 12:10:00,MAITRI,0.76,61.8,966.51,48.65,529.31,23.43,3.91,57.08,14818.61,16.4,4363.26,27
2016-01-13 12:15:00,MAITRI,0.47,61.78,966.55,49.88,522.18,25.08,4.18,57.35,14817.15,17.56,4363.07,27
2016-01-13 12:20:00,MAITRI,0.37,62.21,966.7,48.45,522.26,27.44,4.57,57.62,14815.55,19.21,4362.88,27
2016-01-13 12:25:00,MAITRI,0.67,61.48,966.73,46.96,516.24,24.06,4.01,57.88,14814.14,16.84,4362.69,27
2016-01-13 12:30:00,MAITRI,0.83,61.26,966.71,46.46,537.59,24.51,4.09,58.16,14810.5,43.7,4362.51,27
2016-01-13 12:35:00,MAITRI,0.71,60.58,966.94,45.38,527.99,24.29,4.05,58.44,14807.33,38.05,4362.31,28
2016-01-13 12:40:00,MAITRI,0.98,56.97,967.0,44.69,548.93,24.41,4.07,58.73,14804.13,38.39,4362.12,28
2016-01-13 12:45:00,MAITRI,0.73,56.82,967.14,45.17,534.34,25.39,4.23,59.0,14799.99,49.64,4361.91,30
2016-01-13 12:50:00,MAITRI,0.6,57.4,967.48,45.74,535.57,25.57,4.26,59.28,14796.98,36.21,4361.7,30
2016-01-13 12:55:00,MAITRI,1.0,58.12,967.59,44.86,538.06,25.3,4.22,59.56,14794.0,35.72,4361.49,30
2016-01-13 13:00:00,MAITRI,1.23,57.63,967.55,43.73,532.32,23.83,3.97,59.82,14790.55,41.42,4361.28,30
2016-01-13 13:05:00,MAITRI,1.16,58.66,967.34,44.59,527.43,23.29,3.88,60.08,14787.49,36.75,4361.08,29
2016-01-13 13:10:00,MAITRI,1.42,59.48,967.21,44.19,517.54,24.85,4.14,60.35,14783.71,45.33,4360.89,28
2016-01-13 13:15:00,MAITRI,1.58,60.01,967.09,43.86,527.94,22.99,3.83,60.61,14780.84,34.4,4360.7,27
2016-01-13 13:20:00,MAITRI,1.32,60.65,967.09,44.83,510.43,24.71,4.12,60.87,14777.66,38.22,4360.51,27
2016-01-13 13:25:00,MAITRI,0.86,60.35,967.52,45.85,508.74,26.49,4.41,61.14,14773.61,48.5,4360.33,27
2016-01-13 13:30:00,MAITRI,0.59,60.72,968.03,46.92,506.65,24.77,4.13,61.39,14769.95,43.94,4360.13,28
2016-01-13 13:35:00,MAITRI,0.62,60.73,967.61,47.2,480.82,26.03,4.34,61.63,14766.95,36.01,4359.93,29
2016-01-13 13:40:00,MAITRI,0.94,59.01,967.22,46.71,487.87,27.4,4.57,61.89,14763.25,44.42,4359.74,28
2016-01-13 13:45:00,MAITRI,0.93,59.37,967.2,47.06,485.83,24.9,4.15,62.13,14759.41,46.03,4359.55,27
2016-01-13 13:50:00,MAITRI,0.59,59.18,966.43,48.83,476.52,27.57,4.6,62.38,14755.85,42.71,4359.35,28
2016-01-13 13:55:00,MAITRI,0.59,59.91,966.3,49.25,459.45,27.39,4.56,62.62,14752.46,40.78,4359.17,27
2016-01-13 14:00:00,MAITRI,1.07,58.03,966.58,48.54,456.86,26.9,4.48,62.86,14750.89,18.83,4358.97,28
2016-01-13 14:05:00,MAITRI,0.98,58.34,966.38,48.65,463.71,27.47,4.58,63.1,14749.28,19.23,4358.78,27
2016-01-13 14:10:00,MAITRI,1.29,57.81,966.73,48.91,446.83,26.0,4.33,63.32,14747.77,18.2,4358.6,26
2016-01-13 14:15:00,MAITRI,1.27,59.12,967.16,48.73,447.61,28.08,4.68,63.55,14746.13,19.65,4358.42,27
2016-01-13 14:20:00,MAITRI,1.44,59.54,966.93,48.77,432.13,28.31,4.72,63.78,14744.48,19.82,4358.23,27
2016-01-13 14:25:00,MAITRI,1.36,59.19,966.48,50.74,411.35,28.21,4.7,63.99,14742.83,19.75,4358.04,27
2016-01-13 14:30:00,MAITRI,1.55,59.53,967.4,49.56,421.57,29.48,4.91,64.21,14741.11,20.63,4357.85,27
2016-01-13 14:35:00,MAITRI,1.35,59.47,966.9,49.89,417.72,29.42,4.9,64.43,14739.4,20.59,4357.67,27
2016-01-13 14:40:00,MAITRI,1.09,59.69,966.56,50.75,400.03,28.97,4.83,64.64,14737.71,20.28,4357.49,25
2016-01-13 14:45:00,MAITRI,1.28,59.69,966.67,50.02,399.64,28.04,4.67,64.84,14736.07,19.63,4357.31,26
2016-01-13 14:50:00,MAITRI,1.37,59.8,967.52,48.77,396.99,28.59,4.77,65.03,14734.4,20.02,4357.12,27
2016-01-13 14:55:00,MAITRI,1.14,60.16,967.66,49.22,393.64,31.14,5.19,65.24,14732.59,21.79,4356.94,27
2016-01-13 15:00:00,MAITRI,1.07,60.61,967.74,49.66,368.7,29.68,4.95,65.43,14730.86,20.78,4356.76,26
2016-01-13 15:05:00,MAITRI,0.92,59.92,967.61,50.82,381.12,28.48,4.75,65.61,14729.2,19.93,4356.58,26
2016-01-13 15:10:00,MAITRI,0.62,60.57,967.16,52.16,362.51,31.66,5.28,65.8,14727.35,22.16,4356.4,26
2016-01-13 15:15:00,MAITRI,0.41,60.32,966.75,53.99,336.05,31.23,5.21,65.98,14725.53,21.86,4356.22,26
2016-01-13 15:20:00,MAITRI,0.3,60.53,966.35,54.92,352.44,29.82,4.97,66.16,14723.79,20.88,4356.04,25
2016-01-13 15:25:00,MAITRI,0.34,60.3,966.73,54.37,327.02,27.49,4.58,66.25,14722.18,19.24,4355.86,26
2016-01-13 15:30:00,MAITRI,0.29,60.82,966.8,56.42,320.55,31.28,5.21,66.4,14720.36,21.89,4355.67,28
2016-01-13 15:35:00,MAITRI,0.04,61.68,966.86,57.28,297.2,31.97,5.33,66.52,14718.49,22.38,4355.47,28
2016-01-13 15:40:00,MAITRI,0.2,61.67,967.48,56.31,305.67,35.41,5.9,66.68,14716.43,24.79,4355.28,28
2016-01-13 15:45:00,MAITRI,0.25,61.54,967.75,54.43,288.8,34.98,5.83,66.83,14714.39,24.49,4355.08,28
2016-01-13 15:50:00,MAITRI,0.21,61.58,967.89,56.51,272.99,35.65,5.94,66.97,14712.31,24.95,4354.89,28
2016-01-13 15:55:00,MAITRI,0.24,61.82,966.89,56.35,267.02,59.56,9.93,67.11,14708.83,41.69,4354.69,28
2016-01-13 16:00:00,MAITRI,0.07,61.94,966.87,56.91,252.49,62.11,10.35,67.24,14705.21,43.48,4354.51,27
2016-01-13 16:05:00,MAITRI,-0.01,61.93,967.48,56.66,239.51,68.74,11.46,67.37,14701.2,48.11,4354.33,26
2016-01-13 16:10:00,MAITRI,-0.28,62.68,966.56,56.67,230.1,68.31,11.39,67.49,14697.22,47.82,4354.15,26
2016-01-13 16:15:00,MAITRI,-0.22,62.71,966.08,56.53,238.42,57.61,9.6,67.61,14693.85,40.33,4353.97,26
2016-01-13 16:20:00,MAITRI,-0.12,63.39,967.06,55.15,217.78,73.4,12.23,67.72,14689.57,51.38,4353.78,26
2016-01-13 16:25:00,MAITRI,-0.12,62.74,966.44,55.19,209.94,60.16,10.03,67.83,14686.06,42.11,4353.6,26
2016-01-13 16:30:00,MAITRI,0.06,62.62,967.03,54.06,207.67,73.76,12.29,67.94,14681.76,51.63,4353.42,26
2016-01-13 16:35:00,MAITRI,0.1,62.13,967.21,54.91,183.63,64.21,10.7,68.04,14678.02,44.95,4353.24,26
2016-01-13 16:40:00,MAITRI,0.29,62.44,967.41,54.79,172.31,64.31,10.72,68.13,14674.26,45.02,4353.06,27
2016-01-13 16:45:00,MAITRI,0.11,63.16,967.6,54.98,166.92,71.92,11.99,68.22,14670.07,50.35,4352.87,27
2016-01-13 16:50:00,MAITRI,0.25,62.76,967.91,54.99,152.02,73.19,12.2,68.29,14665.8,51.23,4352.68,27
2016-01-13 16:55:00,MAITRI,0.1,62.79,966.8,55.71,140.93,74.17,12.36,68.37,14661.47,51.92,4352.5,26
2016-01-13 17:00:00,MAITRI,0.32,62.61,966.45,55.78,135.57,77.96,12.99,68.44,14656.92,54.57,4352.32,26
2016-01-13 17:05:00,MAITRI,0.4,62.91,966.28,53.97,121.92,74.51,12.42,68.5,14652.58,52.16,4352.14,26
2016-01-13 17:10:00,MAITRI,0.63,62.46,965.76,53.46,111.31,82.29,13.71,68.56,14647.78,57.6,4351.95,27
2016-01-13 17:15:00,MAITRI,0.81,62.12,965.64,54.01,112.16,64.2,10.7,68.62,14644.03,44.94,4351.76,28
2016-01-13 17:20:00,MAITRI,0.35,62.66,964.75,55.14,89.95,75.36,12.56,68.67,14639.64,52.75,4351.57,27
2016-01-13 17:25:00,MAITRI,-0.04,62.57,964.95,57.19,68.9,74.56,12.43,68.7,14635.29,52.19,4351.39,26
2016-01-13 17:30:00,MAITRI,-0.32,61.16,964.91,57.89,70.93,83.1,13.85,68.74,14630.44,58.17,4351.21,26
2016-01-13 17:35:00,MAITRI,-0.1,61.48,965.27,55.38,54.11,65.28,10.88,68.77,14626.63,45.7,4351.03,26
2016-01-13 17:40:00,MAITRI,-0.19,61.97,965.18,56.71,39.72,81.21,13.53,68.79,14621.89,56.85,4350.85,25
2016-01-13 17:45:00,MAITRI,-0.0,60.39,965.61,58.31,47.15,42.03,7.0,68.81,14619.44,29.42,4350.68,25
2016-01-13 17:50:00,MAITRI,0.33,60.77,965.52,57.42,19.45,42.89,7.15,68.81,14616.94,30.02,4350.51,25
2016-01-13 17:55:00,MAITRI,-0.07,61.2,965.52,58.47,2.67,45.78,7.63,68.81,14614.27,32.05,4350.33,26
2016-01-13 18:00:00,MAITRI,-0.35,61.1,965.99,58.95,0.0,45.22,7.54,68.81,14611.63,31.65,4350.15,26
2016-01-13 18:05:00,MAITRI,-0.52,61.32,965.64,60.78,0.0,43.63,7.27,68.78,14609.09,30.54,4349.96,27
2016-01-13 18:10:00,MAITRI,-0.62,61.45,965.99,59.02,0.0,47.28,7.88,68.78,14606.33,33.1,4349.77,27
2016-01-13 18:15:00,MAITRI,-0.61,62.03,965.89,57.37,1.22,47.34,7.89,68.78,14603.57,33.14,4349.58,27
2016-01-13 18:20:00,MAITRI,-0.34,62.78,965.86,55.93,4.79,44.14,7.36,68.77,14600.99,30.9,4349.4,27
2016-01-13 18:25:00,MAITRI,0.1,62.59,966.58,55.18,2.34,45.02,7.5,68.77,14598.37,31.52,4349.22,26
2016-01-13 18:30:00,MAITRI,-0.1,62.59,965.86,55.69,0.0,44.66,7.44,68.77,14595.76,31.26,4349.04,25
2016-01-13 18:35:00,MAITRI,-0.12,62.29,964.66,56.35,1.04,44.46,7.41,68.77,14593.17,31.12,4348.87,25
2016-01-13 18:40:00,MAITRI,0.06,61.92,964.93,55.8,0.0,45.49,7.58,68.77,14590.51,31.85,4348.69,26
2016-01-13 18:45:00,MAITRI,-0.27,62.04,965.23,57.81,9.5,45.89,7.65,68.78,14587.84,32.12,4348.5,27
2016-01-13 18:50:00,MAITRI,-0.75,61.84,965.51,59.69,4.79,45.53,7.59,68.78,14585.18,31.87,4348.31,27
2016-01-13 18:55:00,MAITRI,-0.46,62.23,966.18,58.97,0.0,45.6,7.6,68.78,14582.52,31.92,4348.12,28
2016-01-13 19:00:00,MAITRI,-0.44,62.61,965.94,58.97,0.0,44.83,7.47,68.77,14579.91,31.38,4347.93,27
2016-01-13 19:05:00,MAITRI,-0.23,62.59,965.82,59.01,0.0,45.67,7.61,68.77,14577.24,31.97,4347.74,27
2016-01-13 19:10:00,MAITRI,-0.52,62.08,965.38,59.01,13.34,44.29,7.38,68.77,14574.66,31.0,4347.56,27
2016-01-13 19:15:00,MAITRI,-0.29,59.23,965.48,58.85,15.39,44.82,7.47,68.78,14572.04,31.37,4347.37,27
2016-01-13 19:20:00,MAITRI,-0.03,57.44,965.52,58.81,2.4,44.34,7.39,68.78,14569.46,31.04,4347.18,27
2016-01-13 19:25:00,MAITRI,-0.03,57.61,965.66,57.27,0.0,45.44,7.57,68.78,14566.81,31.81,4346.99,27
2016-01-13 19:30:00,MAITRI,-0.11,58.04,965.58,57.29,8.81,44.4,7.4,68.78,14564.22,31.08,4346.81,26
2016-01-13 19:35:00,MAITRI,-0.41,58.56,965.32,57.64,8.81,44.32,7.39,68.78,14561.63,31.02,4346.62,27
2016-01-13 19:40:00,MAITRI,-0.36,58.35,965.5,56.37,20.65,43.2,7.2,68.78,14559.11,30.24,4346.44,27
2016-01-13 19:45:00,MAITRI,-0.49,59.4,965.18,56.7,3.41,43.7,7.28,68.76,14556.56,30.59,4346.25,27
2016-01-13 19:50:00,MAITRI,-0.22,59.91,965.27,56.02,0.0,45.17,7.53,68.76,14553.93,31.62,4346.06,27
2016-01-13 19:55:00,MAITRI,-0.14,59.81,965.32,55.59,0.0,43.86,7.31,68.74,14551.37,30.71,4345.87,27
2016-01-13 20:00:00,MAITRI,-0.03,60.21,964.96,54.8,0.0,44.6,7.43,68.74,14548.77,31.22,4345.7,25
2016-01-13 20:05:00,MAITRI,0.28,60.77,965.47,54.13,3.59,44.08,7.35,68.74,14546.2,30.86,4345.53,25
2016-01-13 20:10:00,MAITRI,0.01,59.79,965.56,55.5,0.0,43.95,7.33,68.74,14543.63,30.77,4345.35,25
2016-01-13 20:15:00,MAITRI,0.1,60.35,965.22,55.45,0.0,45.53,7.59,68.74,14540.98,31.87,4345.18,25
2016-01-13 20:20:00,MAITRI,-0.17,60.31,965.28,56.4,1.43,46.12,7.69,68.74,14538.29,32.28,4345.0,26
2016-01-13 20:25:00,MAITRI,-0.36,59.5,965.4,55.97,12.22,42.67,7.11,68.73,14535.8,29.87,4344.83,25
2016-01-13 20:30:00,MAITRI,-0.18,59.78,965.14,55.35,0.0,42.05,7.01,68.7,14533.34,29.43,4344.66,24
2016-01-13 20:35:00,MAITRI,-0.25,59.19,965.26,57.28,7.25,44.01,7.33,68.7,14530.78,30.8,4344.49,24
2016-01-13 20:40:00,MAITRI,0.0,60.15,966.0,56.17,0.0,43.58,7.26,68.7,14528.23,30.51,4344.33,24
2016-01-13 20:45:00,MAITRI,-0.03,60.93,966.33,55.97,0.0,42.93,7.15,68.69,14525.73,30.05,4344.17,23
2016-01-13 20:50:00,MAITRI,0.06,61.15,966.71,54.3,0.0,42.66,7.11,68.68,14523.24,29.86,4344.01,23
2016-01-13 20:55:00,MAITRI,-0.05,61.35,967.26,54.56,0.0,41.09,6.85,68.64,14520.85,28.76,4343.85,23
2016-01-13 21:00:00,MAITRI,-0.12,61.14,967.11,54.4,1.84,44.07,7.34,68.64,14518.28,30.85,4343.69,23
2016-01-13 21:05:00,MAITRI,-0.57,61.11,966.45,56.07,1.66,44.0,7.33,68.64,14515.71,30.8,4343.53,22
2016-01-13 21:10:00,MAITRI,-0.33,56.52,966.47,55.63,0.0,42.74,7.12,68.64,14513.22,29.91,4343.38,22
2016-01-13 21:15:00,MAITRI,-0.35,57.43,966.44,55.72,0.0,43.02,7.17,68.64,14510.71,30.11,4343.22,23
2016-01-13 21:20:00,MAITRI,-0.65,58.28,966.29,56.79,8.06,42.09,7.02,68.63,14508.25,29.47,4343.06,23
2016-01-13 21:25:00,MAITRI,-0.44,58.84,966.83,55.74,3.4,43.19,7.2,68.63,14505.73,30.24,4342.91,22
2016-01-13 21:30:00,MAITRI,-0.67,59.4,966.56,57.46,0.9,41.92,6.99,68.61,14503.29,29.34,4342.75,23
2016-01-13 21:35:00,MAITRI,-0.85,60.51,966.68,57.57,0.0,45.5,7.58,68.61,14500.63,31.85,4342.6,22
2016-01-13 21:40:00,MAITRI,-0.81,61.73,966.6,58.05,0.0,42.93,7.15,68.61,14498.13,30.05,4342.44,22
2016-01-13 21:45:00,MAITRI,-0.63,61.03,966.79,58.16,2.16,42.45,7.08,68.6,14495.65,29.72,4342.29,22
2016-01-13 21:50:00,MAITRI,-0.63,61.64,966.12,58.91,0.0,43.93,7.32,68.6,14493.09,30.75,4342.14,22
2016-01-13 21:55:00,MAITRI,-0.91,61.07,965.92,57.88,2.14,43.35,7.23,68.6,14490.56,30.35,4341.99,22
2016-01-13 22:00:00,MAITRI,-0.94,60.56,965.79,57.24,0.0,41.25,6.88,68.57,14488.15,28.88,4341.83,22
2016-01-13 22:05:00,MAITRI,-1.21,61.12,966.15,59.35,13.01,43.25,7.21,68.58,14485.63,30.28,4341.68,22
2016-01-13 22:10:00,MAITRI,-1.14,61.23,967.07,58.21,8.43,43.23,7.2,68.59,14483.11,30.26,4341.52,23
2016-01-13 22:15:00,MAITRI,-1.16,60.84,967.07,59.56,18.35,41.25,6.88,68.58,14480.7,28.88,4341.37,22
2016-01-13 22:20:00,MAITRI,-1.32,60.92,966.93,61.28,0.0,42.79,7.13,68.58,14478.21,29.95,4341.22,22
2016-01-13 22:25:00,MAITRI,-1.16,61.03,967.15,61.92,0.0,45.17,7.53,68.58,14475.57,31.62,4341.06,23
2016-01-13 22:30:00,MAITRI,-1.08,61.13,966.6,61.86,1.57,45.15,7.53,68.58,14472.94,31.61,4340.9,23
2016-01-13 22:35:00,MAITRI,-1.04,58.73,966.58,59.91,0.0,44.29,7.38,68.58,14470.35,31.0,4340.74,23
2016-01-13 22:40:00,MAITRI,-1.09,59.46,966.89,60.82,1.86,44.52,7.42,68.58,14467.76,31.17,4340.58,23
2016-01-13 22:45:00,MAITRI,-1.0,60.0,966.73,60.84,0.0,44.8,7.47,68.58,14465.14,31.36,4340.42,23
2016-01-13 22:50:00,MAITRI,-0.71,59.88,966.56,59.92,0.0,42.36,7.06,68.57,14462.67,29.65,4340.26,22
2016-01-13 22:55:00,MAITRI,-0.79,60.21,966.15,59.77,16.08,42.43,7.07,68.58,14460.2,29.7,4340.11,22
2016-01-13 23:00:00,MAITRI,-0.95,59.73,966.13,58.68,0.0,43.41,7.24,68.58,14457.66,30.39,4339.96,22
2016-01-13 23:05:00,MAITRI,-1.21,60.35,965.95,61.37,0.0,43.37,7.23,68.57,14455.13,30.36,4339.79,24
2016-01-13 23:10:00,MAITRI,-1.02,60.49,966.66,59.77,0.0,43.85,7.31,68.57,14452.58,30.7,4339.63,23
2016-01-13 23:15:00,MAITRI,-1.08,60.64,967.29,59.18,0.0,44.42,7.4,68.57,14449.99,31.09,4339.47,24
2016-01-13 23:20:00,MAITRI,-1.36,60.87,966.94,62.2,0.0,42.06,7.01,68.54,14447.53,29.44,4339.3,24
2016-01-13 23:25:00,MAITRI,-1.61,60.88,967.56,62.5,0.0,44.7,7.45,68.54,14444.92,31.29,4339.13,24
2016-01-13 23:30:00,MAITRI,-1.38,61.14,967.6,60.83,1.67,46.89,7.81,68.54,14442.19,32.82,4338.97,24
2016-01-13 23:35:00,MAITRI,-1.32,61.24,967.74,62.58,6.3,43.04,7.17,68.54,14439.68,30.13,4338.81,23
2016-01-13 23:40:00,MAITRI,-1.27,61.17,967.82,62.84,0.0,43.09,7.18,68.54,14437.17,30.16,4338.65,23
2016-01-13 23:45:00,MAITRI,-1.55,61.13,967.21,63.46,0.92,43.56,7.26,68.54,14434.62,30.49,4338.5,21
2016-01-13 23:50:00,MAITRI,-1.85,61.17,967.73,63.63,0.0,42.48,7.08,68.53,14432.15,29.74,4338.35,22
2016-01-13 23:55:00,MAITRI,-1.9,61.04,967.49,63.5,12.08,45.09,7.51,68.53,14429.52,31.56,4338.19,23
2016-01-14 00:00:00,MAITRI,-1.88,60.76,967.27,61.41,0.0,45.07,7.51,68.53,14426.89,31.55,4338.03,23
2016-01-14 00:05:00,MAITRI,-2.12,61.07,967.33,60.51,11.4,39.63,6.61,68.49,14424.58,27.74,4337.87,22
2016-01-14 00:10:00,MAITRI,-2.25,56.31,967.32,60.79,11.41,41.61,6.94,68.48,14422.15,29.13,4337.72,23
2016-01-14 00:15:00,MAITRI,-2.32,56.63,968.01,60.78,5.47,42.65,7.11,68.48,14419.66,29.86,4337.56,23
2016-01-14 00:20:00,MAITRI,-2.15,57.01,967.71,58.96,5.61,43.3,7.22,68.48,14417.13,30.31,4337.4,23
2016-01-14 00:25:00,MAITRI,-2.44,57.25,967.99,60.61,14.02,41.66,6.94,68.48,14414.7,29.16,4337.24,22
2016-01-14 00:30:00,MAITRI,-2.57,57.32,967.7,59.0,0.0,41.58,6.93,68.47,14412.28,29.1,4337.09,22
2016-01-14 00:35:00,MAITRI,-2.56,58.4,967.8,58.87,2.87,42.73,7.12,68.46,14409.79,29.91,4336.93,23
2016-01-14 00:40:00,MAITRI,-2.67,58.9,967.74,57.83,1.45,42.84,7.14,68.46,14407.29,29.99,4336.77,23
2016-01-14 00:45:00,MAITRI,-2.38,59.2,967.5,55.96,0.0,41.9,6.98,68.43,14404.84,29.33,4336.61,23
2016-01-14 00:50:00,MAITRI,-2.52,60.24,967.52,57.99,0.0,42.26,7.04,68.42,14402.38,29.58,4336.45,23
2016-01-14 00:55:00,MAITRI,-2.22,60.57,967.44,58.61,4.22,43.42,7.24,68.42,14399.85,30.4,4336.29,23
2016-01-14 01:00:00,MAITRI,-2.18,60.47,967.71,59.01,0.0,44.47,7.41,68.42,14397.25,31.13,4336.14,22
2016-01-14 01:05:00,MAITRI,-1.71,60.52,967.24,57.39,0.0,41.41,6.9,68.39,14394.84,28.99,4335.99,22
2016-01-14 01:10:00,MAITRI,-1.54,60.77,966.72,55.63,0.0,39.77,6.63,68.33,14392.52,27.84,4335.83,22
2016-01-14 01:15:00,MAITRI,-1.92,60.56,966.63,55.18,0.0,54.82,9.14,67.71,14389.32,38.37,4335.67,23
2016-01-14 01:20:00,MAITRI,-2.14,60.82,966.18,53.86,4.34,58.98,9.83,66.52,14385.88,41.28,4335.51,23
2016-01-14 01:25:00,MAITRI,-2.22,60.95,966.12,52.77,4.23,59.51,9.92,65.18,14382.41,41.66,4335.35,23
2016-01-14 01:30:00,MAITRI,-2.56,61.11,965.74,54.91,0.0,49.56,8.26,63.77,14379.52,34.69,4335.19,23
2016-01-14 01:35:00,MAITRI,-2.78,60.67,965.94,57.7,0.0,60.6,10.1,62.73,14375.98,42.42,4335.03,23
2016-01-14 01:40:00,MAITRI,-2.74,60.7,966.74,56.52,0.0,59.54,9.92,61.62,14372.51,41.68,4334.87,23
2016-01-14 01:45:00,MAITRI,-3.2,60.97,966.93,55.74,7.37,55.03,9.17,61.0,14369.3,38.52,4334.72,23
2016-01-14 01:50:00,MAITRI,-3.4,60.96,966.39,56.83,0.0,43.76,7.29,61.0,14366.74,30.63,4334.56,23
2016-01-14 01:55:00,MAITRI,-3.49,61.09,966.62,58.18,19.35,43.71,7.28,61.01,14364.2,30.6,4334.4,23
2016-01-14 02:00:00,MAITRI,-3.66,61.2,966.92,60.26,0.0,44.89,7.48,61.01,14361.58,31.42,4334.24,23
2016-01-14 02:05:00,MAITRI,-3.21,61.64,966.92,58.57,6.64,40.1,6.68,60.95,14359.24,28.07,4334.07,24
2016-01-14 02:10:00,MAITRI,-3.37,62.45,966.12,61.57,7.25,41.81,6.97,60.91,14356.8,29.27,4333.9,25
2016-01-14 02:15:00,MAITRI,-3.03,62.71,966.33,61.26,0.0,45.28,7.55,60.91,14354.16,31.7,4333.74,23
2016-01-14 02:20:00,MAITRI,-3.04,62.38,965.61,60.98,5.32,44.35,7.39,60.91,14351.57,31.05,4333.58,23
2016-01-14 02:25:00,MAITRI,-3.14,62.06,965.59,59.51,5.8,42.22,7.04,60.9,14349.11,29.55,4333.42,23
2016-01-14 02:30:00,MAITRI,-3.21,61.6,965.24,60.21,5.92,45.21,7.54,60.9,14346.47,31.65,4333.26,23
2016-01-14 02:35:00,MAITRI,-2.99,62.33,965.27,58.38,0.0,44.28,7.38,60.9,14343.89,30.99,4333.1,23
2016-01-14 02:40:00,MAITRI,-2.85,61.73,965.77,57.24,0.0,43.57,7.26,60.9,14341.35,30.5,4332.94,23
2016-01-14 02:45:00,MAITRI,-2.63,62.26,966.15,56.79,0.0,44.68,7.45,60.9,14338.74,31.28,4332.78,23
2016-01-14 02:50:00,MAITRI,-2.44,62.2,966.57,58.78,0.0,44.64,7.44,60.9,14336.14,31.25,4332.61,24
2016-01-14 02:55:00,MAITRI,-2.38,62.09,966.6,57.26,0.0,45.03,7.5,60.9,14333.51,31.52,4332.44,24
2016-01-14 03:00:00,MAITRI,-2.83,60.19,965.8,58.8,7.21,43.59,7.26,60.9,14330.97,30.51,4332.28,24
2016-01-14 03:05:00,MAITRI,-2.75,60.28,966.35,57.65,10.76,42.98,7.16,60.9,14328.46,30.09,4332.11,24
2016-01-14 03:10:00,MAITRI,-2.68,60.46,966.06,57.54,2.38,44.98,7.5,60.9,14325.84,31.48,4331.95,23
2016-01-14 03:15:00,MAITRI,-2.91,60.39,966.17,56.18,0.0,43.93,7.32,60.9,14323.27,30.75,4331.78,24
2016-01-14 03:20:00,MAITRI,-2.84,59.94,966.73,54.39,0.0,43.34,7.22,60.9,14320.74,30.34,4331.62,23
2016-01-14 03:25:00,MAITRI,-2.92,58.29,966.88,52.7,0.0,40.41,6.73,60.86,14318.39,28.29,4331.47,22
2016-01-14 03:30:00,MAITRI,-2.73,59.23,967.01,51.53,2.61,43.56,7.26,60.86,14315.85,30.49,4331.32,22
2016-01-14 03:35:00,MAITRI,-2.86,58.63,967.01,50.62,1.59,41.68,6.95,60.85,14313.41,29.18,4331.17,22
2016-01-14 03:40:00,MAITRI,-2.78,59.27,967.13,49.87,0.0,43.54,7.26,60.85,14310.88,30.48,4331.01,22
2016-01-14 03:45:00,MAITRI,-2.7,59.8,967.23,49.78,9.21,41.61,6.94,60.84,14308.45,29.13,4330.86,22
2016-01-14 03:50:00,MAITRI,-3.61,59.86,965.66,52.5,6.31,43.21,7.2,60.84,14305.93,30.25,4330.71,22
2016-01-14 03:55:00,MAITRI,-3.4,60.56,965.66,52.8,8.06,43.78,7.3,60.85,14303.37,30.65,4330.55,23
2016-01-14 04:00:00,MAITRI,-3.33,60.57,966.16,51.26,0.0,43.96,7.33,60.85,14300.81,30.77,4330.38,24
2016-01-14 04:05:00,MAITRI,-3.16,60.27,965.97,50.11,0.0,42.81,7.14,60.82,14298.31,29.97,4330.21,25
2016-01-14 04:10:00,MAITRI,-3.6,60.05,965.82,51.83,0.0,43.49,7.25,60.81,14295.77,30.44,4330.03,25
2016-01-14 04:15:00,MAITRI,-3.48,60.35,965.86,50.65,0.72,42.86,7.14,60.79,14293.27,30.0,4329.87,24
2016-01-14 04:20:00,MAITRI,-3.57,60.46,965.52,52.5,0.0,42.87,7.14,60.77,14290.77,30.01,4329.69,25
2016-01-14 04:25:00,MAITRI,-3.36,60.59,965.65,52.49,0.0,42.99,7.17,60.76,14288.27,30.09,4329.53,24
2016-01-14 04:30:00,MAITRI,-3.7,60.58,965.83,55.35,2.07,41.32,6.89,60.73,14285.86,28.92,4329.37,22
2016-01-14 04:35:00,MAITRI,-3.46,60.52,966.15,54.19,0.0,40.62,6.77,60.69,14283.49,28.43,4329.22,22
2016-01-14 04:40:00,MAITRI,-3.18,60.8,965.9,54.77,0.0,42.79,7.13,60.69,14280.99,29.95,4329.07,22
2016-01-14 04:45:00,MAITRI,-3.01,61.23,965.94,58.05,2.2,42.73,7.12,60.68,14278.5,29.91,4328.91,23
2016-01-14 04:50:00,MAITRI,-3.09,61.22,965.94,59.83,0.0,44.36,7.39,60.68,14275.91,31.05,4328.75,23
2016-01-14 04:55:00,MAITRI,-2.88,60.92,965.89,57.51,0.09,44.1,7.35,60.68,14273.34,30.87,4328.59,23
2016-01-14 05:00:00,MAITRI,-2.61,60.69,965.7,55.73,10.07,42.08,7.01,60.67,14270.88,29.46,4328.43,23
2016-01-14 05:05:00,MAITRI,-2.79,60.59,965.19,59.07,0.0,43.44,7.24,60.67,14268.35,30.41,4328.27,23
2016-01-14 05:10:00,MAITRI,-2.76,60.94,965.44,57.1,2.4,45.18,7.53,60.67,14265.71,31.62,4328.1,24
2016-01-14 05:15:00,MAITRI,-2.83,60.81,965.96,55.12,7.16,43.47,7.24,60.67,14263.18,30.43,4327.94,23
2016-01-14 05:20:00,MAITRI,-2.74,60.5,966.01,54.01,0.0,42.42,7.07,60.66,14260.7,29.7,4327.78,23
2016-01-14 05:25:00,MAITRI,-2.42,57.4,965.86,55.32,0.22,41.0,6.83,60.62,14258.31,28.7,4327.62,23
2016-01-14 05:30:00,MAITRI,-2.44,58.09,965.82,54.43,3.86,43.5,7.25,60.62,14255.77,30.45,4327.46,24
2016-01-14 05:35:00,MAITRI,-2.1,58.51,965.87,52.86,0.0,42.19,7.03,60.59,14253.31,29.53,4327.28,25
2016-01-14 05:40:00,MAITRI,-2.02,58.96,966.11,51.91,0.0,44.02,7.34,60.59,14250.74,30.82,4327.11,25
2016-01-14 05:45:00,MAITRI,-1.94,59.7,965.57,51.93,19.29,43.06,7.18,60.59,14248.23,30.14,4326.94,25
2016-01-14 05:50:00,MAITRI,-2.0,60.55,966.12,52.12,0.0,43.92,7.32,60.59,14245.67,30.74,4326.76,25
2016-01-14 05:55:00,MAITRI,-1.66,60.55,965.88,50.85,0.0,42.59,7.1,60.56,14243.19,29.81,4326.59,25
2016-01-14 06:00:00,MAITRI,-1.61,60.95,966.26,52.18,5.75,44.52,7.42,60.56,14240.59,31.17,4326.42,25
2016-01-14 06:05:00,MAITRI,-1.64,60.6,965.82,52.91,10.75,44.64,7.44,60.57,14237.99,31.25,4326.24,25
2016-01-14 06:10:00,MAITRI,-1.66,61.36,965.7,51.71,18.99,41.99,7.0,60.56,14235.54,29.39,4326.08,24
2016-01-14 06:15:00,MAITRI,-1.36,61.26,965.56,53.46,18.47,42.05,7.01,60.55,14233.08,29.44,4325.91,24
2016-01-14 06:20:00,MAITRI,-1.63,62.24,965.24,51.68,41.84,40.47,6.74,60.54,14230.72,28.33,4325.74,24
2016-01-14 06:25:00,MAITRI,-1.68,62.15,965.02,51.29,49.06,42.63,7.11,60.57,14228.24,29.84,4325.58,24
2016-01-14 06:30:00,MAITRI,-1.71,62.69,964.67,51.95,53.1,40.66,6.78,60.57,14225.86,28.46,4325.41,24
2016-01-14 06:35:00,MAITRI,-1.77,62.96,964.48,50.87,70.03,41.08,6.85,60.61,14223.47,28.76,4325.25,23
2016-01-14 06:40:00,MAITRI,-1.83,62.79,964.34,50.09,87.74,40.03,6.67,60.65,14221.13,28.02,4325.09,23
2016-01-14 06:45:00,MAITRI,-1.51,61.95,964.06,49.51,104.61,40.55,6.76,60.71,14218.77,28.39,4324.92,24
2016-01-14 06:50:00,MAITRI,-1.79,61.71,963.63,49.98,123.76,37.72,6.29,60.75,14216.57,26.4,4324.76,24
2016-01-14 06:55:00,MAITRI,-1.92,62.4,963.73,49.83,128.87,38.78,6.46,60.82,14214.3,27.15,4324.59,24
2016-01-14 07:00:00,MAITRI,-1.95,62.29,963.93,48.94,134.05,39.12,6.52,60.89,14212.02,27.38,4324.42,24
2016-01-14 07:05:00,MAITRI,-2.1,62.63,963.81,50.6,145.77,39.28,6.55,60.96,14209.73,27.49,4324.26,24
2016-01-14 07:10:00,MAITRI,-1.65,62.46,963.43,50.11,152.28,38.37,6.39,61.04,14207.49,26.86,4324.1,23
2016-01-14 07:15:00,MAITRI,-1.83,61.43,963.62,51.62,161.33,36.52,6.09,61.13,14205.36,25.56,4323.94,22
2016-01-14 07:20:00,MAITRI,-1.58,61.34,963.69,51.01,171.86,37.73,6.29,61.22,14203.16,26.41,4323.78,23
2016-01-14 07:25:00,MAITRI,-1.25,61.87,964.16,49.53,189.48,33.42,5.57,61.27,14201.21,23.4,4323.62,23
2016-01-14 07:30:00,MAITRI,-1.43,61.83,965.09,49.4,199.83,35.06,5.84,61.36,14199.17,24.54,4323.46,24
2016-01-14 07:35:00,MAITRI,-1.45,61.67,964.93,49.79,214.13,35.22,5.87,61.47,14197.11,24.65,4323.3,23
2016-01-14 07:40:00,MAITRI,-1.58,61.96,964.73,49.13,227.58,35.72,5.95,61.59,14195.03,25.0,4323.13,24
2016-01-14 07:45:00,MAITRI,-1.33,60.74,965.03,49.86,235.04,34.98,5.83,61.71,14192.99,24.49,4322.97,24
2016-01-14 07:50:00,MAITRI,-1.14,59.88,964.86,48.48,252.1,32.63,5.44,61.83,14191.08,22.84,4322.8,24
2016-01-14 07:55:00,MAITRI,-1.13,59.57,964.75,48.77,256.68,35.44,5.91,61.96,14189.02,24.81,4322.63,24
2016-01-14 08:00:00,MAITRI,-1.05,60.01,964.47,48.67,255.28,34.97,5.83,62.09,14186.98,24.48,4322.47,24
2016-01-14 08:05:00,MAITRI,-1.3,58.9,965.03,50.26,272.97,34.85,5.81,62.24,14184.94,24.39,4322.29,25
2016-01-14 08:10:00,MAITRI,-1.21,59.25,965.21,52.76,296.51,32.55,5.43,62.39,14183.04,22.79,4322.11,26
2016-01-14 08:15:00,MAITRI,-1.09,59.7,965.38,51.62,283.74,32.46,5.41,62.52,14181.15,22.72,4321.93,26
2016-01-14 08:20:00,MAITRI,-0.84,59.92,965.7,51.89,295.6,32.04,5.34,62.67,14179.28,22.43,4321.76,25
2016-01-14 08:25:00,MAITRI,-0.74,60.03,965.97,50.86,307.95,34.59,5.76,62.83,14177.26,24.21,4321.58,26
2016-01-14 08:30:00,MAITRI,-0.86,59.52,965.74,50.91,329.33,30.57,5.09,62.99,14175.48,21.4,4321.4,26
2016-01-14 08:35:00,MAITRI,-0.81,60.46,965.65,50.72,315.82,30.79,5.13,63.13,14173.69,21.55,4321.21,27
2016-01-14 08:40:00,MAITRI,-0.82,60.37,965.12,50.74,340.22,33.35,5.56,63.31,14171.74,23.35,4321.01,28
2016-01-14 08:45:00,MAITRI,-0.75,60.77,965.0,50.27,340.75,31.33,5.22,63.48,14169.91,21.93,4320.83,27
2016-01-14 08:50:00,MAITRI,-1.05,59.91,965.49,51.72,343.32,29.31,4.88,63.63,14168.2,20.51,4320.64,27
2016-01-14 08:55:00,MAITRI,-1.63,59.62,964.45,53.51,356.8,29.76,4.96,63.8,14166.47,20.83,4320.46,26
2016-01-14 09:00:00,MAITRI,-1.33,60.06,965.17,52.59,366.8,29.81,4.97,63.99,14164.73,20.87,4320.28,26
2016-01-14 09:05:00,MAITRI,-1.22,60.85,965.39,51.6,380.39,29.49,4.92,64.19,14163.01,20.64,4320.1,26
2016-01-14 09:10:00,MAITRI,-0.96,60.72,965.33,50.02,381.69,30.01,5.0,64.39,14161.26,21.0,4319.91,27
2016-01-14 09:15:00,MAITRI,-0.78,60.88,965.4,50.09,395.35,30.34,5.06,64.6,14159.49,21.24,4319.72,27
2016-01-14 09:20:00,MAITRI,-0.76,61.7,965.57,49.17,416.51,28.18,4.7,64.8,14157.84,19.72,4319.53,28
2016-01-14 09:25:00,MAITRI,-0.76,61.94,965.64,48.3,410.93,30.67,5.11,65.01,14156.05,21.47,4319.33,28
2016-01-14 09:30:00,MAITRI,-0.74,62.3,965.29,47.42,423.79,27.1,4.52,65.21,14154.47,18.97,4319.14,28
2016-01-14 09:35:00,MAITRI,-0.87,61.84,965.51,49.13,41.92,57.72,9.62,64.77,14149.87,55.25,4318.94,28
2016-01-14 09:40:00,MAITRI,-0.61,61.44,965.44,51.31,76.25,54.49,9.08,64.5,14145.42,53.36,4318.75,28
2016-01-14 09:45:00,MAITRI,-0.55,62.1,965.45,52.77,63.79,58.12,9.69,64.43,14141.45,47.66,4318.55,29
2016-01-14 09:50:00,MAITRI,-0.65,61.72,965.77,53.6,21.07,59.37,9.89,64.08,14136.88,54.83,4318.35,28
2016-01-14 09:55:00,MAITRI,-0.75,62.29,966.34,54.44,70.8,58.66,9.78,63.75,14132.56,51.83,4318.15,29
2016-01-14 10:00:00,MAITRI,-0.61,62.28,966.23,56.02,74.93,59.43,9.9,63.32,14127.54,60.21,4317.94,30
2016-01-14 10:05:00,MAITRI,-1.14,62.68,965.2,57.21,30.88,61.0,10.17,63.19,14122.46,61.06,4317.74,29
2016-01-14 10:10:00,MAITRI,-0.96,62.96,965.71,55.54,47.98,59.73,9.95,63.1,14118.19,51.17,4317.55,28
2016-01-14 10:15:00,MAITRI,-0.88,62.25,965.53,55.04,60.6,63.22,10.54,62.99,14113.08,61.4,4317.34,30
2016-01-14 10:20:00,MAITRI,-1.02,62.3,965.23,55.33,0.65,66.41,11.07,62.83,14108.53,54.54,4317.13,30
2016-01-14 10:25:00,MAITRI,-1.0,62.16,964.54,54.75,28.5,64.52,10.75,62.62,14103.42,61.34,4316.92,30
2016-01-14 10:30:00,MAITRI,-1.52,62.43,963.9,56.23,85.73,63.04,10.51,62.45,14098.53,58.65,4316.72,30
2016-01-14 10:35:00,MAITRI,-1.16,62.01,963.76,54.97,73.69,61.89,10.31,62.34,14093.45,60.99,4316.51,30
2016-01-14 10:40:00,MAITRI,-0.88,62.12,964.8,53.57,5.35,66.12,11.02,62.09,14088.91,54.47,4316.3,30
2016-01-14 10:45:00,MAITRI,-1.04,62.43,964.61,54.94,81.57,63.05,10.51,61.63,14084.58,51.93,4316.09,30
2016-01-14 10:50:00,MAITRI,-1.2,63.3,964.42,55.35,61.7,64.86,10.81,61.23,14079.58,60.1,4315.88,30
2016-01-14 10:55:00,MAITRI,-0.93,63.13,964.26,55.09,77.77,67.25,11.21,60.95,14073.95,67.47,4315.67,30
2016-01-14 11:00:00,MAITRI,-0.7,63.36,964.88,53.42,20.17,68.6,11.43,60.64,14069.25,56.43,4315.47,29
2016-01-14 11:05:00,MAITRI,-0.44,63.74,964.29,53.05,54.16,67.74,11.29,60.29,14064.08,61.98,4315.28,28
2016-01-14 11:10:00,MAITRI,-0.21,63.1,964.4,51.79,20.94,70.85,11.81,59.99,14059.31,57.25,4315.08,29
2016-01-14 11:15:00,MAITRI,-0.37,63.21,964.74,51.49,78.12,68.88,11.48,59.67,14053.62,68.29,4314.87,29
2016-01-14 11:20:00,MAITRI,-0.15,63.02,965.09,50.38,18.09,69.98,11.66,59.37,14047.94,68.16,4314.67,29
2016-01-14 11:25:00,MAITRI,-0.06,62.64,964.88,52.04,79.15,68.71,11.45,59.16,14043.0,59.33,4314.47,29
2016-01-14 11:30:00,MAITRI,-0.3,62.65,965.35,52.87,87.27,72.47,12.08,59.08,14037.0,71.95,4314.26,30
2016-01-14 11:35:00,MAITRI,-0.38,62.15,965.72,52.83,36.89,73.16,12.19,58.7,14031.58,65.13,4314.06,29
2016-01-14 11:40:00,MAITRI,-0.31,62.29,965.74,51.08,22.81,75.48,12.58,58.53,14025.89,68.25,4313.85,30
2016-01-14 11:45:00,MAITRI,-0.11,61.72,965.4,52.09,91.18,70.9,11.82,58.08,14020.24,67.75,4313.65,30
2016-01-14 11:50:00,MAITRI,0.18,62.21,965.02,52.03,8.23,74.44,12.41,57.81,14014.69,66.67,4313.42,32
2016-01-14 11:55:00,MAITRI,0.37,61.97,965.02,50.82,68.29,75.82,12.64,57.35,14009.57,61.38,4313.21,31
2016-01-14 12:00:00,MAITRI,0.48,62.43,964.62,51.76,36.03,75.97,12.66,56.88,14004.09,65.79,4313.0,30
2016-01-14 12:05:00,MAITRI,0.57,62.11,965.21,50.75,51.18,75.49,12.58,56.62,13998.18,70.86,4312.79,30
2016-01-14 12:10:00,MAITRI,0.19,62.31,965.54,51.7,9.12,78.0,13.0,56.27,13991.7,77.78,4312.58,30
2016-01-14 12:15:00,MAITRI,0.09,62.56,965.95,52.72,46.09,75.55,12.59,56.15,13985.55,73.82,4312.37,31
2016-01-14 12:20:00,MAITRI,0.1,62.59,966.25,51.1,63.19,76.44,12.74,55.99,13979.2,76.18,4312.15,31
2016-01-14 12:25:00,MAITRI,0.05,62.68,966.45,52.02,21.48,78.05,13.01,55.74,13973.78,65.06,4311.94,30
2016-01-14 12:30:00,MAITRI,-0.07,62.73,966.04,52.72,39.94,76.09,12.68,55.38,13967.62,73.88,4311.74,29
2016-01-14 12:35:00,MAITRI,0.15,62.77,966.09,51.99,50.16,76.29,12.71,55.24,13961.82,69.67,4311.54,29
2016-01-14 12:40:00,MAITRI,0.01,62.78,965.41,52.71,13.04,76.49,12.75,54.78,13956.59,62.77,4311.35,28
2016-01-14 12:45:00,MAITRI,0.25,62.63,965.59,51.39,52.89,74.53,12.42,54.56,13951.54,60.6,4311.15,28
2016-01-14 12:50:00,MAITRI,0.03,62.43,965.87,52.31,36.6,75.72,12.62,54.47,13946.2,64.0,4310.97,27
2016-01-14 12:55:00,MAITRI,0.34,62.35,966.45,51.59,76.22,73.4,12.23,54.34,13941.12,60.97,4310.78,27
2016-01-14 13:00:00,MAITRI,0.65,60.6,966.21,50.93,34.32,77.35,12.89,53.89,13935.82,63.67,4310.59,27
2016-01-14 13:05:00,MAITRI,0.71,60.36,965.85,50.81,63.77,75.9,12.65,53.63,13930.13,68.27,4310.4,27
2016-01-14 13:10:00,MAITRI,0.64,60.65,965.76,51.89,38.63,74.04,12.34,53.29,13924.01,73.41,4310.21,28
2016-01-14 13:15:00,MAITRI,0.55,60.8,965.34,52.35,77.21,77.0,12.83,52.88,13918.15,70.38,4310.01,28
2016-01-14 13:20:00,MAITRI,0.73,61.72,965.13,51.45,77.05,72.28,12.05,52.49,13912.03,73.34,4309.82,28
2016-01-14 13:25:00,MAITRI,1.03,61.45,965.14,50.49,22.7,76.27,12.71,52.19,13906.11,71.08,4309.62,28
2016-01-14 13:30:00,MAITRI,0.99,61.71,965.03,50.79,0.0,78.3,13.05,52.03,13899.82,75.52,4309.42,29
2016-01-14 13:35:00,MAITRI,1.05,61.81,964.55,50.66,40.12,76.04,12.67,51.91,13893.88,71.29,4309.22,29
2016-01-14 13:40:00,MAITRI,0.68,61.74,964.79,51.73,74.68,75.63,12.61,51.62,13887.88,71.92,4309.02,29
2016-01-14 13:45:00,MAITRI,0.97,61.99,965.49,52.04,79.16,75.48,12.58,51.54,13881.75,73.62,4308.82,29
2016-01-14 13:50:00,MAITRI,0.68,62.37,965.01,52.49,16.71,74.53,12.42,51.33,13875.55,74.39,4308.61,30
2016-01-14 13:55:00,MAITRI,0.46,62.74,965.63,52.88,23.02,78.81,13.14,51.16,13869.16,76.61,4308.4,30
2016-01-14 14:00:00,MAITRI,0.53,62.5,965.62,54.85,28.09,77.92,12.99,50.74,13863.88,63.4,4308.19,31
2016-01-14 14:05:00,MAITRI,0.44,61.73,965.51,55.94,37.01,73.87,12.31,50.61,13858.2,68.19,4307.99,29
2016-01-14 14:10:00,MAITRI,0.38,61.3,965.39,57.01,0.0,77.26,12.88,50.21,13851.91,75.41,4307.78,29
2016-01-14 14:15:00,MAITRI,0.5,60.76,964.39,56.53,72.28,76.95,12.83,49.97,13846.23,68.23,4307.58,29
2016-01-14 14:20:00,MAITRI,0.47,61.12,964.47,55.71,49.78,76.2,12.7,49.63,13840.82,64.87,4307.39,28
2016-01-14 14:25:00,MAITRI,0.32,61.1,964.7,55.96,0.0,77.56,12.93,49.22,13834.69,73.54,4307.19,28
2016-01-14 14:30:00,MAITRI,0.69,61.75,964.85,55.66,65.57,74.43,12.4,49.02,13829.08,67.36,4307.0,28
2016-01-14 14:35:00,MAITRI,0.86,59.72,964.51,55.0,11.09,76.46,12.74,48.82,13823.7,64.58,4306.81,28
2016-01-14 14:40:00,MAITRI,1.16,59.59,964.73,54.64,16.04,75.71,12.62,48.36,13818.35,64.17,4306.62,27
2016-01-14 14:45:00,MAITRI,1.0,59.7,964.95,56.22,28.84,77.12,12.85,48.14,13813.06,63.53,4306.42,28
2016-01-14 14:50:00,MAITRI,0.73,55.41,965.73,56.1,60.69,72.63,12.11,47.97,13807.68,64.53,4306.23,28
2016-01-14 14:55:00,MAITRI,0.39,56.53,964.99,56.73,27.12,79.19,13.2,47.87,13801.56,73.44,4306.03,28
2016-01-14 15:00:00,MAITRI,0.26,56.65,965.21,57.38,38.43,74.57,12.43,47.47,13796.52,60.49,4305.83,29
2016-01-14 15:05:00,MAITRI,0.18,55.27,965.03,57.12,6.95,78.22,13.04,46.97,13790.94,66.92,4305.62,30
2016-01-14 15:10:00,MAITRI,0.3,56.37,964.73,57.01,50.86,75.52,12.59,46.68,13785.86,60.96,4305.42,30
2016-01-14 15:15:00,MAITRI,0.77,57.09,965.27,55.53,26.59,76.67,12.78,46.54,13780.7,61.91,4305.21,30
2016-01-14 15:20:00,MAITRI,0.97,57.35,966.04,54.43,2.31,78.87,13.14,46.43,13774.44,75.15,4305.01,29
2016-01-14 15:25:00,MAITRI,1.1,58.29,966.74,54.03,45.52,74.25,12.38,46.1,13768.73,68.55,4304.81,29
2016-01-14 15:30:00,MAITRI,1.46,58.87,966.99,52.55,29.83,76.59,12.76,45.74,13763.0,68.71,4304.6,29
2016-01-14 15:35:00,MAITRI,1.37,59.01,965.98,52.84,41.78,77.51,12.92,45.28,13757.64,64.36,4304.4,29
2016-01-14 15:40:00,MAITRI,1.54,59.35,965.76,52.85,12.09,76.69,12.78,45.17,13751.31,75.96,4304.21,28
2016-01-14 15:45:00,MAITRI,1.47,59.95,965.53,52.82,289.9,33.91,5.65,45.31,13749.33,23.74,4304.01,29
2016-01-14 15:50:00,MAITRI,1.51,60.48,966.28,52.69,291.45,33.5,5.58,45.45,13747.38,23.45,4303.81,29
2016-01-14 15:55:00,MAITRI,1.37,61.16,966.1,53.61,289.76,34.22,5.7,45.6,13745.38,23.96,4303.6,29
2016-01-14 16:00:00,MAITRI,1.33,61.09,966.34,52.17,260.86,36.34,6.06,45.74,13743.26,25.44,4303.4,29
2016-01-14 16:05:00,MAITRI,0.96,59.22,966.2,52.33,259.15,36.52,6.09,45.87,13741.13,25.57,4303.19,30
2016-01-14 16:10:00,MAITRI,1.15,59.34,966.72,51.46,249.51,38.31,6.38,46.0,13738.9,26.81,4302.99,29
2016-01-14 16:15:00,MAITRI,1.13,59.17,967.36,51.76,236.83,34.8,5.8,46.11,13736.87,24.36,4302.8,28
2016-01-14 16:20:00,MAITRI,0.94,59.61,967.55,52.88,221.18,35.23,5.87,46.2,13734.81,24.66,4302.6,28
2016-01-14 16:25:00,MAITRI,0.92,60.56,967.74,51.36,198.23,37.51,6.25,46.3,13732.62,26.25,4302.41,28
2016-01-14 16:30:00,MAITRI,1.09,60.94,967.88,51.47,196.38,37.24,6.21,46.4,13730.45,26.07,4302.22,28
2016-01-14 16:35:00,MAITRI,0.82,60.85,967.76,53.88,189.66,40.17,6.7,46.5,13728.11,28.12,4302.03,27
2016-01-14 16:40:00,MAITRI,0.48,60.9,966.93,54.53,180.05,37.12,6.19,46.58,13725.94,25.98,4301.85,26
2016-01-14 16:45:00,MAITRI,0.7,61.12,966.88,54.83,177.18,37.53,6.26,46.68,13723.75,26.27,4301.67,25
2016-01-14 16:50:00,MAITRI,0.53,61.68,967.2,56.15,152.04,39.57,6.6,46.76,13721.44,27.7,4301.5,25
2016-01-14 16:55:00,MAITRI,0.13,61.71,967.16,57.25,156.55,36.6,6.1,46.81,13719.31,25.62,4301.33,25
2016-01-14 17:00:00,MAITRI,0.34,62.19,966.73,56.58,134.32,43.44,7.24,46.88,13716.78,30.41,4301.15,25
2016-01-14 17:05:00,MAITRI,0.64,62.24,966.44,54.29,121.31,41.47,6.91,46.94,13714.36,29.03,4300.97,26
2016-01-14 17:10:00,MAITRI,0.41,62.34,966.51,55.06,103.84,39.47,6.58,46.99,13712.05,27.63,4300.8,25
2016-01-14 17:15:00,MAITRI,0.56,62.33,966.23,52.86,115.14,38.11,6.35,47.02,13709.83,26.67,4300.62,25
2016-01-14 17:20:00,MAITRI,0.3,62.39,965.77,53.49,93.98,42.95,7.16,47.06,13707.33,30.07,4300.45,25
2016-01-14 17:25:00,MAITRI,-0.12,62.22,966.16,55.65,81.71,40.0,6.67,47.1,13704.99,28.0,4300.28,24
2016-01-14 17:30:00,MAITRI,0.28,62.4,966.49,54.91,57.23,44.19,7.36,47.13,13702.41,30.93,4300.11,25
2016-01-14 17:35:00,MAITRI,0.45,62.87,966.8,53.09,54.12,44.35,7.39,47.15,13699.83,31.04,4299.93,26
2016-01-14 17:40:00,MAITRI,0.44,61.97,966.62,55.09,34.07,43.63,7.27,47.17,13697.28,30.54,4299.75,26
2016-01-14 17:45:00,MAITRI,0.53,61.94,966.29,55.58,33.45,42.37,7.06,47.17,13694.81,29.66,4299.57,26
2016-01-14 17:50:00,MAITRI,0.37,61.79,965.78,55.58,20.73,41.82,6.97,47.15,13692.37,29.27,4299.4,25
2016-01-14 17:55:00,MAITRI,0.55,62.37,966.04,55.42,19.54,42.69,7.12,47.14,13689.88,29.88,4299.22,25
2016-01-14 18:00:00,MAITRI,0.8,62.16,966.12,54.12,0.0,44.18,7.36,47.14,13687.3,30.93,4299.05,25
2016-01-14 18:05:00,MAITRI,0.82,63.05,965.89,54.42,5.25,45.75,7.63,47.14,13684.64,32.03,4298.87,25
2016-01-14 18:10:00,MAITRI,0.68,62.78,966.13,52.25,8.26,46.11,7.69,47.15,13681.95,32.28,4298.69,26
2016-01-14 18:15:00,MAITRI,0.17,62.41,965.33,53.22,0.0,44.57,7.43,47.14,13679.35,31.2,4298.51,27
2016-01-14 18:20:00,MAITRI,-0.28,62.86,965.46,55.51,0.0,46.21,7.7,47.14,13676.65,32.35,4298.32,27
2016-01-14 18:25:00,MAITRI,-0.43,62.22,965.59,56.54,4.51,45.43,7.57,47.14,13674.0,31.8,4298.13,27
2016-01-14 18:30:00,MAITRI,-0.16,62.08,965.97,56.36,21.14,45.97,7.66,47.15,13671.32,32.18,4297.94,28
2016-01-14 18:35:00,MAITRI,0.18,62.01,966.32,55.64,0.0,46.38,7.73,47.15,13668.61,32.47,4297.74,28
2016-01-14 18:40:00,MAITRI,0.04,61.91,966.24,55.79,0.0,44.24,7.37,47.13,13666.03,30.97,4297.55,28
2016-01-14 18:45:00,MAITRI,-0.14,61.48,966.06,54.14,4.44,46.43,7.74,47.13,13663.32,32.5,4297.35,28
2016-01-14 18:50:00,MAITRI,-0.37,61.7,965.61,54.57,0.0,73.76,12.29,47.13,13659.02,51.63,4297.15,29
2016-01-14 18:55:00,MAITRI,-0.02,62.03,965.49,54.7,9.87,70.72,11.79,47.13,13654.9,49.51,4296.94,30
2016-01-14 19:00:00,MAITRI,-0.11,62.28,966.1,53.66,0.0,84.26,14.04,47.13,13649.98,58.98,4296.75,28
2016-01-14 19:05:00,MAITRI,-0.08,62.54,965.74,52.63,6.56,79.82,13.3,47.14,13645.32,55.88,4296.56,27
2016-01-14 19:10:00,MAITRI,0.14,62.42,966.54,52.4,0.0,79.87,13.31,47.14,13640.66,55.91,4296.37,27
2016-01-14 19:15:00,MAITRI,-0.24,63.02,966.36,53.71,9.61,81.93,13.66,47.14,13635.89,57.35,4296.19,27
2016-01-14 19:20:00,MAITRI,-0.34,63.02,967.15,54.76,0.85,67.49,11.25,47.14,13631.95,47.25,4296.0,27
2016-01-14 19:25:00,MAITRI,-0.51,62.98,967.09,56.12,0.0,78.08,13.01,47.14,13627.39,54.65,4295.81,27
2016-01-14 19:30:00,MAITRI,-0.47,61.9,967.14,56.45,0.0,71.45,11.91,47.14,13623.23,50.01,4295.63,26
2016-01-14 19:35:00,MAITRI,-0.46,62.37,967.44,54.52,0.0,66.2,11.03,47.14,13619.36,46.34,4295.45,26
2016-01-14 19:40:00,MAITRI,-0.28,62.33,967.34,54.51,2.34,68.88,11.48,47.14,13615.35,48.22,4295.27,26
2016-01-14 19:45:00,MAITRI,-0.52,62.22,967.75,55.48,0.0,74.72,12.45,47.14,13610.99,52.3,4295.08,27
2016-01-14 19:50:00,MAITRI,-0.44,61.52,967.51,55.92,3.95,83.96,13.99,47.15,13606.09,58.77,4294.9,27
2016-01-14 19:55:00,MAITRI,-0.77,61.43,967.32,57.07,9.86,65.9,10.98,47.15,13602.25,46.13,4294.71,27
2016-01-14 20:00:00,MAITRI,-0.7,61.22,966.8,56.56,0.0,75.93,12.66,47.15,13597.82,53.15,4294.52,27
2016-01-14 20:05:00,MAITRI,-0.77,60.42,966.43,56.08,17.59,67.52,11.25,47.16,13593.88,47.27,4294.33,27
2016-01-14 20:10:00,MAITRI,-0.82,60.36,966.56,54.56,7.41,82.33,13.72,47.16,13589.07,57.63,4294.15,26
2016-01-14 20:15:00,MAITRI,-0.71,60.9,966.59,53.55,14.56,77.69,12.95,47.17,13584.54,54.39,4293.99,24
2016-01-14 20:20:00,MAITRI,-0.49,61.22,966.6,53.57,0.0,80.16,13.36,47.17,13579.87,56.11,4293.82,24
2016-01-14 20:25:00,MAITRI,-0.67,61.89,967.2,54.62,0.0,68.13,11.35,47.17,13575.89,47.69,4293.65,24
2016-01-14 20:30:00,MAITRI,-1.0,61.71,967.38,56.66,9.13,73.49,12.25,47.18,13571.61,51.44,4293.49,24
2016-01-14 20:35:00,MAITRI,-1.08,62.13,967.51,58.33,0.04,70.74,11.79,47.18,13567.48,49.52,4293.32,24
2016-01-14 20:40:00,MAITRI,-0.85,62.04,967.16,57.86,1.69,69.84,11.64,47.18,13563.4,48.89,4293.16,23
2016-01-14 20:45:00,MAITRI,-1.24,62.29,966.46,58.86,0.0,72.63,12.11,47.18,13559.17,50.84,4292.99,24
2016-01-14 20:50:00,MAITRI,-1.32,62.35,966.32,57.64,0.0,67.68,11.28,47.18,13555.22,47.38,4292.83,23
2016-01-14 20:55:00,MAITRI,-1.39,61.84,966.87,59.41,0.0,77.3,12.88,47.18,13550.71,54.11,4292.67,23
2016-01-14 21:00:00,MAITRI,-1.53,60.96,966.73,59.58,0.41,69.24,11.54,47.18,13546.67,48.47,4292.51,23
2016-01-14 21:05:00,MAITRI,-1.3,61.36,967.08,58.56,0.0,81.8,13.63,47.18,13541.9,57.26,4292.35,23
2016-01-14 21:10:00,MAITRI,-1.17,61.72,967.45,57.63,5.86,43.34,7.22,47.18,13539.37,30.34,4292.2,22
2016-01-14 21:15:00,MAITRI,-1.61,60.62,966.84,58.99,12.81,41.41,6.9,47.18,13536.96,28.99,4292.06,21
2016-01-14 21:20:00,MAITRI,-1.82,60.78,967.28,59.89,0.0,40.54,6.76,47.14,13534.59,28.38,4291.91,21
2016-01-14 21:25:00,MAITRI,-1.54,61.28,966.98,58.06,0.0,44.9,7.48,47.14,13531.97,31.43,4291.75,23
2016-01-14 21:30:00,MAITRI,-1.38,61.59,967.53,59.95,3.3,42.55,7.09,47.14,13529.49,29.79,4291.6,22
2016-01-14 21:35:00,MAITRI,-1.4,61.59,967.42,60.76,0.0,45.01,7.5,47.14,13526.86,31.51,4291.44,23
2016-01-14 21:40:00,MAITRI,-1.7,61.44,967.4,60.69,0.0,44.37,7.39,47.14,13524.28,31.06,4291.28,23
2016-01-14 21:45:00,MAITRI,-2.08,61.47,967.51,62.69,0.0,44.42,7.4,47.14,13521.68,31.09,4291.12,22
2016-01-14 21:50:00,MAITRI,-2.14,59.01,967.51,64.22,0.0,43.75,7.29,47.14,13519.13,30.63,4290.97,22
2016-01-14 21:55:00,MAITRI,-1.98,58.96,967.25,64.28,5.23,53.25,8.88,45.91,13516.03,37.28,4290.81,23
2016-01-14 22:00:00,MAITRI,-1.96,59.7,966.92,63.39,0.0,59.71,9.95,44.52,13512.54,41.79,4290.65,23
2016-01-14 22:05:00,MAITRI,-1.82,60.38,966.93,63.72,5.78,50.66,8.44,43.46,13509.59,35.46,4290.49,23
2016-01-14 22:10:00,MAITRI,-1.84,61.03,967.01,62.81,4.9,54.89,9.15,42.94,13506.39,38.43,4290.33,23
2016-01-14 22:15:00,MAITRI,-1.55,61.84,967.3,63.18,0.0,60.23,10.04,42.09,13502.87,42.16,4290.17,23
2016-01-14 22:20:00,MAITRI,-1.62,62.08,966.82,65.62,0.0,53.1,8.85,41.42,13499.77,37.17,4290.01,24
2016-01-14 22:25:00,MAITRI,-1.8,62.38,966.98,65.94,12.49,56.38,9.4,40.4,13496.49,39.47,4289.84,24
2016-01-14 22:30:00,MAITRI,-1.8,62.55,967.07,64.22,0.0,53.35,8.89,39.1,13493.37,37.34,4289.67,24
2016-01-14 22:35:00,MAITRI,-1.71,62.23,967.69,63.36,4.0,56.33,9.39,37.69,13490.09,39.43,4289.51,24
2016-01-14 22:40:00,MAITRI,-1.53,62.67,967.98,61.7,0.0,59.29,9.88,36.29,13486.63,41.51,4289.34,24
2016-01-14 22:45:00,MAITRI,-1.41,62.62,968.28,63.05,14.11,53.49,8.92,35.14,13483.51,37.44,4289.18,23
2016-01-14 22:50:00,MAITRI,-1.27,62.09,968.22,63.45,0.0,53.95,8.99,34.37,13480.36,37.77,4289.02,23
2016-01-14 22:55:00,MAITRI,-1.45,62.07,968.0,63.9,1.21,56.17,9.36,33.28,13477.08,39.32,4288.86,23
2016-01-14 23:00:00,MAITRI,-1.33,61.8,967.86,64.06,0.0,59.2,9.87,32.55,13473.63,41.44,4288.71,22
2016-01-14 23:05:00,MAITRI,-1.54,62.3,967.4,66.28,0.0,60.29,10.05,31.55,13470.11,42.21,4288.55,23
2016-01-14 23:10:00,MAITRI,-1.78,62.24,967.22,66.02,0.0,61.36,10.23,30.12,13466.53,42.95,4288.38,24
2016-01-14 23:15:00,MAITRI,-1.84,62.3,967.28,65.68,0.0,55.35,9.23,29.02,13463.31,38.75,4288.22,24
2016-01-14 23:20:00,MAITRI,-1.67,62.16,967.32,63.79,15.82,60.17,10.03,28.06,13459.8,42.12,4288.05,24
2016-01-14 23:25:00,MAITRI,-1.67,60.89,967.63,63.9,0.0,54.28,9.05,27.29,13456.63,37.99,4287.89,23
2016-01-14 23:30:00,MAITRI,-1.7,60.54,968.17,63.84,9.84,50.91,8.48,26.27,13453.66,35.64,4287.74,21
2016-01-14 23:35:00,MAITRI,-1.99,60.89,968.7,65.29,8.04,56.71,9.45,25.27,13450.35,39.7,4287.6,21
2016-01-14 23:40:00,MAITRI,-2.08,61.13,968.3,63.62,0.0,49.96,8.33,23.97,13447.44,34.97,4287.45,21
2016-01-14 23:45:00,MAITRI,-1.94,61.22,968.14,63.19,0.0,53.25,8.88,22.59,13444.33,37.28,4287.31,21
2016-01-14 23:50:00,MAITRI,-1.86,60.78,968.69,63.23,0.0,56.98,9.5,21.59,13441.01,39.89,4287.15,22
2016-01-14 23:55:00,MAITRI,-1.97,60.75,969.22,63.24,8.27,56.26,9.38,20.82,13437.73,39.38,4287.0,22
2016-01-15 00:00:00,MAITRI,-1.93,61.54,969.5,63.56,0.75,61.98,10.33,19.41,13434.11,43.39,4286.85,21
2016-01-15 00:05:00,MAITRI,-2.06,61.31,969.21,61.84,0.0,53.73,8.95,17.94,13430.98,37.61,4286.7,22
2016-01-15 00:10:00,MAITRI,-2.56,61.3,968.33,62.12,0.0,51.68,8.61,16.89,13427.96,36.18,4286.56,21
2016-01-15 00:15:00,MAITRI,-2.82,60.81,968.07,62.23,0.0,53.87,8.98,15.75,13424.82,37.71,4286.41,21
2016-01-15 00:20:00,MAITRI,-2.97,61.24,968.33,61.96,0.0,60.68,10.11,14.54,13421.28,42.47,4286.26,22
2016-01-15 00:25:00,MAITRI,-2.72,61.11,968.02,61.72,10.26,52.68,8.78,14.01,13418.21,36.88,4286.1,22
2016-01-15 00:30:00,MAITRI,-2.51,61.07,967.96,61.99,6.38,56.32,9.39,12.88,13414.92,39.43,4285.95,22
2016-01-15 00:35:00,MAITRI,-2.35,61.06,967.97,60.78,8.88,58.47,9.75,12.27,13411.51,40.93,4285.8,22
2016-01-15 00:40:00,MAITRI,-2.12,61.21,968.06,61.02,0.0,60.35,10.06,10.89,13407.99,42.24,4285.64,23
2016-01-15 00:45:00,MAITRI,-1.77,61.1,967.89,58.93,15.08,60.3,10.05,10.31,13404.47,42.21,4285.47,24
2016-01-15 00:50:00,MAITRI,-2.14,60.72,967.71,61.12,0.0,60.64,10.11,9.01,13400.94,42.45,4285.31,23
2016-01-15 00:55:00,MAITRI,-1.86,61.14,967.71,61.19,0.0,41.7,6.95,8.97,13398.5,29.19,4285.15,24
2016-01-15 01:00:00,MAITRI,-2.13,61.41,967.07,61.64,12.03,41.47,6.91,8.95,13396.08,29.03,4284.98,24
2016-01-15 01:05:00,MAITRI,-1.99,61.57,967.01,60.44,0.0,43.3,7.22,8.94,13393.56,30.31,4284.81,24
2016-01-15 01:10:00,MAITRI,-1.8,62.3,966.73,58.51,0.0,43.17,7.2,8.93,13391.04,30.22,4284.65,23
2016-01-15 01:15:00,MAITRI,-2.08,62.71,967.05,57.91,0.0,45.28,7.55,8.93,13388.4,31.7,4284.49,24
2016-01-15 01:20:00,MAITRI,-2.52,62.5,966.69,57.17,0.0,44.78,7.46,8.93,13385.79,31.34,4284.32,24
2016-01-15 01:25:00,MAITRI,-2.76,62.72,966.04,58.95,0.0,41.86,6.98,8.9,13383.34,29.3,4284.16,23
2016-01-15 01:30:00,MAITRI,-2.71,62.55,965.66,59.37,0.0,42.49,7.08,8.88,13380.87,29.74,4284.0,23
2016-01-15 01:35:00,MAITRI,-2.81,64.48,965.46,58.06,0.0,43.45,7.24,8.88,13378.33,30.41,4283.84,23
2016-01-15 01:40:00,MAITRI,-3.06,63.2,965.79,60.13,0.0,43.74,7.29,8.88,13375.78,30.62,4283.68,23
2016-01-15 01:45:00,MAITRI,-2.88,63.62,965.89,59.4,0.0,43.51,7.25,8.87,13373.24,30.46,4283.52,23
2016-01-15 01:50:00,MAITRI,-2.67,63.32,965.36,57.74,0.0,45.19,7.53,8.87,13370.61,31.63,4283.37,22
2016-01-15 01:55:00,MAITRI,-2.59,63.34,965.81,57.73,0.0,42.85,7.14,8.87,13368.11,30.0,4283.22,22
2016-01-15 02:00:00,MAITRI,-2.93,63.13,965.48,59.31,0.0,44.08,7.35,8.87,13365.53,30.85,4283.06,23
2016-01-15 02:05:00,MAITRI,-3.04,62.76,965.15,57.94,8.07,41.67,6.95,8.84,13363.1,29.17,4282.9,23
2016-01-15 02:10:00,MAITRI,-2.96,62.88,964.78,57.46,0.0,44.97,7.49,8.84,13360.48,31.48,4282.73,24
2016-01-15 02:15:00,MAITRI,-3.24,63.42,965.25,59.58,0.24,44.58,7.43,8.84,13357.88,31.21,4282.56,25
2016-01-15 02:20:00,MAITRI,-2.89,63.28,965.58,60.39,0.0,45.33,7.56,8.84,13355.24,31.73,4282.39,24
2016-01-15 02:25:00,MAITRI,-2.81,62.87,965.18,58.87,3.72,45.0,7.5,8.85,13352.61,31.5,4282.22,24
2016-01-15 02:30:00,MAITRI,-2.95,62.89,965.15,58.27,0.0,43.65,7.28,8.84,13350.06,30.56,4282.06,24
2016-01-15 02:35:00,MAITRI,-2.56,62.22,965.2,59.27,7.45,43.99,7.33,8.84,13347.5,30.79,4281.9,23
2016-01-15 02:40:00,MAITRI,-2.57,61.89,965.59,57.93,0.0,45.23,7.54,8.84,13344.86,31.66,4281.74,23
2016-01-15 02:45:00,MAITRI,-2.64,61.55,965.1,58.08,1.73,43.69,7.28,8.84,13342.31,30.58,4281.58,23
2016-01-15 02:50:00,MAITRI,-2.49,61.84,964.89,56.36,0.0,42.57,7.09,8.83,13339.83,29.8,4281.42,23
2016-01-15 02:55:00,MAITRI,-2.61,61.92,964.81,56.41,0.0,42.04,7.01,8.8,13337.38,29.43,4281.26,23
2016-01-15 03:00:00,MAITRI,-2.43,61.67,965.13,55.8,0.0,43.67,7.28,8.8,13334.83,30.57,4281.1,23
2016-01-15 03:05:00,MAITRI,-2.47,62.13,965.33,54.81,6.65,42.7,7.12,8.79,13332.34,29.89,4280.93,24
2016-01-15 03:10:00,MAITRI,-2.86,59.35,965.17,56.39,0.0,43.19,7.2,8.79,13329.82,30.23,4280.77,23
2016-01-15 03:15:00,MAITRI,-3.0,60.49,965.61,57.66,0.0,44.35,7.39,8.79,13327.23,31.04,4280.61,23
2016-01-15 03:20:00,MAITRI,-3.14,60.59,965.34,56.43,0.0,44.0,7.33,8.79,13324.67,30.8,4280.45,23
2016-01-15 03:25:00,MAITRI,-3.46,58.04,965.09,57.73,0.0,42.83,7.14,8.78,13322.17,29.98,4280.29,23
2016-01-15 03:30:00,MAITRI,-3.27,58.77,965.34,57.36,0.0,41.9,6.98,8.76,13319.72,29.33,4280.13,23
2016-01-15 03:35:00,MAITRI,-3.03,58.76,965.8,59.76,0.0,44.23,7.37,8.76,13317.14,30.96,4279.97,24
2016-01-15 03:40:00,MAITRI,-2.75,58.69,965.4,58.92,13.84,43.28,7.21,8.77,13314.62,30.3,4279.8,24
2016-01-15 03:45:00,MAITRI,-2.8,58.98,965.51,57.98,19.86,42.85,7.14,8.78,13312.12,30.0,4279.63,24
2016-01-15 03:50:00,MAITRI,-3.03,59.02,965.28,61.28,3.13,42.8,7.13,8.77,13309.62,29.96,4279.47,24
2016-01-15 03:55:00,MAITRI,-2.75,59.4,965.18,58.98,10.54,44.47,7.41,8.77,13307.03,31.13,4279.31,23
2016-01-15 04:00:00,MAITRI,-2.71,59.26,965.07,58.76,0.0,43.67,7.28,8.77,13304.48,30.57,4279.15,22
2016-01-15 04:05:00,MAITRI,-2.97,59.76,964.46,57.06,0.0,43.42,7.24,8.77,13301.95,30.4,4279.0,22
2016-01-15 04:10:00,MAITRI,-3.15,60.28,964.68,55.27,0.0,42.61,7.1,8.76,13299.46,29.83,4278.84,23
2016-01-15 04:15:00,MAITRI,-2.91,60.47,965.35,54.33,2.97,44.13,7.35,8.76,13296.89,30.89,4278.68,23
2016-01-15 04:20:00,MAITRI,-2.76,60.64,965.28,57.6,1.96,42.42,7.07,8.76,13294.41,29.69,4278.53,22
2016-01-15 04:25:00,MAITRI,-2.71,60.75,966.04,55.85,5.35,43.15,7.19,8.76,13291.9,30.2,4278.37,22
2016-01-15 04:30:00,MAITRI,-3.28,61.4,964.92,58.25,0.0,42.66,7.11,8.75,13289.41,29.86,4278.22,23
2016-01-15 04:35:00,MAITRI,-2.96,61.54,965.13,57.19,1.06,44.14,7.36,8.75,13286.83,30.9,4278.06,23
2016-01-15 04:40:00,MAITRI,-3.15,61.72,965.56,58.34,16.62,44.98,7.5,8.76,13284.21,31.49,4277.89,24
2016-01-15 04:45:00,MAITRI,-3.62,61.4,965.18,59.97,10.81,43.53,7.25,8.76,13281.67,30.47,4277.74,22
2016-01-15 04:50:00,MAITRI,-3.78,61.07,965.15,58.06,0.0,42.57,7.1,8.75,13279.19,29.8,4277.58,22
2016-01-15 04:55:00,MAITRI,-4.02,61.97,964.8,59.6,7.31,41.99,7.0,8.74,13276.74,29.39,4277.43,22
2016-01-15 05:00:00,MAITRI,-3.86,62.36,965.1,57.65,0.0,44.68,7.45,8.74,13274.13,31.28,4277.28,22
2016-01-15 05:05:00,MAITRI,-3.61,62.42,965.04,55.64,9.56,42.86,7.14,8.75,13271.63,30.0,4277.13,21
2016-01-15 05:10:00,MAITRI,-4.13,62.51,965.59,57.98,5.91,45.72,7.62,8.75,13268.96,32.0,4276.98,22
2016-01-15 05:15:00,MAITRI,-4.22,62.23,965.3,58.68,0.0,42.85,7.14,8.75,13266.46,30.0,4276.83,21
2016-01-15 05:20:00,MAITRI,-4.11,62.41,964.84,56.88,12.95,43.05,7.17,8.76,13263.95,30.13,4276.68,22
2016-01-15 05:25:00,MAITRI,-3.73,63.13,964.89,56.85,0.0,42.48,7.08,8.75,13261.47,29.73,4276.53,22
2016-01-15 05:30:00,MAITRI,-3.49,62.95,965.03,55.49,1.87,43.14,7.19,8.75,13258.96,30.2,4276.38,21
2016-01-15 05:35:00,MAITRI,-3.11,63.07,965.46,54.93,0.0,43.43,7.24,8.74,13256.43,30.4,4276.22,23
2016-01-15 05:40:00,MAITRI,-2.9,63.09,966.02,53.97,6.77,54.88,9.15,7.4,13253.22,38.42,4276.06,24
2016-01-15 05:45:00,MAITRI,-2.81,62.59,966.26,56.78,5.0,52.76,8.79,6.0,13250.15,36.94,4275.89,24
2016-01-15 05:50:00,MAITRI,-2.55,62.37,966.23,55.07,11.84,52.26,8.71,5.17,13247.1,36.58,4275.72,24
2016-01-15 05:55:00,MAITRI,-2.37,61.78,965.63,54.96,0.0,58.8,9.8,4.67,13243.67,41.16,4275.56,24
2016-01-15 06:00:00,MAITRI,-2.24,57.26,966.05,54.6,1.62,57.61,9.6,3.52,13240.31,40.32,4275.39,24
2016-01-15 06:05:00,MAITRI,-2.85,57.11,966.75,57.17,6.65,55.23,9.2,2.45,13237.08,38.66,4275.23,23
2016-01-15 06:10:00,MAITRI,-2.69,58.44,966.94,59.52,29.67,60.45,10.07,1.76,13233.56,42.31,4275.07,23
2016-01-15 06:15:00,MAITRI,-2.46,58.85,966.87,58.33,31.6,51.81,8.64,0.89,13230.54,36.27,4274.91,23
2016-01-15 06:20:00,MAITRI,-2.32,59.36,966.45,57.31,40.26,59.95,9.99,0.22,13227.04,41.96,4274.75,23
2016-01-15 06:25:00,MAITRI,-1.98,59.4,966.26,54.68,63.91,53.41,8.9,0.0,13223.92,37.39,4274.59,23
2016-01-15 06:30:00,MAITRI,-2.13,59.44,966.5,55.72,69.42,52.51,8.75,0.0,13220.86,36.76,4274.43,23
2016-01-15 06:35:00,MAITRI,-1.98,59.91,967.07,54.17,81.94,52.3,8.72,0.0,13217.81,36.61,4274.27,23
2016-01-15 06:40:00,MAITRI,-2.21,59.97,967.31,55.17,87.41,54.2,9.03,0.0,13214.65,37.94,4274.12,22
2016-01-15 06:45:00,MAITRI,-2.32,60.5,967.82,53.62,114.56,39.01,6.5,0.06,13212.37,27.31,4273.97,22
2016-01-15 06:50:00,MAITRI,-1.94,60.64,967.66,55.21,108.37,39.86,6.64,0.12,13210.05,27.9,4273.81,23
2016-01-15 06:55:00,MAITRI,-1.64,60.43,967.26,54.35,117.56,39.74,6.62,0.18,13207.73,27.82,4273.65,22
2016-01-15 07:00:00,MAITRI,-2.23,60.57,967.32,56.81,17.22,43.84,7.31,0.19,13205.17,30.69,4273.5,22
2016-01-15 07:05:00,MAITRI,-2.72,60.32,967.57,59.57,20.78,41.78,6.96,0.2,13202.74,29.25,4273.35,21
2016-01-15 07:10:00,MAITRI,-2.53,60.52,967.75,56.83,11.01,42.5,7.08,0.2,13200.26,29.75,4273.2,22
2016-01-15 07:15:00,MAITRI,-2.22,60.97,967.38,54.73,40.13,42.28,7.05,0.22,13197.79,29.6,4273.04,23
2016-01-15 07:20:00,MAITRI,-2.52,61.18,966.54,55.98,36.17,42.71,7.12,0.24,13195.3,29.9,4272.89,22
2016-01-15 07:25:00,MAITRI,-2.71,60.04,967.32,57.0,25.63,40.54,6.76,0.23,13192.93,28.38,4272.73,23
2016-01-15 07:30:00,MAITRI,-2.25,60.74,966.92,55.89,18.87,40.62,6.77,0.21,13190.56,28.43,4272.58,22
2016-01-15 07:35:00,MAITRI,-1.99,58.59,967.5,55.79,29.44,41.43,6.9,0.21,13188.15,29.0,4272.42,23
2016-01-15 07:40:00,MAITRI,-2.09,59.2,967.53,56.72,20.24,41.8,6.97,0.22,13185.71,29.26,4272.26,22
2016-01-15 07:45:00,MAITRI,-1.99,60.11,968.25,58.52,45.06,41.0,6.83,0.24,13183.32,28.7,4272.11,22
2016-01-15 07:50:00,MAITRI,-2.0,60.16,967.65,56.84,33.18,40.51,6.75,0.24,13180.95,28.36,4271.96,22
2016-01-15 07:55:00,MAITRI,-1.88,58.18,966.94,56.24,14.67,40.27,6.71,0.22,13178.61,28.19,4271.81,22
2016-01-15 08:00:00,MAITRI,-1.7,58.01,966.71,54.94,51.72,42.78,7.13,0.24,13176.11,29.95,4271.65,23
2016-01-15 08:05:00,MAITRI,-1.36,58.36,966.81,53.03,2.45,43.33,7.22,0.23,13173.58,30.33,4271.47,25
2016-01-15 08:10:00,MAITRI,-1.76,58.56,967.2,54.3,20.06,44.52,7.42,0.25,13170.98,31.17,4271.3,25
2016-01-15 08:15:00,MAITRI,-1.74,59.48,966.9,53.99,17.57,41.8,6.97,0.22,13168.55,29.26,4271.12,26
2016-01-15 08:20:00,MAITRI,-1.54,59.18,966.96,52.72,38.98,42.85,7.14,0.24,13166.05,30.0,4270.94,25
2016-01-15 08:25:00,MAITRI,-1.26,60.07,966.94,54.85,30.82,42.17,7.03,0.25,13163.59,29.52,4270.78,24
2016-01-15 08:30:00,MAITRI,-1.1,60.13,967.46,54.61,50.48,39.11,6.52,0.23,13161.3,27.38,4270.61,24
2016-01-15 08:35:00,MAITRI,-0.98,60.36,968.09,53.0,33.73,43.43,7.24,0.25,13158.77,30.4,4270.44,25
2016-01-15 08:40:00,MAITRI,-0.79,60.52,967.93,51.41,63.96,40.43,6.74,0.26,13156.41,28.3,4270.26,25
2016-01-15 08:45:00,MAITRI,-0.65,60.84,968.33,50.24,55.22,41.45,6.91,0.28,13153.99,29.02,4270.09,25
2016-01-15 08:50:00,MAITRI,-0.35,60.75,967.95,48.74,65.37,40.25,6.71,0.28,13151.65,28.18,4269.91,26
2016-01-15 08:55:00,MAITRI,-0.48,60.72,968.16,50.59,19.41,45.06,7.51,0.29,13149.02,31.54,4269.72,27
2016-01-15 09:00:00,MAITRI,-0.32,60.74,967.52,50.44,44.74,41.23,6.87,0.28,13146.61,28.86,4269.54,26
2016-01-15 09:05:00,MAITRI,-0.8,60.57,967.89,52.68,64.76,40.44,6.74,0.3,13144.25,28.31,4269.37,25
2016-01-15 09:10:00,MAITRI,-0.83,60.5,967.87,52.15,75.41,42.75,7.12,0.34,13141.76,29.92,4269.19,26
2016-01-15 09:15:00,MAITRI,-0.61,60.9,967.93,54.46,77.19,40.29,6.72,0.35,13139.41,28.21,4269.0,27
2016-01-15 09:20:00,MAITRI,-0.65,61.29,968.25,56.38,24.62,45.1,7.52,0.36,13136.78,31.57,4268.81,28
2016-01-15 09:25:00,MAITRI,-0.39,61.43,968.13,56.29,46.69,42.19,7.03,0.36,13134.32,29.53,4268.61,28
2016-01-15 09:30:00,MAITRI,-0.08,60.99,968.34,54.35,54.9,41.77,6.96,0.36,13131.88,29.24,4268.42,27
2016-01-15 09:35:00,MAITRI,0.02,61.61,968.21,56.25,419.85,24.87,4.14,0.51,13130.43,17.41,4268.23,28
2016-01-15 09:40:00,MAITRI,0.26,61.77,968.21,54.82,418.12,27.47,4.58,0.71,13128.83,19.23,4268.03,28
2016-01-15 09:45:00,MAITRI,0.17,61.69,968.71,53.46,435.16,25.61,4.27,0.89,13127.33,17.93,4267.84,28
2016-01-15 09:50:00,MAITRI,0.38,61.65,968.7,51.37,457.49,26.93,4.49,1.12,13125.76,18.85,4267.65,28
2016-01-15 09:55:00,MAITRI,0.38,62.41,968.89,50.34,447.24,27.34,4.56,1.34,13124.17,19.14,4267.45,28
2016-01-15 10:00:00,MAITRI,0.13,62.68,968.47,51.11,465.23,52.86,8.81,1.59,13121.08,37.0,4267.25,29
2016-01-15 10:05:00,MAITRI,0.46,62.47,968.98,51.16,462.18,57.73,9.62,1.83,13117.72,40.41,4267.06,28
2016-01-15 10:10:00,MAITRI,0.36,62.38,969.14,49.96,479.46,51.16,8.53,2.08,13114.73,35.81,4266.85,29
2016-01-15 10:15:00,MAITRI,0.33,61.5,968.65,49.73,474.74,48.72,8.12,2.33,13111.89,34.1,4266.65,30
2016-01-15 10:20:00,MAITRI,0.41,61.89,968.73,49.2,477.9,56.16,9.36,2.57,13108.61,39.32,4266.44,29
2016-01-15 10:25:00,MAITRI,0.09,61.86,968.34,51.19,493.08,58.02,9.67,2.83,13105.23,40.62,4266.24,29
2016-01-15 10:30:00,MAITRI,0.32,61.72,967.81,51.0,477.58,66.99,11.17,3.08,13101.32,46.89,4266.06,27
2016-01-15 10:35:00,MAITRI,0.17,62.19,967.9,51.61,497.89,50.24,8.37,3.34,13098.39,35.17,4265.87,26
2016-01-15 10:40:00,MAITRI,0.15,61.68,967.46,50.92,495.29,49.26,8.21,3.6,13095.52,34.48,4265.69,26
2016-01-15 10:45:00,MAITRI,0.39,62.25,968.05,49.7,505.36,60.78,10.13,3.86,13091.97,42.54,4265.5,28
2016-01-15 10:50:00,MAITRI,0.6,62.48,968.89,48.29,523.95,55.37,9.23,4.14,13088.74,38.76,4265.31,28
2016-01-15 10:55:00,MAITRI,0.47,62.45,968.8,50.63,502.02,56.24,9.37,4.4,13085.46,39.37,4265.11,28
2016-01-15 11:00:00,MAITRI,0.31,62.61,969.06,51.48,511.72,49.99,8.33,4.66,13082.55,34.99,4264.92,28
2016-01-15 11:05:00,MAITRI,0.58,62.4,969.48,51.12,523.5,63.96,10.66,4.94,13078.82,44.77,4264.72,28
2016-01-15 11:10:00,MAITRI,0.46,62.69,968.86,51.75,505.28,50.45,8.41,5.2,13075.87,35.32,4264.53,28
2016-01-15 11:15:00,MAITRI,0.6,62.63,968.72,50.4,536.25,24.63,4.1,5.48,13074.44,17.24,4264.33,28
2016-01-15 11:20:00,MAITRI,0.44,62.45,968.43,50.78,510.91,26.03,4.34,5.75,13072.92,18.22,4264.14,28
2016-01-15 11:25:00,MAITRI,0.33,62.33,968.18,50.82,517.07,24.59,4.1,6.01,13071.48,17.21,4263.94,28
2016-01-15 11:30:00,MAITRI,0.6,62.7,968.11,48.78,532.1,23.83,3.97,6.28,13070.09,16.68,4263.76,27
2016-01-15 11:35:00,MAITRI,1.02,62.93,967.6,48.11,538.94,23.88,3.98,6.56,13068.7,16.72,4263.57,27
2016-01-15 11:40:00,MAITRI,1.25,63.27,967.85,46.91,537.38,21.17,3.53,6.8,13067.46,14.82,4263.39,26
2016-01-15 11:45:00,MAITRI,1.37,63.19,967.62,45.47,539.31,22.56,3.76,7.07,13066.15,15.79,4263.21,26
2016-01-15 11:50:00,MAITRI,1.13,63.19,967.48,48.08,539.61,21.15,3.53,7.32,13064.91,14.81,4263.03,26
2016-01-15 11:55:00,MAITRI,1.17,63.23,966.97,48.58,521.74,22.86,3.81,7.57,13063.58,16.0,4262.85,26
2016-01-15 12:00:00,MAITRI,1.42,63.13,967.17,47.69,530.84,23.48,3.91,7.83,13062.21,16.44,4262.66,27
2016-01-15 12:05:00,MAITRI,1.37,62.82,967.27,46.45,534.27,24.29,4.05,8.11,13060.79,17.01,4262.47,27
2016-01-15 12:10:00,MAITRI,1.36,63.15,968.2,45.67,536.47,25.78,4.3,8.39,13059.29,18.05,4262.28,28
2016-01-15 12:15:00,MAITRI,1.47,62.42,968.5,47.89,536.81,24.23,4.04,8.67,13057.88,16.96,4262.08,28
2016-01-15 12:20:00,MAITRI,1.72,62.73,969.07,47.58,547.06,21.81,3.63,8.93,13056.6,15.26,4261.9,27
2016-01-15 12:25:00,MAITRI,1.69,62.81,968.57,47.84,531.03,24.16,4.03,9.2,13055.2,16.92,4261.71,27
2016-01-15 12:30:00,MAITRI,1.45,63.08,968.17,48.22,535.59,22.27,3.71,9.46,13053.9,15.59,4261.52,27
2016-01-15 12:35:00,MAITRI,1.19,62.93,967.91,47.08,547.57,23.53,3.92,9.74,13052.52,16.47,4261.33,27
2016-01-15 12:40:00,MAITRI,1.09,63.42,968.32,46.5,532.82,24.19,4.03,10.02,13051.11,16.93,4261.15,26
2016-01-15 12:45:00,MAITRI,1.18,63.36,968.2,46.63,528.57,23.36,3.89,10.29,13049.75,16.35,4260.97,26
2016-01-15 12:50:00,MAITRI,1.27,62.68,967.96,46.46,513.36,23.94,3.99,10.54,13048.35,16.76,4260.78,27
2016-01-15 12:55:00,MAITRI,1.43,62.69,967.89,46.41,512.55,24.14,4.02,10.8,13046.95,16.9,4260.6,26
2016-01-15 13:00:00,MAITRI,1.4,63.37,967.36,46.65,519.23,24.11,4.02,11.08,13045.54,16.87,4260.42,26
2016-01-15 13:05:00,MAITRI,1.53,63.27,967.21,46.08,498.85,24.42,4.07,11.32,13044.11,17.1,4260.24,27
2016-01-15 13:10:00,MAITRI,1.24,59.33,967.21,48.95,489.47,25.35,4.22,11.57,13042.64,17.74,4260.05,27
2016-01-15 13:15:00,MAITRI,1.44,59.06,967.09,48.17,509.76,23.9,3.98,11.83,13041.24,16.73,4259.86,27
2016-01-15 13:20:00,MAITRI,1.18,59.31,967.0,48.34,499.47,27.8,4.63,12.09,13039.62,19.46,4259.67,27
2016-01-15 13:25:00,MAITRI,1.39,59.64,966.77,47.11,505.38,24.07,4.01,12.34,13038.22,16.85,4259.49,27
2016-01-15 13:30:00,MAITRI,1.41,60.27,966.96,46.8,482.78,26.89,4.48,12.59,13036.65,18.82,4259.3,27
2016-01-15 13:35:00,MAITRI,1.54,60.13,967.1,46.81,499.44,24.24,4.04,12.84,13035.23,16.97,4259.11,27
2016-01-15 13:40:00,MAITRI,1.4,60.4,966.73,45.95,475.95,26.72,4.45,13.09,13033.67,18.7,4258.92,27
2016-01-15 13:45:00,MAITRI,1.05,56.89,966.48,48.61,489.54,25.76,4.29,13.34,13032.17,18.03,4258.74,27
2016-01-15 13:50:00,MAITRI,1.42,56.7,966.75,47.78,469.61,25.95,4.32,13.59,13030.66,18.16,4258.55,27
2016-01-15 13:55:00,MAITRI,1.19,57.64,966.73,49.05,474.65,25.45,4.24,13.83,13029.17,17.81,4258.36,27
2016-01-15 14:00:00,MAITRI,1.29,57.82,967.13,48.87,468.65,26.23,4.37,14.07,13027.64,18.36,4258.17,28
2016-01-15 14:05:00,MAITRI,1.06,58.06,967.57,49.94,455.55,29.61,4.94,14.31,13025.92,20.73,4257.97,28
2016-01-15 14:10:00,MAITRI,0.77,58.59,967.08,50.22,463.78,26.71,4.45,14.55,13024.36,18.7,4257.78,28
2016-01-15 14:15:00,MAITRI,0.73,60.27,966.72,51.32,444.55,28.68,4.78,14.78,13022.69,20.07,4257.58,28
2016-01-15 14:20:00,MAITRI,0.55,60.04,966.45,51.3,429.51,27.11,4.52,14.99,13021.1,18.98,4257.4,27
2016-01-15 14:25:00,MAITRI,0.53,60.39,965.99,52.5,425.93,25.94,4.32,15.18,13019.59,18.16,4257.21,27
2016-01-15 14:30:00,MAITRI,0.52,60.16,966.21,51.9,417.71,30.36,5.06,15.4,13017.82,21.25,4257.02,27
2016-01-15 14:35:00,MAITRI,0.39,60.04,966.02,52.66,414.03,28.24,4.71,15.61,13016.17,19.77,4256.83,27
2016-01-15 14:40:00,MAITRI,0.58,60.15,965.63,52.7,410.77,27.28,4.55,15.8,13014.58,19.1,4256.65,27
2016-01-15 14:45:00,MAITRI,0.73,60.49,965.67,52.55,407.13,28.16,4.69,16.0,13012.94,19.71,4256.46,27
2016-01-15 14:50:00,MAITRI,0.75,60.8,965.06,52.77,383.02,30.05,5.01,16.2,13011.19,21.03,4256.28,26
2016-01-15 14:55:00,MAITRI,0.38,61.14,964.41,53.87,385.16,29.85,4.97,16.4,13009.44,20.89,4256.09,27
2016-01-15 15:00:00,MAITRI,0.67,61.43,964.19,51.95,375.26,29.52,4.92,16.59,13007.72,20.67,4255.91,26
2016-01-15 15:05:00,MAITRI,0.76,61.61,964.63,54.31,357.99,31.58,5.26,16.78,13005.88,22.1,4255.73,26
2016-01-15 15:10:00,MAITRI,0.4,61.93,964.76,55.2,337.58,30.65,5.11,16.95,13004.09,21.45,4255.55,26
2016-01-15 15:15:00,MAITRI,0.46,61.61,964.69,55.16,343.52,30.23,5.04,17.12,13002.33,21.16,4255.37,25
2016-01-15 15:20:00,MAITRI,0.47,61.59,964.95,56.45,335.03,29.4,4.9,17.27,13000.61,20.58,4255.2,25
2016-01-15 15:25:00,MAITRI,0.79,61.83,964.85,55.49,315.39,31.68,5.28,17.43,12998.77,22.18,4255.03,24
2016-01-15 15:30:00,MAITRI,1.02,62.39,965.16,55.08,326.67,29.18,4.86,17.57,12997.06,20.43,4254.87,24
2016-01-15 15:35:00,MAITRI,1.07,62.26,965.76,54.2,308.34,32.42,5.4,17.73,12995.17,22.69,4254.7,24
2016-01-15 15:40:00,MAITRI,0.96,62.35,965.58,52.45,308.57,31.39,5.23,17.89,12993.34,21.97,4254.53,24
2016-01-15 15:45:00,MAITRI,0.83,61.99,965.55,54.27,290.14,34.88,5.81,18.04,12991.31,24.41,4254.36,25
2016-01-15 15:50:00,MAITRI,0.62,62.06,965.6,55.14,285.93,31.44,5.24,18.16,12989.47,22.01,4254.18,26
2016-01-15 15:55:00,MAITRI,0.52,61.31,965.48,54.96,289.76,31.93,5.32,18.28,12987.61,22.35,4253.99,27
2016-01-15 16:00:00,MAITRI,0.21,62.34,965.07,56.72,260.07,35.54,5.92,18.41,12985.54,24.88,4253.8,28
2016-01-15 16:05:00,MAITRI,-0.06,62.28,964.04,56.9,239.91,35.01,5.83,18.51,12983.5,24.51,4253.6,29
2016-01-15 16:10:00,MAITRI,0.1,61.7,964.98,55.57,242.02,35.95,5.99,18.63,12981.4,25.16,4253.4,29
2016-01-15 16:15:00,MAITRI,0.04,62.21,965.23,56.31,227.01,36.3,6.05,18.74,12979.28,25.41,4253.19,29
2016-01-15 16:20:00,MAITRI,-0.02,62.42,965.27,57.04,224.69,35.77,5.96,18.83,12977.19,25.04,4252.99,29
2016-01-15 16:25:00,MAITRI,-0.32,62.29,965.07,57.84,203.61,37.86,6.31,18.94,12974.99,26.5,4252.79,29
2016-01-15 16:30:00,MAITRI,-0.11,62.28,965.31,56.55,200.47,36.29,6.05,19.01,12972.87,25.4,4252.59,29
2016-01-15 16:35:00,MAITRI,0.11,63.14,965.86,55.04,182.87,38.03,6.34,19.09,12970.65,26.62,4252.39,29
2016-01-15 16:40:00,MAITRI,0.3,61.78,965.67,55.0,166.89,40.48,6.75,19.18,12968.29,28.34,4252.19,29
2016-01-15 16:45:00,MAITRI,0.88,61.59,966.5,54.22,172.27,36.96,6.16,19.24,12966.13,25.87,4251.99,28
2016-01-15 16:50:00,MAITRI,1.16,61.23,966.4,53.93,174.64,39.14,6.52,19.33,12963.85,27.4,4251.81,27
2016-01-15 16:55:00,MAITRI,1.24,61.58,966.29,54.38,142.53,39.64,6.61,19.4,12961.54,27.75,4251.62,27
2016-01-15 17:00:00,MAITRI,1.43,61.73,966.47,54.61,142.96,39.5,6.58,19.48,12959.23,27.65,4251.43,27
2016-01-15 17:05:00,MAITRI,1.31,62.33,967.35,53.61,130.28,40.85,6.81,19.54,12956.85,28.6,4251.25,26
2016-01-15 17:10:00,MAITRI,1.22,61.98,967.2,54.79,108.15,40.11,6.68,19.59,12954.51,28.08,4251.06,27
2016-01-15 17:15:00,MAITRI,1.08,61.68,966.87,55.58,114.03,40.32,6.72,19.65,12952.16,28.22,4250.88,26
2016-01-15 17:20:00,MAITRI,0.82,61.21,967.46,55.72,82.16,40.79,6.8,19.67,12949.78,28.55,4250.69,27
2016-01-15 17:25:00,MAITRI,0.49,61.42,967.69,56.99,90.82,40.51,6.75,19.71,12947.42,28.36,4250.51,26
2016-01-15 17:30:00,MAITRI,0.48,61.69,967.78,56.63,59.5,51.79,8.63,18.82,12944.39,36.25,4250.33,26
2016-01-15 17:35:00,MAITRI,0.22,62.42,968.43,57.16,49.62,59.62,9.94,17.83,12940.92,41.73,4250.15,27
2016-01-15 17:40:00,MAITRI,0.31,62.26,968.23,55.35,64.32,58.53,9.75,16.94,12937.5,40.97,4249.95,28
2016-01-15 17:45:00,MAITRI,0.51,62.49,968.6,55.34,28.54,53.4,8.9,16.38,12934.39,37.38,4249.76,27
2016-01-15 17:50:00,MAITRI,0.87,62.83,968.94,54.63,25.27,58.81,9.8,15.14,12930.96,41.17,4249.57,28
2016-01-15 17:55:00,MAITRI,0.52,61.62,968.37,55.56,0.0,54.76,9.13,14.39,12927.76,38.33,4249.38,27
2016-01-15 18:00:00,MAITRI,0.58,62.26,968.03,55.13,0.0,53.28,8.88,13.67,12924.65,37.29,4249.19,27
2016-01-15 18:05:00,MAITRI,0.71,62.3,967.83,53.64,4.07,52.61,8.77,12.8,12921.59,36.83,4249.01,27
2016-01-15 18:10:00,MAITRI,0.1,62.62,967.25,54.57,0.0,63.32,10.55,12.08,12917.89,44.32,4248.82,27
2016-01-15 18:15:00,MAITRI,0.09,62.65,967.84,53.43,0.0,58.8,9.8,11.33,12914.46,41.16,4248.64,26
2016-01-15 18:20:00,MAITRI,0.09,62.76,967.89,53.46,0.33,57.45,9.57,10.77,12911.11,40.21,4248.46,26
2016-01-15 18:25:00,MAITRI,-0.02,62.48,967.81,55.07,10.78,60.12,10.02,9.41,12907.6,42.09,4248.28,26
2016-01-15 18:30:00,MAITRI,0.1,62.21,967.39,54.26,6.91,53.86,8.98,8.17,12904.46,37.7,4248.1,26
2016-01-15 18:35:00,MAITRI,-0.28,62.1,966.6,55.19,0.0,53.19,8.87,7.33,12901.36,37.24,4247.92,26
2016-01-15 18:40:00,MAITRI,-0.14,61.8,966.54,54.18,2.09,56.06,9.34,6.22,12898.09,39.24,4247.74,26
2016-01-15 18:45:00,MAITRI,-0.15,62.17,966.55,54.81,0.0,52.97,8.83,5.54,12895.0,37.08,4247.56,26
2016-01-15 18:50:00,MAITRI,-0.14,61.95,966.21,53.65,0.0,57.24,9.54,4.93,12891.66,40.07,4247.37,26
2016-01-15 18:55:00,MAITRI,0.21,62.11,966.25,52.25,1.19,62.17,10.36,3.5,12888.03,43.52,4247.19,27
2016-01-15 19:00:00,MAITRI,0.29,61.8,966.71,52.83,0.0,58.69,9.78,2.24,12884.61,41.09,4246.99,28
2016-01-15 19:05:00,MAITRI,0.13,61.77,966.87,54.67,0.0,57.16,9.53,0.78,12881.28,40.01,4246.8,28
2016-01-15 19:10:00,MAITRI,0.26,62.04,967.44,54.29,22.32,53.48,8.91,0.0,12878.16,37.44,4246.6,28
2016-01-15 19:15:00,MAITRI,0.1,62.23,967.22,55.29,8.28,46.43,7.74,0.0,12875.45,32.5,4246.42,27
2016-01-15 19:20:00,MAITRI,-0.13,62.38,967.33,56.62,4.45,46.34,7.72,0.01,12872.74,32.44,4246.22,28
2016-01-15 19:25:00,MAITRI,-0.28,62.45,967.2,55.97,11.18,45.76,7.63,0.01,12870.08,32.03,4246.03,27
2016-01-15 19:30:00,MAITRI,-0.39,62.78,967.71,54.84,4.74,45.35,7.56,0.01,12867.43,31.74,4245.85,27
2016-01-15 19:35:00,MAITRI,-0.33,63.04,967.49,54.79,8.75,44.04,7.34,0.01,12864.86,30.83,4245.67,26
2016-01-15 19:40:00,MAITRI,-0.37,62.99,967.45,52.91,7.77,44.79,7.47,0.02,12862.25,31.35,4245.49,26
2016-01-15 19:45:00,MAITRI,-0.77,63.07,966.52,54.14,0.0,44.85,7.48,0.02,12859.63,31.4,4245.31,26
2016-01-15 19:50:00,MAITRI,-0.66,62.5,965.68,55.14,10.01,44.14,7.36,0.02,12857.06,30.9,4245.12,26
2016-01-15 19:55:00,MAITRI,-0.8,62.72,965.3,54.27,0.0,43.15,7.19,0.0,12854.54,30.2,4244.94,26
2016-01-15 20:00:00,MAITRI,-0.64,62.48,965.25,54.21,0.0,45.17,7.53,0.0,12851.91,31.62,4244.77,25
2016-01-15 20:05:00,MAITRI,-0.47,61.62,965.28,54.05,1.3,43.21,7.2,0.0,12849.38,30.24,4244.6,25
2016-01-15 20:10:00,MAITRI,-0.18,61.75,966.25,53.25,16.6,44.18,7.36,0.01,12846.81,30.93,4244.42,25
2016-01-15 20:15:00,MAITRI,0.08,62.67,966.98,52.94,5.49,45.28,7.55,0.01,12844.17,31.7,4244.25,25
2016-01-15 20:20:00,MAITRI,-0.28,62.41,966.31,54.28,0.0,44.85,7.48,0.01,12841.55,31.4,4244.08,25
2016-01-15 20:25:00,MAITRI,-0.3,62.56,966.46,54.76,0.3,44.13,7.35,0.01,12838.98,30.89,4243.91,24
2016-01-15 20:30:00,MAITRI,-0.4,62.49,965.6,54.98,0.42,42.93,7.15,0.0,12836.47,30.05,4243.74,25
2016-01-15 20:35:00,MAITRI,-0.51,61.64,965.93,56.01,0.0,43.24,7.21,0.0,12833.95,30.27,4243.56,25
2016-01-15 20:40:00,MAITRI,-0.39,61.58,965.55,55.18,0.0,46.94,7.82,0.0,12831.21,32.86,4243.39,25
2016-01-15 20:45:00,MAITRI,-0.23,61.65,965.63,55.49,0.0,45.92,7.65,0.0,12828.53,32.15,4243.22,24
2016-01-15 20:50:00,MAITRI,-0.62,62.12,965.69,57.07,0.0,44.45,7.41,0.0,12825.94,31.12,4243.06,23
2016-01-15 20:55:00,MAITRI,-0.51,62.17,965.78,56.07,0.0,43.88,7.31,0.0,12823.38,30.71,4242.91,22
2016-01-15 21:00:00,MAITRI,-0.54,62.41,966.42,56.3,12.27,43.0,7.17,0.01,12820.87,30.1,4242.76,22
2016-01-15 21:05:00,MAITRI,-0.61,62.29,966.15,56.98,0.0,42.68,7.11,0.0,12818.38,29.88,4242.6,23
2016-01-15 21:10:00,MAITRI,-0.47,62.89,967.12,56.23,13.27,41.5,6.92,0.0,12815.96,29.05,4242.44,23
2016-01-15 21:15:00,MAITRI,-0.78,62.92,967.18,55.46,0.0,44.95,7.49,0.0,12813.34,31.47,4242.28,23
2016-01-15 21:20:00,MAITRI,-0.94,62.7,967.22,56.98,6.68,42.19,7.03,0.0,12810.88,29.53,4242.11,24
2016-01-15 21:25:00,MAITRI,-0.85,62.33,967.32,56.8,0.0,42.16,7.03,0.0,12808.42,29.51,4241.95,23
2016-01-15 21:30:00,MAITRI,-0.5,58.41,967.19,56.33,23.64,42.35,7.06,0.01,12805.95,29.65,4241.79,23
2016-01-15 21:35:00,MAITRI,-0.75,58.71,966.68,59.62,0.0,43.35,7.23,0.01,12803.42,30.35,4241.65,21
2016-01-15 21:40:00,MAITRI,-1.1,59.16,967.23,60.19,3.34,41.4,6.9,0.0,12801.0,28.98,4241.49,22
2016-01-15 21:45:00,MAITRI,-1.36,58.65,966.44,61.25,4.16,42.39,7.06,0.0,12798.53,29.67,4241.34,22
2016-01-15 21:50:00,MAITRI,-1.47,59.23,965.3,60.85,1.55,42.03,7.0,0.0,12796.08,29.42,4241.19,22
2016-01-15 21:55:00,MAITRI,-1.37,59.37,965.81,60.77,3.18,41.5,6.92,0.0,12793.66,29.05,4241.03,23
2016-01-15 22:00:00,MAITRI,-1.51,60.01,965.71,61.63,5.72,44.66,7.44,0.0,12791.05,31.26,4240.87,22
2016-01-15 22:05:00,MAITRI,-1.49,60.36,965.59,61.16,17.31,41.65,6.94,0.0,12788.62,29.16,4240.72,22
2016-01-15 22:10:00,MAITRI,-1.77,55.11,965.01,62.11,11.59,41.64,6.94,0.0,12786.19,29.14,4240.56,23
2016-01-15 22:15:00,MAITRI,-1.81,55.81,966.03,62.1,1.46,43.59,7.26,0.0,12783.65,30.51,4240.41,22
2016-01-15 22:20:00,MAITRI,-2.2,51.45,965.51,63.03,0.0,42.49,7.08,0.0,12781.17,29.74,4240.25,23
2016-01-15 22:25:00,MAITRI,-2.36,52.22,965.76,62.09,3.5,42.33,7.06,0.0,12778.7,29.63,4240.1,22
2016-01-15 22:30:00,MAITRI,-2.42,54.23,965.74,60.86,7.59,42.81,7.14,0.01,12776.21,29.97,4239.94,22
2016-01-15 22:35:00,MAITRI,-2.59,55.06,966.02,60.95,0.0,43.11,7.18,0.01,12773.69,30.18,4239.79,22
2016-01-15 22:40:00,MAITRI,-2.76,56.53,965.91,61.15,0.0,42.08,7.01,0.0,12771.24,29.45,4239.63,23
2016-01-15 22:45:00,MAITRI,-2.59,57.32,965.62,60.56,0.0,41.44,6.91,0.0,12768.82,29.01,4239.47,23
2016-01-15 22:50:00,MAITRI,-2.36,58.48,965.68,60.01,0.0,43.76,7.29,0.0,12766.27,30.63,4239.32,22
2016-01-15 22:55:00,MAITRI,-2.3,59.31,965.43,60.85,6.5,41.98,7.0,0.0,12763.82,29.38,4239.16,23
2016-01-15 23:00:00,MAITRI,-2.32,59.94,965.13,60.85,3.6,43.27,7.21,0.0,12761.29,30.29,4239.0,23
2016-01-15 23:05:00,MAITRI,-2.18,59.94,965.38,59.15,2.58,43.89,7.32,0.0,12758.73,30.73,4238.84,23
2016-01-15 23:10:00,MAITRI,-1.93,60.2,965.71,57.71,0.0,45.63,7.6,0.0,12756.07,31.94,4238.68,23
2016-01-15 23:15:00,MAITRI,-2.34,60.15,964.96,58.45,0.0,44.54,7.42,0.0,12753.47,31.18,4238.52,23
2016-01-15 23:20:00,MAITRI,-2.2,60.34,965.66,57.99,0.0,43.72,7.29,0.0,12750.92,30.6,4238.35,24
2016-01-15 23:25:00,MAITRI,-2.35,60.46,965.22,60.75,7.9,41.79,6.96,0.0,12748.49,29.25,4238.2,22
2016-01-15 23:30:00,MAITRI,-2.65,60.26,965.03,63.24,10.41,42.71,7.12,0.01,12746.0,29.9,4238.05,22
2016-01-15 23:35:00,MAITRI,-2.74,60.9,965.43,63.89,4.25,42.95,7.16,0.0,12743.49,30.07,4237.89,23
2016-01-15 23:40:00,MAITRI,-2.44,61.43,965.16,62.04,10.46,42.48,7.08,0.0,12741.01,29.74,4237.73,23
2016-01-15 23:45:00,MAITRI,-2.56,61.65,965.37,62.63,0.0,42.64,7.11,0.0,12738.52,29.85,4237.58,22
2016-01-15 23:50:00,MAITRI,-2.59,61.57,965.85,62.65,0.0,42.0,7.0,0.0,12736.07,29.4,4237.42,22
2016-01-15 23:55:00,MAITRI,-2.8,61.64,964.47,63.61,0.0,41.98,7.0,0.0,12733.63,29.38,4237.27,22
2016-01-16 00:00:00,MAITRI,-2.9,61.67,964.26,63.41,0.0,40.7,6.78,0.0,12731.25,28.49,4237.12,21
2016-01-16 00:05:00,MAITRI,-2.4,61.74,964.37,61.17,0.0,43.9,7.32,0.0,12728.69,30.73,4236.97,22
2016-01-16 00:10:00,MAITRI,-2.3,62.57,964.74,61.25,6.95,43.39,7.23,0.0,12726.16,30.37,4236.82,22
2016-01-16 00:15:00,MAITRI,-2.3,62.91,964.76,60.26,0.0,43.85,7.31,0.0,12723.6,30.7,4236.67,22
2016-01-16 00:20:00,MAITRI,-2.65,62.64,965.2,61.74,0.0,43.95,7.32,0.0,12721.04,30.76,4236.51,22
2016-01-16 00:25:00,MAITRI,-2.77,62.61,965.22,60.57,0.91,46.05,7.67,0.0,12718.35,32.23,4236.37,21
2016-01-16 00:30:00,MAITRI,-2.9,62.65,965.82,60.66,0.0,40.78,6.8,0.0,12715.97,28.55,4236.23,20
2016-01-16 00:35:00,MAITRI,-2.67,62.09,965.82,58.8,8.59,42.12,7.02,0.0,12713.52,29.48,4236.08,21
2016-01-16 00:40:00,MAITRI,-2.66,62.64,965.85,60.3,0.0,45.32,7.55,0.0,12710.87,31.73,4235.93,22
2016-01-16 00:45:00,MAITRI,-2.59,62.47,966.02,59.12,0.22,41.27,6.88,0.0,12708.47,28.89,4235.78,22
2016-01-16 00:50:00,MAITRI,-2.58,62.22,965.79,57.58,0.0,42.77,7.13,0.0,12705.97,29.94,4235.62,22
2016-01-16 00:55:00,MAITRI,-2.63,62.75,965.95,59.58,0.0,42.24,7.04,0.0,12703.51,29.57,4235.48,21
2016-01-16 01:00:00,MAITRI,-2.34,62.83,966.12,60.43,0.0,42.22,7.04,0.0,12701.04,29.56,4235.33,22
2016-01-16 01:05:00,MAITRI,-2.45,62.48,966.1,60.56,9.31,43.19,7.2,0.0,12698.52,30.23,4235.17,23
2016-01-16 01:10:00,MAITRI,-2.73,62.81,967.05,59.77,0.0,44.09,7.35,0.0,12695.95,30.86,4235.01,23
2016-01-16 01:15:00,MAITRI,-2.66,63.33,967.83,58.18,6.02,43.17,7.2,0.0,12693.43,30.22,4234.84,24
2016-01-16 01:20:00,MAITRI,-2.48,63.29,967.77,56.93,0.0,43.86,7.31,0.0,12690.87,30.7,4234.67,25
2016-01-16 01:25:00,MAITRI,-2.72,63.14,967.77,57.29,0.0,44.94,7.49,0.0,12688.25,31.46,4234.5,24
2016-01-16 01:30:00,MAITRI,-2.64,63.41,967.29,58.04,4.46,43.31,7.22,0.0,12685.73,30.31,4234.34,23
2016-01-16 01:35:00,MAITRI,-2.43,63.13,966.96,58.4,0.0,43.1,7.18,0.0,12683.21,30.17,4234.18,23
2016-01-16 01:40:00,MAITRI,-2.44,62.92,966.82,59.07,2.57,43.17,7.19,0.0,12680.69,30.22,4234.03,22
2016-01-16 01:45:00,MAITRI,-2.66,61.77,967.43,60.99,0.0,44.18,7.36,0.0,12678.12,30.93,4233.87,22
2016-01-16 01:50:00,MAITRI,-2.78,62.21,968.01,59.79,0.0,45.61,7.6,0.0,12675.46,31.93,4233.72,22
2016-01-16 01:55:00,MAITRI,-2.47,62.46,968.42,58.56,4.4,41.77,6.96,0.0,12673.02,29.24,4233.57,22
2016-01-16 02:00:00,MAITRI,-2.14,62.04,968.36,59.29,0.0,43.81,7.3,0.0,12670.46,30.67,4233.42,22
2016-01-16 02:05:00,MAITRI,-2.05,62.19,968.12,59.4,0.0,41.49,6.92,0.0,12668.04,29.05,4233.26,22
2016-01-16 02:10:00,MAITRI,-1.97,62.21,968.53,59.21,0.0,42.87,7.14,0.0,12665.54,30.01,4233.11,22
2016-01-16 02:15:00,MAITRI,-2.23,61.82,969.01,61.25,0.0,42.86,7.14,0.0,12663.04,30.0,4232.95,23
2016-01-16 02:20:00,MAITRI,-1.98,61.65,968.77,60.79,0.0,45.17,7.53,0.0,12660.41,31.62,4232.78,25
2016-01-16 02:25:00,MAITRI,-1.91,61.66,968.71,62.58,13.66,43.53,7.25,0.01,12657.87,30.47,4232.61,24
2016-01-16 02:30:00,MAITRI,-1.92,61.82,968.77,60.59,0.0,43.29,7.21,0.0,12655.34,30.3,4232.44,24
2016-01-16 02:35:00,MAITRI,-2.07,62.28,968.66,60.45,0.0,44.7,7.45,0.0,12652.74,31.29,4232.28,24
2016-01-16 02:40:00,MAITRI,-2.42,62.12,968.53,62.33,1.73,44.83,7.47,0.0,12650.12,31.38,4232.11,24
2016-01-16 02:45:00,MAITRI,-2.5,62.14,968.4,60.83,0.0,44.03,7.34,0.0,12647.55,30.82,4231.94,25
2016-01-16 02:50:00,MAITRI,-2.18,62.16,968.27,60.27,6.17,44.38,7.4,0.0,12644.96,31.06,4231.76,25
2016-01-16 02:55:00,MAITRI,-2.36,62.07,967.9,58.61,3.79,43.8,7.3,0.01,12642.41,30.66,4231.6,24
2016-01-16 03:00:00,MAITRI,-2.3,62.76,968.58,56.73,3.95,43.04,7.17,0.0,12639.9,30.13,4231.43,24
2016-01-16 03:05:00,MAITRI,-2.6,62.55,968.9,55.77,9.62,44.0,7.33,0.01,12637.33,30.8,4231.26,24
2016-01-16 03:10:00,MAITRI,-2.53,62.09,968.45,55.33,7.35,44.53,7.42,0.01,12634.73,31.17,4231.1,24
2016-01-16 03:15:00,MAITRI,-2.64,61.25,967.82,58.82,8.03,44.19,7.36,0.01,12632.16,30.93,4230.93,24
2016-01-16 03:20:00,MAITRI,-2.4,61.09,967.82,56.51,9.57,43.92,7.32,0.02,12629.59,30.74,4230.77,23
2016-01-16 03:25:00,MAITRI,-2.22,61.52,968.11,59.13,9.99,41.6,6.93,0.01,12627.17,29.12,4230.62,22
2016-01-16 03:30:00,MAITRI,-1.96,61.61,967.95,57.06,3.01,42.54,7.09,0.0,12624.69,29.78,4230.47,22
2016-01-16 03:35:00,MAITRI,-2.01,62.1,968.87,57.15,2.8,44.44,7.41,0.0,12622.09,31.11,4230.31,22
2016-01-16 03:40:00,MAITRI,-1.97,62.72,969.03,59.49,2.19,41.6,6.93,0.0,12619.67,29.12,4230.16,22
2016-01-16 03:45:00,MAITRI,-2.17,62.46,968.47,60.98,2.51,44.72,7.45,0.0,12617.06,31.3,4230.01,22
2016-01-16 03:50:00,MAITRI,-1.94,62.51,968.55,59.94,5.03,41.65,6.94,0.0,12614.63,29.15,4229.85,23
2016-01-16 03:55:00,MAITRI,-2.26,62.14,968.03,61.57,0.0,43.47,7.25,0.0,12612.09,30.43,4229.69,22
2016-01-16 04:00:00,MAITRI,-2.21,61.2,967.44,61.26,1.86,42.9,7.15,0.0,12609.59,30.03,4229.55,21
2016-01-16 04:05:00,MAITRI,-2.15,61.29,967.36,60.54,0.0,44.33,7.39,0.0,12607.0,31.03,4229.41,20
2016-01-16 04:10:00,MAITRI,-2.15,61.29,967.85,59.06,0.0,42.3,7.05,0.0,12604.54,29.61,4229.26,21
2016-01-16 04:15:00,MAITRI,-1.91,61.12,967.95,59.91,0.0,42.87,7.14,0.0,12602.04,30.01,4229.11,22
2016-01-16 04:20:00,MAITRI,-2.01,61.63,968.32,58.45,6.89,42.04,7.01,0.0,12599.58,29.43,4228.97,21
2016-01-16 04:25:00,MAITRI,-1.84,61.74,967.94,56.74,2.0,42.95,7.16,0.0,12597.08,30.07,4228.81,22
2016-01-16 04:30:00,MAITRI,-1.9,61.54,967.63,56.22,0.0,42.94,7.16,0.0,12594.57,30.06,4228.66,22
2016-01-16 04:35:00,MAITRI,-1.87,61.7,967.6,55.99,1.69,44.03,7.34,0.0,12592.01,30.82,4228.51,22
2016-01-16 04:40:00,MAITRI,-1.81,61.83,967.96,54.84,0.0,43.82,7.3,0.0,12589.45,30.68,4228.35,22
2016-01-16 04:45:00,MAITRI,-2.25,62.38,967.34,56.62,5.01,43.42,7.24,0.0,12586.92,30.39,4228.19,23
2016-01-16 04:50:00,MAITRI,-2.47,62.74,967.31,58.93,0.0,41.71,6.95,0.0,12584.48,29.2,4228.04,22
2016-01-16 04:55:00,MAITRI,-2.34,62.47,967.69,56.84,0.0,42.61,7.1,0.0,12582.0,29.83,4227.89,22
2016-01-16 05:00:00,MAITRI,-2.63,62.4,967.5,58.64,0.0,43.3,7.22,0.0,12579.47,30.31,4227.74,22
2016-01-16 05:05:00,MAITRI,-2.41,62.22,967.52,57.66,0.0,43.55,7.26,0.0,12576.93,30.49,4227.58,23
2016-01-16 05:10:00,MAITRI,-2.42,62.42,967.26,56.1,4.34,43.93,7.32,0.0,12574.37,30.75,4227.41,24
2016-01-16 05:15:00,MAITRI,-2.43,60.3,967.78,54.08,0.0,41.31,6.88,0.0,12571.96,28.91,4227.24,24
2016-01-16 05:20:00,MAITRI,-1.94,56.98,967.68,55.65,0.0,45.48,7.58,0.0,12569.31,31.83,4227.07,25
2016-01-16 05:25:00,MAITRI,-1.85,57.15,967.3,54.02,3.21,42.61,7.1,0.0,12566.82,29.83,4226.9,25
2016-01-16 05:30:00,MAITRI,-1.59,57.03,967.06,52.53,0.0,44.5,7.42,0.0,12564.23,31.15,4226.72,25
2016-01-16 05:35:00,MAITRI,-1.66,58.24,967.44,51.21,7.23,43.87,7.31,0.0,12561.67,30.71,4226.56,24
2016-01-16 05:40:00,MAITRI,-1.6,59.02,968.1,51.5,9.89,42.85,7.14,0.0,12559.17,29.99,4226.39,24
2016-01-16 05:45:00,MAITRI,-1.33,59.82,968.1,50.5,0.0,40.56,6.76,0.0,12556.8,28.4,4226.23,23
2016-01-16 05:50:00,MAITRI,-1.18,60.41,968.14,50.39,2.76,43.33,7.22,0.0,12554.27,30.33,4226.07,23
2016-01-16 05:55:00,MAITRI,-1.1,60.25,968.29,49.39,5.69,44.17,7.36,0.0,12551.7,30.92,4225.91,23
2016-01-16 06:00:00,MAITRI,-0.81,60.24,968.26,48.35,15.05,41.63,6.94,0.0,12549.27,29.14,4225.76,22
2016-01-16 06:05:00,MAITRI,-0.87,55.9,968.5,48.49,0.0,42.83,7.14,0.0,12546.77,29.98,4225.6,23
2016-01-16 06:10:00,MAITRI,-0.64,56.5,968.58,49.39,0.66,41.65,6.94,0.0,12544.34,29.15,4225.44,22
2016-01-16 06:15:00,MAITRI,-0.57,56.86,968.41,49.23,0.0,42.81,7.13,0.0,12541.84,29.97,4225.29,22
2016-01-16 06:20:00,MAITRI,-0.41,57.35,968.03,47.61,8.41,41.66,6.94,0.0,12539.41,29.16,4225.14,22
2016-01-16 06:25:00,MAITRI,-0.82,57.48,967.65,51.44,9.92,42.8,7.13,0.01,12536.92,29.96,4224.99,22
2016-01-16 06:30:00,MAITRI,-1.03,57.59,967.11,54.63,13.66,40.66,6.78,0.0,12534.54,28.46,4224.83,23
2016-01-16 06:35:00,MAITRI,-1.06,58.17,967.24,52.72,14.92,42.2,7.03,0.0,12532.08,29.54,4224.67,23
2016-01-16 06:40:00,MAITRI,-1.27,59.66,967.41,51.91,6.12,42.15,7.03,0.0,12529.62,29.51,4224.51,23
2016-01-16 06:45:00,MAITRI,-1.37,59.8,967.65,53.19,11.8,44.17,7.36,0.01,12527.05,30.92,4224.35,23
2016-01-16 06:50:00,MAITRI,-1.52,60.0,967.43,53.33,122.5,38.14,6.36,0.07,12524.82,26.7,4224.19,22
2016-01-16 06:55:00,MAITRI,-1.56,60.7,967.73,56.04,123.8,39.24,6.54,0.13,12522.53,27.47,4224.04,22
2016-01-16 07:00:00,MAITRI,-1.24,60.94,967.66,54.62,153.22,36.3,6.05,0.2,12520.42,25.41,4223.88,23
2016-01-16 07:05:00,MAITRI,-1.02,61.08,967.27,53.76,149.81,38.85,6.47,0.28,12518.15,27.19,4223.72,23
2016-01-16 07:10:00,MAITRI,-0.99,61.15,966.91,53.8,159.93,38.05,6.34,0.36,12515.93,26.63,4223.57,22
2016-01-16 07:15:00,MAITRI,-0.98,61.4,966.73,53.71,146.76,37.26,6.21,0.43,12513.76,26.08,4223.41,23
2016-01-16 07:20:00,MAITRI,-1.23,61.36,966.31,55.03,164.09,37.64,6.27,0.52,12511.56,26.35,4223.25,23
2016-01-16 07:25:00,MAITRI,-1.32,61.8,966.44,54.06,183.12,35.66,5.94,0.61,12509.48,24.96,4223.1,22
2016-01-16 07:30:00,MAITRI,-1.19,61.99,966.44,56.09,208.27,36.48,6.08,0.72,12507.35,25.53,4222.94,22
2016-01-16 07:35:00,MAITRI,-1.3,62.35,966.26,55.58,201.9,36.76,6.13,0.82,12505.21,25.74,4222.78,23
2016-01-16 07:40:00,MAITRI,-1.33,62.58,966.03,55.0,206.94,35.19,5.87,0.93,12503.16,24.63,4222.62,23
2016-01-16 07:45:00,MAITRI,-1.94,62.44,966.56,57.6,237.78,34.06,5.68,1.05,12501.17,23.84,4222.47,23
2016-01-16 07:50:00,MAITRI,-1.71,62.72,966.39,55.61,238.5,33.45,5.57,1.17,12499.22,23.41,4222.31,23
2016-01-16 07:55:00,MAITRI,-1.82,62.69,966.26,57.8,251.55,32.49,5.41,1.28,12497.32,22.74,4222.15,23
2016-01-16 08:00:00,MAITRI,-1.59,63.24,967.14,56.96,263.9,33.49,5.58,1.42,12495.37,23.45,4221.98,24
2016-01-16 08:05:00,MAITRI,-1.45,62.84,967.08,56.46,267.21,34.02,5.67,1.56,12493.38,23.82,4221.81,24
2016-01-16 08:10:00,MAITRI,-1.44,62.9,967.6,54.72,275.77,31.59,5.27,1.68,12491.54,22.12,4221.65,24
2016-01-16 08:15:00,MAITRI,-1.28,63.08,967.44,53.46,296.66,34.48,5.75,1.83,12489.53,24.14,4221.47,25
2016-01-16 08:20:00,MAITRI,-1.0,62.97,968.16,52.86,303.57,32.57,5.43,1.98,12487.63,22.8,4221.28,27
2016-01-16 08:25:00,MAITRI,-0.72,62.21,967.85,52.26,306.26,31.62,5.27,2.12,12485.79,22.13,4221.1,26
2016-01-16 08:30:00,MAITRI,-0.83,62.39,967.54,52.17,323.58,31.69,5.28,2.29,12483.94,22.18,4220.92,26
2016-01-16 08:35:00,MAITRI,-0.78,61.93,967.47,51.86,334.2,30.44,5.07,2.45,12482.16,21.31,4220.74,26
2016-01-16 08:40:00,MAITRI,-0.63,61.56,967.35,53.99,335.76,31.11,5.19,2.61,12480.35,21.78,4220.56,27
2016-01-16 08:45:00,MAITRI,-0.67,60.97,967.1,53.85,344.91,31.03,5.17,2.79,12478.54,21.72,4220.37,27
2016-01-16 08:50:00,MAITRI,-0.96,60.79,966.83,56.15,362.59,30.33,5.05,2.98,12476.77,21.23,4220.19,26
2016-01-16 08:55:00,MAITRI,-1.26,61.04,966.26,57.31,345.36,28.71,4.79,3.13,12475.09,20.1,4220.01,25
2016-01-16 09:00:00,MAITRI,-1.2,61.47,966.78,55.55,355.15,28.76,4.79,3.28,12473.42,20.13,4219.83,26
2016-01-16 09:05:00,MAITRI,-1.02,61.34,966.55,54.36,379.76,31.88,5.31,3.48,12471.56,22.32,4219.65,26
2016-01-16 09:10:00,MAITRI,-0.88,61.28,966.03,54.42,387.62,26.62,4.44,3.64,12470.0,18.63,4219.48,25
2016-01-16 09:15:00,MAITRI,-0.63,61.4,966.38,56.52,384.65,28.48,4.75,3.83,12468.34,19.93,4219.3,26
2016-01-16 09:20:00,MAITRI,-0.53,61.39,966.47,54.73,383.86,29.03,4.84,4.02,12466.65,20.32,4219.12,26
2016-01-16 09:25:00,MAITRI,-0.46,61.28,966.54,53.86,401.39,27.91,4.65,4.21,12465.02,19.54,4218.93,27
2016-01-16 09:30:00,MAITRI,-0.39,61.27,966.84,52.61,413.33,26.84,4.47,4.39,12463.45,18.79,4218.74,27
2016-01-16 09:35:00,MAITRI,-0.39,61.75,966.88,51.02,444.17,26.57,4.43,4.61,12461.9,18.6,4218.56,27
2016-01-16 09:40:00,MAITRI,-0.88,61.65,967.31,52.89,436.57,26.96,4.49,4.83,12460.33,18.87,4218.37,26
2016-01-16 09:45:00,MAITRI,-0.87,61.46,967.05,51.41,435.49,24.98,4.16,5.02,12458.87,17.49,4218.19,26
2016-01-16 09:50:00,MAITRI,-0.87,61.83,967.25,53.55,439.78,25.78,4.3,5.23,12457.37,18.05,4218.02,25
2016-01-16 09:55:00,MAITRI,-0.83,61.61,967.47,52.34,442.99,29.4,4.9,5.46,12455.66,20.58,4217.83,27
2016-01-16 10:00:00,MAITRI,-0.61,61.54,967.79,50.92,457.74,26.5,4.42,5.69,12454.11,18.55,4217.65,27
2016-01-16 10:05:00,MAITRI,-0.77,61.19,967.9,51.45,457.72,25.81,4.3,5.91,12452.6,18.07,4217.45,28
2016-01-16 10:10:00,MAITRI,-0.53,61.96,968.43,50.35,464.03,26.88,4.48,6.15,12451.04,18.82,4217.26,27
2016-01-16 10:15:00,MAITRI,-0.87,61.41,968.95,51.47,457.69,26.13,4.35,6.38,12449.51,18.29,4217.08,26
2016-01-16 10:20:00,MAITRI,-0.71,61.93,968.54,51.44,470.61,26.0,4.33,6.63,12448.0,18.2,4216.91,25
2016-01-16 10:25:00,MAITRI,-0.51,62.14,969.46,50.01,477.4,24.79,4.13,6.86,12446.55,17.35,4216.73,26
2016-01-16 10:30:00,MAITRI,-0.35,62.11,969.86,48.37,486.72,24.6,4.1,7.1,12445.11,17.22,4216.55,26
2016-01-16 10:35:00,MAITRI,-0.43,62.46,969.56,50.59,502.06,24.55,4.09,7.35,12443.68,17.18,4216.36,27
2016-01-16 10:40:00,MAITRI,-0.62,62.1,969.77,51.56,489.11,23.95,3.99,7.59,12442.29,16.76,4216.18,26
2016-01-16 10:45:00,MAITRI,-0.95,61.87,969.28,53.14,494.0,24.7,4.12,7.84,12440.85,17.29,4216.0,26
2016-01-16 10:50:00,MAITRI,-0.55,63.83,968.89,51.57,495.21,24.46,4.08,8.08,12439.42,17.12,4215.82,26
2016-01-16 10:55:00,MAITRI,-0.21,63.29,968.9,49.49,506.76,21.2,3.53,8.29,12438.18,14.84,4215.65,25
2016-01-16 11:00:00,MAITRI,0.01,62.94,968.78,48.35,516.95,21.97,3.66,8.53,12436.9,15.38,4215.47,25
2016-01-16 11:05:00,MAITRI,0.03,62.29,968.94,49.4,513.09,24.09,4.02,8.8,12435.49,16.86,4215.3,25
2016-01-16 11:10:00,MAITRI,0.27,62.46,969.34,47.84,529.62,22.2,3.7,9.06,12434.2,15.54,4215.12,25
2016-01-16 11:15:00,MAITRI,0.48,62.73,968.9,47.71,536.98,23.71,3.95,9.34,12432.82,16.59,4214.94,26
2016-01-16 11:20:00,MAITRI,0.69,63.19,968.44,48.24,515.06,22.12,3.69,9.57,12431.53,15.48,4214.76,26
2016-01-16 11:25:00,MAITRI,0.77,62.83,967.64,48.57,521.97,23.39,3.9,9.83,12430.16,16.37,4214.58,26
2016-01-16 11:30:00,MAITRI,0.66,63.03,967.33,49.59,529.36,24.41,4.07,10.11,12428.74,17.09,4214.41,25
2016-01-16 11:35:00,MAITRI,0.51,63.3,966.87,50.35,511.24,23.55,3.93,10.36,12427.36,16.49,4214.23,26
2016-01-16 11:40:00,MAITRI,0.79,63.68,967.39,49.96,528.28,23.57,3.93,10.63,12425.99,16.5,4214.05,26
2016-01-16 11:45:00,MAITRI,0.78,63.84,967.02,49.73,514.3,24.68,4.11,10.9,12424.55,17.28,4213.87,26
2016-01-16 11:50:00,MAITRI,0.93,63.07,967.04,48.68,535.49,22.56,3.76,11.15,12423.23,15.79,4213.68,27
2016-01-16 11:55:00,MAITRI,0.5,62.16,967.45,49.99,526.84,21.82,3.64,11.38,12421.96,15.27,4213.49,28
2016-01-16 12:00:00,MAITRI,0.41,62.23,967.28,51.05,531.42,24.21,4.03,11.65,12420.55,16.94,4213.3,27
2016-01-16 12:05:00,MAITRI,0.41,62.08,967.49,52.19,528.82,23.38,3.9,11.92,12419.18,16.37,4213.11,27
2016-01-16 12:10:00,MAITRI,0.52,61.84,967.28,52.06,534.56,23.73,3.95,12.19,12417.8,16.61,4212.92,28
2016-01-16 12:15:00,MAITRI,0.76,61.83,968.03,51.27,516.09,24.24,4.04,12.45,12416.39,16.97,4212.73,27
2016-01-16 12:20:00,MAITRI,0.78,62.32,968.6,50.31,531.89,21.73,3.62,12.69,12415.12,15.21,4212.54,27
2016-01-16 12:25:00,MAITRI,0.97,61.97,967.99,49.99,516.84,24.2,4.03,12.95,12413.71,16.94,4212.35,28
2016-01-16 12:30:00,MAITRI,1.0,62.16,967.43,50.27,524.3,24.17,4.03,13.2,12412.3,16.92,4212.15,29
2016-01-16 12:35:00,MAITRI,1.05,62.24,967.59,48.55,518.18,26.78,4.46,13.47,12410.74,18.75,4211.95,28
2016-01-16 12:40:00,MAITRI,1.19,62.36,967.04,49.27,518.13,24.49,4.08,13.74,12409.31,17.14,4211.76,27
2016-01-16 12:45:00,MAITRI,0.73,62.43,967.61,50.22,512.57,23.45,3.91,13.99,12407.94,16.42,4211.58,27
2016-01-16 12:50:00,MAITRI,0.58,62.77,967.64,49.99,512.41,22.85,3.81,14.23,12406.61,16.0,4211.4,26
2016-01-16 12:55:00,MAITRI,0.41,62.25,967.28,51.12,506.19,22.63,3.77,14.46,12405.29,15.84,4211.22,26
2016-01-16 13:00:00,MAITRI,0.56,62.19,967.41,50.81,517.7,26.49,4.41,14.73,12403.74,18.54,4211.03,27
2016-01-16 13:05:00,MAITRI,0.36,61.05,967.42,51.37,525.62,24.17,4.03,15.0,12402.33,16.92,4210.83,28
2016-01-16 13:10:00,MAITRI,0.48,61.02,966.84,51.11,503.19,25.14,4.19,15.25,12400.86,17.6,4210.64,28
2016-01-16 13:15:00,MAITRI,0.65,60.82,966.42,51.19,502.03,25.46,4.24,15.52,12399.38,17.82,4210.44,28
2016-01-16 13:20:00,MAITRI,0.7,60.63,966.51,51.54,488.8,24.58,4.1,15.75,12397.95,17.2,4210.26,27
2016-01-16 13:25:00,MAITRI,0.95,61.24,966.91,50.24,495.56,25.04,4.17,16.01,12396.48,17.53,4210.08,26
2016-01-16 13:30:00,MAITRI,1.09,58.39,967.12,49.03,495.91,22.65,3.77,16.23,12395.16,15.85,4209.89,27
2016-01-16 13:35:00,MAITRI,1.08,59.0,966.69,49.32,488.93,25.53,4.26,16.48,12393.67,17.87,4209.7,27
2016-01-16 13:40:00,MAITRI,1.3,59.2,966.81,48.45,486.95,25.17,4.2,16.73,12392.21,17.62,4209.51,27
2016-01-16 13:45:00,MAITRI,1.3,59.44,966.69,48.07,506.74,23.49,3.91,16.98,12390.84,16.44,4209.33,27
2016-01-16 13:50:00,MAITRI,1.15,59.86,966.29,48.95,478.99,26.99,4.5,17.23,12389.26,18.89,4209.14,27
2016-01-16 13:55:00,MAITRI,1.44,60.19,966.22,47.92,473.15,26.95,4.49,17.47,12387.69,18.87,4208.95,27
2016-01-16 14:00:00,MAITRI,1.48,59.82,965.98,47.37,475.88,25.55,4.26,17.72,12386.2,17.89,4208.77,26
2016-01-16 14:05:00,MAITRI,1.28,60.06,966.44,47.17,444.66,22.96,3.83,17.88,12384.86,16.07,4208.59,26
2016-01-16 14:10:00,MAITRI,0.97,60.43,966.46,48.33,448.62,26.05,4.34,18.11,12383.34,18.24,4208.42,25
2016-01-16 14:15:00,MAITRI,1.31,60.74,965.93,48.45,451.9,26.5,4.42,18.35,12381.79,18.55,4208.24,25
2016-01-16 14:20:00,MAITRI,1.26,60.72,966.45,48.94,445.18,25.03,4.17,18.56,12380.33,17.52,4208.07,25
2016-01-16 14:25:00,MAITRI,1.31,61.0,966.54,47.64,436.13,27.82,4.64,18.78,12378.71,19.47,4207.89,26
2016-01-16 14:30:00,MAITRI,1.56,61.08,966.43,47.9,415.63,28.17,4.7,19.0,12377.07,19.72,4207.7,27
2016-01-16 14:35:00,MAITRI,1.5,62.18,966.37,50.38,411.28,30.93,5.15,19.21,12375.26,21.65,4207.51,28
2016-01-16 14:40:00,MAITRI,1.44,62.1,966.45,50.03,402.83,28.91,4.82,19.4,12373.58,20.23,4207.31,29
2016-01-16 14:45:00,MAITRI,1.41,62.08,966.46,49.39,401.11,30.54,5.09,19.61,12371.79,21.38,4207.1,29
2016-01-16 14:50:00,MAITRI,1.24,56.39,966.97,50.06,395.53,29.77,4.96,19.82,12370.06,20.84,4206.9,29
2016-01-16 14:55:00,MAITRI,1.18,57.25,966.29,50.51,377.51,32.0,5.33,20.01,12368.19,22.4,4206.71,28
2016-01-16 15:00:00,MAITRI,0.88,56.4,966.01,51.06,377.9,31.29,5.21,20.21,12366.37,21.9,4206.51,29
2016-01-16 15:05:00,MAITRI,1.19,56.38,966.4,50.8,379.21,30.45,5.08,20.41,12364.59,21.32,4206.31,29
2016-01-16 15:10:00,MAITRI,1.02,56.47,966.72,51.77,366.66,31.4,5.23,20.6,12362.76,21.98,4206.11,28
2016-01-16 15:15:00,MAITRI,0.82,54.59,967.0,52.16,341.55,31.53,5.25,20.78,12360.92,22.07,4205.92,28
2016-01-16 15:20:00,MAITRI,0.99,54.97,967.54,51.27,344.83,31.23,5.2,20.96,12359.1,21.86,4205.72,28
2016-01-16 15:25:00,MAITRI,1.12,55.92,967.27,49.85,351.83,29.96,4.99,21.13,12357.35,20.97,4205.53,27
2016-01-16 15:30:00,MAITRI,0.85,56.81,967.65,50.89,326.3,33.39,5.57,21.3,12355.4,23.37,4205.35,27
2016-01-16 15:35:00,MAITRI,0.74,56.95,966.58,52.55,305.85,34.57,5.76,21.46,12353.39,24.2,4205.16,27
2016-01-16 15:40:00,MAITRI,0.77,57.42,965.96,52.93,304.82,32.3,5.38,21.6,12351.5,22.61,4204.96,29
2016-01-16 15:45:00,MAITRI,0.83,57.82,966.35,53.13,293.75,34.1,5.68,21.75,12349.51,23.87,4204.76,29
2016-01-16 15:50:00,MAITRI,0.62,55.16,966.77,53.25,265.47,35.58,5.93,21.89,12347.44,24.9,4204.56,29
2016-01-16 15:55:00,MAITRI,0.42,56.17,966.07,53.47,272.72,32.63,5.44,22.0,12345.53,22.84,4204.35,29
2016-01-16 16:00:00,MAITRI,0.47,56.77,965.53,53.61,262.8,34.15,5.69,22.13,12343.54,23.91,4204.16,28
2016-01-16 16:05:00,MAITRI,0.24,56.8,965.95,54.59,272.12,37.0,6.17,22.27,12341.38,25.9,4203.97,28
2016-01-16 16:10:00,MAITRI,0.28,58.17,966.38,52.59,234.12,35.47,5.91,22.39,12339.31,24.83,4203.78,27
2016-01-16 16:15:00,MAITRI,0.37,58.82,966.41,52.11,228.67,37.14,6.19,22.51,12337.15,26.0,4203.59,27
2016-01-16 16:20:00,MAITRI,0.59,59.22,966.36,51.59,206.74,35.04,5.84,22.59,12335.1,24.53,4203.4,27
2016-01-16 16:25:00,MAITRI,0.94,59.62,966.12,51.4,207.42,67.08,11.18,22.7,12331.19,46.96,4203.22,27
2016-01-16 16:30:00,MAITRI,0.61,59.77,966.23,52.49,204.64,76.66,12.78,22.81,12326.72,53.66,4203.03,27
2016-01-16 16:35:00,MAITRI,0.44,57.47,965.66,52.54,178.13,70.91,11.82,22.9,12322.58,49.64,4202.84,27
2016-01-16 16:40:00,MAITRI,0.51,58.39,965.67,52.82,185.46,73.16,12.19,23.0,12318.32,51.21,4202.65,27
2016-01-16 16:45:00,MAITRI,0.82,59.39,966.1,52.27,176.31,64.28,10.71,23.09,12314.57,44.99,4202.47,27
2016-01-16 16:50:00,MAITRI,0.65,59.95,965.33,53.3,148.94,67.54,11.26,23.17,12310.63,47.28,4202.28,27
2016-01-16 16:55:00,MAITRI,0.61,60.01,965.42,52.4,154.01,77.74,12.96,23.25,12306.09,54.42,4202.08,28
2016-01-16 17:00:00,MAITRI,0.66,60.63,964.85,53.06,144.28,64.79,10.8,23.32,12302.31,45.35,4201.89,28
2016-01-16 17:05:00,MAITRI,0.81,60.58,964.62,52.59,120.92,80.28,13.38,23.38,12297.63,56.19,4201.69,28
2016-01-16 17:10:00,MAITRI,0.98,60.56,964.64,52.3,115.02,69.58,11.6,23.44,12293.57,48.71,4201.5,28
2016-01-16 17:15:00,MAITRI,0.88,61.2,964.29,52.05,107.07,73.26,12.21,23.5,12289.3,51.28,4201.31,27
2016-01-16 17:20:00,MAITRI,1.09,61.07,964.29,50.35,75.95,76.85,12.81,23.54,12284.81,53.79,4201.12,27
2016-01-16 17:25:00,MAITRI,0.64,61.6,964.47,52.72,87.7,62.38,10.4,23.58,12281.17,43.67,4200.94,27
2016-01-16 17:30:00,MAITRI,0.31,61.78,964.16,55.1,67.37,76.61,12.77,23.62,12276.71,53.63,4200.75,27
2016-01-16 17:35:00,MAITRI,0.44,61.25,964.21,55.56,63.35,80.78,13.46,23.65,12271.99,56.54,4200.56,28
2016-01-16 17:40:00,MAITRI,0.51,60.9,964.31,54.97,35.45,67.84,11.31,23.67,12268.04,47.49,4200.37,27
2016-01-16 17:45:00,MAITRI,0.26,60.97,964.22,55.28,38.0,69.75,11.63,23.69,12263.97,48.83,4200.18,27
2016-01-16 17:50:00,MAITRI,0.35,61.37,964.41,55.03,15.67,74.47,12.41,23.7,12259.62,52.13,4200.0,26
2016-01-16 17:55:00,MAITRI,0.31,61.29,964.29,55.54,24.38,71.96,11.99,23.71,12255.43,50.37,4199.82,26
2016-01-16 18:00:00,MAITRI,0.18,62.04,964.23,54.95,0.0,67.02,11.17,23.71,12251.52,46.91,4199.64,26
2016-01-16 18:05:00,MAITRI,0.1,62.5,963.94,54.63,7.98,73.41,12.23,23.72,12247.23,51.39,4199.46,26
2016-01-16 18:10:00,MAITRI,0.04,61.62,963.89,53.5,0.0,43.26,7.21,23.69,12244.71,30.28,4199.28,26
2016-01-16 18:15:00,MAITRI,-0.16,62.1,963.69,54.37,2.89,60.19,10.03,22.22,12241.2,42.14,4199.09,27
2016-01-16 18:20:00,MAITRI,-0.05,62.23,963.92,52.18,8.93,56.93,9.49,21.11,12237.88,39.85,4198.9,27
2016-01-16 18:25:00,MAITRI,-0.19,62.47,963.97,52.96,0.0,62.8,10.47,19.82,12234.21,43.96,4198.72,27
2016-01-16 18:30:00,MAITRI,-0.26,62.97,964.03,53.19,2.74,59.65,9.94,18.68,12230.74,41.75,4198.52,28
2016-01-16 18:35:00,MAITRI,-0.39,62.71,964.03,54.6,0.0,63.15,10.53,17.75,12227.05,44.21,4198.33,27
2016-01-16 18:40:00,MAITRI,-0.34,62.27,963.76,54.69,0.0,57.77,9.63,17.04,12223.68,40.44,4198.14,28
2016-01-16 18:45:00,MAITRI,-0.4,62.1,964.06,55.04,2.7,58.63,9.77,16.38,12220.26,41.04,4197.94,28
2016-01-16 18:50:00,MAITRI,-0.16,62.66,964.2,55.43,0.0,61.48,10.25,15.43,12216.67,43.04,4197.75,28
2016-01-16 18:55:00,MAITRI,-0.68,62.76,963.66,56.27,0.0,58.93,9.82,14.07,12213.24,41.25,4197.56,28
2016-01-16 19:00:00,MAITRI,-0.45,62.62,963.85,55.92,0.0,61.47,10.25,13.19,12209.65,43.03,4197.36,28
2016-01-16 19:05:00,MAITRI,-0.5,62.87,963.71,55.26,11.3,62.59,10.43,12.57,12206.0,43.81,4197.17,27
2016-01-16 19:10:00,MAITRI,-0.45,63.21,964.3,54.12,0.0,61.92,10.32,11.29,12202.39,43.35,4196.99,27
2016-01-16 19:15:00,MAITRI,-0.35,63.06,964.16,54.59,11.73,53.19,8.87,10.08,12199.29,37.24,4196.8,27
2016-01-16 19:20:00,MAITRI,-0.29,63.28,965.05,53.33,0.0,58.44,9.74,9.25,12195.88,40.91,4196.6,28
2016-01-16 19:25:00,MAITRI,-0.53,62.8,965.7,54.73,0.0,55.4,9.23,8.68,12192.64,38.78,4196.41,28
2016-01-16 19:30:00,MAITRI,-0.29,62.7,966.28,54.31,1.07,56.88,9.48,8.07,12189.33,39.81,4196.22,27
2016-01-16 19:35:00,MAITRI,-0.42,62.89,966.11,55.01,1.21,62.24,10.37,7.21,12185.7,43.56,4196.03,27
2016-01-16 19:40:00,MAITRI,-0.46,62.94,965.55,56.0,0.0,55.5,9.25,6.63,12182.46,38.85,4195.85,27
2016-01-16 19:45:00,MAITRI,-0.49,62.96,965.4,56.06,4.56,55.2,9.2,5.38,12179.24,38.64,4195.66,27
2016-01-16 19:50:00,MAITRI,-0.65,62.64,965.61,57.05,0.0,55.28,9.21,4.14,12176.01,38.7,4195.47,27
2016-01-16 19:55:00,MAITRI,-1.11,62.61,964.96,58.24,0.0,53.16,8.86,2.95,12172.91,37.21,4195.28,28
2016-01-16 20:00:00,MAITRI,-1.1,62.93,965.76,58.78,8.53,59.22,9.87,1.87,12169.46,41.45,4195.08,28
2016-01-16 20:05:00,MAITRI,-1.02,64.07,965.83,58.57,0.0,58.21,9.7,0.61,12166.06,40.75,4194.9,27
2016-01-16 20:10:00,MAITRI,-0.68,63.9,965.67,58.08,0.0,59.92,9.99,0.0,12162.57,41.95,4194.71,27
2016-01-16 20:15:00,MAITRI,-0.64,63.95,966.04,58.34,0.0,56.87,9.48,0.0,12159.25,39.81,4194.53,26
2016-01-16 20:20:00,MAITRI,-1.11,63.34,965.44,59.51,0.0,62.32,10.39,0.0,12155.62,43.62,4194.35,26
2016-01-16 20:25:00,MAITRI,-1.08,62.3,965.52,60.05,9.43,50.95,8.49,0.0,12152.64,35.67,4194.17,26
2016-01-16 20:30:00,MAITRI,-0.95,62.27,965.56,59.85,0.0,49.52,8.25,0.0,12149.75,34.66,4193.99,25
2016-01-16 20:35:00,MAITRI,-1.04,61.36,965.7,60.33,0.0,57.46,9.58,0.0,12146.4,40.22,4193.83,24
2016-01-16 20:40:00,MAITRI,-1.36,60.93,965.98,62.05,8.14,44.31,7.38,0.0,12143.82,31.02,4193.65,25
2016-01-16 20:45:00,MAITRI,-1.17,61.26,966.39,61.48,0.0,41.46,6.91,0.0,12141.4,29.02,4193.49,24
2016-01-16 20:50:00,MAITRI,-1.16,61.67,966.62,61.49,0.0,43.77,7.3,0.0,12138.85,30.64,4193.31,25
2016-01-16 20:55:00,MAITRI,-1.54,61.72,966.61,62.34,5.57,45.53,7.59,0.0,12136.19,31.87,4193.14,25
2016-01-16 21:00:00,MAITRI,-1.33,62.2,966.56,61.7,0.0,41.06,6.84,0.0,12133.8,28.74,4192.97,25
2016-01-16 21:05:00,MAITRI,-1.3,62.71,966.62,61.71,4.13,44.08,7.35,0.0,12131.22,30.86,4192.8,24
2016-01-16 21:10:00,MAITRI,-1.51,62.51,965.5,61.19,0.0,45.34,7.56,0.0,12128.58,31.74,4192.63,24
2016-01-16 21:15:00,MAITRI,-1.55,62.77,965.63,61.36,0.0,43.26,7.21,0.0,12126.06,30.28,4192.47,24
2016-01-16 21:20:00,MAITRI,-1.66,62.54,965.25,63.59,11.64,75.89,12.65,0.01,12121.63,53.13,4192.31,23
2016-01-16 21:25:00,MAITRI,-1.6,62.66,965.05,64.02,0.0,66.3,11.05,0.01,12117.76,46.41,4192.15,23
2016-01-16 21:30:00,MAITRI,-1.56,62.69,965.13,63.58,0.0,78.5,13.08,0.01,12113.18,54.95,4191.99,22
2016-01-16 21:35:00,MAITRI,-1.54,62.38,965.2,62.4,13.73,76.75,12.79,0.01,12108.7,53.73,4191.85,21
2016-01-16 21:40:00,MAITRI,-1.26,62.93,965.79,61.15,3.65,68.35,11.39,0.02,12104.72,47.85,4191.69,22
2016-01-16 21:45:00,MAITRI,-1.39,62.87,965.48,61.08,2.96,77.38,12.9,0.02,12100.2,54.17,4191.54,22
2016-01-16 21:50:00,MAITRI,-1.53,62.62,965.47,60.04,0.0,75.98,12.66,0.02,12095.77,53.18,4191.38,23
2016-01-16 21:55:00,MAITRI,-1.66,62.55,965.48,60.4,5.58,73.5,12.25,0.02,12091.48,51.45,4191.22,24
2016-01-16 22:00:00,MAITRI,-1.65,62.45,965.67,58.98,27.26,70.7,11.78,0.03,12087.36,49.49,4191.04,25
2016-01-16 22:05:00,MAITRI,-1.39,62.67,966.48,57.69,5.59,66.11,11.02,0.04,12083.5,46.28,4190.87,25
2016-01-16 22:10:00,MAITRI,-1.38,62.33,966.64,58.72,0.74,65.12,10.85,0.04,12079.7,45.58,4190.7,24
2016-01-16 22:15:00,MAITRI,-1.22,62.18,967.04,58.71,0.0,77.96,12.99,0.04,12075.16,54.57,4190.54,23
2016-01-16 22:20:00,MAITRI,-1.26,62.15,966.52,58.91,0.0,72.16,12.03,0.04,12070.95,50.51,4190.37,24
2016-01-16 22:25:00,MAITRI,-1.56,61.99,966.2,59.68,0.0,69.72,11.62,0.04,12066.88,48.8,4190.2,25
2016-01-16 22:30:00,MAITRI,-1.33,61.56,966.15,59.02,0.0,70.14,11.69,0.04,12062.79,49.1,4190.03,25
2016-01-16 22:35:00,MAITRI,-1.53,61.34,965.69,59.39,0.0,42.59,7.1,0.0,12060.3,29.81,4189.85,26
2016-01-16 22:40:00,MAITRI,-1.81,61.23,965.51,58.38,0.0,45.7,7.62,0.0,12057.64,31.99,4189.67,26
2016-01-16 22:45:00,MAITRI,-1.65,61.14,966.17,59.05,6.02,45.32,7.55,0.0,12055.0,31.73,4189.49,26
2016-01-16 22:50:00,MAITRI,-1.79,60.9,966.6,61.34,3.13,41.99,7.0,0.0,12052.55,29.39,4189.31,25
2016-01-16 22:55:00,MAITRI,-1.88,61.18,966.67,61.32,0.0,44.63,7.44,0.0,12049.94,31.24,4189.14,25
2016-01-16 23:00:00,MAITRI,-2.1,60.65,966.87,59.97,0.0,43.87,7.31,0.0,12047.38,30.71,4188.97,25
2016-01-16 23:05:00,MAITRI,-1.94,59.95,966.98,60.2,0.0,41.48,6.91,0.0,12044.96,29.04,4188.8,24
2016-01-16 23:10:00,MAITRI,-2.25,60.54,967.35,62.13,0.0,43.68,7.28,0.0,12042.42,30.58,4188.62,25
2016-01-16 23:15:00,MAITRI,-2.55,60.2,967.64,63.85,9.3,41.76,6.96,0.0,12039.98,29.23,4188.45,25
2016-01-16 23:20:00,MAITRI,-2.47,61.02,968.21,63.11,0.09,44.7,7.45,0.0,12037.37,31.29,4188.28,25
2016-01-16 23:25:00,MAITRI,-2.69,60.74,968.48,63.59,0.0,43.66,7.28,0.0,12034.83,30.56,4188.1,25
2016-01-16 23:30:00,MAITRI,-2.65,59.79,968.44,63.83,0.0,44.26,7.38,0.0,12032.24,30.98,4187.94,24
2016-01-16 23:35:00,MAITRI,-2.25,59.77,968.86,65.3,0.0,43.2,7.2,0.0,12029.72,30.24,4187.77,24
2016-01-16 23:40:00,MAITRI,-2.44,60.03,968.54,65.59,3.29,41.46,6.91,0.0,12027.31,29.02,4187.6,25
2016-01-16 23:45:00,MAITRI,-2.41,60.07,968.4,65.36,0.0,46.14,7.69,0.0,12024.61,32.3,4187.42,25
2016-01-16 23:50:00,MAITRI,-2.4,60.19,968.33,65.26,0.38,44.54,7.42,0.0,12022.02,31.18,4187.25,25
2016-01-16 23:55:00,MAITRI,-2.62,60.46,968.24,66.43,0.0,46.07,7.68,0.0,12019.33,32.25,4187.08,24
2016-01-17 00:00:00,MAITRI,-2.45,60.34,968.71,66.1,6.59,42.85,7.14,0.0,12016.83,29.99,4186.92,23
2016-01-17 00:05:00,MAITRI,-2.04,60.54,968.48,63.08,10.62,44.9,7.48,0.01,12014.21,31.43,4186.76,23
2016-01-17 00:10:00,MAITRI,-2.15,60.3,968.34,61.88,13.53,42.54,7.09,0.01,12011.73,29.78,4186.61,22
2016-01-17 00:15:00,MAITRI,-2.44,59.44,968.53,63.49,2.35,42.99,7.17,0.01,12009.22,30.1,4186.45,23
2016-01-17 00:20:00,MAITRI,-2.27,60.36,968.17,62.39,0.0,40.89,6.81,0.0,12006.84,28.62,4186.29,23
2016-01-17 00:25:00,MAITRI,-2.38,59.83,967.87,60.85,1.86,42.69,7.11,0.0,12004.34,29.88,4186.13,23
2016-01-17 00:30:00,MAITRI,-2.45,60.64,968.3,61.16,0.0,42.71,7.12,0.0,12001.85,29.9,4185.97,23
2016-01-17 00:35:00,MAITRI,-2.3,60.34,968.21,60.71,0.0,43.47,7.24,0.0,11999.32,30.43,4185.81,24
2016-01-17 00:40:00,MAITRI,-2.32,60.55,967.9,59.05,0.0,43.73,7.29,0.0,11996.77,30.61,4185.65,23
2016-01-17 00:45:00,MAITRI,-2.36,60.39,967.1,61.86,0.0,43.19,7.2,0.0,11994.25,30.23,4185.49,23
2016-01-17 00:50:00,MAITRI,-2.54,60.38,967.23,60.25,14.9,43.34,7.22,0.01,11991.72,30.34,4185.32,24
2016-01-17 00:55:00,MAITRI,-2.69,60.29,967.37,58.72,0.0,44.64,7.44,0.01,11989.12,31.25,4185.15,24
2016-01-17 01:00:00,MAITRI,-2.87,60.68,967.27,57.7,7.52,56.15,9.36,0.0,11985.2,47.02,4184.99,24
2016-01-17 01:05:00,MAITRI,-3.02,61.01,967.4,59.12,8.37,56.35,9.39,0.0,11980.68,54.16,4184.81,26
2016-01-17 01:10:00,MAITRI,-2.78,61.33,967.13,59.37,8.92,57.87,9.64,0.0,11976.55,49.66,4184.62,26
2016-01-17 01:15:00,MAITRI,-2.88,61.13,967.21,57.8,5.29,61.77,10.3,0.0,11971.41,61.67,4184.44,27
2016-01-17 01:20:00,MAITRI,-3.11,61.02,967.06,56.65,0.0,61.92,10.32,0.0,11967.13,51.36,4184.24,28
2016-01-17 01:25:00,MAITRI,-3.14,60.84,967.03,55.48,0.0,59.42,9.9,0.0,11962.17,59.47,4184.06,27
2016-01-17 01:30:00,MAITRI,-2.76,60.21,966.95,53.87,0.0,61.12,10.19,0.0,11957.39,57.35,4183.87,27
2016-01-17 01:35:00,MAITRI,-2.97,60.22,966.77,56.2,0.0,62.23,10.37,0.0,11952.96,53.23,4183.67,28
2016-01-17 01:40:00,MAITRI,-2.86,60.64,967.32,56.55,9.26,60.74,10.12,0.0,11948.41,54.52,4183.48,28
2016-01-17 01:45:00,MAITRI,-2.85,61.22,967.26,56.72,5.99,63.36,10.56,0.0,11943.36,60.64,4183.28,28
2016-01-17 01:50:00,MAITRI,-3.16,60.86,966.96,59.56,0.0,65.09,10.85,0.0,11938.19,61.98,4183.1,27
2016-01-17 01:55:00,MAITRI,-2.86,60.75,967.14,57.69,0.0,64.82,10.8,0.0,11932.9,63.56,4182.9,28
2016-01-17 02:00:00,MAITRI,-2.61,60.85,967.23,59.59,9.81,66.01,11.0,0.0,11927.61,63.48,4182.7,29
2016-01-17 02:05:00,MAITRI,-2.85,60.86,967.4,58.31,2.12,65.92,10.99,0.0,11922.39,62.6,4182.49,30
2016-01-17 02:10:00,MAITRI,-2.96,60.82,967.42,57.07,0.0,67.28,11.21,0.0,11917.18,62.56,4182.29,29
2016-01-17 02:15:00,MAITRI,-2.98,61.49,966.98,57.55,2.99,68.48,11.41,0.0,11911.96,62.62,4182.08,30
2016-01-17 02:20:00,MAITRI,-2.83,62.09,967.33,56.43,0.0,68.53,11.42,0.0,11907.35,55.28,4181.88,29
2016-01-17 02:25:00,MAITRI,-3.16,62.23,967.62,58.63,8.33,68.79,11.46,0.0,11902.17,62.18,4181.68,29
2016-01-17 02:30:00,MAITRI,-3.01,62.46,967.24,58.25,0.0,70.61,11.77,0.0,11896.41,69.17,4181.49,28
2016-01-17 02:35:00,MAITRI,-2.85,63.22,967.29,57.61,3.61,71.84,11.97,0.0,11891.3,61.31,4181.29,28
2016-01-17 02:40:00,MAITRI,-3.1,62.75,967.58,59.76,6.62,70.17,11.7,0.0,11886.12,62.12,4181.1,28
2016-01-17 02:45:00,MAITRI,-3.29,63.41,967.03,62.54,0.0,70.71,11.78,0.0,11880.56,66.73,4180.9,29
2016-01-17 02:50:00,MAITRI,-3.25,63.56,966.43,64.87,0.0,69.81,11.64,0.0,11875.27,63.43,4180.69,29
2016-01-17 02:55:00,MAITRI,-3.25,63.93,966.23,64.85,0.13,70.74,11.79,0.0,11870.27,60.09,4180.5,28
2016-01-17 03:00:00,MAITRI,-3.01,64.46,966.47,66.21,19.56,71.81,11.97,0.0,11864.82,65.31,4180.3,29
2016-01-17 03:05:00,MAITRI,-2.75,65.24,966.7,64.52,0.0,74.79,12.47,0.0,11858.58,74.98,4180.09,30
2016-01-17 03:10:00,MAITRI,-2.53,64.65,966.95,61.56,12.88,74.87,12.48,0.0,11852.93,67.7,4179.88,30
2016-01-17 03:15:00,MAITRI,-2.51,64.37,966.42,61.26,0.0,76.04,12.67,0.0,11847.29,67.72,4179.67,30
2016-01-17 03:20:00,MAITRI,-2.51,64.6,966.38,59.79,0.0,78.23,13.04,0.0,11840.72,78.82,4179.46,31
2016-01-17 03:25:00,MAITRI,-2.6,64.36,966.13,57.78,5.71,77.49,12.91,0.0,11834.25,77.66,4179.25,30
2016-01-17 03:30:00,MAITRI,-2.77,62.92,966.41,56.0,0.0,77.33,12.89,0.0,11828.05,74.43,4179.04,30
2016-01-17 03:35:00,MAITRI,-2.64,63.57,966.26,54.8,7.91,79.8,13.3,0.0,11822.07,71.72,4178.83,31
2016-01-17 03:40:00,MAITRI,-2.38,63.39,966.49,53.51,0.39,79.25,13.21,0.0,11816.34,68.82,4178.62,30
2016-01-17 03:45:00,MAITRI,-2.3,62.95,966.08,51.99,11.76,80.15,13.36,0.0,11810.52,69.77,4178.41,30
2016-01-17 03:50:00,MAITRI,-2.18,62.4,966.11,50.37,0.0,78.95,13.16,0.0,11803.85,80.08,4178.2,30
2016-01-17 03:55:00,MAITRI,-2.61,59.73,965.41,52.41,0.0,78.42,13.07,0.0,11797.88,71.63,4178.0,29
2016-01-17 04:00:00,MAITRI,-2.59,60.05,966.35,51.18,6.5,75.68,12.61,0.0,11791.78,73.23,4177.8,29
2016-01-17 04:05:00,MAITRI,-2.33,60.33,966.09,49.75,0.0,77.88,12.98,0.0,11785.41,76.37,4177.6,28
2016-01-17 04:10:00,MAITRI,-2.26,60.39,966.59,53.56,0.0,77.51,12.92,0.0,11780.09,63.86,4177.4,29
2016-01-17 04:15:00,MAITRI,-2.49,60.56,966.21,52.2,0.0,77.32,12.89,0.0,11774.01,72.97,4177.2,29
2016-01-17 04:20:00,MAITRI,-3.28,60.99,965.28,54.82,0.0,76.29,12.71,0.0,11768.57,65.31,4177.01,28
2016-01-17 04:25:00,MAITRI,-3.27,61.01,965.94,53.62,0.46,80.52,13.42,0.0,11763.01,66.66,4176.81,29
2016-01-17 04:30:00,MAITRI,-2.87,60.97,965.6,52.08,4.36,76.55,12.76,0.0,11757.16,70.19,4176.61,28
2016-01-17 04:35:00,MAITRI,-2.65,61.69,965.45,51.07,4.33,80.62,13.44,0.0,11751.65,66.22,4176.41,29
2016-01-17 04:40:00,MAITRI,-2.46,62.5,965.31,49.87,6.21,76.89,12.82,0.0,11746.18,65.55,4176.22,28
2016-01-17 04:45:00,MAITRI,-3.38,63.0,964.29,52.8,0.98,77.93,12.99,0.0,11740.8,64.6,4176.01,29
2016-01-17 04:50:00,MAITRI,-3.35,62.71,964.39,55.26,9.17,75.81,12.64,0.0,11734.74,72.68,4175.81,29
2016-01-17 04:55:00,MAITRI,-3.38,58.23,964.14,58.71,0.89,78.27,13.05,0.0,11728.33,76.96,4175.61,29
2016-01-17 05:00:00,MAITRI,-3.05,59.04,964.03,58.59,0.0,80.01,13.33,0.0,11722.92,64.87,4175.41,29
2016-01-17 05:05:00,MAITRI,-2.81,59.37,964.24,56.24,5.84,78.4,13.07,0.0,11717.65,63.33,4175.19,31
2016-01-17 05:10:00,MAITRI,-2.52,60.16,964.56,55.85,0.0,76.94,12.82,0.0,11712.37,63.33,4174.99,30
2016-01-17 05:15:00,MAITRI,-2.55,61.2,964.0,55.58,0.0,76.1,12.68,0.0,11707.0,64.4,4174.78,29
2016-01-17 05:20:00,MAITRI,-2.43,61.95,964.27,54.2,0.78,46.85,7.81,0.0,11704.27,32.8,4174.59,28
2016-01-17 05:25:00,MAITRI,-3.15,61.93,963.51,56.62,0.15,43.28,7.21,0.0,11701.74,30.3,4174.4,27
2016-01-17 05:30:00,MAITRI,-2.86,61.71,963.24,55.02,0.69,41.49,6.91,0.0,11699.32,29.04,4174.22,26
2016-01-17 05:35:00,MAITRI,-2.58,61.39,963.05,54.12,0.0,44.64,7.44,0.0,11696.72,31.25,4174.04,26
2016-01-17 05:40:00,MAITRI,-2.78,60.84,963.15,52.24,10.43,44.86,7.48,0.01,11694.1,31.4,4173.85,27
2016-01-17 05:45:00,MAITRI,-2.88,61.0,963.76,51.34,6.53,46.39,7.73,0.01,11691.4,32.47,4173.67,26
2016-01-17 05:50:00,MAITRI,-2.5,60.62,963.5,51.71,0.0,41.54,6.92,0.0,11688.97,29.08,4173.5,25
2016-01-17 05:55:00,MAITRI,-2.6,60.88,963.48,50.25,11.46,40.6,6.77,0.0,11686.61,28.42,4173.33,25
2016-01-17 06:00:00,MAITRI,-2.73,61.34,963.35,52.21,0.0,44.25,7.37,0.0,11684.02,30.97,4173.16,24
2016-01-17 06:05:00,MAITRI,-2.98,61.85,963.21,55.57,0.0,43.5,7.25,0.0,11681.49,30.45,4172.99,24
2016-01-17 06:10:00,MAITRI,-2.97,62.21,963.18,56.28,21.28,44.23,7.37,0.01,11678.91,30.96,4172.83,24
2016-01-17 06:15:00,MAITRI,-3.14,62.53,962.86,56.08,27.15,42.42,7.07,0.02,11676.43,29.7,4172.66,24
2016-01-17 06:20:00,MAITRI,-3.07,62.11,962.97,54.2,42.63,41.64,6.94,0.03,11674.0,29.15,4172.49,24
2016-01-17 06:25:00,MAITRI,-2.67,62.45,962.67,53.14,54.66,42.09,7.02,0.06,11671.55,29.46,4172.33,23
2016-01-17 06:30:00,MAITRI,-2.68,62.5,962.91,53.37,70.21,41.97,7.0,0.09,11669.1,29.38,4172.17,23
2016-01-17 06:35:00,MAITRI,-2.52,62.2,963.53,52.28,87.83,40.71,6.79,0.14,11666.72,28.5,4172.02,22
2016-01-17 06:40:00,MAITRI,-2.49,62.61,963.86,53.67,81.18,38.73,6.46,0.15,11664.47,27.11,4171.86,23
2016-01-17 06:45:00,MAITRI,-2.33,62.94,964.26,55.32,109.13,40.74,6.79,0.21,11662.09,28.52,4171.7,23
2016-01-17 06:50:00,MAITRI,-2.08,62.94,964.55,56.79,125.45,39.27,6.55,0.28,11659.8,27.49,4171.54,23
2016-01-17 06:55:00,MAITRI,-1.79,64.16,964.91,57.9,115.69,37.64,6.27,0.31,11657.6,26.35,4171.38,23
2016-01-17 07:00:00,MAITRI,-1.71,64.22,964.71,57.01,109.37,38.53,6.42,0.35,11655.35,26.97,4171.22,23
2016-01-17 07:05:00,MAITRI,-1.75,61.3,964.43,56.5,143.11,38.13,6.36,0.43,11653.13,26.69,4171.06,23
2016-01-17 07:10:00,MAITRI,-1.67,61.95,964.6,55.31,158.29,35.71,5.95,0.49,11651.05,25.0,4170.9,23
2016-01-17 07:15:00,MAITRI,-1.79,62.13,964.04,56.05,172.49,36.23,6.04,0.57,11648.93,25.36,4170.75,22
2016-01-17 07:20:00,MAITRI,-1.78,62.02,963.67,55.29,176.55,35.6,5.93,0.66,11646.86,24.92,4170.6,22
2016-01-17 07:25:00,MAITRI,-1.78,58.92,963.34,55.08,196.79,33.37,5.56,0.74,11644.91,23.36,4170.44,22
2016-01-17 07:30:00,MAITRI,-1.74,60.21,963.82,53.81,203.96,34.28,5.71,0.83,11642.91,24.0,4170.29,22
2016-01-17 07:35:00,MAITRI,-1.59,60.25,964.03,52.63,221.79,34.64,5.77,0.95,11640.89,24.25,4170.15,21
2016-01-17 07:40:00,MAITRI,-1.43,60.62,964.02,52.19,218.83,33.39,5.56,1.06,11638.94,23.37,4170.0,21
2016-01-17 07:45:00,MAITRI,-1.18,60.73,963.88,50.33,227.75,34.09,5.68,1.18,11636.95,23.86,4169.85,22
2016-01-17 07:50:00,MAITRI,-1.07,60.66,964.08,49.39,264.69,29.9,4.98,1.27,11635.21,20.93,4169.69,22
2016-01-17 07:55:00,MAITRI,-1.71,58.84,963.02,51.04,256.24,34.82,5.8,1.4,11633.18,24.38,4169.54,22
2016-01-17 08:00:00,MAITRI,-1.46,59.9,963.59,50.8,276.96,32.24,5.37,1.55,11631.3,22.57,4169.39,22
2016-01-17 08:05:00,MAITRI,-1.39,60.92,964.07,49.86,272.44,30.23,5.04,1.65,11629.53,21.16,4169.23,23
2016-01-17 08:10:00,MAITRI,-1.24,60.75,964.54,48.64,279.67,30.89,5.15,1.76,11627.73,21.62,4169.06,24
2016-01-17 08:15:00,MAITRI,-1.1,60.64,964.52,48.86,294.3,32.96,5.49,1.92,11625.81,23.07,4168.9,24
2016-01-17 08:20:00,MAITRI,-1.07,60.75,964.32,49.99,315.06,33.98,5.66,2.08,11623.83,23.79,4168.72,25
2016-01-17 08:25:00,MAITRI,-0.94,60.88,965.43,48.81,311.64,30.45,5.08,2.22,11622.05,21.32,4168.55,25
2016-01-17 08:30:00,MAITRI,-0.86,60.81,965.44,47.93,321.24,31.36,5.23,2.39,11620.22,21.95,4168.37,25
2016-01-17 08:35:00,MAITRI,-1.39,60.68,966.01,49.95,320.5,31.17,5.2,2.55,11618.4,21.82,4168.2,25
2016-01-17 08:40:00,MAITRI,-1.54,61.0,965.83,52.51,333.86,30.65,5.11,2.71,11616.62,21.45,4168.02,26
2016-01-17 08:45:00,MAITRI,-1.65,61.01,965.46,52.19,342.66,31.91,5.32,2.89,11614.75,22.34,4167.84,26
2016-01-17 08:50:00,MAITRI,-1.58,60.92,965.23,50.92,353.13,30.28,5.05,3.08,11612.99,21.2,4167.67,25
2016-01-17 08:55:00,MAITRI,-1.61,61.47,964.79,51.64,365.27,30.73,5.12,3.27,11611.2,21.51,4167.49,26
2016-01-17 09:00:00,MAITRI,-1.6,61.75,964.87,50.37,376.67,30.04,5.01,3.46,11609.44,21.03,4167.3,27
2016-01-17 09:05:00,MAITRI,-1.68,61.57,964.81,51.37,391.72,29.94,4.99,3.67,11607.7,20.95,4167.11,27
2016-01-17 09:10:00,MAITRI,-1.42,62.44,964.56,50.42,390.25,28.47,4.75,3.84,11606.04,19.93,4166.92,28
2016-01-17 09:15:00,MAITRI,-1.29,62.89,964.32,49.06,389.34,31.61,5.27,4.05,11604.19,22.13,4166.72,29
2016-01-17 09:20:00,MAITRI,-1.07,62.46,964.8,48.02,407.35,28.67,4.78,4.25,11602.52,20.07,4166.52,28
2016-01-17 09:25:00,MAITRI,-1.1,62.5,964.68,48.53,428.24,29.41,4.9,4.47,11600.8,20.59,4166.33,28
2016-01-17 09:30:00,MAITRI,-0.75,61.84,964.41,46.85,412.5,29.47,4.91,4.68,11599.09,20.63,4166.13,28
2016-01-17 09:35:00,MAITRI,-0.53,61.63,964.22,46.46,420.04,29.31,4.88,4.9,11597.38,20.51,4165.94,28
2016-01-17 09:40:00,MAITRI,-0.48,62.58,964.25,46.0,426.0,29.76,4.96,5.12,11595.64,20.83,4165.74,28
2016-01-17 09:45:00,MAITRI,-0.4,62.42,963.8,46.61,455.08,26.98,4.5,5.36,11594.07,18.89,4165.56,27
2016-01-17 09:50:00,MAITRI,-0.43,61.49,964.33,47.84,458.49,25.33,4.22,5.57,11592.59,17.73,4165.37,27
2016-01-17 09:55:00,MAITRI,-0.37,61.07,964.09,47.3,473.8,24.83,4.14,5.8,11591.14,17.38,4165.18,27
2016-01-17 10:00:00,MAITRI,-0.24,60.53,964.01,47.12,472.37,27.04,4.51,6.04,11589.56,18.92,4164.99,28
2016-01-17 10:05:00,MAITRI,0.04,61.03,964.25,46.62,474.61,26.9,4.48,6.29,11587.99,18.83,4164.81,26
2016-01-17 10:10:00,MAITRI,-0.19,61.05,964.14,48.65,469.06,23.99,4.0,6.5,11586.59,16.79,4164.62,26
2016-01-17 10:15:00,MAITRI,-0.19,61.73,963.67,48.8,473.4,27.86,4.64,6.75,11584.97,19.5,4164.44,26
2016-01-17 10:20:00,MAITRI,-0.49,61.42,964.25,49.56,491.74,42.45,7.08,5.76,11582.49,29.72,4164.26,26
2016-01-17 10:25:00,MAITRI,-0.38,61.56,963.86,49.9,482.56,37.4,6.23,4.74,11580.31,26.18,4164.08,26
2016-01-17 10:30:00,MAITRI,-0.23,61.85,963.82,49.47,482.44,39.97,6.66,4.4,11577.98,27.98,4163.9,27
2016-01-17 10:35:00,MAITRI,-0.12,62.05,963.93,48.57,492.13,38.4,6.4,4.08,11575.74,26.88,4163.71,27
2016-01-17 10:40:00,MAITRI,-0.06,62.09,964.0,47.54,518.28,38.13,6.35,3.7,11573.51,26.69,4163.53,26
2016-01-17 10:45:00,MAITRI,-0.0,62.18,964.4,47.32,511.0,34.86,5.81,3.19,11571.48,24.4,4163.34,27
2016-01-17 10:50:00,MAITRI,0.2,62.02,964.98,47.99,505.04,36.89,6.15,2.54,11569.33,25.83,4163.16,26
2016-01-17 10:55:00,MAITRI,0.43,62.66,965.11,45.87,501.34,44.08,7.35,1.86,11566.76,30.85,4162.98,26
2016-01-17 11:00:00,MAITRI,0.68,62.8,965.51,45.28,519.15,39.75,6.62,1.21,11564.44,27.82,4162.8,26
2016-01-17 11:05:00,MAITRI,0.91,63.09,965.54,47.49,502.46,41.31,6.88,0.19,11562.03,28.91,4162.62,26
2016-01-17 11:10:00,MAITRI,0.44,62.77,964.93,49.38,509.91,37.29,6.21,0.0,11559.86,26.1,4162.44,26
2016-01-17 11:15:00,MAITRI,0.19,62.5,965.12,50.35,511.97,24.19,4.03,0.26,11558.44,16.93,4162.26,26
2016-01-17 11:20:00,MAITRI,0.3,62.4,965.53,49.02,520.51,27.65,4.61,0.54,11556.83,19.35,4162.07,27
2016-01-17 11:25:00,MAITRI,0.79,61.99,966.1,47.81,521.83,23.13,3.85,0.79,11555.48,16.19,4161.88,27
2016-01-17 11:30:00,MAITRI,0.72,62.44,966.05,48.38,519.81,24.79,4.13,1.06,11554.04,17.35,4161.69,28
2016-01-17 11:35:00,MAITRI,0.23,62.53,965.16,49.95,517.78,26.67,4.45,1.33,11552.48,18.67,4161.49,29
2016-01-17 11:40:00,MAITRI,0.47,61.46,965.01,48.03,539.59,24.37,4.06,1.61,11551.06,17.06,4161.28,29
2016-01-17 11:45:00,MAITRI,0.93,61.58,965.08,46.96,533.61,26.83,4.47,1.89,11549.49,18.78,4161.08,30
2016-01-17 11:50:00,MAITRI,1.12,62.16,965.93,46.91,543.29,22.66,3.78,2.14,11548.17,15.87,4160.87,29
2016-01-17 11:55:00,MAITRI,1.04,61.71,965.57,45.99,541.08,25.17,4.19,2.42,11544.56,43.38,4160.67,29
2016-01-17 12:00:00,MAITRI,1.12,61.94,965.1,46.18,538.09,23.79,3.97,2.69,11541.38,38.15,4160.47,29
2016-01-17 12:05:00,MAITRI,1.37,61.96,965.0,46.22,535.9,25.73,4.29,2.97,11537.98,40.76,4160.28,28
2016-01-17 12:10:00,MAITRI,1.04,61.52,965.13,47.67,530.13,23.02,3.84,3.21,11534.89,37.04,4160.08,29
2016-01-17 12:15:00,MAITRI,0.84,61.14,965.5,47.73,519.62,25.33,4.22,3.48,11531.99,34.79,4159.87,29
2016-01-17 12:20:00,MAITRI,0.8,59.52,965.75,49.87,534.88,24.15,4.03,3.76,11529.38,31.33,4159.68,28
2016-01-17 12:25:00,MAITRI,0.69,57.49,965.86,52.28,532.21,23.03,3.84,4.02,11525.81,42.85,4159.48,29
2016-01-17 12:30:00,MAITRI,0.79,58.15,966.51,51.25,524.0,24.2,4.03,4.28,11522.37,41.29,4159.28,29
2016-01-17 12:35:00,MAITRI,0.69,58.52,966.21,50.81,532.85,23.65,3.94,4.54,11518.88,41.9,4159.07,30
2016-01-17 12:40:00,MAITRI,0.76,59.31,966.09,49.88,508.83,26.71,4.45,4.8,11515.53,40.18,4158.86,30
2016-01-17 12:45:00,MAITRI,0.97,59.82,966.62,48.96,525.82,24.63,4.1,5.08,11512.05,41.8,4158.66,29
2016-01-17 12:50:00,MAITRI,0.99,59.52,966.68,48.44,512.23,24.51,4.08,5.33,11509.09,35.54,4158.46,29
2016-01-17 12:55:00,MAITRI,0.59,58.85,966.01,49.47,518.08,24.47,4.08,5.59,11506.27,33.87,4158.26,29
2016-01-17 13:00:00,MAITRI,0.18,59.14,965.4,51.1,516.47,25.79,4.3,5.86,11502.87,40.74,4158.06,28
2016-01-17 13:05:00,MAITRI,0.47,58.67,965.9,50.09,506.67,25.21,4.2,6.12,11499.7,38.0,4157.87,28
2016-01-17 13:10:00,MAITRI,0.59,57.97,965.97,48.87,496.52,25.99,4.33,6.38,11496.27,41.15,4157.67,28
2016-01-17 13:15:00,MAITRI,0.44,59.21,965.87,49.04,509.1,25.27,4.21,6.65,11493.08,38.37,4157.47,29
2016-01-17 13:20:00,MAITRI,0.4,59.98,965.74,49.27,487.69,26.1,4.35,6.9,11488.99,49.01,4157.27,29
2016-01-17 13:25:00,MAITRI,0.58,60.17,966.29,49.66,508.21,24.12,4.02,7.14,11485.23,45.1,4157.07,29
2016-01-17 13:30:00,MAITRI,0.57,60.4,966.28,48.52,490.58,28.9,4.82,7.39,11480.84,52.74,4156.87,29
2016-01-17 13:35:00,MAITRI,0.85,61.16,966.31,49.08,491.82,25.99,4.33,7.64,11477.35,41.89,4156.67,29
2016-01-17 13:40:00,MAITRI,1.14,61.25,966.46,47.77,483.83,28.34,4.72,7.89,11475.7,19.84,4156.47,29
2016-01-17 13:45:00,MAITRI,1.34,58.71,966.21,46.88,481.49,25.97,4.33,8.14,11474.18,18.18,4156.26,29
2016-01-17 13:50:00,MAITRI,1.49,58.96,966.2,46.16,479.05,26.61,4.44,8.38,11472.63,18.63,4156.06,30
2016-01-17 13:55:00,MAITRI,1.52,59.19,966.12,45.24,450.45,26.86,4.48,8.6,11471.06,18.81,4155.85,29
2016-01-17 14:00:00,MAITRI,1.21,59.01,965.24,46.78,480.49,26.51,4.42,8.85,11469.51,18.56,4155.66,28
2016-01-17 14:05:00,MAITRI,1.46,59.77,965.19,46.16,457.18,26.84,4.47,9.08,11467.95,18.79,4155.46,29
2016-01-17 14:10:00,MAITRI,1.51,59.74,965.52,45.94,437.49,28.79,4.8,9.3,11466.27,20.15,4155.26,28
2016-01-17 14:15:00,MAITRI,1.39,59.94,965.43,44.93,442.73,27.58,4.6,9.53,11464.66,19.31,4155.07,28
2016-01-17 14:20:00,MAITRI,1.15,60.49,965.4,47.42,428.8,28.04,4.67,9.75,11463.03,19.63,4154.87,28
2016-01-17 14:25:00,MAITRI,1.55,60.62,965.23,47.59,438.63,26.37,4.4,9.95,11461.49,18.46,4154.68,28
2016-01-17 14:30:00,MAITRI,1.27,60.47,965.35,48.86,428.06,27.99,4.66,10.18,11459.85,19.59,4154.49,27
2016-01-17 14:35:00,MAITRI,1.41,60.8,965.56,47.69,419.58,28.78,4.8,10.39,11458.18,20.15,4154.31,27
2016-01-17 14:40:00,MAITRI,1.44,58.44,965.39,47.57,396.64,28.35,4.72,10.58,11456.52,19.84,4154.11,28
2016-01-17 14:45:00,MAITRI,1.05,54.03,966.13,48.51,398.62,29.52,4.92,10.79,11454.8,20.67,4153.92,28
2016-01-17 14:50:00,MAITRI,1.36,53.89,966.23,47.73,404.3,27.96,4.66,11.0,11453.17,19.57,4153.73,27
2016-01-17 14:55:00,MAITRI,1.17,55.31,965.75,49.74,387.23,28.76,4.79,11.19,11451.49,20.13,4153.54,27
2016-01-17 15:00:00,MAITRI,1.46,56.66,965.35,48.34,387.47,30.67,5.11,11.4,11449.7,21.47,4153.35,27
2016-01-17 15:05:00,MAITRI,1.27,57.59,965.09,49.04,380.72,30.93,5.15,11.59,11447.9,21.65,4153.17,26
2016-01-17 15:10:00,MAITRI,1.06,56.55,964.91,49.68,362.93,28.95,4.83,11.77,11446.21,20.27,4152.99,26
2016-01-17 15:15:00,MAITRI,0.81,56.72,964.33,50.85,347.71,29.92,4.99,11.94,11444.46,20.94,4152.81,27
2016-01-17 15:20:00,MAITRI,0.58,55.78,964.28,51.2,338.95,30.72,5.12,12.11,11442.67,21.5,4152.62,27
2016-01-17 15:25:00,MAITRI,0.93,55.71,965.0,50.99,327.52,31.8,5.3,12.28,11440.82,22.26,4152.43,27
2016-01-17 15:30:00,MAITRI,0.85,56.39,965.08,52.93,317.46,32.78,5.46,12.44,11438.91,22.95,4152.24,27
2016-01-17 15:35:00,MAITRI,1.05,57.48,965.28,51.7,328.75,32.17,5.36,12.62,11437.03,22.52,4152.06,27
2016-01-17 15:40:00,MAITRI,1.16,57.96,965.36,50.31,307.75,33.78,5.63,12.78,11435.06,23.64,4151.87,27
2016-01-17 15:45:00,MAITRI,0.92,56.62,965.2,51.06,291.75,33.62,5.6,12.93,11433.1,23.53,4151.68,27
2016-01-17 15:50:00,MAITRI,0.84,57.68,965.55,53.23,268.82,35.71,5.95,13.07,11431.01,25.0,4151.49,28
2016-01-17 15:55:00,MAITRI,0.63,58.08,965.36,54.92,266.22,34.94,5.82,13.21,11428.98,24.46,4151.29,28
2016-01-17 16:00:00,MAITRI,0.7,58.09,966.14,53.84,249.36,34.71,5.78,13.33,11426.95,24.3,4151.1,28
2016-01-17 16:05:00,MAITRI,0.78,58.53,966.5,52.22,262.75,33.12,5.52,13.44,11425.02,23.19,4150.9,28
2016-01-17 16:10:00,MAITRI,0.43,58.76,965.64,52.98,228.17,36.72,6.12,13.55,11422.88,25.7,4150.71,28
2016-01-17 16:15:00,MAITRI,0.23,59.12,965.32,54.2,247.14,36.27,6.05,13.68,11420.76,25.39,4150.51,28
2016-01-17 16:20:00,MAITRI,0.1,59.88,965.4,55.22,223.5,37.07,6.18,13.8,11418.6,25.95,4150.32,28
2016-01-17 16:25:00,MAITRI,0.24,59.75,965.18,54.76,216.65,35.35,5.89,13.9,11416.54,24.74,4150.13,27
2016-01-17 16:30:00,MAITRI,0.38,59.99,965.51,53.71,208.46,37.15,6.19,14.0,11414.37,26.0,4149.94,27
2016-01-17 16:35:00,MAITRI,0.43,60.15,965.65,53.08,187.46,36.6,6.1,14.09,11412.24,25.62,4149.76,27
2016-01-17 16:40:00,MAITRI,0.17,58.29,965.33,51.48,180.92,38.62,6.44,14.18,11409.98,27.04,4149.56,28
2016-01-17 16:45:00,MAITRI,0.36,58.17,965.77,53.72,171.36,38.21,6.37,14.27,11407.75,26.75,4149.37,28
2016-01-17 16:50:00,MAITRI,0.47,58.37,965.93,52.68,162.83,38.77,6.46,14.34,11405.49,27.14,4149.17,29
2016-01-17 16:55:00,MAITRI,0.36,58.8,966.05,53.71,155.12,39.34,6.56,14.42,11403.2,27.54,4148.97,29
2016-01-17 17:00:00,MAITRI,0.05,59.06,965.7,55.98,144.26,40.11,6.68,14.5,11400.86,28.08,4148.76,29
2016-01-17 17:05:00,MAITRI,-0.01,59.43,965.64,56.52,110.66,40.53,6.75,14.55,11398.49,28.37,4148.57,28
2016-01-17 17:10:00,MAITRI,0.08,59.22,966.04,56.41,116.6,42.23,7.04,14.61,11396.03,29.56,4148.37,28
2016-01-17 17:15:00,MAITRI,-0.17,60.08,966.49,56.84,101.76,40.18,6.7,14.65,11393.69,28.12,4148.19,27
2016-01-17 17:20:00,MAITRI,-0.08,60.05,966.31,57.49,92.64,40.89,6.82,14.69,11391.3,28.62,4148.0,27
2016-01-17 17:25:00,MAITRI,0.03,60.25,966.56,57.45,68.77,56.41,9.4,14.01,11388.01,39.49,4147.82,26
2016-01-17 17:30:00,MAITRI,0.01,60.24,966.77,56.0,59.9,57.26,9.54,13.01,11384.67,40.08,4147.63,27
2016-01-17 17:35:00,MAITRI,0.14,61.03,966.99,53.76,63.73,60.12,10.02,11.89,11381.16,42.08,4147.44,28
2016-01-17 17:40:00,MAITRI,0.34,61.16,967.01,52.23,60.75,55.73,9.29,10.73,11377.91,39.01,4147.24,28
2016-01-17 17:45:00,MAITRI,0.42,61.18,967.3,51.0,38.1,54.58,9.1,9.27,11374.73,38.21,4147.05,28
2016-01-17 17:50:00,MAITRI,0.44,61.36,967.53,53.0,39.99,63.52,10.59,8.75,11371.02,44.46,4146.85,28
2016-01-17 17:55:00,MAITRI,0.34,61.74,966.99,53.65,10.61,60.73,10.12,7.35,11367.48,42.51,4146.65,29
2016-01-17 18:00:00,MAITRI,0.27,61.79,967.01,52.36,0.0,60.65,10.11,6.7,11363.94,42.46,4146.46,28
2016-01-17 18:05:00,MAITRI,0.13,62.36,966.72,53.84,0.0,57.62,9.6,5.98,11360.58,40.33,4146.26,28
2016-01-17 18:10:00,MAITRI,0.19,62.55,967.22,53.56,0.0,63.22,10.54,5.13,11356.89,44.25,4146.07,28
2016-01-17 18:15:00,MAITRI,-0.2,62.19,967.53,54.42,17.0,58.65,9.77,4.23,11353.47,41.05,4145.87,28
2016-01-17 18:20:00,MAITRI,-0.43,57.22,967.44,55.65,7.3,42.45,7.08,4.19,11351.0,29.72,4145.68,28
2016-01-17 18:25:00,MAITRI,-0.25,57.71,967.42,55.18,0.0,44.37,7.4,4.18,11348.41,31.06,4145.49,28
2016-01-17 18:30:00,MAITRI,-0.41,58.79,967.32,56.15,0.0,43.87,7.31,4.15,11345.85,30.71,4145.29,28
2016-01-17 18:35:00,MAITRI,-0.55,59.7,967.5,57.21,0.0,45.51,7.58,4.15,11343.2,31.86,4145.1,27
2016-01-17 18:40:00,MAITRI,-0.74,60.28,967.1,57.35,0.0,43.68,7.28,4.13,11340.65,30.58,4144.92,27
2016-01-17 18:45:00,MAITRI,-0.55,60.12,967.16,56.14,0.0,43.72,7.29,4.11,11338.1,30.6,4144.74,26
2016-01-17 18:50:00,MAITRI,-0.63,59.91,966.55,58.53,0.0,44.28,7.38,4.11,11335.51,30.99,4144.56,26
2016-01-17 18:55:00,MAITRI,-0.62,59.83,966.81,57.6,0.0,45.16,7.53,4.11,11332.88,31.61,4144.37,26
2016-01-17 19:00:00,MAITRI,-0.76,59.92,966.72,57.85,4.69,45.17,7.53,4.11,11330.24,31.62,4144.19,27
2016-01-17 19:05:00,MAITRI,-0.57,60.13,966.41,58.69,15.33,43.41,7.24,4.11,11327.71,30.39,4144.01,26
2016-01-17 19:10:00,MAITRI,-0.94,60.21,966.57,60.37,0.0,44.11,7.35,4.1,11325.14,30.88,4143.83,26
2016-01-17 19:15:00,MAITRI,-1.19,60.59,967.38,60.93,5.8,42.69,7.12,4.07,11322.65,29.88,4143.65,26
2016-01-17 19:20:00,MAITRI,-1.21,60.88,966.96,60.64,0.0,42.5,7.08,4.04,11320.17,29.75,4143.47,25
2016-01-17 19:25:00,MAITRI,-1.1,61.04,966.68,61.09,1.35,45.0,7.5,4.04,11317.54,31.5,4143.29,26
2016-01-17 19:30:00,MAITRI,-0.7,61.15,966.58,60.78,0.0,44.18,7.36,4.03,11314.97,30.92,4143.11,26
2016-01-17 19:35:00,MAITRI,-0.8,61.16,966.68,60.83,8.65,43.15,7.19,4.01,11312.45,30.2,4142.92,27
2016-01-17 19:40:00,MAITRI,-0.74,61.24,967.68,59.02,0.0,46.28,7.71,4.01,11309.75,32.39,4142.73,28
2016-01-17 19:45:00,MAITRI,-1.0,62.07,967.42,59.22,2.32,46.99,7.83,4.01,11307.01,32.89,4142.53,29
2016-01-17 19:50:00,MAITRI,-0.92,62.29,967.48,59.55,1.32,46.03,7.67,4.01,11304.33,32.22,4142.33,29
2016-01-17 19:55:00,MAITRI,-1.0,63.06,967.13,59.59,0.0,45.62,7.6,4.0,11301.66,31.93,4142.12,29
2016-01-17 20:00:00,MAITRI,-0.73,62.94,967.12,58.7,0.0,44.79,7.47,3.99,11299.05,31.35,4141.94,27
2016-01-17 20:05:00,MAITRI,-0.71,62.36,967.1,58.57,1.47,42.22,7.04,3.95,11296.59,29.55,4141.76,26
2016-01-17 20:10:00,MAITRI,-0.73,63.01,967.13,56.58,3.86,44.26,7.38,3.94,11294.01,30.99,4141.58,26
2016-01-17 20:15:00,MAITRI,-0.92,62.49,967.28,58.23,0.0,44.57,7.43,3.94,11291.41,31.2,4141.4,25
2016-01-17 20:20:00,MAITRI,-0.81,62.71,967.35,56.7,3.41,44.52,7.42,3.94,11288.81,31.17,4141.23,25
2016-01-17 20:25:00,MAITRI,-0.88,62.29,967.47,58.72,0.0,43.01,7.17,3.92,11286.3,30.1,4141.06,25
2016-01-17 20:30:00,MAITRI,-1.07,62.84,967.56,58.45,13.04,43.11,7.18,3.93,11283.79,30.17,4140.9,23
2016-01-17 20:35:00,MAITRI,-1.11,62.39,967.35,58.67,0.0,43.21,7.2,3.92,11281.27,30.25,4140.74,23
2016-01-17 20:40:00,MAITRI,-1.38,62.2,967.28,59.89,13.9,43.73,7.29,3.93,11278.71,30.61,4140.58,23
2016-01-17 20:45:00,MAITRI,-1.15,61.25,967.23,61.57,2.68,40.55,6.76,3.89,11276.35,28.39,4140.43,21
2016-01-17 20:50:00,MAITRI,-1.07,61.56,967.28,61.3,10.88,43.14,7.19,3.9,11273.83,30.2,4140.28,22
2016-01-17 20:55:00,MAITRI,-0.96,62.13,967.3,59.3,0.0,43.39,7.23,3.9,11271.3,30.37,4140.12,22
2016-01-17 21:00:00,MAITRI,-1.11,62.69,967.57,59.89,7.41,42.84,7.14,3.9,11268.8,29.99,4139.97,23
2016-01-17 21:05:00,MAITRI,-0.81,57.73,967.41,58.93,0.0,42.28,7.05,3.89,11266.34,29.6,4139.81,22
2016-01-17 21:10:00,MAITRI,-1.13,58.16,967.82,58.9,0.0,43.3,7.22,3.89,11263.81,30.31,4139.66,22
2016-01-17 21:15:00,MAITRI,-1.07,59.03,968.05,57.17,0.0,43.51,7.25,3.89,11261.27,30.46,4139.51,22
2016-01-17 21:20:00,MAITRI,-1.28,59.29,967.69,57.46,7.07,42.52,7.09,3.89,11258.79,29.76,4139.35,22
2016-01-17 21:25:00,MAITRI,-1.54,56.91,967.93,59.25,4.96,63.63,10.61,3.9,11255.08,44.54,4139.2,22
2016-01-17 21:30:00,MAITRI,-1.44,58.18,967.75,57.68,14.45,62.29,10.38,3.9,11251.45,43.6,4139.04,23
2016-01-17 21:35:00,MAITRI,-1.65,58.19,967.22,60.66,0.0,78.27,13.05,3.9,11246.88,54.79,4138.89,22
2016-01-17 21:40:00,MAITRI,-1.37,54.01,966.61,60.01,0.0,71.93,11.99,3.9,11242.69,50.35,4138.74,22
2016-01-17 21:45:00,MAITRI,-1.61,55.15,965.95,60.6,0.0,79.57,13.26,3.9,11238.04,55.7,4138.58,22
2016-01-17 21:50:00,MAITRI,-1.43,55.81,965.7,58.83,0.0,75.46,12.58,3.9,11233.64,52.82,4138.43,22
2016-01-17 21:55:00,MAITRI,-1.32,56.94,966.18,57.86,0.0,72.83,12.14,3.9,11229.39,50.98,4138.28,22
2016-01-17 22:00:00,MAITRI,-1.25,57.5,966.17,56.55,3.35,68.12,11.35,3.91,11225.42,47.68,4138.12,22
2016-01-17 22:05:00,MAITRI,-1.46,57.64,965.63,59.68,9.19,79.47,13.24,3.91,11220.78,55.63,4137.97,22
2016-01-17 22:10:00,MAITRI,-1.23,58.6,965.59,60.23,11.33,63.53,10.59,3.92,11217.08,44.47,4137.82,22
2016-01-17 22:15:00,MAITRI,-1.21,58.32,965.6,61.37,0.0,63.72,10.62,3.92,11213.36,44.6,4137.67,22
2016-01-17 22:20:00,MAITRI,-1.24,59.14,966.25,60.63,10.81,77.87,12.98,3.92,11208.82,54.51,4137.51,23
2016-01-17 22:25:00,MAITRI,-1.55,59.64,965.97,59.45,3.64,72.5,12.08,3.92,11204.59,50.75,4137.35,23
2016-01-17 22:30:00,MAITRI,-1.46,59.9,966.21,60.72,0.0,69.67,11.61,3.92,11200.52,48.77,4137.18,24
2016-01-17 22:35:00,MAITRI,-1.66,60.4,966.29,62.7,20.69,67.53,11.26,3.93,11196.59,47.27,4137.01,24
2016-01-17 22:40:00,MAITRI,-1.78,60.73,966.21,62.59,0.11,66.91,11.15,3.93,11192.68,46.84,4136.85,23
2016-01-17 22:45:00,MAITRI,-1.79,60.99,966.04,61.6,4.64,78.63,13.1,3.94,11188.1,55.04,4136.69,23
2016-01-17 22:50:00,MAITRI,-1.4,61.27,966.79,60.11,0.0,62.48,10.41,3.94,11184.45,43.74,4136.53,23
2016-01-17 22:55:00,MAITRI,-1.81,55.89,966.15,61.49,6.49,75.54,12.59,3.94,11180.04,52.88,4136.37,23
2016-01-17 23:00:00,MAITRI,-1.91,56.28,966.35,61.42,0.0,79.64,13.27,3.94,11175.4,55.75,4136.22,23
2016-01-17 23:05:00,MAITRI,-1.93,56.88,966.22,60.34,0.0,75.41,12.57,3.94,11171.0,52.78,4136.06,23
2016-01-17 23:10:00,MAITRI,-2.26,57.38,965.5,61.06,5.58,75.17,12.53,3.94,11166.62,52.62,4135.9,22
2016-01-17 23:15:00,MAITRI,-2.36,57.36,966.49,61.4,4.79,80.64,13.44,3.95,11161.91,56.45,4135.74,23
2016-01-17 23:20:00,MAITRI,-2.1,58.14,966.2,61.62,0.0,83.59,13.93,3.95,11157.04,58.51,4135.58,23
2016-01-17 23:25:00,MAITRI,-1.94,58.85,966.5,63.36,0.0,65.8,10.97,3.95,11153.2,46.06,4135.42,23
2016-01-17 23:30:00,MAITRI,-1.94,59.01,966.82,64.15,0.0,72.19,12.03,3.95,11148.99,50.54,4135.26,23
2016-01-17 23:35:00,MAITRI,-2.17,58.93,966.3,63.97,0.0,42.51,7.08,3.93,11146.51,29.75,4135.1,23
2016-01-17 23:40:00,MAITRI,-2.44,58.52,965.29,64.76,0.0,45.06,7.51,3.93,11143.88,31.54,4134.94,24
2016-01-17 23:45:00,MAITRI,-2.26,59.58,965.14,62.64,9.43,40.97,6.83,3.9,11141.49,28.68,4134.77,24
2016-01-17 23:50:00,MAITRI,-2.2,59.63,965.28,62.54,0.0,43.91,7.32,3.9,11138.93,30.74,4134.6,24
2016-01-17 23:55:00,MAITRI,-2.37,60.13,965.23,63.17,9.67,43.07,7.18,3.9,11136.41,30.15,4134.44,24
2016-01-18 00:00:00,MAITRI,-2.66,60.4,964.34,64.08,10.29,44.01,7.33,3.9,11133.85,30.8,4134.26,25
2016-01-18 00:05:00,MAITRI,-2.78,60.92,964.73,63.93,1.96,44.3,7.38,3.9,11131.26,31.01,4134.09,25
2016-01-18 00:10:00,MAITRI,-2.6,61.49,965.13,65.02,6.67,44.24,7.37,3.91,11128.68,30.97,4133.92,25
2016-01-18 00:15:00,MAITRI,-2.9,62.13,964.47,66.06,9.7,43.19,7.2,3.91,11126.16,30.24,4133.75,24
2016-01-18 00:20:00,MAITRI,-2.94,61.81,964.21,65.71,0.0,45.86,7.64,3.91,11123.49,32.1,4133.58,25
2016-01-18 00:25:00,MAITRI,-2.69,62.1,964.38,64.39,0.0,45.56,7.59,3.91,11120.83,31.89,4133.41,24
2016-01-18 00:30:00,MAITRI,-2.8,62.31,964.44,65.18,0.0,45.86,7.64,3.91,11118.15,32.1,4133.24,24
2016-01-18 00:35:00,MAITRI,-3.16,62.51,962.95,65.84,0.0,45.91,7.65,3.91,11115.48,32.13,4133.08,24
2016-01-18 00:40:00,MAITRI,-3.37,62.56,961.59,66.45,1.33,46.26,7.71,3.91,11112.78,32.38,4132.91,24
2016-01-18 00:45:00,MAITRI,-3.4,63.29,962.0,67.59,8.4,43.85,7.31,3.91,11110.22,30.69,4132.75,23
2016-01-18 00:50:00,MAITRI,-3.32,62.94,962.67,66.83,0.0,42.74,7.12,3.89,11107.73,29.92,4132.58,24
2016-01-18 00:55:00,MAITRI,-3.04,62.67,963.06,65.7,0.0,42.36,7.06,3.87,11105.26,29.65,4132.42,23
2016-01-18 01:00:00,MAITRI,-2.84,62.7,963.45,63.76,1.08,43.86,7.31,3.87,11102.7,30.7,4132.26,23
2016-01-18 01:05:00,MAITRI,-2.72,62.73,963.85,61.76,0.0,43.42,7.24,3.87,11100.17,30.39,4132.1,23
2016-01-18 01:10:00,MAITRI,-2.65,63.24,964.32,63.14,0.0,44.21,7.37,3.87,11097.59,30.95,4131.95,22
2016-01-18 01:15:00,MAITRI,-2.7,63.44,964.52,64.11,4.4,43.56,7.26,3.87,11095.05,30.49,4131.8,22
2016-01-18 01:20:00,MAITRI,-2.45,62.9,964.61,61.85,13.27,41.04,6.84,3.85,11092.65,28.73,4131.65,22
2016-01-18 01:25:00,MAITRI,-2.36,62.78,965.55,60.01,0.0,42.59,7.1,3.83,11090.17,29.82,4131.49,23
2016-01-18 01:30:00,MAITRI,-2.48,62.16,965.06,63.02,5.42,43.36,7.23,3.83,11087.64,30.35,4131.33,23
2016-01-18 01:35:00,MAITRI,-2.2,62.39,965.06,60.62,0.0,42.6,7.1,3.82,11085.15,29.82,4131.17,23
2016-01-18 01:40:00,MAITRI,-2.66,60.04,964.14,62.07,4.75,43.82,7.3,3.82,11082.6,30.67,4131.01,23
2016-01-18 01:45:00,MAITRI,-2.94,60.17,963.4,62.62,0.0,41.27,6.88,3.78,11080.19,28.89,4130.85,23
2016-01-18 01:50:00,MAITRI,-3.16,60.47,963.05,63.53,0.0,42.06,7.01,3.77,11077.74,29.44,4130.69,22
2016-01-18 01:55:00,MAITRI,-3.02,60.95,963.45,63.57,10.96,43.05,7.17,3.77,11075.22,30.13,4130.54,22
2016-01-18 02:00:00,MAITRI,-3.23,61.53,963.9,65.37,0.0,43.0,7.17,3.77,11072.72,30.1,4130.39,22
2016-01-18 02:05:00,MAITRI,-3.08,62.02,964.61,62.69,3.27,43.08,7.18,3.77,11070.2,30.16,4130.24,22
2016-01-18 02:10:00,MAITRI,-3.29,62.37,965.26,61.56,3.86,42.46,7.08,3.77,11067.73,29.72,4130.08,22
2016-01-18 02:15:00,MAITRI,-3.6,62.54,965.44,63.47,3.98,44.91,7.49,3.77,11065.11,31.44,4129.92,24
2016-01-18 02:20:00,MAITRI,-3.38,62.47,965.28,61.33,0.0,44.58,7.43,3.77,11062.51,31.21,4129.76,23
2016-01-18 02:25:00,MAITRI,-4.02,63.0,964.6,62.79,0.0,42.67,7.11,3.75,11060.02,29.87,4129.6,23
2016-01-18 02:30:00,MAITRI,-3.89,62.75,965.35,60.94,0.0,43.31,7.22,3.75,11057.49,30.32,4129.44,23
2016-01-18 02:35:00,MAITRI,-3.93,62.63,965.33,63.19,0.0,44.28,7.38,3.75,11054.91,30.99,4129.28,23
2016-01-18 02:40:00,MAITRI,-3.6,62.87,964.97,61.14,0.0,45.11,7.52,3.75,11052.28,31.57,4129.12,22
2016-01-18 02:45:00,MAITRI,-3.78,63.2,964.58,62.17,1.71,43.55,7.26,3.75,11049.74,30.48,4128.97,22
2016-01-18 02:50:00,MAITRI,-3.49,63.35,964.32,60.73,3.92,42.95,7.16,3.75,11047.23,30.07,4128.82,22
2016-01-18 02:55:00,MAITRI,-3.34,63.55,965.04,58.5,9.58,43.62,7.27,3.75,11044.69,30.54,4128.67,22
2016-01-18 03:00:00,MAITRI,-3.17,63.15,965.14,57.72,13.27,42.0,7.0,3.75,11042.24,29.4,4128.51,22
2016-01-18 03:05:00,MAITRI,-3.24,61.04,965.39,56.04,3.11,41.41,6.9,3.72,11039.82,28.99,4128.35,23
2016-01-18 03:10:00,MAITRI,-3.52,58.6,965.12,57.43,0.0,43.3,7.22,3.72,11037.29,30.31,4128.19,23
2016-01-18 03:15:00,MAITRI,-3.48,59.24,965.72,57.64,9.34,43.88,7.31,3.72,11034.73,30.72,4128.03,23
2016-01-18 03:20:00,MAITRI,-3.58,59.89,965.7,55.69,0.0,41.83,6.97,3.7,11032.29,29.28,4127.87,23
2016-01-18 03:25:00,MAITRI,-3.18,60.43,965.43,53.85,0.12,40.85,6.81,3.66,11029.91,28.59,4127.72,22
2016-01-18 03:30:00,MAITRI,-2.81,60.96,965.45,55.07,10.35,42.59,7.1,3.67,11027.43,29.81,4127.57,22
2016-01-18 03:35:00,MAITRI,-3.14,61.19,965.67,57.53,8.53,41.15,6.86,3.64,11025.03,28.81,4127.42,22
2016-01-18 03:40:00,MAITRI,-3.29,59.91,965.72,55.63,1.27,42.05,7.01,3.63,11022.57,29.44,4127.26,22
2016-01-18 03:45:00,MAITRI,-2.99,59.69,965.24,54.92,0.0,44.53,7.42,3.63,11019.98,31.17,4127.11,22
2016-01-18 03:50:00,MAITRI,-3.18,60.09,964.94,53.54,0.0,39.75,6.63,3.58,11017.66,27.83,4126.97,21
2016-01-18 03:55:00,MAITRI,-3.52,58.5,964.27,55.25,0.43,41.77,6.96,3.57,11015.22,29.24,4126.82,21
2016-01-18 04:00:00,MAITRI,-3.55,58.04,963.82,55.07,4.23,40.62,6.77,3.54,11012.85,28.43,4126.67,22
2016-01-18 04:05:00,MAITRI,-3.63,58.6,964.26,57.2,4.22,42.08,7.01,3.53,11010.4,29.46,4126.51,23
2016-01-18 04:10:00,MAITRI,-3.49,58.6,964.99,55.43,4.5,41.53,6.92,3.51,11007.97,29.07,4126.35,22
2016-01-18 04:15:00,MAITRI,-3.65,58.45,965.17,57.55,15.22,43.3,7.22,3.52,11005.45,30.31,4126.2,22
2016-01-18 04:20:00,MAITRI,-3.44,58.85,965.81,55.5,0.0,43.15,7.19,3.52,11002.93,30.21,4126.05,22
2016-01-18 04:25:00,MAITRI,-3.6,59.2,966.61,54.19,0.0,43.51,7.25,3.52,11000.39,30.46,4125.89,23
2016-01-18 04:30:00,MAITRI,-3.73,59.4,966.9,56.57,4.5,42.84,7.14,3.52,10997.89,29.99,4125.73,23
2016-01-18 04:35:00,MAITRI,-3.64,59.88,967.43,55.36,28.29,44.79,7.47,3.53,10995.28,31.36,4125.58,21
2016-01-18 04:40:00,MAITRI,-3.53,60.2,968.18,53.64,0.0,43.24,7.21,3.53,10992.76,30.27,4125.44,21
2016-01-18 04:45:00,MAITRI,-3.44,60.63,968.07,52.5,0.0,42.86,7.14,3.53,10990.26,30.0,4125.28,22
2016-01-18 04:50:00,MAITRI,-3.23,60.47,968.34,52.24,3.71,43.33,7.22,3.53,10987.73,30.33,4125.13,22
2016-01-18 04:55:00,MAITRI,-3.05,61.47,969.08,50.53,5.38,41.8,6.97,3.52,10985.29,29.26,4124.98,22
2016-01-18 05:00:00,MAITRI,-3.24,61.75,969.06,53.12,3.12,43.22,7.2,3.52,10982.77,30.26,4124.83,22
2016-01-18 05:05:00,MAITRI,-2.82,61.76,968.98,51.67,1.95,42.91,7.15,3.52,10980.27,30.04,4124.67,22
2016-01-18 05:10:00,MAITRI,-2.81,61.24,968.66,52.63,0.0,42.58,7.1,3.51,10977.78,29.81,4124.52,22
2016-01-18 05:15:00,MAITRI,-2.79,61.64,968.54,51.98,0.0,41.66,6.94,3.49,10975.35,29.16,4124.37,22
2016-01-18 05:20:00,MAITRI,-3.2,61.9,968.48,53.81,0.0,42.84,7.14,3.49,10972.86,29.99,4124.22,22
2016-01-18 05:25:00,MAITRI,-2.88,61.62,967.98,51.97,5.52,42.63,7.11,3.49,10970.37,29.84,4124.06,22
2016-01-18 05:30:00,MAITRI,-2.94,61.01,967.69,52.14,12.92,42.64,7.11,3.49,10967.88,29.85,4123.91,22
2016-01-18 05:35:00,MAITRI,-2.83,61.63,967.44,51.0,10.4,43.37,7.23,3.5,10965.35,30.36,4123.75,23
2016-01-18 05:40:00,MAITRI,-2.56,61.53,967.05,51.44,0.37,43.42,7.24,3.5,10962.82,30.39,4123.6,22
2016-01-18 05:45:00,MAITRI,-2.5,62.69,967.16,50.74,6.47,43.6,7.27,3.5,10960.28,30.52,4123.44,22
2016-01-18 05:50:00,MAITRI,-2.21,62.64,967.14,50.29,11.14,43.3,7.22,3.51,10957.75,30.31,4123.28,23
2016-01-18 05:55:00,MAITRI,-2.21,62.73,967.54,50.62,10.11,43.66,7.28,3.51,10955.2,30.56,4123.12,23
2016-01-18 06:00:00,MAITRI,-2.63,62.3,968.01,53.95,13.67,43.22,7.2,3.52,10952.68,30.25,4122.97,23
2016-01-18 06:05:00,MAITRI,-2.6,62.31,967.9,53.18,2.57,43.0,7.17,3.51,10950.17,30.1,4122.81,23
2016-01-18 06:10:00,MAITRI,-2.22,62.92,968.11,51.23,35.38,41.24,6.87,3.52,10947.77,28.87,4122.65,23
2016-01-18 06:15:00,MAITRI,-1.97,62.67,967.78,50.6,42.78,41.28,6.88,3.54,10945.36,28.89,4122.49,22
2016-01-18 06:20:00,MAITRI,-1.94,62.76,967.55,50.41,48.72,40.62,6.77,3.54,10942.99,28.43,4122.33,23
2016-01-18 06:25:00,MAITRI,-2.01,62.4,966.95,50.74,33.36,41.72,6.95,3.55,10940.56,29.21,4122.17,23
2016-01-18 06:30:00,MAITRI,-1.85,62.19,966.73,51.34,76.91,40.66,6.78,3.59,10938.19,28.46,4122.01,24
2016-01-18 06:35:00,MAITRI,-1.74,62.2,966.72,54.07,79.24,41.74,6.96,3.63,10935.75,29.21,4121.83,25
2016-01-18 06:40:00,MAITRI,-1.66,62.61,967.28,56.58,100.83,38.53,6.42,3.66,10933.5,26.97,4121.67,24
2016-01-18 06:45:00,MAITRI,-1.79,62.21,966.98,56.23,93.02,41.13,6.85,3.71,10931.1,28.79,4121.5,24
2016-01-18 06:50:00,MAITRI,-2.63,62.35,965.74,58.42,127.95,37.8,6.3,3.76,10928.9,26.46,4121.33,24
2016-01-18 06:55:00,MAITRI,-3.04,61.77,966.38,60.77,113.96,40.54,6.76,3.81,10926.53,28.38,4121.17,24
2016-01-18 07:00:00,MAITRI,-2.75,61.97,967.18,58.57,128.6,39.56,6.59,3.88,10924.23,27.69,4121.0,24
2016-01-18 07:05:00,MAITRI,-2.33,62.31,967.01,59.59,136.98,38.81,6.47,3.95,10921.96,27.17,4120.83,24
2016-01-18 07:10:00,MAITRI,-2.36,62.16,966.76,61.6,140.16,36.3,6.05,3.99,10919.84,25.41,4120.67,24
2016-01-18 07:15:00,MAITRI,-2.04,62.06,966.82,58.75,162.3,36.2,6.03,4.05,10917.73,25.34,4120.5,24
2016-01-18 07:20:00,MAITRI,-1.81,62.73,966.42,57.78,186.14,35.83,5.97,4.14,10915.64,25.08,4120.33,24
2016-01-18 07:25:00,MAITRI,-2.05,62.82,965.81,59.71,178.89,36.22,6.04,4.23,10913.53,25.35,4120.17,23
2016-01-18 07:30:00,MAITRI,-1.52,62.18,965.72,57.9,199.89,35.14,5.86,4.32,10911.48,24.6,4120.01,24
2016-01-18 07:35:00,MAITRI,-1.17,61.96,965.48,56.77,218.7,34.34,5.72,4.42,10909.48,24.04,4119.85,23
2016-01-18 07:40:00,MAITRI,-1.65,61.79,965.39,57.81,212.79,34.91,5.82,4.53,10907.44,24.44,4119.68,24
2016-01-18 07:45:00,MAITRI,-1.61,61.88,965.62,56.47,218.69,36.33,6.05,4.64,10905.32,25.43,4119.52,23
2016-01-18 07:50:00,MAITRI,-1.59,61.97,965.32,54.96,244.61,34.05,5.67,4.77,10903.34,23.83,4119.36,23
2016-01-18 07:55:00,MAITRI,-1.75,61.76,965.78,54.17,255.31,35.13,5.85,4.9,10901.29,24.59,4119.2,23
2016-01-18 08:00:00,MAITRI,-1.75,61.5,965.32,55.01,260.77,34.58,5.76,5.04,10899.27,24.21,4119.03,24
2016-01-18 08:05:00,MAITRI,-1.62,61.55,965.17,55.53,272.68,30.67,5.11,5.14,10897.48,21.47,4118.87,24
2016-01-18 08:10:00,MAITRI,-1.32,61.96,966.15,54.66,290.62,32.02,5.34,5.28,10895.61,22.41,4118.69,25
2016-01-18 08:15:00,MAITRI,-1.45,62.07,966.29,55.52,300.38,32.67,5.44,5.43,10893.71,22.87,4118.52,25
2016-01-18 08:20:00,MAITRI,-1.24,62.3,966.2,54.58,292.11,33.86,5.64,5.59,10891.73,23.71,4118.34,26
2016-01-18 08:25:00,MAITRI,-1.04,61.76,966.54,53.11,302.46,33.38,5.56,5.74,10889.78,23.36,4118.16,26
2016-01-18 08:30:00,MAITRI,-0.84,62.13,966.47,54.86,316.94,34.53,5.75,5.91,10887.77,24.17,4117.97,27
2016-01-18 08:35:00,MAITRI,-0.86,61.9,966.68,56.75,312.78,34.07,5.68,6.07,10885.78,23.85,4117.78,27
2016-01-18 08:40:00,MAITRI,-0.57,61.8,967.06,55.22,333.66,32.16,5.36,6.25,10883.91,22.51,4117.6,27
2016-01-18 08:45:00,MAITRI,-0.45,62.01,966.73,53.95,346.08,29.4,4.9,6.38,10882.19,20.58,4117.4,28
2016-01-18 08:50:00,MAITRI,-1.1,61.26,967.37,55.42,339.56,32.69,5.45,6.56,10880.29,22.88,4117.21,28
2016-01-18 08:55:00,MAITRI,-1.14,61.33,967.13,54.01,357.55,32.5,5.42,6.75,10878.39,22.75,4117.01,28
2016-01-18 09:00:00,MAITRI,-0.94,61.49,967.44,52.32,366.61,31.88,5.31,6.94,10876.53,22.32,4116.83,27
2016-01-18 09:05:00,MAITRI,-1.05,62.31,966.56,52.34,366.21,29.74,4.96,7.11,10874.79,20.82,4116.64,27
2016-01-18 09:10:00,MAITRI,-0.86,63.03,965.82,51.52,397.5,29.8,4.97,7.32,10873.06,20.86,4116.45,27
2016-01-18 09:15:00,MAITRI,-1.37,63.23,964.93,53.1,392.49,30.93,5.15,7.53,10871.25,21.65,4116.26,27
2016-01-18 09:20:00,MAITRI,-1.52,63.07,965.21,53.79,395.2,29.08,4.85,7.73,10869.56,20.35,4116.08,26
2016-01-18 09:25:00,MAITRI,-1.12,63.29,966.04,52.04,408.14,28.94,4.82,7.94,10867.87,20.26,4115.9,26
2016-01-18 09:30:00,MAITRI,-1.65,63.18,965.03,53.38,417.67,27.83,4.64,8.16,10866.25,19.48,4115.72,26
2016-01-18 09:35:00,MAITRI,-1.75,62.69,965.03,54.2,414.04,27.63,4.61,8.35,10864.63,19.34,4115.53,27
2016-01-18 09:40:00,MAITRI,-2.17,62.94,965.56,55.99,421.87,54.53,9.09,8.57,10861.45,38.17,4115.35,27
2016-01-18 09:45:00,MAITRI,-2.24,63.28,965.94,56.21,422.91,63.28,10.55,8.79,10857.76,44.3,4115.16,27
2016-01-18 09:50:00,MAITRI,-2.08,63.17,965.68,57.3,443.08,50.65,8.44,9.02,10854.81,35.46,4114.97,28
2016-01-18 09:55:00,MAITRI,-1.51,62.76,966.32,56.32,431.91,58.23,9.7,9.25,10851.41,40.76,4114.78,27
2016-01-18 10:00:00,MAITRI,-1.27,62.9,965.88,55.68,455.34,62.77,10.46,9.49,10847.75,43.94,4114.59,27
2016-01-18 10:05:00,MAITRI,-0.93,63.07,966.11,54.65,453.25,57.71,9.62,9.72,10844.38,40.4,4114.4,27
2016-01-18 10:10:00,MAITRI,-1.3,63.04,966.49,55.42,442.24,65.74,10.96,9.95,10840.55,46.02,4114.21,28
2016-01-18 10:15:00,MAITRI,-1.2,63.03,966.14,54.52,473.34,52.15,8.69,10.2,10837.5,36.5,4114.02,27
2016-01-18 10:20:00,MAITRI,-1.03,62.78,966.53,52.97,477.67,51.41,8.57,10.45,10834.51,35.99,4113.83,27
2016-01-18 10:25:00,MAITRI,-0.71,63.76,967.25,51.37,479.47,57.54,9.59,10.7,10831.15,40.28,4113.65,27
2016-01-18 10:30:00,MAITRI,-0.5,63.56,967.47,50.12,484.54,54.63,9.11,10.95,10827.96,38.24,4113.46,27
2016-01-18 10:35:00,MAITRI,-0.32,63.16,967.7,50.28,507.26,52.99,8.83,11.22,10824.87,37.1,4113.27,27
2016-01-18 10:40:00,MAITRI,-0.24,62.69,967.52,49.11,485.25,54.29,9.05,11.47,10821.7,38.0,4113.09,26
2016-01-18 10:45:00,MAITRI,0.1,62.58,967.99,48.79,500.9,61.5,10.25,11.73,10818.12,43.05,4112.91,26
2016-01-18 10:50:00,MAITRI,0.16,62.18,968.57,47.67,491.49,60.16,10.03,11.99,10814.61,42.11,4112.73,26
2016-01-18 10:55:00,MAITRI,0.29,62.05,968.72,46.94,508.42,47.38,7.9,12.25,10811.84,33.17,4112.54,27
2016-01-18 11:00:00,MAITRI,0.57,62.27,968.88,45.68,514.67,46.11,7.69,12.52,10809.15,32.28,4112.36,26
2016-01-18 11:05:00,MAITRI,0.35,63.23,968.75,45.68,521.63,63.81,10.64,12.79,10805.43,44.67,4112.18,26
2016-01-18 11:10:00,MAITRI,0.66,62.98,969.02,46.08,527.02,25.35,4.22,13.07,10803.95,17.74,4112.0,26
2016-01-18 11:15:00,MAITRI,0.69,62.78,968.68,46.7,524.06,22.98,3.83,13.31,10802.61,16.09,4111.81,28
2016-01-18 11:20:00,MAITRI,0.94,63.73,969.01,46.91,531.22,23.94,3.99,13.57,10801.21,16.76,4111.6,29
2016-01-18 11:25:00,MAITRI,0.88,63.35,968.71,47.77,525.4,25.35,4.23,13.84,10799.74,17.75,4111.4,29
2016-01-18 11:30:00,MAITRI,0.97,62.81,968.49,46.92,543.96,25.8,4.3,14.13,10798.23,18.06,4111.2,29
2016-01-18 11:35:00,MAITRI,1.03,62.95,967.99,48.35,527.58,26.22,4.37,14.4,10796.7,18.35,4111.0,29
2016-01-18 11:40:00,MAITRI,0.65,63.03,968.27,49.45,516.28,21.92,3.65,14.61,10795.42,15.34,4110.81,28
2016-01-18 11:45:00,MAITRI,0.48,63.23,967.32,49.86,530.46,25.83,4.3,14.89,10793.92,18.08,4110.61,28
2016-01-18 11:50:00,MAITRI,0.43,63.82,967.14,50.56,533.52,25.78,4.3,15.17,10792.41,18.05,4110.42,28
2016-01-18 11:55:00,MAITRI,0.35,64.3,966.84,50.87,531.55,24.77,4.13,15.44,10790.97,17.34,4110.22,28
2016-01-18 12:00:00,MAITRI,0.48,63.86,966.73,52.66,519.06,25.56,4.26,15.72,10789.48,17.89,4110.03,28
2016-01-18 12:05:00,MAITRI,0.31,64.14,966.04,53.37,536.7,22.43,3.74,15.96,10788.17,15.7,4109.83,28
2016-01-18 12:10:00,MAITRI,0.58,63.71,966.15,55.07,509.03,25.65,4.28,16.23,10786.67,17.96,4109.64,28
2016-01-18 12:15:00,MAITRI,0.6,63.76,965.97,54.39,510.96,23.98,4.0,16.48,10785.27,16.79,4109.45,27
2016-01-18 12:20:00,MAITRI,0.46,63.05,966.03,53.82,528.3,22.97,3.83,16.73,10783.93,16.08,4109.26,27
2016-01-18 12:25:00,MAITRI,0.64,62.73,966.47,53.69,523.74,26.12,4.35,17.0,10782.41,18.29,4109.07,28
2016-01-18 12:30:00,MAITRI,0.38,62.17,966.83,54.3,503.09,26.15,4.36,17.26,10780.88,18.31,4108.87,28
2016-01-18 12:35:00,MAITRI,0.39,62.53,966.48,54.61,517.08,24.87,4.15,17.53,10779.43,17.41,4108.68,28
2016-01-18 12:40:00,MAITRI,0.83,62.07,966.58,53.74,512.8,25.35,4.23,17.8,10777.95,17.75,4108.49,27
2016-01-18 12:45:00,MAITRI,0.29,62.49,965.48,54.73,496.93,26.66,4.44,18.06,10776.4,18.66,4108.31,27
2016-01-18 12:50:00,MAITRI,0.42,62.2,965.85,53.66,501.26,25.93,4.32,18.32,10774.89,18.15,4108.11,28
2016-01-18 12:55:00,MAITRI,0.35,62.22,965.34,54.28,501.99,24.75,4.12,18.56,10773.44,17.32,4107.91,29
2016-01-18 13:00:00,MAITRI,0.39,62.53,965.17,53.94,507.33,27.31,4.55,18.82,10771.85,19.12,4107.71,29
2016-01-18 13:05:00,MAITRI,0.81,63.16,965.06,53.2,503.87,26.03,4.34,19.09,10770.33,18.22,4107.51,29
2016-01-18 13:10:00,MAITRI,0.64,58.22,965.32,55.08,506.19,27.31,4.55,19.35,10768.74,19.12,4107.31,29
2016-01-18 13:15:00,MAITRI,0.9,58.59,965.39,53.59,492.11,26.44,4.41,19.61,10767.2,18.51,4107.1,29
2016-01-18 13:20:00,MAITRI,0.99,58.81,965.56,52.3,484.58,23.88,3.98,19.82,10765.8,16.72,4106.91,28
2016-01-18 13:25:00,MAITRI,1.16,56.76,966.06,50.92,499.79,25.57,4.26,20.08,10764.31,17.9,4106.72,28
2016-01-18 13:30:00,MAITRI,0.62,57.5,965.06,52.19,487.53,25.12,4.19,20.32,10762.85,17.59,4106.51,29
2016-01-18 13:35:00,MAITRI,0.88,58.83,964.84,52.16,489.79,25.56,4.26,20.57,10761.35,17.89,4106.31,29
2016-01-18 13:40:00,MAITRI,0.78,59.51,964.32,52.72,477.63,25.63,4.27,20.8,10759.86,17.94,4106.11,29
2016-01-18 13:45:00,MAITRI,0.87,60.15,964.39,52.01,477.04,27.55,4.59,21.05,10758.25,19.29,4105.91,29
2016-01-18 13:50:00,MAITRI,0.87,60.85,964.85,50.57,482.58,26.93,4.49,21.3,10756.68,18.85,4105.71,29
2016-01-18 13:55:00,MAITRI,1.02,60.83,964.37,50.91,464.18,25.3,4.22,21.5,10755.21,17.71,4105.51,29
2016-01-18 14:00:00,MAITRI,0.95,61.21,964.68,50.73,449.9,28.68,4.78,21.74,10753.53,20.08,4105.31,28
2016-01-18 14:05:00,MAITRI,1.04,61.27,965.26,49.42,448.76,28.58,4.76,21.97,10751.87,20.0,4105.12,28
2016-01-18 14:10:00,MAITRI,1.45,59.13,965.82,48.86,458.03,28.89,4.82,22.21,10750.18,20.22,4104.92,29
2016-01-18 14:15:00,MAITRI,1.54,59.77,965.82,47.54,435.11,25.42,4.24,22.39,10748.7,17.79,4104.72,28
2016-01-18 14:20:00,MAITRI,1.71,59.58,966.45,47.93,440.63,27.16,4.53,22.61,10747.11,19.01,4104.53,28
2016-01-18 14:25:00,MAITRI,1.56,60.05,966.16,47.04,443.68,26.92,4.49,22.83,10745.54,18.84,4104.33,28
2016-01-18 14:30:00,MAITRI,1.47,61.1,966.01,47.35,432.6,28.4,4.73,23.05,10743.89,19.88,4104.14,28
2016-01-18 14:35:00,MAITRI,1.28,56.08,966.76,48.21,407.35,26.36,4.39,23.23,10742.35,18.45,4103.95,27
2016-01-18 14:40:00,MAITRI,1.19,56.76,966.68,48.28,412.46,29.67,4.94,23.44,10740.62,20.77,4103.76,28
2016-01-18 14:45:00,MAITRI,0.96,52.54,967.17,49.02,415.71,29.59,4.93,23.66,10738.89,20.71,4103.56,28
2016-01-18 14:50:00,MAITRI,0.88,53.19,967.22,51.49,396.4,29.74,4.96,23.87,10737.16,20.82,4103.37,28
2016-01-18 14:55:00,MAITRI,0.44,53.95,966.21,52.72,395.03,31.48,5.25,24.07,10735.32,22.04,4103.17,28
2016-01-18 15:00:00,MAITRI,0.69,54.98,965.97,52.54,376.53,30.08,5.01,24.27,10733.57,21.06,4102.97,29
2016-01-18 15:05:00,MAITRI,0.53,55.58,966.09,53.74,353.39,30.73,5.12,24.45,10731.77,21.51,4102.78,28
2016-01-18 15:10:00,MAITRI,0.56,56.41,965.97,52.3,349.88,29.86,4.98,24.61,10730.03,20.9,4102.58,28
2016-01-18 15:15:00,MAITRI,0.71,56.81,966.38,52.13,358.61,30.41,5.07,24.8,10728.26,21.29,4102.4,27
2016-01-18 15:20:00,MAITRI,0.74,57.45,966.14,52.33,340.44,31.6,5.27,24.98,10726.41,22.12,4102.2,28
2016-01-18 15:25:00,MAITRI,0.87,58.16,966.47,50.68,335.83,30.24,5.04,25.11,10724.65,21.16,4102.0,29
2016-01-18 15:30:00,MAITRI,0.73,59.3,965.96,51.2,313.76,30.64,5.11,25.23,10722.86,21.45,4101.8,29
2016-01-18 15:35:00,MAITRI,0.88,59.71,965.96,51.35,317.19,33.54,5.59,25.4,10720.91,23.48,4101.6,29
2016-01-18 15:40:00,MAITRI,0.82,59.78,965.87,53.5,303.67,34.8,5.8,25.56,10718.88,24.36,4101.4,28
2016-01-18 15:45:00,MAITRI,1.18,59.61,966.47,52.11,287.04,33.05,5.51,25.68,10716.95,23.14,4101.2,29
2016-01-18 15:50:00,MAITRI,1.19,59.73,965.81,52.26,262.68,36.08,6.01,25.82,10714.84,25.26,4101.01,28
2016-01-18 15:55:00,MAITRI,0.88,60.15,965.0,53.27,263.94,35.16,5.86,25.96,10712.79,24.61,4100.82,27
2016-01-18 16:00:00,MAITRI,0.95,61.37,965.19,51.71,267.35,32.87,5.48,26.07,10710.88,23.01,4100.63,27
2016-01-18 16:05:00,MAITRI,0.72,58.33,965.1,52.02,247.19,32.39,5.4,26.15,10708.99,22.67,4100.44,27
2016-01-18 16:10:00,MAITRI,0.63,58.92,965.39,52.18,247.5,36.96,6.16,26.28,10706.83,25.87,4100.26,27
2016-01-18 16:15:00,MAITRI,0.55,59.5,965.52,53.48,225.72,34.74,5.79,26.38,10704.8,24.31,4100.07,27
2016-01-18 16:20:00,MAITRI,0.49,60.1,965.67,52.83,230.56,34.96,5.83,26.48,10702.76,24.47,4099.88,27
2016-01-18 16:25:00,MAITRI,0.53,59.78,965.58,53.66,196.97,37.8,6.3,26.59,10700.56,26.46,4099.69,28
2016-01-18 16:30:00,MAITRI,0.55,60.8,965.62,55.63,195.53,39.97,6.66,26.69,10698.23,27.98,4099.49,28
2016-01-18 16:35:00,MAITRI,0.48,61.32,965.65,56.19,190.02,37.56,6.26,26.78,10696.04,26.29,4099.3,28
2016-01-18 16:40:00,MAITRI,0.63,61.33,965.76,55.02,168.18,40.86,6.81,26.87,10693.65,28.6,4099.1,29
2016-01-18 16:45:00,MAITRI,0.89,61.43,965.39,54.43,171.68,38.28,6.38,26.95,10691.42,26.8,4098.9,28
2016-01-18 16:50:00,MAITRI,0.57,60.72,965.92,54.47,156.44,38.78,6.46,27.02,10689.16,27.14,4098.71,28
2016-01-18 16:55:00,MAITRI,0.52,60.73,966.42,54.35,149.32,40.51,6.75,27.1,10686.79,28.36,4098.51,28
2016-01-18 17:00:00,MAITRI,0.17,61.99,966.5,54.76,134.68,37.75,6.29,27.13,10684.59,26.42,4098.32,28
2016-01-18 17:05:00,MAITRI,0.56,62.42,967.11,54.07,125.63,43.09,7.18,27.19,10682.08,30.16,4098.13,27
2016-01-18 17:10:00,MAITRI,0.38,63.27,965.92,55.21,108.13,41.34,6.89,27.25,10679.67,28.94,4097.94,28
2016-01-18 17:15:00,MAITRI,0.33,62.2,966.04,57.09,116.61,37.72,6.29,27.26,10677.47,26.4,4097.76,26
2016-01-18 17:20:00,MAITRI,0.14,62.46,966.29,57.61,100.59,42.06,7.01,27.32,10675.01,29.44,4097.57,27
2016-01-18 17:25:00,MAITRI,0.48,62.49,966.38,55.29,73.15,41.9,6.98,27.35,10672.57,29.33,4097.38,27
2016-01-18 17:30:00,MAITRI,0.75,62.81,966.48,53.02,73.95,43.93,7.32,27.39,10670.01,30.75,4097.19,27
2016-01-18 17:35:00,MAITRI,0.7,62.39,966.7,51.51,67.65,40.63,6.77,27.39,10667.64,28.44,4097.01,27
2016-01-18 17:40:00,MAITRI,0.89,62.58,966.66,50.05,51.88,43.1,7.18,27.41,10665.12,30.17,4096.82,27
2016-01-18 17:45:00,MAITRI,1.11,62.57,966.94,48.5,36.85,43.59,7.27,27.42,10662.58,30.51,4096.62,28
2016-01-18 17:50:00,MAITRI,1.2,62.69,967.44,49.29,20.87,44.07,7.35,27.42,10660.01,30.85,4096.43,28
2016-01-18 17:55:00,MAITRI,1.04,61.6,967.33,50.35,7.48,45.39,7.57,27.42,10657.36,31.77,4096.24,28
2016-01-18 18:00:00,MAITRI,1.04,61.61,967.0,50.36,13.54,43.86,7.31,27.41,10654.8,30.7,4096.04,28
2016-01-18 18:05:00,MAITRI,1.07,61.88,967.35,49.45,0.0,44.14,7.36,27.38,10652.23,30.9,4095.85,28
2016-01-18 18:10:00,MAITRI,0.89,62.03,967.1,49.84,3.58,46.13,7.69,27.39,10649.54,32.29,4095.65,28
2016-01-18 18:15:00,MAITRI,0.79,62.28,967.27,50.78,0.0,45.14,7.52,27.38,10646.9,31.6,4095.47,27
2016-01-18 18:20:00,MAITRI,0.5,57.23,967.25,52.29,0.0,44.52,7.42,27.38,10644.31,31.17,4095.28,27
2016-01-18 18:25:00,MAITRI,0.43,58.35,967.23,51.95,0.0,46.98,7.83,27.38,10641.57,32.88,4095.08,28
2016-01-18 18:30:00,MAITRI,0.69,58.99,967.58,51.58,9.72,46.3,7.72,27.39,10638.87,32.41,4094.88,29
2016-01-18 18:35:00,MAITRI,0.76,59.22,967.5,51.09,0.0,45.52,7.59,27.39,10636.21,31.87,4094.69,28
2016-01-18 18:40:00,MAITRI,0.61,59.59,967.11,51.76,0.46,45.86,7.64,27.39,10633.53,32.11,4094.49,28
2016-01-18 18:45:00,MAITRI,0.68,59.84,966.59,51.39,0.0,46.96,7.83,27.39,10630.8,32.87,4094.3,28
2016-01-18 18:50:00,MAITRI,0.17,60.09,965.54,52.63,14.11,44.27,7.38,27.38,10628.21,30.99,4094.1,28
2016-01-18 18:55:00,MAITRI,0.21,60.46,965.29,52.87,0.0,46.75,7.79,27.38,10625.49,32.73,4093.92,27
2016-01-18 19:00:00,MAITRI,0.16,60.45,965.54,51.71,3.86,42.13,7.02,27.34,10623.03,29.49,4093.74,26
2016-01-18 19:05:00,MAITRI,0.14,61.05,964.99,52.34,4.41,45.54,7.59,27.35,10620.37,31.88,4093.55,27
2016-01-18 19:10:00,MAITRI,0.22,61.54,964.76,52.85,0.0,44.58,7.43,27.34,10617.77,31.2,4093.36,27
2016-01-18 19:15:00,MAITRI,-0.12,61.95,964.71,55.48,0.0,45.58,7.6,27.34,10615.11,31.91,4093.17,28
2016-01-18 19:20:00,MAITRI,-0.04,62.27,964.59,55.02,0.0,45.37,7.56,27.33,10612.47,31.76,4092.97,28
2016-01-18 19:25:00,MAITRI,-0.18,62.28,964.95,56.88,0.0,44.83,7.47,27.33,10609.85,31.38,4092.79,26
2016-01-18 19:30:00,MAITRI,0.03,62.38,964.72,57.9,2.52,44.64,7.44,27.33,10607.25,31.25,4092.61,26
2016-01-18 19:35:00,MAITRI,-0.11,62.41,964.56,58.16,0.38,44.78,7.46,27.32,10604.63,31.35,4092.42,27
2016-01-18 19:40:00,MAITRI,0.21,62.57,964.56,58.29,0.0,45.69,7.61,27.32,10601.97,31.98,4092.24,27
2016-01-18 19:45:00,MAITRI,0.11,63.06,964.96,58.52,6.37,46.03,7.67,27.33,10599.28,32.22,4092.06,26
2016-01-18 19:50:00,MAITRI,-0.2,62.87,965.44,60.25,1.15,45.72,7.62,27.33,10596.62,32.01,4091.87,26
2016-01-18 19:55:00,MAITRI,-0.23,62.37,966.2,58.47,0.0,45.63,7.6,27.33,10593.96,31.94,4091.69,27
2016-01-18 20:00:00,MAITRI,-0.65,62.62,966.31,60.04,0.0,43.56,7.26,27.3,10591.41,30.49,4091.5,27
2016-01-18 20:05:00,MAITRI,-0.78,62.87,965.97,60.31,2.48,43.01,7.17,27.26,10588.91,30.11,4091.31,27
2016-01-18 20:10:00,MAITRI,-0.8,62.12,966.09,61.96,7.92,44.75,7.46,27.26,10586.3,31.32,4091.13,26
2016-01-18 20:15:00,MAITRI,-0.81,62.41,966.2,61.22,7.17,43.82,7.3,27.26,10583.74,30.68,4090.96,25
2016-01-18 20:20:00,MAITRI,-1.15,62.11,965.69,61.34,0.0,44.1,7.35,27.26,10581.17,30.87,4090.79,24
2016-01-18 20:25:00,MAITRI,-0.99,62.74,965.86,61.24,4.73,43.49,7.25,27.27,10578.63,30.44,4090.63,23
2016-01-18 20:30:00,MAITRI,-0.65,62.93,966.27,60.0,1.18,42.16,7.03,27.25,10576.17,29.51,4090.48,22
2016-01-18 20:35:00,MAITRI,-0.81,63.07,966.07,62.28,12.38,42.52,7.09,27.25,10573.69,29.76,4090.33,22
2016-01-18 20:40:00,MAITRI,-0.5,63.36,966.11,60.6,2.7,43.65,7.28,27.25,10571.14,30.56,4090.17,22
2016-01-18 20:45:00,MAITRI,-0.58,63.29,966.53,60.11,0.16,44.46,7.41,27.25,10568.55,31.12,4090.02,22
2016-01-18 20:50:00,MAITRI,-0.72,63.06,966.67,60.82,0.0,44.62,7.44,27.25,10565.95,31.23,4089.87,22
2016-01-18 20:55:00,MAITRI,-0.61,62.08,966.75,62.18,1.96,40.72,6.79,27.21,10563.57,28.51,4089.71,23
2016-01-18 21:00:00,MAITRI,-0.9,61.72,966.69,61.76,0.0,43.87,7.31,27.21,10561.01,30.71,4089.55,23
2016-01-18 21:05:00,MAITRI,-0.75,61.16,967.23,61.77,0.0,41.17,6.86,27.17,10558.61,28.82,4089.39,23
2016-01-18 21:10:00,MAITRI,-1.04,61.34,966.61,64.27,0.0,46.59,7.76,27.17,10555.89,32.61,4089.22,24
2016-01-18 21:15:00,MAITRI,-0.83,61.22,966.81,62.92,7.93,43.79,7.3,27.17,10553.34,30.65,4089.06,24
2016-01-18 21:20:00,MAITRI,-0.7,61.37,966.89,61.06,8.85,43.58,7.26,27.18,10550.8,30.51,4088.89,24
2016-01-18 21:25:00,MAITRI,-0.65,61.71,966.74,60.56,0.0,41.7,6.95,27.14,10548.37,29.19,4088.73,23
2016-01-18 21:30:00,MAITRI,-0.73,61.89,966.71,60.15,10.67,44.23,7.37,27.15,10545.78,30.96,4088.56,24
2016-01-18 21:35:00,MAITRI,-0.77,62.13,967.32,61.75,2.37,41.62,6.94,27.11,10543.36,29.13,4088.4,24
2016-01-18 21:40:00,MAITRI,-1.04,61.64,967.3,61.45,0.0,42.68,7.11,27.09,10540.87,29.88,4088.23,24
2016-01-18 21:45:00,MAITRI,-1.36,58.72,967.4,62.56,0.0,43.65,7.28,27.09,10538.32,30.56,4088.07,23
2016-01-18 21:50:00,MAITRI,-1.05,59.03,967.92,61.11,0.0,45.34,7.56,27.09,10535.68,31.74,4087.92,22
2016-01-18 21:55:00,MAITRI,-0.93,59.55,968.13,60.93,15.62,42.85,7.14,27.1,10533.18,30.0,4087.76,23
2016-01-18 22:00:00,MAITRI,-0.9,60.01,968.42,61.58,0.0,44.95,7.49,27.1,10530.55,31.46,4087.6,23
2016-01-18 22:05:00,MAITRI,-1.03,60.26,968.42,61.56,1.51,55.4,9.23,25.66,10527.32,38.78,4087.44,22
2016-01-18 22:10:00,MAITRI,-1.18,60.45,967.9,61.49,16.6,50.31,8.39,24.66,10524.39,35.22,4087.29,22
2016-01-18 22:15:00,MAITRI,-1.15,60.65,967.99,62.17,10.25,57.41,9.57,23.71,10521.04,40.19,4087.14,22
2016-01-18 22:20:00,MAITRI,-1.39,61.3,966.87,62.07,13.86,54.81,9.13,23.11,10517.84,38.37,4086.99,22
2016-01-18 22:25:00,MAITRI,-1.35,61.28,967.0,62.11,0.0,51.44,8.57,22.49,10514.84,36.01,4086.83,22
2016-01-18 22:30:00,MAITRI,-1.48,61.17,966.66,62.6,3.04,54.14,9.02,21.65,10511.68,37.9,4086.68,22
2016-01-18 22:35:00,MAITRI,-1.47,60.6,966.95,61.07,0.0,51.24,8.54,20.45,10508.69,35.87,4086.53,22
2016-01-18 22:40:00,MAITRI,-1.91,61.51,966.51,63.64,4.39,55.36,9.23,19.9,10505.46,38.75,4086.37,23
2016-01-18 22:45:00,MAITRI,-1.64,62.08,966.68,64.21,0.0,53.33,8.89,19.11,10502.35,37.33,4086.22,22
2016-01-18 22:50:00,MAITRI,-1.43,62.12,967.13,63.28,0.0,53.32,8.89,17.74,10499.24,37.33,4086.06,22
2016-01-18 22:55:00,MAITRI,-1.81,62.21,967.05,64.65,0.0,52.02,8.67,17.19,10496.21,36.41,4085.9,23
2016-01-18 23:00:00,MAITRI,-1.81,61.97,966.87,63.39,0.0,53.38,8.9,16.04,10493.09,37.36,4085.74,23
2016-01-18 23:05:00,MAITRI,-1.93,62.09,967.39,62.44,0.0,57.59,9.6,14.98,10489.74,40.31,4085.58,23
2016-01-18 23:10:00,MAITRI,-1.75,61.79,967.5,60.69,0.0,51.82,8.64,14.23,10486.71,36.27,4085.42,23
2016-01-18 23:15:00,MAITRI,-1.73,61.53,967.22,60.7,11.56,59.54,9.92,12.92,10483.24,41.68,4085.26,23
2016-01-18 23:20:00,MAITRI,-1.7,61.81,967.04,60.93,13.59,51.62,8.6,11.7,10480.23,36.14,4085.1,23
2016-01-18 23:25:00,MAITRI,-1.94,61.8,966.66,61.84,9.43,54.17,9.03,11.12,10477.07,37.92,4084.94,23
2016-01-18 23:30:00,MAITRI,-2.3,62.82,966.26,62.47,0.52,54.26,9.04,10.59,10473.9,37.98,4084.78,23
2016-01-18 23:35:00,MAITRI,-2.42,63.35,966.1,62.53,0.0,57.87,9.65,9.22,10470.53,40.51,4084.62,24
2016-01-18 23:40:00,MAITRI,-2.34,63.7,966.02,62.23,0.23,58.86,9.81,8.58,10467.09,41.2,4084.46,23
2016-01-18 23:45:00,MAITRI,-2.64,63.53,965.09,62.67,11.11,54.83,9.14,7.35,10463.9,38.38,4084.3,23
2016-01-18 23:50:00,MAITRI,-2.44,63.52,965.93,62.93,0.0,56.05,9.34,5.89,10460.63,39.24,4084.14,23
2016-01-18 23:55:00,MAITRI,-2.41,63.45,966.12,61.05,0.0,58.25,9.71,5.15,10457.23,40.77,4083.98,23
2016-01-19 00:00:00,MAITRI,-2.16,63.48,965.87,59.01,0.0,53.48,8.91,4.11,10454.11,37.44,4083.83,22
2016-01-19 00:05:00,MAITRI,-2.28,63.26,965.64,58.22,14.19,41.9,6.98,4.1,10451.66,29.33,4083.67,22
2016-01-19 00:10:00,MAITRI,-2.46,63.62,966.01,60.34,0.0,67.84,11.31,4.1,10447.71,47.49,4083.52,22
2016-01-19 00:15:00,MAITRI,-2.29,63.86,966.74,60.65,4.83,69.9,11.65,4.1,10443.63,48.93,4083.36,23
2016-01-19 00:20:00,MAITRI,-2.58,63.72,966.63,60.8,0.0,63.16,10.53,4.1,10439.94,44.21,4083.19,24
2016-01-19 00:25:00,MAITRI,-2.46,63.66,967.29,60.82,0.0,64.31,10.72,4.1,10436.19,45.01,4083.03,23
2016-01-19 00:30:00,MAITRI,-2.44,58.84,966.96,60.78,7.94,62.25,10.37,4.11,10432.56,43.57,4082.87,23
2016-01-19 00:35:00,MAITRI,-2.29,59.29,967.13,62.55,0.0,60.04,10.01,4.11,10429.06,42.02,4082.72,23
2016-01-19 00:40:00,MAITRI,-1.93,58.96,966.47,60.56,0.0,73.18,12.2,4.11,10424.79,51.23,4082.56,23
2016-01-19 00:45:00,MAITRI,-1.85,59.65,966.42,60.43,0.0,71.27,11.88,4.11,10420.63,49.89,4082.4,23
2016-01-19 00:50:00,MAITRI,-1.68,60.18,966.41,58.38,14.33,59.61,9.93,4.12,10417.16,41.73,4082.24,23
2016-01-19 00:55:00,MAITRI,-2.07,60.39,965.17,60.1,0.0,62.64,10.44,4.12,10413.5,43.85,4082.08,22
2016-01-19 01:00:00,MAITRI,-2.02,60.78,964.99,60.4,6.68,72.16,12.03,4.12,10409.29,50.51,4081.93,22
2016-01-19 01:05:00,MAITRI,-2.3,60.59,965.46,58.64,0.0,69.7,11.62,4.12,10405.23,48.79,4081.78,22
2016-01-19 01:10:00,MAITRI,-2.52,60.34,966.04,60.35,0.0,72.05,12.01,4.12,10401.02,50.44,4081.62,22
2016-01-19 01:15:00,MAITRI,-2.0,60.2,966.09,60.79,10.58,62.0,10.33,4.12,10397.41,43.4,4081.47,22
2016-01-19 01:20:00,MAITRI,-2.02,60.43,966.08,61.03,1.18,73.21,12.2,4.13,10393.14,51.24,4081.32,22
2016-01-19 01:25:00,MAITRI,-2.05,60.1,966.1,61.15,0.0,67.99,11.33,4.13,10389.17,47.6,4081.17,21
2016-01-19 01:30:00,MAITRI,-2.41,60.55,966.13,62.33,4.05,74.97,12.5,4.13,10384.8,52.48,4081.03,21
2016-01-19 01:35:00,MAITRI,-2.47,60.83,966.66,60.8,2.43,65.0,10.83,4.13,10381.01,45.5,4080.88,21
2016-01-19 01:40:00,MAITRI,-2.4,61.28,966.28,59.61,10.14,66.72,11.12,4.13,10377.11,46.7,4080.74,21
2016-01-19 01:45:00,MAITRI,-2.51,61.57,966.82,58.99,0.0,66.54,11.09,4.13,10373.23,46.58,4080.59,21
2016-01-19 01:50:00,MAITRI,-2.41,61.76,966.86,57.18,0.0,68.99,11.5,4.13,10369.21,48.29,4080.44,21
2016-01-19 01:55:00,MAITRI,-2.11,61.95,967.05,57.0,0.0,67.54,11.26,4.13,10365.27,47.27,4080.29,22
2016-01-19 02:00:00,MAITRI,-2.13,62.73,967.21,57.4,0.89,68.98,11.5,4.13,10361.25,48.28,4080.13,23
2016-01-19 02:05:00,MAITRI,-1.85,62.86,967.11,55.17,2.58,71.23,11.87,4.14,10357.09,49.86,4079.97,23
2016-01-19 02:10:00,MAITRI,-1.93,62.65,966.89,56.14,5.25,66.27,11.05,4.14,10353.22,46.39,4079.81,23
2016-01-19 02:15:00,MAITRI,-1.92,63.08,967.2,54.75,0.0,75.47,12.58,4.14,10348.82,52.83,4079.65,23
2016-01-19 02:20:00,MAITRI,-1.97,62.38,967.49,56.83,3.52,44.64,7.44,4.14,10346.22,31.25,4079.5,22
2016-01-19 02:25:00,MAITRI,-1.95,61.53,967.87,56.46,0.0,42.72,7.12,4.13,10343.73,29.9,4079.34,23
2016-01-19 02:30:00,MAITRI,-1.76,62.2,967.58,55.87,0.0,41.56,6.93,4.09,10341.3,29.09,4079.18,23
2016-01-19 02:35:00,MAITRI,-2.19,61.14,967.49,58.06,8.79,41.33,6.89,4.07,10338.89,28.93,4079.02,23
2016-01-19 02:40:00,MAITRI,-2.42,60.66,968.08,57.37,0.0,42.18,7.03,4.05,10336.43,29.53,4078.87,22
2016-01-19 02:45:00,MAITRI,-2.17,60.6,968.56,59.23,0.0,43.69,7.28,4.05,10333.88,30.59,4078.72,22
2016-01-19 02:50:00,MAITRI,-2.28,60.17,968.35,57.44,0.0,41.39,6.9,4.03,10331.47,28.98,4078.56,22
2016-01-19 02:55:00,MAITRI,-2.21,60.34,968.93,57.14,9.36,42.08,7.01,4.03,10329.01,29.46,4078.42,21
2016-01-19 03:00:00,MAITRI,-2.28,60.85,969.52,56.98,0.0,41.99,7.0,4.02,10326.56,29.39,4078.27,21
2016-01-19 03:05:00,MAITRI,-2.6,60.58,969.35,59.06,0.0,41.59,6.93,4.01,10324.14,29.11,4078.12,21
2016-01-19 03:10:00,MAITRI,-2.29,60.5,969.22,56.99,0.0,41.51,6.92,3.98,10321.71,29.06,4077.97,22
2016-01-19 03:15:00,MAITRI,-2.12,60.68,968.67,56.21,9.67,42.42,7.07,3.98,10319.24,29.7,4077.81,23
2016-01-19 03:20:00,MAITRI,-2.54,61.26,968.53,57.51,0.0,44.51,7.42,3.98,10316.64,31.15,4077.65,24
2016-01-19 03:25:00,MAITRI,-2.8,61.04,968.59,58.88,2.53,40.7,6.78,3.93,10314.27,28.49,4077.49,23
2016-01-19 03:30:00,MAITRI,-3.0,61.02,968.25,57.21,3.82,45.6,7.6,3.93,10311.61,31.92,4077.33,23
2016-01-19 03:35:00,MAITRI,-2.97,60.81,968.93,55.04,14.91,42.66,7.11,3.93,10309.12,29.86,4077.16,24
2016-01-19 03:40:00,MAITRI,-3.1,61.03,969.38,54.38,0.0,44.51,7.42,3.93,10306.52,31.16,4077.0,23
2016-01-19 03:45:00,MAITRI,-3.28,60.4,969.31,56.97,0.0,43.15,7.19,3.93,10304.01,30.2,4076.85,22
2016-01-19 03:50:00,MAITRI,-3.02,60.44,968.7,56.33,3.86,43.91,7.32,3.93,10301.45,30.73,4076.69,23
2016-01-19 03:55:00,MAITRI,-3.6,61.01,967.44,58.79,0.0,42.46,7.08,3.92,10298.97,29.72,4076.53,23
2016-01-19 04:00:00,MAITRI,-3.83,60.75,966.77,60.25,1.31,42.25,7.04,3.91,10296.5,29.58,4076.37,22
2016-01-19 04:05:00,MAITRI,-3.91,60.79,966.47,61.12,15.77,41.28,6.88,3.9,10294.1,28.9,4076.23,21
2016-01-19 04:10:00,MAITRI,-3.78,60.78,967.4,58.82,0.0,43.88,7.31,3.9,10291.54,30.71,4076.08,21
2016-01-19 04:15:00,MAITRI,-3.84,60.78,967.79,57.01,10.71,42.67,7.11,3.91,10289.05,29.87,4075.93,22
2016-01-19 04:20:00,MAITRI,-4.03,56.6,967.33,60.35,15.47,42.75,7.13,3.92,10286.55,29.93,4075.78,22
2016-01-19 04:25:00,MAITRI,-3.75,52.05,967.39,57.96,5.0,42.96,7.16,3.92,10284.05,30.08,4075.62,23
2016-01-19 04:30:00,MAITRI,-3.47,53.64,967.13,56.94,0.0,44.13,7.35,3.92,10281.47,30.89,4075.46,23
2016-01-19 04:35:00,MAITRI,-3.66,50.86,967.01,60.38,14.36,39.82,6.64,3.89,10279.15,27.88,4075.3,23
2016-01-19 04:40:00,MAITRI,-3.36,46.39,966.98,58.27,2.84,43.14,7.19,3.89,10276.63,30.2,4075.14,23
2016-01-19 04:45:00,MAITRI,-3.56,49.0,967.33,56.73,8.17,42.83,7.14,3.9,10274.13,29.98,4074.97,24
2016-01-19 04:50:00,MAITRI,-3.61,50.32,967.5,58.91,4.54,42.53,7.09,3.89,10271.65,29.77,4074.8,25
2016-01-19 04:55:00,MAITRI,-3.71,47.81,967.11,61.99,8.12,44.2,7.37,3.9,10269.08,30.94,4074.62,25
2016-01-19 05:00:00,MAITRI,-4.37,50.03,965.8,63.67,1.19,42.92,7.15,3.9,10266.57,30.04,4074.46,24
2016-01-19 05:05:00,MAITRI,-4.15,49.83,966.61,61.32,10.42,42.53,7.09,3.9,10264.09,29.77,4074.3,23
2016-01-19 05:10:00,MAITRI,-4.08,51.43,966.92,60.38,4.17,41.66,6.94,3.89,10261.66,29.16,4074.14,23
2016-01-19 05:15:00,MAITRI,-3.77,52.84,966.98,58.64,0.0,40.88,6.81,3.86,10259.28,28.62,4073.98,23
2016-01-19 05:20:00,MAITRI,-4.05,54.54,966.36,59.84,1.42,43.66,7.28,3.86,10256.73,30.56,4073.82,23
2016-01-19 05:25:00,MAITRI,-3.55,55.5,966.66,57.8,3.4,43.13,7.19,3.86,10254.21,30.19,4073.66,23
2016-01-19 05:30:00,MAITRI,-3.15,55.53,966.4,55.73,0.0,70.02,11.67,3.86,10250.13,49.01,4073.5,23
2016-01-19 05:35:00,MAITRI,-3.27,56.21,966.56,54.26,0.0,74.67,12.45,3.86,10245.77,52.27,4073.34,23
2016-01-19 05:40:00,MAITRI,-3.12,57.06,966.72,53.04,0.0,71.98,12.0,3.86,10241.57,50.38,4073.18,23
2016-01-19 05:45:00,MAITRI,-2.89,58.2,966.99,51.38,5.75,63.04,10.51,3.87,10237.9,44.13,4073.02,23
2016-01-19 05:50:00,MAITRI,-3.04,59.02,967.02,52.97,6.67,69.72,11.62,3.87,10233.83,48.8,4072.86,23
2016-01-19 05:55:00,MAITRI,-2.89,59.61,966.74,51.79,0.0,68.02,11.34,3.87,10229.86,47.62,4072.7,23
2016-01-19 06:00:00,MAITRI,-2.6,59.93,966.38,51.2,0.0,69.19,11.53,3.87,10225.83,48.44,4072.54,23
2016-01-19 06:05:00,MAITRI,-2.58,60.33,966.27,50.8,0.0,59.75,9.96,3.87,10222.34,41.83,4072.38,23
2016-01-19 06:10:00,MAITRI,-2.23,59.8,966.48,51.03,12.32,73.1,12.18,3.88,10218.08,51.17,4072.22,23
2016-01-19 06:15:00,MAITRI,-2.06,60.02,967.18,50.27,18.41,67.83,11.3,3.89,10214.12,47.48,4072.06,23
2016-01-19 06:20:00,MAITRI,-1.82,60.14,967.42,50.96,44.88,61.98,10.33,3.91,10210.5,43.39,4071.9,23
2016-01-19 06:25:00,MAITRI,-2.0,60.39,967.19,50.32,56.54,69.2,11.53,3.94,10206.47,48.44,4071.75,22
2016-01-19 06:30:00,MAITRI,-1.53,60.81,967.04,52.15,70.2,65.03,10.84,3.98,10202.67,45.52,4071.6,22
2016-01-19 06:35:00,MAITRI,-1.66,61.0,966.91,52.25,84.66,62.22,10.37,4.02,10199.04,43.55,4071.44,22
2016-01-19 06:40:00,MAITRI,-1.5,60.88,967.24,52.64,85.64,57.08,9.51,4.07,10195.72,39.95,4071.29,22
2016-01-19 06:45:00,MAITRI,-1.82,60.98,967.74,52.32,97.65,64.2,10.7,4.12,10191.97,44.94,4071.14,22
2016-01-19 06:50:00,MAITRI,-1.59,61.11,967.51,52.06,115.21,64.24,10.71,4.18,10188.22,44.97,4070.99,21
2016-01-19 06:55:00,MAITRI,-1.58,60.54,967.09,51.65,132.8,55.67,9.28,4.25,10184.98,38.97,4070.85,21
2016-01-19 07:00:00,MAITRI,-1.53,60.98,966.64,51.36,132.48,58.79,9.8,4.31,10181.55,41.15,4070.7,21
2016-01-19 07:05:00,MAITRI,-1.12,61.4,966.33,53.24,142.29,60.35,10.06,4.39,10178.03,42.25,4070.56,21
2016-01-19 07:10:00,MAITRI,-1.24,60.92,965.82,55.57,162.53,64.11,10.69,4.47,10174.29,44.88,4070.41,21
2016-01-19 07:15:00,MAITRI,-1.16,60.07,965.62,54.0,175.12,63.26,10.54,4.57,10170.6,44.28,4070.26,22
2016-01-19 07:20:00,MAITRI,-1.19,59.41,965.35,53.9,183.12,34.92,5.82,4.65,10168.56,24.44,4070.1,22
2016-01-19 07:25:00,MAITRI,-1.59,59.74,965.47,55.21,190.6,34.34,5.72,4.73,10166.55,24.04,4069.95,22
2016-01-19 07:30:00,MAITRI,-1.46,59.04,964.96,54.37,202.58,33.71,5.62,4.82,10164.59,23.6,4069.8,22
2016-01-19 07:35:00,MAITRI,-1.18,59.84,965.06,55.98,205.42,33.52,5.59,4.91,10162.63,23.46,4069.65,22
2016-01-19 07:40:00,MAITRI,-1.47,60.13,964.84,57.31,201.71,33.84,5.64,5.01,10160.66,23.69,4069.5,21
2016-01-19 07:45:00,MAITRI,-1.46,60.56,964.84,56.82,220.94,33.34,5.56,5.12,10158.71,23.34,4069.35,21
2016-01-19 07:50:00,MAITRI,-2.16,59.16,964.18,57.78,248.61,33.68,5.61,5.24,10156.75,23.58,4069.21,21
2016-01-19 07:55:00,MAITRI,-1.74,59.44,964.42,55.42,250.25,33.88,5.65,5.38,10154.77,23.71,4069.06,21
2016-01-19 08:00:00,MAITRI,-1.42,59.73,964.2,54.56,267.88,34.38,5.73,5.52,10152.77,24.07,4068.9,23
2016-01-19 08:05:00,MAITRI,-0.98,59.77,964.33,53.63,285.48,33.14,5.52,5.66,10150.83,23.2,4068.74,23
2016-01-19 08:10:00,MAITRI,-0.92,60.57,964.65,53.7,289.71,31.7,5.28,5.81,10148.99,22.19,4068.58,23
2016-01-19 08:15:00,MAITRI,-0.8,60.94,965.38,53.2,317.85,32.08,5.35,5.98,10147.11,22.45,4068.41,25
2016-01-19 08:20:00,MAITRI,-0.67,61.15,965.95,51.39,294.43,32.72,5.45,6.12,10145.21,22.9,4068.22,27
2016-01-19 08:25:00,MAITRI,-0.48,61.96,966.43,50.94,312.91,33.05,5.51,6.29,10143.28,23.13,4068.03,28
2016-01-19 08:30:00,MAITRI,-0.82,62.33,966.33,52.22,319.67,35.59,5.93,6.45,10141.2,24.91,4067.83,29
2016-01-19 08:35:00,MAITRI,-0.64,62.72,966.28,51.08,321.96,33.29,5.55,6.62,10139.26,23.31,4067.62,29
2016-01-19 08:40:00,MAITRI,-0.55,63.02,966.28,49.42,342.75,33.73,5.62,6.8,10137.29,23.61,4067.42,30
2016-01-19 08:45:00,MAITRI,-0.43,62.87,967.24,48.51,351.63,28.43,4.74,6.92,10135.63,19.9,4067.22,29
2016-01-19 08:50:00,MAITRI,-0.18,62.88,967.12,47.38,347.41,31.06,5.18,7.08,10133.82,21.74,4067.01,29
2016-01-19 08:55:00,MAITRI,-0.55,63.0,967.6,49.35,358.21,32.54,5.42,7.26,10131.92,22.78,4066.82,28
2016-01-19 09:00:00,MAITRI,-0.55,62.31,967.33,49.74,377.55,31.54,5.26,7.46,10130.08,22.08,4066.63,27
2016-01-19 09:05:00,MAITRI,-0.3,61.61,967.42,49.5,383.44,28.39,4.73,7.64,10128.43,19.87,4066.45,26
2016-01-19 09:10:00,MAITRI,-0.25,61.75,966.58,49.69,372.96,28.96,4.83,7.82,10126.74,20.27,4066.27,26
2016-01-19 09:15:00,MAITRI,-0.2,61.89,966.28,49.75,392.27,30.54,5.09,8.03,10124.96,21.37,4066.09,26
2016-01-19 09:20:00,MAITRI,-0.42,61.76,966.58,49.33,408.4,27.3,4.55,8.22,10123.36,19.11,4065.91,26
2016-01-19 09:25:00,MAITRI,-1.05,62.26,965.25,51.01,401.75,28.45,4.74,8.42,10121.71,19.92,4065.73,26
2016-01-19 09:30:00,MAITRI,-0.84,62.55,965.68,53.3,412.92,27.72,4.62,8.63,10120.09,19.4,4065.55,26
2016-01-19 09:35:00,MAITRI,-0.54,61.95,965.39,51.37,411.6,27.12,4.52,8.82,10118.51,18.99,4065.37,26
2016-01-19 09:40:00,MAITRI,-0.56,62.59,965.13,49.96,446.84,25.77,4.29,9.03,10117.0,18.04,4065.19,26
2016-01-19 09:45:00,MAITRI,-0.68,61.09,965.32,49.04,423.74,29.36,4.89,9.25,10115.29,20.55,4065.0,27
2016-01-19 09:50:00,MAITRI,-1.1,61.42,964.75,50.92,447.9,27.56,4.59,9.49,10113.68,19.29,4064.81,27
2016-01-19 09:55:00,MAITRI,-0.97,60.92,964.59,50.17,447.19,29.2,4.87,9.72,10111.98,20.44,4064.62,27
2016-01-19 10:00:00,MAITRI,-0.82,61.35,964.5,48.78,463.05,27.6,4.6,9.96,10110.37,19.32,4064.43,28
2016-01-19 10:05:00,MAITRI,-0.86,62.26,964.96,49.62,471.88,28.12,4.69,10.21,10108.73,19.68,4064.24,28
2016-01-19 10:10:00,MAITRI,-1.31,62.46,964.19,51.36,465.08,28.21,4.7,10.45,10107.08,19.75,4064.04,28
2016-01-19 10:15:00,MAITRI,-0.95,62.26,964.99,50.35,473.62,26.83,4.47,10.7,10105.52,18.78,4063.85,28
2016-01-19 10:20:00,MAITRI,-0.9,62.13,965.49,49.33,483.54,26.5,4.42,10.95,10103.97,18.55,4063.66,27
2016-01-19 10:25:00,MAITRI,-0.69,62.25,965.79,48.34,488.43,25.08,4.18,11.19,10102.51,17.55,4063.47,27
2016-01-19 10:30:00,MAITRI,-0.52,62.46,966.26,47.38,482.51,25.61,4.27,11.45,10101.02,17.93,4063.29,26
2016-01-19 10:35:00,MAITRI,-0.48,62.48,965.48,47.48,488.33,24.4,4.07,11.68,10099.59,17.08,4063.1,27
2016-01-19 10:40:00,MAITRI,-0.32,62.95,965.55,46.55,512.23,25.74,4.29,11.94,10098.09,18.02,4062.92,26
2016-01-19 10:45:00,MAITRI,-0.92,62.28,964.55,48.8,505.28,23.98,4.0,12.2,10096.69,16.79,4062.74,26
2016-01-19 10:50:00,MAITRI,-0.73,62.31,964.1,48.93,510.07,25.91,4.32,12.46,10095.18,18.14,4062.56,26
2016-01-19 10:55:00,MAITRI,-0.35,62.22,964.63,49.25,516.1,26.71,4.45,12.73,10093.62,18.7,4062.37,27
2016-01-19 11:00:00,MAITRI,-0.19,62.41,964.29,49.44,507.38,24.01,4.0,12.98,10092.22,16.81,4062.19,27
2016-01-19 11:05:00,MAITRI,-0.41,62.48,964.71,50.37,512.82,24.05,4.01,13.24,10090.82,16.83,4062.01,26
2016-01-19 11:10:00,MAITRI,-0.05,62.68,965.28,50.08,510.75,21.8,3.63,13.46,10089.55,15.26,4061.83,26
2016-01-19 11:15:00,MAITRI,0.01,62.86,964.72,50.05,515.8,24.36,4.06,13.73,10088.13,17.05,4061.65,26
2016-01-19 11:20:00,MAITRI,-0.29,61.64,965.23,51.26,522.86,22.8,3.8,13.98,10086.8,15.96,4061.46,27
2016-01-19 11:25:00,MAITRI,-0.34,62.36,964.73,51.75,517.81,24.15,4.02,14.23,10085.39,16.9,4061.26,28
2016-01-19 11:30:00,MAITRI,-0.39,62.61,964.85,51.21,530.96,25.48,4.25,14.51,10083.9,17.83,4061.08,27
2016-01-19 11:35:00,MAITRI,-0.09,63.23,964.88,49.89,514.58,24.25,4.04,14.78,10082.49,16.97,4060.9,26
2016-01-19 11:40:00,MAITRI,0.21,63.6,964.55,48.89,525.66,24.75,4.12,15.05,10081.04,17.32,4060.72,26
2016-01-19 11:45:00,MAITRI,0.54,63.21,965.23,48.77,526.69,24.63,4.1,15.33,10079.61,17.24,4060.54,25
2016-01-19 11:50:00,MAITRI,0.76,63.66,965.51,47.32,540.81,23.59,3.93,15.61,10078.23,16.51,4060.36,26
2016-01-19 11:55:00,MAITRI,0.93,63.83,965.82,46.69,538.11,22.7,3.78,15.88,10076.91,15.89,4060.18,26
2016-01-19 12:00:00,MAITRI,0.41,63.54,964.88,48.42,518.15,23.37,3.89,16.13,10075.54,16.36,4060.0,26
2016-01-19 12:05:00,MAITRI,0.61,63.51,965.63,47.62,529.87,24.67,4.11,16.41,10074.11,17.27,4059.83,25
2016-01-19 12:10:00,MAITRI,0.53,63.27,964.96,48.8,519.6,26.36,4.39,16.68,10072.57,18.45,4059.65,25
2016-01-19 12:15:00,MAITRI,0.69,63.57,964.95,48.09,526.57,23.98,4.0,16.95,10071.17,16.78,4059.48,25
2016-01-19 12:20:00,MAITRI,0.85,63.05,964.84,48.14,525.48,23.02,3.84,17.21,10069.83,16.11,4059.3,26
2016-01-19 12:25:00,MAITRI,1.18,62.99,965.65,47.75,531.21,24.74,4.12,17.49,10068.38,17.32,4059.11,27
2016-01-19 12:30:00,MAITRI,1.06,62.6,965.01,48.39,523.86,23.45,3.91,17.76,10067.01,16.42,4058.93,26
2016-01-19 12:35:00,MAITRI,0.8,62.14,965.45,49.43,529.47,25.81,4.3,18.03,10065.51,18.07,4058.75,26
2016-01-19 12:40:00,MAITRI,1.03,62.08,966.26,48.92,521.49,24.51,4.08,18.3,10064.08,17.16,4058.57,26
2016-01-19 12:45:00,MAITRI,1.15,61.88,966.45,48.29,527.12,24.21,4.04,18.58,10062.67,16.95,4058.4,25
2016-01-19 12:50:00,MAITRI,1.34,61.91,966.14,48.69,529.23,22.97,3.83,18.85,10061.33,16.08,4058.22,25
2016-01-19 12:55:00,MAITRI,0.94,61.67,966.81,49.79,509.69,24.45,4.07,19.12,10059.9,17.11,4058.04,26
2016-01-19 13:00:00,MAITRI,1.31,61.16,966.88,48.83,512.87,22.11,3.69,19.34,10058.61,15.48,4057.85,27
2016-01-19 13:05:00,MAITRI,1.4,60.7,966.86,47.83,508.0,23.84,3.97,19.58,10057.22,16.69,4057.66,28
2016-01-19 13:10:00,MAITRI,1.62,60.64,966.98,46.78,510.7,24.05,4.01,19.82,10055.82,16.83,4057.46,29
2016-01-19 13:15:00,MAITRI,1.79,60.81,967.47,45.85,519.68,26.73,4.45,20.09,10054.26,18.71,4057.26,29
2016-01-19 13:20:00,MAITRI,1.48,61.35,967.2,45.18,506.22,25.24,4.21,20.35,10052.79,17.67,4057.06,29
2016-01-19 13:25:00,MAITRI,1.41,61.78,966.86,46.74,504.6,24.36,4.06,20.58,10051.37,17.05,4056.85,29
2016-01-19 13:30:00,MAITRI,1.66,61.15,966.4,46.1,495.86,25.9,4.32,20.84,10049.85,18.13,4056.65,29
2016-01-19 13:35:00,MAITRI,1.69,61.32,966.23,46.71,494.69,25.2,4.2,21.08,10048.38,17.64,4056.45,29
2016-01-19 13:40:00,MAITRI,1.79,59.14,966.09,45.83,485.64,26.27,4.38,21.33,10046.85,18.39,4056.26,28
2016-01-19 13:45:00,MAITRI,1.8,59.45,966.25,44.92,482.51,26.07,4.35,21.58,10045.33,18.25,4056.06,28
2016-01-19 13:50:00,MAITRI,1.95,57.47,966.47,44.41,490.16,24.84,4.14,21.83,10043.88,17.39,4055.87,28
2016-01-19 13:55:00,MAITRI,1.81,57.97,966.69,47.05,466.94,25.89,4.32,22.07,10042.37,18.12,4055.68,27
2016-01-19 14:00:00,MAITRI,1.28,58.12,965.98,48.61,463.99,26.04,4.34,22.3,10040.85,18.23,4055.49,27
2016-01-19 14:05:00,MAITRI,1.2,59.18,965.73,50.03,451.74,28.63,4.77,22.54,10039.18,20.04,4055.31,27
2016-01-19 14:10:00,MAITRI,1.34,60.09,965.64,48.68,447.13,29.83,4.97,22.77,10037.44,20.88,4055.12,27
2016-01-19 14:15:00,MAITRI,1.17,60.35,965.62,49.27,448.6,29.05,4.84,23.01,10035.75,20.33,4054.93,27
2016-01-19 14:20:00,MAITRI,0.71,60.95,966.48,50.14,423.89,27.3,4.55,23.21,10034.16,19.11,4054.74,27
2016-01-19 14:25:00,MAITRI,0.76,61.4,966.65,48.76,427.42,27.2,4.53,23.43,10032.57,19.04,4054.56,26
2016-01-19 14:30:00,MAITRI,0.87,60.98,966.9,47.28,432.47,26.63,4.44,23.65,10031.02,18.64,4054.39,25
2016-01-19 14:35:00,MAITRI,1.02,60.96,967.43,46.29,423.02,30.53,5.09,23.87,10029.23,21.37,4054.22,25
2016-01-19 14:40:00,MAITRI,1.15,61.52,967.04,45.06,430.18,26.4,4.4,24.07,10027.69,18.48,4054.03,26
2016-01-19 14:45:00,MAITRI,0.99,61.7,967.05,46.31,412.18,28.86,4.81,24.29,10026.01,20.21,4053.85,26
2016-01-19 14:50:00,MAITRI,0.91,62.22,967.14,46.77,386.01,28.25,4.71,24.47,10024.36,19.77,4053.67,26
2016-01-19 14:55:00,MAITRI,0.9,62.28,967.27,47.17,400.35,27.6,4.6,24.67,10022.75,19.32,4053.5,25
2016-01-19 15:00:00,MAITRI,0.54,62.62,967.45,48.47,373.15,29.52,4.92,24.86,10021.03,20.67,4053.33,24
2016-01-19 15:05:00,MAITRI,0.55,63.71,967.04,49.2,375.3,26.08,4.35,25.0,10019.51,18.26,4053.17,24
2016-01-19 15:10:00,MAITRI,0.54,63.91,966.94,51.96,349.75,29.81,4.97,25.18,10017.77,20.86,4053.0,24
2016-01-19 15:15:00,MAITRI,0.52,63.79,966.44,51.89,338.77,32.71,5.45,25.36,10015.86,22.9,4052.82,26
2016-01-19 15:20:00,MAITRI,0.59,63.22,966.6,54.34,340.13,32.0,5.33,25.53,10014.0,22.4,4052.64,26
2016-01-19 15:25:00,MAITRI,0.61,62.62,966.55,52.96,335.19,30.99,5.16,25.71,10012.19,21.69,4052.47,25
2016-01-19 15:30:00,MAITRI,0.35,62.83,966.61,53.69,324.7,30.31,5.05,25.86,10010.42,21.22,4052.29,25
2016-01-19 15:35:00,MAITRI,0.55,62.64,965.98,52.92,293.79,32.62,5.44,26.01,10008.52,22.84,4052.12,25
2016-01-19 15:40:00,MAITRI,0.59,61.65,966.35,52.82,308.5,30.0,5.0,26.14,10006.77,21.0,4051.94,25
2016-01-19 15:45:00,MAITRI,0.57,61.35,966.6,53.7,275.35,32.36,5.39,26.26,10004.88,22.65,4051.76,26
2016-01-19 15:50:00,MAITRI,0.44,61.19,966.65,54.28,277.14,31.99,5.33,26.37,10003.01,22.39,4051.58,26
2016-01-19 15:55:00,MAITRI,0.66,61.76,966.7,53.46,268.73,35.41,5.9,26.51,10000.95,24.78,4051.4,27
2016-01-19 16:00:00,MAITRI,0.67,61.93,966.55,53.62,266.51,34.98,5.83,26.65,9998.91,24.49,4051.21,27
2016-01-19 16:05:00,MAITRI,0.33,62.0,966.72,54.81,244.94,33.65,5.61,26.75,9996.95,23.55,4051.02,27
2016-01-19 16:10:00,MAITRI,0.31,60.01,966.38,53.13,232.84,36.3,6.05,26.87,9994.83,25.41,4050.84,26
2016-01-19 16:15:00,MAITRI,0.37,60.37,966.93,54.13,230.95,35.51,5.92,26.98,9992.76,24.86,4050.65,27
2016-01-19 16:20:00,MAITRI,0.44,60.41,966.99,53.34,210.88,38.81,6.47,27.09,9990.49,27.17,4050.47,27
2016-01-19 16:25:00,MAITRI,0.59,60.61,966.73,52.06,209.88,35.72,5.95,27.19,9988.41,25.01,4050.28,27
2016-01-19 16:30:00,MAITRI,0.83,60.94,966.89,50.79,25.12,43.01,7.17,27.18,9985.9,30.11,4050.09,27
2016-01-19 16:35:00,MAITRI,1.01,61.66,967.3,51.0,20.2,43.37,7.23,27.18,9983.37,30.36,4049.91,26
2016-01-19 16:40:00,MAITRI,1.01,61.86,967.85,50.65,8.99,46.54,7.76,27.19,9980.65,32.57,4049.73,26
2016-01-19 16:45:00,MAITRI,0.87,61.64,968.53,49.99,32.5,41.75,6.96,27.17,9978.22,29.22,4049.55,26
2016-01-19 16:50:00,MAITRI,0.83,62.17,968.95,49.62,17.94,45.44,7.57,27.18,9975.57,31.8,4049.36,27
2016-01-19 16:55:00,MAITRI,0.76,61.35,969.37,50.14,35.06,42.08,7.01,27.17,9973.11,29.46,4049.17,27
2016-01-19 17:00:00,MAITRI,0.69,61.09,969.34,50.24,21.24,42.59,7.1,27.16,9970.63,29.81,4048.99,26
2016-01-19 17:05:00,MAITRI,0.59,61.74,968.87,51.17,12.78,45.16,7.53,27.17,9968.0,31.61,4048.81,27
2016-01-19 17:10:00,MAITRI,0.43,60.86,968.84,52.4,19.87,45.22,7.54,27.18,9965.36,31.65,4048.62,27
2016-01-19 17:15:00,MAITRI,0.5,61.49,969.45,51.4,28.77,44.66,7.44,27.19,9962.75,31.26,4048.43,27
2016-01-19 17:20:00,MAITRI,0.7,61.5,969.08,50.12,4.77,44.98,7.5,27.19,9960.13,31.48,4048.25,26
2016-01-19 17:25:00,MAITRI,0.46,62.24,968.96,51.9,10.31,46.8,7.8,27.2,9957.4,32.76,4048.06,27
2016-01-19 17:30:00,MAITRI,0.56,61.26,969.1,52.89,23.89,44.58,7.43,27.21,9954.8,31.21,4047.88,26
2016-01-19 17:35:00,MAITRI,0.7,61.58,968.58,53.45,61.09,42.37,7.06,27.24,9952.33,29.66,4047.69,27
2016-01-19 17:40:00,MAITRI,0.82,61.65,968.56,53.59,41.87,41.74,6.96,27.24,9949.89,29.22,4047.51,26
2016-01-19 17:45:00,MAITRI,0.91,61.34,968.87,51.64,20.05,42.05,7.01,27.22,9947.44,29.43,4047.34,25
2016-01-19 17:50:00,MAITRI,1.09,61.26,969.21,51.55,15.24,43.08,7.18,27.22,9944.93,30.16,4047.17,25
2016-01-19 17:55:00,MAITRI,1.41,61.48,969.78,51.14,7.3,43.54,7.26,27.21,9942.39,30.48,4046.99,25
2016-01-19 18:00:00,MAITRI,1.21,62.08,969.35,50.28,0.0,43.54,7.26,27.2,9939.85,30.48,4046.82,25
2016-01-19 18:05:00,MAITRI,1.15,62.7,969.42,50.27,0.0,42.25,7.04,27.17,9937.38,29.57,4046.65,24
2016-01-19 18:10:00,MAITRI,1.08,62.95,969.35,48.72,0.0,42.43,7.07,27.14,9934.91,29.7,4046.49,24
2016-01-19 18:15:00,MAITRI,1.12,62.52,969.04,49.18,4.63,44.93,7.49,27.14,9932.29,31.45,4046.32,24
2016-01-19 18:20:00,MAITRI,0.86,62.76,968.37,48.2,11.57,46.44,7.74,27.15,9929.58,32.51,4046.15,25
2016-01-19 18:25:00,MAITRI,0.53,62.98,968.96,49.77,0.0,45.23,7.54,27.15,9926.94,31.66,4045.97,25
2016-01-19 18:30:00,MAITRI,0.69,63.14,969.27,49.67,0.23,44.16,7.36,27.14,9924.36,30.91,4045.8,25
2016-01-19 18:35:00,MAITRI,0.82,63.25,968.83,50.66,0.0,44.29,7.38,27.13,9921.78,31.0,4045.62,26
2016-01-19 18:40:00,MAITRI,0.79,63.01,968.6,50.66,0.0,45.52,7.59,27.13,9919.12,31.87,4045.44,26
2016-01-19 18:45:00,MAITRI,0.79,62.43,967.81,50.95,1.27,45.14,7.52,27.13,9916.49,31.6,4045.25,27
2016-01-19 18:50:00,MAITRI,0.69,62.59,967.05,52.03,0.0,47.01,7.84,27.13,9913.75,32.91,4045.06,27
2016-01-19 18:55:00,MAITRI,0.69,62.8,966.16,52.67,16.69,46.04,7.67,27.14,9911.06,32.23,4044.87,28
2016-01-19 19:00:00,MAITRI,0.63,63.15,965.9,53.29,11.88,46.51,7.75,27.15,9908.35,32.56,4044.67,28
2016-01-19 19:05:00,MAITRI,0.8,63.08,966.52,52.6,0.0,42.14,7.02,27.09,9905.89,29.5,4044.49,27
2016-01-19 19:10:00,MAITRI,0.67,62.82,966.0,54.26,3.8,47.09,7.85,27.09,9903.14,32.96,4044.29,28
2016-01-19 19:15:00,MAITRI,0.73,62.52,966.15,53.86,3.5,69.03,11.5,27.1,9899.12,48.32,4044.1,27
2016-01-19 19:20:00,MAITRI,0.75,60.61,966.39,54.11,6.45,73.06,12.18,27.1,9894.86,51.14,4043.92,27
2016-01-19 19:25:00,MAITRI,0.56,60.58,966.26,52.73,3.75,78.08,13.01,27.1,9890.3,54.66,4043.73,27
2016-01-19 19:30:00,MAITRI,0.48,60.87,966.18,53.98,0.0,73.98,12.33,27.1,9885.99,51.79,4043.54,27
2016-01-19 19:35:00,MAITRI,0.63,60.68,966.2,53.81,0.0,83.5,13.92,27.1,9881.12,58.45,4043.34,29
2016-01-19 19:40:00,MAITRI,0.08,60.43,965.24,55.29,4.13,77.53,12.92,27.1,9876.59,54.27,4043.15,28
2016-01-19 19:45:00,MAITRI,-0.01,60.14,965.36,55.0,0.79,83.04,13.84,27.1,9871.75,58.13,4042.95,28
2016-01-19 19:50:00,MAITRI,-0.25,60.05,964.71,57.47,12.89,82.98,13.83,27.11,9866.91,58.08,4042.76,28
2016-01-19 19:55:00,MAITRI,-0.27,59.92,965.07,55.9,0.0,69.43,11.57,27.11,9862.86,48.6,4042.56,28
2016-01-19 20:00:00,MAITRI,-0.28,60.25,965.09,56.16,3.21,84.04,14.01,27.11,9857.96,58.83,4042.38,26
2016-01-19 20:05:00,MAITRI,-0.0,60.45,964.79,55.93,0.0,66.98,11.16,27.11,9854.05,46.89,4042.21,25
2016-01-19 20:10:00,MAITRI,-0.28,60.55,964.87,57.82,0.0,44.07,7.34,27.11,9851.48,30.85,4042.04,24
2016-01-19 20:15:00,MAITRI,-0.67,60.55,965.23,59.6,0.0,42.46,7.08,27.09,9849.0,29.72,4041.87,24
2016-01-19 20:20:00,MAITRI,-0.69,60.74,965.43,58.7,0.0,43.87,7.31,27.09,9846.44,30.71,4041.72,23
2016-01-19 20:25:00,MAITRI,-0.91,60.65,964.71,58.19,16.26,46.0,7.67,27.1,9843.76,32.2,4041.55,24
2016-01-19 20:30:00,MAITRI,-1.07,60.72,964.43,60.53,3.56,42.58,7.1,27.07,9841.27,29.8,4041.37,25
2016-01-19 20:35:00,MAITRI,-0.93,61.52,964.55,58.41,0.0,43.81,7.3,27.06,9838.72,30.67,4041.2,25
2016-01-19 20:40:00,MAITRI,-1.14,61.29,964.29,60.73,10.37,43.11,7.18,27.05,9836.2,30.17,4041.02,26
2016-01-19 20:45:00,MAITRI,-1.31,61.07,964.25,62.18,15.26,45.34,7.56,27.06,9833.56,31.74,4040.84,26
2016-01-19 20:50:00,MAITRI,-1.54,60.89,964.18,62.4,0.0,45.44,7.57,27.06,9830.91,31.81,4040.67,25
2016-01-19 20:55:00,MAITRI,-1.3,61.27,964.24,62.84,0.0,40.61,6.77,26.99,9828.54,28.43,4040.49,25
2016-01-19 21:00:00,MAITRI,-1.3,61.5,964.34,61.63,0.0,45.27,7.54,26.99,9825.9,31.69,4040.33,24
2016-01-19 21:05:00,MAITRI,-1.7,60.91,964.83,63.52,0.0,44.01,7.33,26.99,9823.33,30.81,4040.15,25
2016-01-19 21:10:00,MAITRI,-1.92,61.04,964.41,63.71,0.0,43.75,7.29,26.98,9820.78,30.63,4039.98,25
2016-01-19 21:15:00,MAITRI,-2.05,61.0,964.48,63.19,0.0,43.05,7.17,26.96,9818.27,30.13,4039.81,25
2016-01-19 21:20:00,MAITRI,-1.78,60.88,964.64,62.33,16.49,44.23,7.37,26.96,9815.69,30.96,4039.62,26
2016-01-19 21:25:00,MAITRI,-1.94,60.73,964.96,61.97,1.01,44.07,7.34,26.96,9813.12,30.85,4039.44,26
2016-01-19 21:30:00,MAITRI,-1.6,58.12,964.63,60.7,0.0,44.01,7.34,26.95,9810.55,30.81,4039.26,26
2016-01-19 21:35:00,MAITRI,-1.65,58.41,963.71,60.58,11.3,41.82,6.97,26.92,9808.11,29.28,4039.09,25
2016-01-19 21:40:00,MAITRI,-1.82,58.68,963.49,61.68,0.11,58.39,9.73,26.71,9803.85,51.1,4038.91,26
2016-01-19 21:45:00,MAITRI,-1.84,59.15,963.52,60.68,3.89,57.99,9.67,26.28,9799.59,51.11,4038.73,26
2016-01-19 21:50:00,MAITRI,-1.61,57.63,963.68,59.29,0.0,57.96,9.66,26.01,9795.13,53.54,4038.55,26
2016-01-19 21:55:00,MAITRI,-1.64,57.86,963.83,59.8,0.0,60.9,10.15,25.88,9790.46,56.08,4038.36,27
2016-01-19 22:00:00,MAITRI,-1.48,58.75,964.11,60.59,2.81,59.93,9.99,25.73,9785.5,59.51,4038.17,28
2016-01-19 22:05:00,MAITRI,-1.52,58.94,964.35,60.72,18.72,60.85,10.14,25.58,9781.35,49.85,4037.97,29
2016-01-19 22:10:00,MAITRI,-1.31,59.34,964.53,60.02,0.0,62.7,10.45,25.3,9776.08,63.16,4037.76,29
2016-01-19 22:15:00,MAITRI,-1.18,59.98,964.26,58.92,0.0,63.23,10.54,24.93,9770.95,61.56,4037.56,29
2016-01-19 22:20:00,MAITRI,-1.11,59.97,964.28,59.07,0.0,62.15,10.36,24.77,9765.89,60.76,4037.37,28
2016-01-19 22:25:00,MAITRI,-1.3,60.01,964.15,58.36,4.96,64.88,10.81,24.42,9760.48,64.9,4037.17,28
2016-01-19 22:30:00,MAITRI,-1.39,60.38,964.18,57.73,0.0,65.02,10.84,24.0,9755.08,64.77,4036.97,29
2016-01-19 22:35:00,MAITRI,-1.38,60.05,964.48,58.89,0.0,67.47,11.24,23.77,9749.78,63.6,4036.77,29
2016-01-19 22:40:00,MAITRI,-1.12,60.83,964.88,60.69,6.48,65.69,10.95,23.51,9744.36,65.06,4036.57,29
2016-01-19 22:45:00,MAITRI,-1.27,60.92,964.62,59.97,0.01,67.98,11.33,23.33,9739.17,62.25,4036.37,29
2016-01-19 22:50:00,MAITRI,-1.49,60.98,965.09,61.54,0.0,67.44,11.24,22.93,9733.67,66.02,4036.17,28
2016-01-19 22:55:00,MAITRI,-1.75,61.48,965.9,62.03,0.0,68.98,11.5,22.64,9728.46,62.57,4035.97,29
2016-01-19 23:00:00,MAITRI,-2.11,62.16,965.11,62.21,0.0,70.56,11.76,22.18,9723.25,62.46,4035.77,29
2016-01-19 23:05:00,MAITRI,-2.06,61.55,965.79,62.38,0.0,70.27,11.71,22.03,9717.58,68.12,4035.58,28
2016-01-19 23:10:00,MAITRI,-1.91,61.62,965.89,62.68,13.04,68.59,11.43,21.79,9712.14,65.24,4035.37,29
2016-01-19 23:15:00,MAITRI,-1.73,61.69,965.77,61.04,0.0,70.46,11.74,21.61,9707.35,57.52,4035.17,30
2016-01-19 23:20:00,MAITRI,-2.19,62.21,965.57,61.62,0.0,71.21,11.87,21.27,9701.7,67.74,4034.95,31
2016-01-19 23:25:00,MAITRI,-1.97,61.76,966.34,59.91,4.06,70.88,11.81,21.11,9696.17,66.32,4034.74,30
2016-01-19 23:30:00,MAITRI,-2.01,61.31,966.55,58.77,0.02,71.58,11.93,20.95,9690.84,64.07,4034.53,30
2016-01-19 23:35:00,MAITRI,-1.69,61.5,965.9,57.15,0.0,73.15,12.19,20.71,9684.73,73.2,4034.33,30
2016-01-19 23:40:00,MAITRI,-1.82,61.97,966.44,56.74,0.0,72.66,12.11,20.32,9679.82,58.94,4034.12,29
2016-01-19 23:45:00,MAITRI,-1.9,62.63,966.42,57.23,0.0,73.67,12.28,20.05,9674.43,64.69,4033.92,29
2016-01-19 23:50:00,MAITRI,-2.0,62.52,966.45,56.78,0.0,74.93,12.49,19.94,9669.34,61.1,4033.72,30
2016-01-19 23:55:00,MAITRI,-1.72,62.27,966.3,56.14,0.0,77.7,12.95,19.7,9663.39,71.38,4033.5,31
2016-01-20 00:00:00,MAITRI,-1.67,62.85,966.39,58.13,0.0,76.46,12.74,19.54,9657.67,68.71,4033.28,31
2016-01-20 00:05:00,MAITRI,-1.57,62.84,966.12,58.16,2.12,78.54,13.09,19.12,9651.35,75.76,4033.06,32
2016-01-20 00:10:00,MAITRI,-1.57,62.98,966.29,58.33,0.0,77.86,12.98,18.77,9644.9,77.48,4032.85,31
2016-01-20 00:15:00,MAITRI,-1.6,63.37,966.11,56.53,5.41,80.32,13.39,18.52,9638.93,71.65,4032.62,32
2016-01-20 00:20:00,MAITRI,-1.75,63.46,966.28,58.39,0.0,77.09,12.85,18.15,9633.1,69.9,4032.41,31
2016-01-20 00:25:00,MAITRI,-1.81,63.18,966.45,59.06,0.0,79.97,13.33,17.96,9627.24,70.4,4032.2,30
2016-01-20 00:30:00,MAITRI,-1.64,62.82,966.51,58.27,3.94,77.52,12.92,17.51,9621.28,71.43,4031.99,30
2016-01-20 00:35:00,MAITRI,-1.72,63.05,966.99,58.28,0.0,77.45,12.91,17.23,9615.55,68.79,4031.79,29
2016-01-20 00:40:00,MAITRI,-1.94,62.97,966.59,59.98,0.0,78.1,13.02,16.84,9609.59,71.57,4031.59,29
2016-01-20 00:45:00,MAITRI,-2.36,62.87,965.96,60.6,0.6,80.06,13.34,16.5,9603.07,78.15,4031.38,30
2016-01-20 00:50:00,MAITRI,-2.55,63.41,965.53,62.24,1.46,79.68,13.28,16.19,9597.16,70.98,4031.17,30
2016-01-20 00:55:00,MAITRI,-2.32,63.0,965.9,60.04,2.84,78.39,13.07,15.95,9591.43,68.77,4030.97,29
2016-01-20 01:00:00,MAITRI,-2.13,61.86,966.09,59.24,0.0,78.23,13.04,15.63,9584.87,78.65,4030.77,29
2016-01-20 01:05:00,MAITRI,-1.85,61.83,966.09,57.34,0.0,77.13,12.85,15.19,9579.62,63.01,4030.57,29
2016-01-20 01:10:00,MAITRI,-1.8,61.68,966.15,56.47,9.72,76.53,12.76,14.7,9574.45,62.02,4030.37,29
2016-01-20 01:15:00,MAITRI,-1.76,61.34,966.41,55.97,1.21,78.21,13.03,14.35,9569.05,64.9,4030.17,29
2016-01-20 01:20:00,MAITRI,-1.56,61.99,966.3,56.03,7.02,74.95,12.49,14.06,9563.89,61.84,4029.97,29
2016-01-20 01:25:00,MAITRI,-2.01,62.52,965.59,56.94,0.0,78.15,13.02,13.94,9557.66,74.83,4029.76,30
2016-01-20 01:30:00,MAITRI,-1.98,61.97,965.8,55.8,2.07,77.99,13.0,13.63,9552.37,63.48,4029.56,29
2016-01-20 01:35:00,MAITRI,-1.77,62.11,966.01,56.99,3.48,78.18,13.03,13.16,9546.76,67.24,4029.35,29
2016-01-20 01:40:00,MAITRI,-1.64,61.78,965.7,54.93,0.0,46.02,7.67,13.16,9544.08,32.22,4029.16,28
2016-01-20 01:45:00,MAITRI,-1.54,62.12,966.46,55.35,0.0,43.88,7.31,13.14,9541.52,30.72,4028.97,27
2016-01-20 01:50:00,MAITRI,-2.09,62.46,966.14,56.52,9.0,46.66,7.78,13.14,9538.8,32.66,4028.8,25
2016-01-20 01:55:00,MAITRI,-2.5,62.43,965.71,57.71,5.1,44.84,7.47,13.14,9536.18,31.39,4028.62,25
2016-01-20 02:00:00,MAITRI,-2.78,63.74,965.63,60.69,0.0,43.38,7.23,13.13,9533.65,30.37,4028.46,24
2016-01-20 02:05:00,MAITRI,-2.83,63.12,965.42,58.72,9.41,42.6,7.1,13.12,9531.16,29.82,4028.29,24
2016-01-20 02:10:00,MAITRI,-2.95,62.36,965.94,56.94,10.27,43.26,7.21,13.12,9528.64,30.28,4028.12,24
2016-01-20 02:15:00,MAITRI,-3.0,62.85,965.44,60.27,0.0,43.08,7.18,13.11,9526.13,30.15,4027.97,23
2016-01-20 02:20:00,MAITRI,-3.31,62.91,965.52,62.22,0.0,54.87,9.15,11.85,9522.93,38.41,4027.81,23
2016-01-20 02:25:00,MAITRI,-3.54,63.48,965.65,60.2,11.12,53.1,8.85,10.64,9519.83,37.17,4027.64,24
2016-01-20 02:30:00,MAITRI,-3.49,63.31,966.17,60.25,0.0,60.41,10.07,9.23,9516.31,42.28,4027.47,25
2016-01-20 02:35:00,MAITRI,-3.12,63.43,966.2,60.16,0.0,56.26,9.38,8.46,9513.02,39.38,4027.3,24
2016-01-20 02:40:00,MAITRI,-3.0,62.65,966.07,58.36,0.0,59.19,9.87,7.77,9509.57,41.44,4027.13,24
2016-01-20 02:45:00,MAITRI,-2.93,61.95,966.46,56.88,9.34,53.69,8.95,6.78,9506.44,37.59,4026.96,25
2016-01-20 02:50:00,MAITRI,-2.52,62.05,966.43,55.86,0.0,60.47,10.08,5.45,9502.91,42.33,4026.78,25
2016-01-20 02:55:00,MAITRI,-2.24,62.47,966.12,54.32,6.22,58.68,9.78,4.17,9499.49,41.08,4026.62,24
2016-01-20 03:00:00,MAITRI,-2.34,62.28,966.18,53.21,0.0,56.08,9.35,3.59,9496.22,39.26,4026.46,23
2016-01-20 03:05:00,MAITRI,-2.18,62.04,965.46,52.92,5.98,52.18,8.7,2.74,9493.17,36.52,4026.31,22
2016-01-20 03:10:00,MAITRI,-2.44,62.23,965.35,51.83,0.0,60.35,10.06,1.93,9489.65,42.24,4026.15,23
2016-01-20 03:15:00,MAITRI,-2.38,62.33,965.21,51.5,10.9,60.05,10.01,1.42,9486.15,42.03,4025.99,23
2016-01-20 03:20:00,MAITRI,-2.43,62.18,964.95,51.27,0.0,58.34,9.72,0.43,9482.75,40.84,4025.83,23
2016-01-20 03:25:00,MAITRI,-2.81,59.33,964.53,53.1,11.33,59.84,9.97,0.0,9479.26,41.89,4025.66,24
2016-01-20 03:30:00,MAITRI,-2.58,58.87,964.43,51.38,10.92,52.3,8.72,0.0,9476.21,36.61,4025.49,24
2016-01-20 03:35:00,MAITRI,-2.36,59.36,964.33,50.27,3.6,56.99,9.5,0.0,9472.88,39.89,4025.33,24
2016-01-20 03:40:00,MAITRI,-2.72,59.46,964.85,53.7,9.99,60.47,10.08,0.0,9469.35,42.33,4025.17,23
2016-01-20 03:45:00,MAITRI,-2.83,59.83,964.93,52.51,10.43,50.02,8.34,0.0,9466.44,35.01,4025.01,22
2016-01-20 03:50:00,MAITRI,-2.8,60.47,965.56,52.97,3.84,52.94,8.82,0.0,9463.35,37.06,4024.86,22
2016-01-20 03:55:00,MAITRI,-2.63,60.13,965.92,52.68,1.94,51.28,8.55,0.0,9460.36,35.9,4024.72,21
2016-01-20 04:00:00,MAITRI,-2.93,60.59,965.85,54.37,3.37,57.47,9.58,0.0,9457.0,40.23,4024.57,21
2016-01-20 04:05:00,MAITRI,-2.85,61.26,966.33,52.64,0.84,58.8,9.8,0.0,9453.57,41.16,4024.42,22
2016-01-20 04:10:00,MAITRI,-2.56,61.73,966.02,51.37,2.61,59.81,9.97,0.0,9450.09,41.86,4024.26,23
2016-01-20 04:15:00,MAITRI,-3.35,62.17,965.0,54.34,0.0,52.24,8.71,0.0,9447.04,36.57,4024.09,24
2016-01-20 04:20:00,MAITRI,-3.25,62.3,965.03,53.46,0.0,54.56,9.09,0.0,9443.86,38.19,4023.92,24
2016-01-20 04:25:00,MAITRI,-3.15,62.11,964.7,53.09,6.46,54.85,9.14,0.0,9440.66,38.39,4023.76,24
2016-01-20 04:30:00,MAITRI,-3.02,62.27,964.89,52.58,7.46,61.48,10.25,0.0,9437.07,43.03,4023.58,25
2016-01-20 04:35:00,MAITRI,-3.66,62.91,963.57,55.18,2.05,58.36,9.73,0.0,9433.67,40.85,4023.4,26
2016-01-20 04:40:00,MAITRI,-3.74,62.44,964.17,53.53,0.0,58.79,9.8,0.0,9430.24,41.16,4023.24,24
2016-01-20 04:45:00,MAITRI,-3.45,62.71,963.66,52.32,0.0,60.25,10.04,0.0,9426.72,42.18,4023.08,23
2016-01-20 04:50:00,MAITRI,-3.71,62.46,963.63,54.23,0.0,57.95,9.66,0.0,9423.34,40.56,4022.93,21
2016-01-20 04:55:00,MAITRI,-3.4,62.78,963.8,57.48,11.5,50.76,8.46,0.0,9420.38,35.53,4022.78,21
2016-01-20 05:00:00,MAITRI,-3.19,63.58,963.8,55.92,1.77,59.3,9.88,0.0,9416.92,41.51,4022.64,21
2016-01-20 05:05:00,MAITRI,-3.32,63.14,963.82,57.96,1.6,41.9,6.98,0.0,9410.8,73.42,4022.49,21
2016-01-20 05:10:00,MAITRI,-3.07,63.29,963.72,57.28,0.97,41.73,6.96,0.0,9405.41,64.74,4022.35,20
2016-01-20 05:15:00,MAITRI,-2.73,63.69,964.33,56.79,0.11,43.69,7.28,0.0,9400.16,62.93,4022.21,21
2016-01-20 05:20:00,MAITRI,-2.53,61.47,964.99,55.28,0.0,40.89,6.81,0.0,9393.87,75.47,4022.06,22
2016-01-20 05:25:00,MAITRI,-2.85,61.76,965.5,57.49,13.52,42.9,7.15,0.01,9387.58,75.54,4021.9,23
2016-01-20 05:30:00,MAITRI,-2.8,62.18,965.14,56.82,4.38,42.52,7.09,0.0,9382.12,65.48,4021.74,22
2016-01-20 05:35:00,MAITRI,-3.05,62.14,964.71,58.16,9.47,42.5,7.08,0.0,9377.54,54.94,4021.58,23
2016-01-20 05:40:00,MAITRI,-3.24,62.61,964.5,59.01,0.0,44.22,7.37,0.0,9371.55,71.87,4021.42,23
2016-01-20 05:45:00,MAITRI,-3.08,62.39,964.23,57.46,3.81,43.14,7.19,0.0,9366.45,61.19,4021.26,24
2016-01-20 05:50:00,MAITRI,-2.85,62.56,964.63,56.15,9.54,42.92,7.15,0.0,9361.4,60.64,4021.09,24
2016-01-20 05:55:00,MAITRI,-2.39,59.5,964.55,57.6,11.39,43.16,7.19,0.01,9354.48,83.0,4020.92,24
2016-01-20 06:00:00,MAITRI,-2.3,60.29,965.25,56.06,0.0,43.51,7.25,0.0,9347.83,79.83,4020.76,24
2016-01-20 06:05:00,MAITRI,-2.33,60.17,964.83,56.37,7.82,44.39,7.4,0.01,9340.92,82.99,4020.59,24
2016-01-20 06:10:00,MAITRI,-2.11,60.64,965.03,54.2,19.63,42.79,7.13,0.02,9334.46,77.44,4020.43,23
2016-01-20 06:15:00,MAITRI,-2.01,60.14,964.64,54.29,46.64,41.66,6.94,0.04,9329.81,55.86,4020.27,23
2016-01-20 06:20:00,MAITRI,-1.78,60.34,965.48,52.79,58.15,42.7,7.12,0.07,9324.17,67.7,4020.12,22
2016-01-20 06:25:00,MAITRI,-1.71,60.82,965.24,53.61,60.0,40.3,6.72,0.1,9318.51,67.86,4019.97,22
2016-01-20 06:30:00,MAITRI,-2.06,61.1,965.09,55.19,67.12,38.33,6.39,0.1,9313.48,60.41,4019.82,21
2016-01-20 06:35:00,MAITRI,-2.01,61.01,965.28,54.1,78.7,40.02,6.67,0.15,9309.27,50.46,4019.67,21
2016-01-20 06:40:00,MAITRI,-2.2,60.78,964.92,55.65,96.44,39.7,6.62,0.2,9302.85,77.07,4019.53,21
2016-01-20 06:45:00,MAITRI,-2.01,56.36,965.24,54.91,107.67,37.01,6.17,0.23,9298.5,52.24,4019.37,22
2016-01-20 06:50:00,MAITRI,-2.06,57.4,965.73,53.73,120.09,36.6,6.1,0.27,9293.04,65.42,4019.22,22
2016-01-20 06:55:00,MAITRI,-2.52,58.53,966.28,56.57,112.56,37.02,6.17,0.32,9287.0,72.49,4019.08,21
2016-01-20 07:00:00,MAITRI,-2.87,58.64,965.85,57.54,130.65,38.04,6.34,0.39,9282.96,48.56,4018.92,22
2016-01-20 07:05:00,MAITRI,-3.32,58.15,966.43,59.98,140.77,37.03,6.17,0.45,9278.86,49.11,4018.76,23
2016-01-20 07:10:00,MAITRI,-3.02,58.35,965.78,57.91,150.01,36.51,6.09,0.52,9273.8,60.75,4018.6,23
2016-01-20 07:15:00,MAITRI,-2.67,57.68,966.18,57.59,161.26,34.36,5.73,0.57,9269.63,50.08,4018.45,22
2016-01-20 07:20:00,MAITRI,-2.63,58.05,966.45,55.97,164.34,36.09,6.02,0.65,9265.51,49.44,4018.29,23
2016-01-20 07:25:00,MAITRI,-2.5,59.13,966.46,54.33,193.03,35.28,5.88,0.75,9261.36,49.78,4018.13,23
2016-01-20 07:30:00,MAITRI,-2.04,59.83,966.43,56.02,197.84,34.52,5.75,0.83,9257.64,44.66,4017.97,23
2016-01-20 07:35:00,MAITRI,-1.81,59.9,967.02,54.1,217.69,35.87,5.98,0.95,9251.98,67.88,4017.81,24
2016-01-20 07:40:00,MAITRI,-1.76,60.43,967.01,53.2,226.74,35.4,5.9,1.06,9246.31,68.08,4017.64,24
2016-01-20 07:45:00,MAITRI,-2.01,60.87,966.43,54.78,226.53,34.24,5.71,1.18,9244.31,23.97,4017.48,23
2016-01-20 07:50:00,MAITRI,-1.75,61.2,966.17,53.21,247.94,33.16,5.53,1.31,9242.38,23.21,4017.32,23
2016-01-20 07:55:00,MAITRI,-1.56,61.09,965.67,51.7,260.07,31.33,5.22,1.41,9240.55,21.93,4017.16,23
2016-01-20 08:00:00,MAITRI,-1.49,60.87,965.54,51.65,273.22,33.46,5.58,1.55,9238.6,23.42,4016.99,24
2016-01-20 08:05:00,MAITRI,-1.51,60.86,964.97,51.62,286.03,32.33,5.39,1.69,9236.71,22.63,4016.82,25
2016-01-20 08:10:00,MAITRI,-1.61,60.79,965.57,50.24,0.0,57.25,9.54,1.39,9232.41,51.58,4016.64,26
2016-01-20 08:15:00,MAITRI,-1.65,59.17,965.81,51.51,49.32,56.52,9.42,0.98,9227.81,55.28,4016.46,26
2016-01-20 08:20:00,MAITRI,-1.55,59.36,965.89,51.56,17.72,56.93,9.49,0.7,9223.95,46.25,4016.28,26
2016-01-20 08:25:00,MAITRI,-1.52,59.84,965.82,51.14,30.83,58.0,9.67,0.52,9219.28,56.1,4016.1,26
2016-01-20 08:30:00,MAITRI,-1.14,60.88,965.82,53.04,37.52,58.3,9.72,0.28,9214.62,55.89,4015.92,26
2016-01-20 08:35:00,MAITRI,-1.11,60.68,965.55,52.63,46.08,59.24,9.87,0.0,9209.85,57.27,4015.73,27
2016-01-20 08:40:00,MAITRI,-1.26,60.58,965.61,53.88,39.95,58.28,9.71,0.0,9205.14,56.46,4015.53,28
2016-01-20 08:45:00,MAITRI,-1.25,60.28,965.15,53.65,8.68,62.95,10.49,0.0,9200.76,52.59,4015.34,28
2016-01-20 08:50:00,MAITRI,-1.39,60.67,964.9,55.86,17.98,63.15,10.53,0.0,9195.7,60.74,4015.15,28
2016-01-20 08:55:00,MAITRI,-1.36,61.14,964.38,55.39,45.78,62.12,10.35,0.0,9191.32,52.53,4014.96,27
2016-01-20 09:00:00,MAITRI,-1.12,61.09,964.31,55.38,0.0,64.64,10.77,0.0,9186.11,62.53,4014.77,27
2016-01-20 09:05:00,MAITRI,-1.04,59.31,964.62,54.02,37.9,63.65,10.61,0.0,9181.27,58.03,4014.58,27
2016-01-20 09:10:00,MAITRI,-0.98,59.76,964.19,55.22,63.36,64.23,10.71,0.0,9176.96,51.74,4014.38,29
2016-01-20 09:15:00,MAITRI,-0.77,60.28,964.55,54.26,29.57,64.88,10.81,0.0,9172.33,55.58,4014.17,30
2016-01-20 09:20:00,MAITRI,-0.42,60.32,964.97,54.38,67.71,66.46,11.08,0.0,9166.84,65.84,4013.97,30
2016-01-20 09:25:00,MAITRI,-0.37,60.46,965.26,53.13,61.19,66.75,11.12,0.0,9161.25,67.08,4013.76,30
2016-01-20 09:30:00,MAITRI,-0.52,60.97,965.0,51.36,33.22,65.71,10.95,0.0,9156.81,53.3,4013.56,29
2016-01-20 09:35:00,MAITRI,-0.42,59.35,965.03,50.38,3.87,68.84,11.47,0.0,9151.85,59.51,4013.35,30
2016-01-20 09:40:00,MAITRI,-0.24,59.84,965.72,48.63,53.63,68.05,11.34,0.0,9146.65,62.41,4013.15,29
2016-01-20 09:45:00,MAITRI,-0.14,60.51,966.2,47.78,34.3,68.27,11.38,0.0,9140.89,69.13,4012.94,29
2016-01-20 09:50:00,MAITRI,-0.07,58.53,966.08,47.18,50.72,69.71,11.62,0.0,9135.81,61.01,4012.74,29
2016-01-20 09:55:00,MAITRI,-0.06,59.13,966.33,46.32,56.96,68.75,11.46,0.0,9130.49,63.78,4012.54,29
2016-01-20 10:00:00,MAITRI,0.13,58.96,965.92,46.05,41.43,73.31,12.22,0.0,9124.51,71.77,4012.33,30
2016-01-20 10:05:00,MAITRI,-0.43,59.19,965.17,48.1,58.24,69.17,11.53,0.0,9119.41,61.24,4012.12,30
2016-01-20 10:10:00,MAITRI,0.05,59.96,965.36,46.94,20.28,73.81,12.3,0.0,9113.37,72.49,4011.92,30
2016-01-20 10:15:00,MAITRI,-0.44,59.39,965.84,48.48,70.8,70.6,11.77,0.0,9108.43,59.29,4011.71,30
2016-01-20 10:20:00,MAITRI,-0.27,60.07,965.7,47.87,55.01,71.52,11.92,0.0,9102.74,68.25,4011.51,29
2016-01-20 10:25:00,MAITRI,-0.42,60.92,965.49,48.83,49.01,74.88,12.48,0.0,9097.66,60.92,4011.31,29
2016-01-20 10:30:00,MAITRI,-0.53,60.35,965.73,49.7,36.49,73.19,12.2,0.0,9092.43,62.83,4011.11,28
2016-01-20 10:35:00,MAITRI,-0.32,60.99,965.87,48.44,40.01,72.36,12.06,0.0,9086.66,69.23,4010.91,29
2016-01-20 10:40:00,MAITRI,-0.3,61.81,966.3,50.75,29.9,74.87,12.48,0.0,9081.59,60.76,4010.71,29
2016-01-20 10:45:00,MAITRI,0.05,61.92,967.21,48.88,30.14,77.37,12.89,0.0,9075.46,73.56,4010.51,28
2016-01-20 10:50:00,MAITRI,0.2,61.43,967.42,48.31,36.56,74.32,12.39,0.0,9069.8,67.99,4010.32,28
2016-01-20 10:55:00,MAITRI,-0.09,62.19,967.14,48.96,77.47,75.12,12.52,0.0,9064.56,62.85,4010.12,28
2016-01-20 11:00:00,MAITRI,0.06,62.53,966.98,48.64,58.45,74.84,12.47,0.0,9059.43,61.57,4009.94,27
2016-01-20 11:05:00,MAITRI,-0.11,62.51,966.8,48.51,0.0,74.66,12.44,0.0,9053.15,75.31,4009.75,27
2016-01-20 11:10:00,MAITRI,-0.38,62.36,966.89,50.2,12.19,77.12,12.85,0.0,9046.71,77.36,4009.56,28
2016-01-20 11:15:00,MAITRI,-0.15,62.07,967.0,51.74,93.64,69.77,11.63,0.0,9041.21,65.96,4009.37,27
2016-01-20 11:20:00,MAITRI,-0.08,61.75,966.58,51.29,29.31,77.11,12.85,0.0,9035.54,68.01,4009.17,28
2016-01-20 11:25:00,MAITRI,-0.2,62.37,967.05,52.16,43.0,78.13,13.02,0.0,9030.11,65.19,4008.98,28
2016-01-20 11:30:00,MAITRI,-0.25,62.06,966.79,50.92,8.89,77.69,12.95,0.0,9023.91,74.35,4008.78,28
2016-01-20 11:35:00,MAITRI,-0.57,62.12,966.4,52.14,36.34,75.33,12.55,0.0,9017.8,73.38,4008.58,29
2016-01-20 11:40:00,MAITRI,-0.52,61.29,966.27,52.33,47.19,75.51,12.58,0.0,9011.47,75.98,4008.38,29
2016-01-20 11:45:00,MAITRI,-0.23,61.56,966.07,51.02,37.29,77.83,12.97,0.0,9005.75,68.62,4008.19,28
2016-01-20 11:50:00,MAITRI,0.07,61.79,966.21,49.54,0.48,76.24,12.71,0.0,9000.37,64.57,4007.99,29
2016-01-20 11:55:00,MAITRI,0.19,61.72,966.05,49.54,84.24,73.94,12.32,0.0,8994.46,70.92,4007.78,29
2016-01-20 12:00:00,MAITRI,0.55,62.25,966.12,49.01,48.67,73.82,12.3,0.0,8989.1,64.25,4007.58,29
2016-01-20 12:05:00,MAITRI,0.56,62.89,966.47,49.1,513.05,23.47,3.91,0.23,8987.73,16.43,4007.38,29
2016-01-20 12:10:00,MAITRI,0.65,62.57,966.74,47.88,525.86,24.51,4.08,0.5,8986.31,17.15,4007.19,28
2016-01-20 12:15:00,MAITRI,0.76,58.85,966.99,47.13,525.81,22.92,3.82,0.75,8984.97,16.05,4006.99,28
2016-01-20 12:20:00,MAITRI,1.08,59.48,967.2,46.62,527.09,24.52,4.09,1.03,8983.54,17.16,4006.8,28
2016-01-20 12:25:00,MAITRI,1.04,59.57,966.98,46.99,531.18,23.96,3.99,1.3,8982.14,16.77,4006.6,28
2016-01-20 12:30:00,MAITRI,0.96,58.11,966.82,49.43,533.78,20.48,3.41,1.52,8980.95,14.34,4006.41,28
2016-01-20 12:35:00,MAITRI,0.99,58.9,966.3,49.71,530.49,23.88,3.98,1.79,8979.55,16.72,4006.22,27
2016-01-20 12:40:00,MAITRI,1.07,59.24,966.45,48.63,531.7,23.23,3.87,2.06,8978.2,16.26,4006.03,28
2016-01-20 12:45:00,MAITRI,1.1,59.59,966.6,47.75,522.15,22.93,3.82,2.3,8976.86,16.05,4005.83,28
2016-01-20 12:50:00,MAITRI,0.86,59.74,967.03,49.16,513.01,24.2,4.03,2.56,8975.45,16.94,4005.64,28
2016-01-20 12:55:00,MAITRI,0.87,60.07,966.53,50.02,509.43,23.02,3.84,2.79,8974.11,16.11,4005.45,27
2016-01-20 13:00:00,MAITRI,0.81,60.51,965.71,50.66,504.42,24.13,4.02,3.05,8972.7,16.89,4005.27,26
2016-01-20 13:05:00,MAITRI,1.04,60.22,966.32,50.66,523.01,24.24,4.04,3.32,8971.28,16.97,4005.1,25
2016-01-20 13:10:00,MAITRI,1.14,59.81,966.85,49.95,513.5,22.39,3.73,3.58,8969.98,15.67,4004.93,24
2016-01-20 13:15:00,MAITRI,1.3,59.46,967.37,49.84,502.91,22.88,3.81,3.83,8968.64,16.02,4004.76,24
2016-01-20 13:20:00,MAITRI,0.85,59.4,966.68,51.56,486.12,27.28,4.55,4.08,8967.05,19.1,4004.6,24
2016-01-20 13:25:00,MAITRI,1.12,59.29,967.16,50.34,490.08,22.74,3.79,4.3,8965.72,15.92,4004.42,26
2016-01-20 13:30:00,MAITRI,0.87,60.23,967.14,51.22,480.94,25.17,4.2,4.55,8964.26,17.62,4004.24,25
2016-01-20 13:35:00,MAITRI,0.6,60.28,967.61,51.52,487.74,25.65,4.27,4.8,8962.76,17.95,4004.06,26
2016-01-20 13:40:00,MAITRI,0.2,60.56,966.68,52.76,477.39,25.21,4.2,5.04,8961.29,17.65,4003.87,27
2016-01-20 13:45:00,MAITRI,0.42,61.42,966.15,52.62,474.29,28.48,4.75,5.29,8959.63,19.94,4003.68,28
2016-01-20 13:50:00,MAITRI,0.63,58.64,966.09,51.32,477.82,25.15,4.19,5.52,8958.16,17.6,4003.49,27
2016-01-20 13:55:00,MAITRI,0.64,58.89,965.47,51.35,474.21,22.38,3.73,5.71,8956.86,15.67,4003.31,27
2016-01-20 14:00:00,MAITRI,0.69,59.55,965.3,51.5,449.75,25.14,4.19,5.91,8955.39,17.6,4003.12,27
2016-01-20 14:05:00,MAITRI,0.53,60.37,965.43,52.42,443.74,24.74,4.12,6.1,8953.95,17.32,4002.94,26
2016-01-20 14:10:00,MAITRI,0.73,60.23,965.13,52.59,444.01,27.83,4.64,6.33,8952.32,19.48,4002.74,28
2016-01-20 14:15:00,MAITRI,0.67,59.88,964.99,50.97,461.88,25.89,4.32,6.56,8950.81,18.12,4002.56,27
2016-01-20 14:20:00,MAITRI,0.78,60.23,965.09,49.53,438.08,25.74,4.29,6.75,8949.31,18.02,4002.36,28
2016-01-20 14:25:00,MAITRI,0.42,60.14,965.3,50.39,430.92,27.1,4.52,6.96,8947.73,18.97,4002.17,28
2016-01-20 14:30:00,MAITRI,0.68,59.56,965.71,50.76,428.92,28.94,4.82,7.18,8946.04,20.26,4001.99,26
2016-01-20 14:35:00,MAITRI,0.99,59.99,965.8,49.95,414.44,27.42,4.57,7.39,8944.44,19.19,4001.81,26
2016-01-20 14:40:00,MAITRI,1.03,60.64,965.63,49.96,404.12,28.82,4.8,7.6,8942.76,20.17,4001.62,26
2016-01-20 14:45:00,MAITRI,0.93,61.52,965.48,51.13,387.67,29.4,4.9,7.8,8941.05,20.58,4001.45,25
2016-01-20 14:50:00,MAITRI,0.94,61.7,965.7,53.07,392.5,43.71,7.28,6.75,8938.5,30.59,4001.27,26
2016-01-20 14:55:00,MAITRI,0.77,61.42,965.41,53.81,364.14,45.54,7.59,5.88,8935.84,31.88,4001.08,27
2016-01-20 15:00:00,MAITRI,0.56,62.21,965.28,54.9,358.41,43.12,7.19,5.05,8933.33,30.18,4000.9,26
2016-01-20 15:05:00,MAITRI,0.28,62.61,965.58,56.21,353.04,39.0,6.5,4.31,8931.05,27.3,4000.72,26
2016-01-20 15:10:00,MAITRI,0.71,62.65,965.87,54.52,360.94,41.87,6.98,3.28,8928.61,29.31,4000.54,26
2016-01-20 15:15:00,MAITRI,0.53,61.0,965.63,54.72,344.35,41.8,6.97,2.57,8926.17,29.26,4000.37,25
2016-01-20 15:20:00,MAITRI,0.4,61.2,965.71,55.47,342.2,38.64,6.44,1.44,8923.92,27.05,4000.19,25
2016-01-20 15:25:00,MAITRI,0.67,61.37,965.77,54.3,323.94,43.78,7.3,0.33,8921.36,30.65,4000.02,25
2016-01-20 15:30:00,MAITRI,0.79,61.7,966.29,53.98,316.27,44.11,7.35,0.0,8918.79,30.88,3999.85,25
2016-01-20 15:35:00,MAITRI,0.75,62.55,965.49,54.4,296.25,43.06,7.18,0.0,8916.28,30.14,3999.68,24
2016-01-20 15:40:00,MAITRI,0.72,62.48,964.88,54.54,310.45,46.43,7.74,0.0,8913.57,32.5,3999.51,25
2016-01-20 15:45:00,MAITRI,0.83,62.47,965.22,54.01,290.8,41.37,6.9,0.0,8911.15,28.96,3999.33,26
2016-01-20 15:50:00,MAITRI,0.93,62.59,965.55,53.86,285.51,44.84,7.47,0.0,8908.54,31.39,3999.14,27
2016-01-20 15:55:00,MAITRI,1.07,62.42,966.18,52.92,278.29,42.55,7.09,0.0,8906.06,29.79,3998.96,26
2016-01-20 16:00:00,MAITRI,0.95,62.42,966.72,52.86,258.68,47.73,7.95,0.0,8903.27,33.41,3998.77,27
2016-01-20 16:05:00,MAITRI,0.85,62.26,965.72,53.88,264.79,44.39,7.4,0.0,8900.68,31.07,3998.59,26
2016-01-20 16:10:00,MAITRI,1.02,62.07,965.73,52.3,252.55,46.02,7.67,0.0,8898.0,32.21,3998.41,26
2016-01-20 16:15:00,MAITRI,0.9,62.1,965.18,53.6,227.6,50.08,8.35,0.0,8895.08,35.06,3998.23,26
2016-01-20 16:20:00,MAITRI,0.94,62.6,965.11,51.87,235.54,49.87,8.31,0.0,8892.17,34.91,3998.05,26
2016-01-20 16:25:00,MAITRI,1.18,62.63,965.36,51.2,216.94,46.78,7.8,0.0,8889.44,32.75,3997.87,26
2016-01-20 16:30:00,MAITRI,1.3,62.47,965.04,51.27,215.85,49.88,8.31,0.0,8886.53,34.92,3997.68,27
2016-01-20 16:35:00,MAITRI,1.27,62.62,965.43,50.04,189.03,46.36,7.73,0.0,8883.83,32.45,3997.49,27
2016-01-20 16:40:00,MAITRI,1.18,61.19,965.13,50.57,182.81,49.1,8.18,0.0,8880.96,34.37,3997.31,26
2016-01-20 16:45:00,MAITRI,1.22,60.9,965.83,51.15,166.66,49.8,8.3,0.0,8878.06,34.86,3997.12,27
2016-01-20 16:50:00,MAITRI,1.17,61.11,965.82,50.84,140.85,52.14,8.69,0.0,8875.01,36.5,3996.94,27
2016-01-20 16:55:00,MAITRI,1.2,61.23,966.09,50.37,152.84,46.47,7.75,0.0,8872.3,32.53,3996.75,27
2016-01-20 17:00:00,MAITRI,1.21,61.32,965.76,49.7,138.45,51.92,8.65,0.0,8869.28,36.34,3996.56,27
2016-01-20 17:05:00,MAITRI,0.7,61.64,965.76,52.39,127.69,49.75,8.29,0.0,8866.37,34.83,3996.37,27
2016-01-20 17:10:00,MAITRI,0.54,61.47,965.59,52.97,115.55,52.44,8.74,0.0,8863.31,36.71,3996.19,26
2016-01-20 17:15:00,MAITRI,0.7,61.72,965.9,50.77,105.78,55.4,9.23,0.0,8860.08,38.78,3996.01,27
2016-01-20 17:20:00,MAITRI,0.21,61.92,965.15,52.06,96.38,59.5,9.92,0.0,8856.61,41.65,3995.81,28
2016-01-20 17:25:00,MAITRI,0.43,61.71,965.78,52.57,78.78,56.06,9.34,0.0,8853.34,39.24,3995.62,28
2016-01-20 17:30:00,MAITRI,0.19,61.83,965.4,54.58,64.76,59.54,9.92,0.0,8849.87,41.68,3995.42,28
2016-01-20 17:35:00,MAITRI,0.06,61.88,964.99,53.46,58.12,57.75,9.63,0.0,8846.5,40.43,3995.23,28
2016-01-20 17:40:00,MAITRI,0.2,62.7,966.16,52.76,71.15,54.33,9.06,0.0,8843.33,38.03,3995.04,27
2016-01-20 17:45:00,MAITRI,-0.16,63.08,965.38,54.13,22.24,53.89,8.98,0.0,8840.19,37.72,3994.85,27
2016-01-20 17:50:00,MAITRI,-0.29,61.48,965.41,56.21,30.18,61.83,10.31,0.02,8836.58,43.28,3994.67,26
2016-01-20 17:55:00,MAITRI,-0.22,61.1,965.11,57.15,7.67,75.98,12.66,0.02,8832.15,53.19,3994.49,27
2016-01-20 18:00:00,MAITRI,-0.17,61.77,965.15,56.18,0.0,73.53,12.25,0.02,8827.86,51.47,3994.3,27
2016-01-20 18:05:00,MAITRI,-0.49,61.91,964.82,56.43,0.0,71.95,11.99,0.02,8823.66,50.36,3994.1,28
2016-01-20 18:10:00,MAITRI,-0.39,61.73,965.01,55.35,0.0,67.45,11.24,0.02,8819.73,47.22,3993.91,28
2016-01-20 18:15:00,MAITRI,-0.79,62.21,964.18,55.92,8.69,66.33,11.06,0.02,8815.86,46.43,3993.72,27
2016-01-20 18:20:00,MAITRI,-0.57,61.87,964.16,55.2,0.0,67.19,11.2,0.02,8811.94,47.03,3993.53,27
2016-01-20 18:25:00,MAITRI,-0.6,61.91,963.68,55.08,0.0,67.5,11.25,0.02,8808.0,47.25,3993.35,26
2016-01-20 18:30:00,MAITRI,-0.37,61.76,963.69,54.73,0.0,76.59,12.76,0.02,8803.53,53.61,3993.17,27
2016-01-20 18:35:00,MAITRI,-0.47,61.49,963.59,55.11,6.52,74.88,12.48,0.03,8799.16,52.41,3992.97,28
2016-01-20 18:40:00,MAITRI,-0.38,61.69,964.0,54.64,8.6,72.9,12.15,0.03,8794.91,51.03,3992.78,28
2016-01-20 18:45:00,MAITRI,-0.19,61.32,964.38,54.6,0.0,66.42,11.07,0.03,8791.04,46.49,3992.59,27
2016-01-20 18:50:00,MAITRI,0.12,61.95,964.96,54.09,7.04,67.06,11.18,0.04,8787.13,46.94,3992.4,27
2016-01-20 18:55:00,MAITRI,0.34,61.87,965.25,53.14,15.05,75.66,12.61,0.04,8782.71,52.96,3992.22,27
2016-01-20 19:00:00,MAITRI,0.12,62.06,965.06,54.84,0.0,67.16,11.19,0.04,8778.79,47.01,3992.03,27
2016-01-20 19:05:00,MAITRI,0.16,60.23,965.25,54.94,8.39,63.66,10.61,0.05,8775.08,44.56,3991.84,27
2016-01-20 19:10:00,MAITRI,0.33,60.23,965.06,54.42,0.0,76.18,12.7,0.05,8770.64,53.33,3991.65,27
2016-01-20 19:15:00,MAITRI,0.13,61.04,965.4,55.95,0.0,68.31,11.38,0.05,8766.65,47.81,3991.46,28
2016-01-20 19:20:00,MAITRI,0.2,61.69,965.44,54.96,0.0,66.54,11.09,0.05,8762.77,46.58,3991.26,28
2016-01-20 19:25:00,MAITRI,0.32,61.86,965.54,55.47,4.58,75.33,12.55,0.05,8758.38,52.73,3991.07,28
2016-01-20 19:30:00,MAITRI,0.48,61.83,965.02,55.64,27.24,68.0,11.33,0.06,8754.41,47.6,3990.87,28
2016-01-20 19:35:00,MAITRI,0.57,61.34,965.11,55.13,0.0,75.87,12.65,0.06,8749.98,53.11,3990.68,28
2016-01-20 19:40:00,MAITRI,0.35,61.51,965.88,54.11,2.51,76.33,12.72,0.07,8745.53,53.43,3990.49,28
2016-01-20 19:45:00,MAITRI,0.29,61.2,964.85,55.13,1.63,72.27,12.05,0.07,8741.32,50.59,3990.29,28
2016-01-20 19:50:00,MAITRI,0.47,61.67,965.0,54.8,0.19,73.15,12.19,0.07,8737.05,51.21,3990.1,28
2016-01-20 19:55:00,MAITRI,0.19,61.57,965.14,56.53,10.16,69.07,11.51,0.07,8733.02,48.35,3989.9,28
2016-01-20 20:00:00,MAITRI,0.18,60.94,965.52,58.67,8.79,64.49,10.75,0.08,8729.26,45.14,3989.72,27
2016-01-20 20:05:00,MAITRI,-0.34,61.26,965.97,60.55,0.0,74.68,12.45,0.08,8724.9,52.27,3989.53,26
2016-01-20 20:10:00,MAITRI,-0.5,61.03,966.81,59.13,4.71,68.3,11.38,0.08,8720.92,47.81,3989.36,25
2016-01-20 20:15:00,MAITRI,-0.65,61.69,967.1,60.38,0.0,61.13,10.19,0.08,8717.35,42.79,3989.19,24
2016-01-20 20:20:00,MAITRI,-0.51,61.76,967.19,58.66,0.0,74.37,12.39,0.08,8713.01,52.06,3989.03,23
2016-01-20 20:25:00,MAITRI,-0.37,61.73,967.15,58.68,13.09,76.82,12.8,0.09,8708.53,53.78,3988.87,23
2016-01-20 20:30:00,MAITRI,-0.23,62.01,967.21,59.31,0.0,71.16,11.86,0.09,8704.38,49.81,3988.72,23
2016-01-20 20:35:00,MAITRI,-0.32,62.23,966.82,58.43,0.0,66.37,11.06,0.09,8700.51,46.46,3988.56,23
2016-01-20 20:40:00,MAITRI,-0.22,62.46,966.73,59.07,6.75,70.81,11.8,0.09,8696.38,49.56,3988.4,23
2016-01-20 20:45:00,MAITRI,-0.29,62.08,966.95,60.88,0.0,44.3,7.38,0.09,8693.79,31.01,3988.24,23
2016-01-20 20:50:00,MAITRI,-0.2,60.94,966.82,62.24,0.0,42.38,7.06,0.07,8691.32,29.67,3988.08,23
2016-01-20 20:55:00,MAITRI,-0.52,61.36,967.37,62.53,0.0,43.87,7.31,0.07,8688.76,30.71,3987.92,22
2016-01-20 21:00:00,MAITRI,-0.58,61.48,967.94,62.53,5.96,39.16,6.53,0.01,8686.48,27.41,3987.77,22
2016-01-20 21:05:00,MAITRI,-0.83,61.71,967.99,63.96,0.0,44.1,7.35,0.01,8683.91,30.87,3987.62,22
2016-01-20 21:10:00,MAITRI,-1.18,61.92,967.98,63.35,5.82,42.46,7.08,0.0,8681.43,29.72,3987.46,23
2016-01-20 21:15:00,MAITRI,-0.99,61.98,967.75,63.37,4.63,40.8,6.8,0.0,8679.05,28.56,3987.31,22
2016-01-20 21:20:00,MAITRI,-1.19,59.65,967.76,64.67,0.0,41.89,6.98,0.0,8676.61,29.32,3987.16,21
2016-01-20 21:25:00,MAITRI,-1.22,60.15,967.77,63.61,4.31,42.31,7.05,0.0,8674.14,29.62,3987.01,21
2016-01-20 21:30:00,MAITRI,-1.19,60.02,967.85,64.96,5.72,42.59,7.1,0.0,8671.65,29.82,3986.86,22
2016-01-20 21:35:00,MAITRI,-0.96,55.98,967.27,63.41,4.81,41.84,6.97,0.0,8669.21,29.29,3986.71,22
2016-01-20 21:40:00,MAITRI,-1.15,57.07,967.08,63.13,3.34,43.55,7.26,0.0,8666.67,30.49,3986.55,23
2016-01-20 21:45:00,MAITRI,-1.48,57.52,966.85,62.85,2.54,44.53,7.42,0.0,8664.07,31.17,3986.39,23
2016-01-20 21:50:00,MAITRI,-1.43,57.39,966.94,61.94,0.0,43.24,7.21,0.0,8661.55,30.27,3986.22,24
2016-01-20 21:55:00,MAITRI,-1.22,55.43,966.22,60.31,0.0,40.93,6.82,0.0,8659.17,28.65,3986.06,24
2016-01-20 22:00:00,MAITRI,-1.12,56.08,966.33,60.45,0.0,41.13,6.85,0.0,8656.77,28.79,3985.89,24
2016-01-20 22:05:00,MAITRI,-1.11,56.49,966.51,60.62,0.56,43.12,7.19,0.0,8654.25,30.19,3985.73,23
2016-01-20 22:10:00,MAITRI,-1.02,57.39,966.59,59.16,12.4,41.69,6.95,0.0,8651.82,29.18,3985.57,23
2016-01-20 22:15:00,MAITRI,-1.31,58.55,965.87,61.87,0.0,41.56,6.93,0.0,8649.4,29.09,3985.41,23
2016-01-20 22:20:00,MAITRI,-1.23,59.07,965.97,60.36,0.0,43.92,7.32,0.0,8646.83,30.74,3985.25,23
2016-01-20 22:25:00,MAITRI,-1.07,59.29,966.07,61.16,0.0,41.88,6.98,0.0,8644.39,29.32,3985.09,23
2016-01-20 22:30:00,MAITRI,-1.11,59.26,966.01,62.11,12.37,43.78,7.3,0.01,8641.84,30.64,3984.93,23
2016-01-20 22:35:00,MAITRI,-1.24,59.67,965.59,62.15,0.0,43.37,7.23,0.01,8639.31,30.36,3984.77,23
2016-01-20 22:40:00,MAITRI,-1.24,59.66,965.0,61.96,6.72,42.68,7.11,0.0,8636.82,29.87,3984.6,24
2016-01-20 22:45:00,MAITRI,-1.5,60.07,964.11,61.61,9.39,45.57,7.6,0.0,8634.16,31.9,3984.44,24
2016-01-20 22:50:00,MAITRI,-1.58,59.32,964.05,61.64,11.61,42.93,7.15,0.01,8631.65,30.05,3984.27,24
2016-01-20 22:55:00,MAITRI,-1.67,59.44,964.04,60.62,23.5,42.53,7.09,0.02,8629.17,29.77,3984.11,23
2016-01-20 23:00:00,MAITRI,-1.5,59.02,964.74,60.98,0.0,42.02,7.0,0.0,8626.72,29.41,3983.95,23
2016-01-20 23:05:00,MAITRI,-1.36,59.64,964.91,61.55,0.0,42.15,7.03,0.0,8624.26,29.51,3983.78,24
2016-01-20 23:10:00,MAITRI,-1.64,60.24,964.98,60.3,0.0,42.4,7.07,0.0,8621.79,29.68,3983.62,24
2016-01-20 23:15:00,MAITRI,-1.98,60.53,964.67,62.66,11.46,42.84,7.14,0.01,8619.29,29.99,3983.46,23
2016-01-20 23:20:00,MAITRI,-1.63,60.2,964.56,61.96,13.21,43.26,7.21,0.01,8616.77,30.28,3983.3,23
2016-01-20 23:25:00,MAITRI,-1.7,61.35,964.94,60.91,0.0,44.92,7.49,0.01,8614.15,31.45,3983.13,24
2016-01-20 23:30:00,MAITRI,-1.81,60.81,965.07,59.54,0.0,43.87,7.31,0.01,8611.59,30.71,3982.96,25
2016-01-20 23:35:00,MAITRI,-1.96,60.69,965.1,58.69,0.0,42.29,7.05,0.0,8609.12,29.6,3982.79,24
2016-01-20 23:40:00,MAITRI,-1.87,60.74,966.08,58.16,0.0,40.61,6.77,0.0,8606.75,28.43,3982.62,24
2016-01-20 23:45:00,MAITRI,-2.03,61.19,966.05,57.19,7.85,43.35,7.22,0.0,8604.22,30.34,3982.46,24
2016-01-20 23:50:00,MAITRI,-1.95,61.6,965.87,55.54,2.73,42.4,7.07,0.0,8601.75,29.68,3982.29,24
2016-01-20 23:55:00,MAITRI,-2.06,61.71,965.92,56.2,0.0,42.57,7.09,0.0,8595.3,77.39,3982.13,23
2016-01-21 00:00:00,MAITRI,-1.93,62.05,966.68,55.21,0.14,44.67,7.44,0.0,8590.36,59.28,3981.97,24
2016-01-21 00:05:00,MAITRI,-1.99,62.02,967.19,55.5,12.1,43.45,7.24,0.01,8584.0,76.37,3981.81,23
2016-01-21 00:10:00,MAITRI,-2.08,62.4,967.52,54.74,1.83,43.95,7.32,0.01,8577.19,81.65,3981.65,22
2016-01-21 00:15:00,MAITRI,-1.69,62.37,967.13,53.52,1.05,43.7,7.28,0.01,8572.51,56.16,3981.5,22
2016-01-21 00:20:00,MAITRI,-1.54,62.27,966.98,54.05,7.12,42.63,7.1,0.0,8566.21,75.57,3981.34,23
2016-01-21 00:25:00,MAITRI,-1.76,63.03,967.05,53.65,0.0,43.17,7.19,0.0,8561.08,61.59,3981.19,22
2016-01-21 00:30:00,MAITRI,-1.73,63.82,967.79,54.62,1.61,42.54,7.09,0.0,8554.16,83.05,3981.03,23
2016-01-21 00:35:00,MAITRI,-1.72,64.2,968.26,55.36,0.0,44.8,7.47,0.0,8549.2,59.56,3980.87,23
2016-01-21 00:40:00,MAITRI,-1.58,63.99,969.03,54.41,0.0,42.38,7.06,0.0,8544.68,54.17,3980.71,23
2016-01-21 00:45:00,MAITRI,-1.36,63.88,969.11,53.48,4.13,42.91,7.15,0.0,8537.83,82.2,3980.55,23
2016-01-21 00:50:00,MAITRI,-1.52,63.34,968.77,52.99,9.32,44.51,7.42,0.0,8531.1,80.81,3980.38,24
2016-01-21 00:55:00,MAITRI,-1.42,64.06,968.74,53.77,0.0,45.01,7.5,0.0,8526.16,59.32,3980.22,24
2016-01-21 01:00:00,MAITRI,-1.44,63.86,969.36,53.87,0.0,41.97,7.0,0.0,8521.13,60.28,3980.05,24
2016-01-21 01:05:00,MAITRI,-1.44,63.71,969.75,53.28,0.0,43.4,7.23,0.0,8516.24,58.77,3979.87,25
2016-01-21 01:10:00,MAITRI,-1.44,62.85,969.74,52.93,0.0,44.15,7.36,0.0,8513.66,30.9,3979.7,25
2016-01-21 01:15:00,MAITRI,-1.97,59.96,968.4,55.38,0.0,43.93,7.32,0.0,8511.1,30.75,3979.54,23
2016-01-21 01:20:00,MAITRI,-1.68,60.01,967.89,54.22,10.07,40.13,6.69,0.0,8508.76,28.09,3979.38,23
2016-01-21 01:25:00,MAITRI,-2.17,57.59,966.31,56.44,0.0,44.49,7.42,0.0,8506.16,31.14,3979.22,23
2016-01-21 01:30:00,MAITRI,-2.45,58.49,966.21,55.56,0.0,41.54,6.92,0.0,8503.74,29.08,3979.06,24
2016-01-21 01:35:00,MAITRI,-2.27,59.06,965.89,54.18,13.38,44.76,7.46,0.01,8501.13,31.33,3978.88,25
2016-01-21 01:40:00,MAITRI,-2.28,58.99,965.45,55.44,0.0,45.12,7.52,0.01,8498.5,31.58,3978.72,23
2016-01-21 01:45:00,MAITRI,-2.34,58.58,965.69,57.63,3.12,42.17,7.03,0.0,8496.04,29.52,3978.56,23
2016-01-21 01:50:00,MAITRI,-2.36,58.96,965.83,56.38,0.0,40.89,6.81,0.0,8493.65,28.62,3978.4,23
2016-01-21 01:55:00,MAITRI,-2.18,58.68,965.64,56.72,11.72,43.37,7.23,0.01,8491.12,30.36,3978.24,23
2016-01-21 02:00:00,MAITRI,-2.26,60.46,965.43,60.08,0.0,44.13,7.36,0.01,8488.55,30.89,3978.08,23
2016-01-21 02:05:00,MAITRI,-2.53,60.88,965.82,60.95,0.0,43.65,7.28,0.01,8486.0,30.56,3977.92,23
2016-01-21 02:10:00,MAITRI,-2.5,60.65,966.76,60.48,0.0,44.1,7.35,0.01,8483.43,30.87,3977.77,22
2016-01-21 02:15:00,MAITRI,-2.89,60.85,966.81,62.46,0.0,40.22,6.7,0.0,8481.08,28.16,3977.62,22
2016-01-21 02:20:00,MAITRI,-2.5,61.02,966.79,59.76,0.0,42.99,7.17,0.0,8478.57,30.1,3977.47,22
2016-01-21 02:25:00,MAITRI,-2.62,60.82,966.04,59.95,0.74,43.74,7.29,0.0,8476.02,30.62,3977.31,22
2016-01-21 02:30:00,MAITRI,-2.77,61.12,966.77,58.65,0.0,43.96,7.33,0.0,8473.46,30.77,3977.16,22
2016-01-21 02:35:00,MAITRI,-2.62,61.69,966.42,57.6,0.0,43.27,7.21,0.0,8470.93,30.29,3977.01,22
2016-01-21 02:40:00,MAITRI,-2.61,61.64,967.17,56.09,2.25,41.53,6.92,0.0,8468.51,29.07,3976.85,22
2016-01-21 02:45:00,MAITRI,-2.87,61.6,967.21,58.72,13.75,40.31,6.72,0.0,8466.16,28.22,3976.7,22
2016-01-21 02:50:00,MAITRI,-2.87,61.9,967.23,58.96,10.24,40.58,6.76,0.0,8463.79,28.4,3976.54,23
2016-01-21 02:55:00,MAITRI,-2.64,61.99,967.01,57.47,8.22,42.12,7.02,0.0,8461.34,29.48,3976.38,23
2016-01-21 03:00:00,MAITRI,-2.54,61.41,967.19,55.52,9.71,42.56,7.09,0.0,8458.85,29.79,3976.22,23
2016-01-21 03:05:00,MAITRI,-2.6,61.3,966.85,54.34,0.0,43.17,7.2,0.0,8456.33,30.22,3976.06,23
2016-01-21 03:10:00,MAITRI,-2.46,61.18,967.06,53.86,0.0,42.13,7.02,0.0,8453.88,29.49,3975.9,23
2016-01-21 03:15:00,MAITRI,-2.43,61.76,966.65,52.27,0.0,44.87,7.48,0.0,8451.26,31.41,3975.74,24
2016-01-21 03:20:00,MAITRI,-2.19,62.02,966.38,50.93,0.0,44.48,7.41,0.0,8448.66,31.13,3975.57,24
2016-01-21 03:25:00,MAITRI,-2.02,62.25,966.47,51.87,0.0,41.64,6.94,0.0,8446.24,29.15,3975.41,23
2016-01-21 03:30:00,MAITRI,-1.99,62.33,966.32,50.24,0.0,43.9,7.32,0.0,8443.68,30.73,3975.24,24
2016-01-21 03:35:00,MAITRI,-2.29,61.92,966.75,53.69,0.0,43.49,7.25,0.0,8441.14,30.45,3975.08,24
2016-01-21 03:40:00,MAITRI,-2.28,61.87,966.0,54.17,7.93,44.43,7.4,0.0,8438.55,31.1,3974.9,25
2016-01-21 03:45:00,MAITRI,-2.17,61.54,966.07,53.73,6.0,44.57,7.43,0.01,8435.95,31.2,3974.73,25
2016-01-21 03:50:00,MAITRI,-2.04,61.49,965.92,55.18,0.0,50.78,8.46,0.0,8432.98,35.55,3974.56,25
2016-01-21 03:55:00,MAITRI,-2.22,60.95,965.82,53.73,4.27,55.7,9.28,0.0,8429.74,38.99,3974.39,24
2016-01-21 04:00:00,MAITRI,-2.59,60.77,965.26,55.97,0.0,53.75,8.96,0.0,8426.6,37.63,3974.22,24
2016-01-21 04:05:00,MAITRI,-2.6,60.63,965.05,56.23,0.0,55.72,9.29,0.0,8423.35,39.0,3974.06,23
2016-01-21 04:10:00,MAITRI,-2.47,60.3,965.37,54.96,0.0,56.66,9.44,0.0,8420.04,39.66,3973.9,23
2016-01-21 04:15:00,MAITRI,-2.27,60.16,965.2,53.9,10.68,60.98,10.16,0.0,8416.49,42.69,3973.74,23
2016-01-21 04:20:00,MAITRI,-2.19,60.63,964.95,54.02,0.0,51.98,8.66,0.0,8413.45,36.39,3973.58,23
2016-01-21 04:25:00,MAITRI,-2.41,60.79,965.42,55.4,0.0,61.78,10.3,0.0,8409.85,43.24,3973.42,23
2016-01-21 04:30:00,MAITRI,-2.6,60.97,965.7,57.65,0.0,56.16,9.36,0.0,8406.58,39.31,3973.26,24
2016-01-21 04:35:00,MAITRI,-2.63,61.19,965.72,58.08,2.88,54.88,9.15,0.0,8403.37,38.42,3973.1,23
2016-01-21 04:40:00,MAITRI,-2.7,60.42,965.28,57.98,0.0,54.73,9.12,0.0,8400.18,38.31,3972.94,23
2016-01-21 04:45:00,MAITRI,-2.48,60.39,965.17,55.86,1.1,52.2,8.7,0.0,8397.14,36.54,3972.78,23
2016-01-21 04:50:00,MAITRI,-2.71,60.31,965.03,54.6,0.0,61.92,10.32,0.0,8393.52,43.34,3972.62,23
2016-01-21 04:55:00,MAITRI,-2.73,61.14,965.32,54.61,2.86,53.09,8.85,0.0,8390.43,37.17,3972.45,24
2016-01-21 05:00:00,MAITRI,-2.49,61.18,965.72,53.71,0.0,55.27,9.21,0.0,8387.2,38.69,3972.28,24
2016-01-21 05:05:00,MAITRI,-2.56,61.86,965.72,54.54,6.1,59.85,9.97,0.0,8383.71,41.89,3972.12,24
2016-01-21 05:10:00,MAITRI,-2.34,62.31,965.86,57.32,0.0,52.98,8.83,0.0,8380.62,37.09,3971.95,24
2016-01-21 05:15:00,MAITRI,-3.21,62.43,964.71,59.73,5.98,58.76,9.79,0.0,8377.19,41.13,3971.78,24
2016-01-21 05:20:00,MAITRI,-2.75,59.49,964.87,60.72,9.24,55.65,9.28,0.0,8373.95,38.96,3971.62,24
2016-01-21 05:25:00,MAITRI,-2.66,60.41,965.33,59.2,0.0,58.67,9.78,0.0,8370.52,41.07,3971.44,25
2016-01-21 05:30:00,MAITRI,-2.56,60.61,965.47,59.04,4.45,54.96,9.16,0.0,8367.32,38.47,3971.27,25
2016-01-21 05:35:00,MAITRI,-2.23,59.77,964.86,57.62,2.32,53.85,8.97,0.0,8364.18,37.69,3971.1,25
2016-01-21 05:40:00,MAITRI,-2.25,60.57,964.91,58.15,0.0,58.06,9.68,0.0,8360.79,40.64,3970.92,25
2016-01-21 05:45:00,MAITRI,-2.06,60.93,965.41,57.48,0.4,55.0,9.17,0.0,8357.58,38.5,3970.76,24
2016-01-21 05:50:00,MAITRI,-2.19,60.29,966.42,57.07,0.0,50.07,8.34,0.0,8354.66,35.05,3970.6,23
2016-01-21 05:55:00,MAITRI,-2.11,60.25,966.13,56.59,0.0,54.95,9.16,0.0,8351.46,38.47,3970.44,23
2016-01-21 06:00:00,MAITRI,-1.9,60.48,966.72,56.38,0.61,52.95,8.83,0.0,8348.37,37.07,3970.28,23
2016-01-21 06:05:00,MAITRI,-2.43,60.44,967.21,58.61,12.93,56.42,9.4,0.0,8345.08,39.5,3970.12,23
2016-01-21 06:10:00,MAITRI,-2.19,60.76,966.85,57.72,33.57,52.41,8.74,0.0,8342.02,36.69,3969.96,23
2016-01-21 06:15:00,MAITRI,-2.18,61.99,966.73,58.07,37.14,57.4,9.57,0.0,8338.67,40.18,3969.8,23
2016-01-21 06:20:00,MAITRI,-2.78,62.04,967.25,60.3,46.56,59.52,9.92,0.0,8335.2,41.66,3969.63,24
2016-01-21 06:25:00,MAITRI,-2.87,62.07,967.23,58.6,58.01,41.46,6.91,0.03,8332.78,29.02,3969.47,24
2016-01-21 06:30:00,MAITRI,-2.6,57.94,967.43,57.54,54.97,40.1,6.68,0.03,8330.44,28.07,3969.3,24
2016-01-21 06:35:00,MAITRI,-2.28,58.46,967.76,60.07,88.25,38.72,6.45,0.07,8328.18,27.1,3969.14,23
2016-01-21 06:40:00,MAITRI,-1.82,59.63,967.67,61.05,96.07,40.07,6.68,0.12,8325.84,28.05,3968.98,23
2016-01-21 06:45:00,MAITRI,-2.14,60.03,967.25,61.92,95.74,39.93,6.66,0.17,8323.52,27.95,3968.82,23
2016-01-21 06:50:00,MAITRI,-2.19,60.41,966.98,61.32,104.5,37.45,6.24,0.19,8321.33,26.21,3968.66,23
2016-01-21 06:55:00,MAITRI,-1.95,60.8,966.74,59.78,131.01,38.78,6.46,0.26,8319.07,27.15,3968.5,23
2016-01-21 07:00:00,MAITRI,-2.52,59.79,965.41,60.2,133.02,38.35,6.39,0.33,8316.83,26.85,3968.34,23
2016-01-21 07:05:00,MAITRI,-2.52,60.37,965.8,58.89,137.51,36.63,6.11,0.38,8314.69,25.64,3968.18,23
2016-01-21 07:10:00,MAITRI,-2.08,60.68,966.08,57.14,168.54,35.63,5.94,0.45,8312.62,24.94,3968.03,22
2016-01-21 07:15:00,MAITRI,-2.13,60.48,966.03,56.64,180.5,34.61,5.77,0.54,8310.6,24.23,3967.88,21
2016-01-21 07:20:00,MAITRI,-2.05,61.66,966.23,55.33,180.81,34.94,5.82,0.62,8308.56,24.46,3967.74,21
2016-01-21 07:25:00,MAITRI,-1.75,61.73,966.21,53.39,194.56,34.96,5.83,0.72,8306.52,24.47,3967.58,22
2016-01-21 07:30:00,MAITRI,-1.51,61.88,966.55,52.91,192.49,34.38,5.73,0.81,8304.51,24.06,3967.44,21
2016-01-21 07:35:00,MAITRI,-1.51,61.3,966.95,53.25,213.34,34.92,5.82,0.92,8302.48,24.45,3967.29,21
2016-01-21 07:40:00,MAITRI,-1.71,61.45,966.38,54.9,228.33,35.73,5.95,1.04,8300.39,25.01,3967.14,22
2016-01-21 07:45:00,MAITRI,-1.81,61.64,966.22,54.57,239.13,34.74,5.79,1.17,8298.37,24.31,3966.99,22
2016-01-21 07:50:00,MAITRI,-1.34,61.88,965.81,53.57,244.24,34.29,5.71,1.29,8296.37,24.0,3966.83,23
2016-01-21 07:55:00,MAITRI,-1.19,62.05,965.75,53.08,259.53,32.14,5.36,1.4,8294.49,22.5,3966.66,24
2016-01-21 08:00:00,MAITRI,-1.26,61.83,965.36,53.0,258.5,33.35,5.56,1.53,8292.55,23.35,3966.49,25
2016-01-21 08:05:00,MAITRI,-1.49,60.74,965.72,54.17,267.65,37.13,6.19,1.67,8290.38,25.99,3966.3,27
2016-01-21 08:10:00,MAITRI,-1.03,60.33,965.88,52.28,282.52,33.65,5.61,1.81,8288.42,23.56,3966.1,28
2016-01-21 08:15:00,MAITRI,-1.05,60.3,965.63,52.86,290.35,33.64,5.61,1.95,8286.45,23.55,3965.91,28
2016-01-21 08:20:00,MAITRI,-0.91,60.2,965.95,51.52,313.27,32.79,5.47,2.12,8284.54,22.96,3965.72,27
2016-01-21 08:25:00,MAITRI,-0.88,60.46,966.02,50.15,314.22,31.69,5.28,2.27,8282.69,22.18,3965.53,27
2016-01-21 08:30:00,MAITRI,-0.63,61.02,966.24,52.04,320.89,39.59,6.6,1.6,8280.38,27.72,3965.35,27
2016-01-21 08:35:00,MAITRI,-0.52,60.9,967.08,50.98,317.28,47.11,7.85,0.36,8277.64,32.98,3965.16,27
2016-01-21 08:40:00,MAITRI,-0.59,60.89,966.2,51.0,348.09,41.51,6.92,0.0,8275.21,29.06,3964.98,26
2016-01-21 08:45:00,MAITRI,-0.89,61.51,965.61,51.67,358.35,47.14,7.86,0.0,8272.46,33.0,3964.79,27
2016-01-21 08:50:00,MAITRI,-0.86,61.39,966.06,54.0,332.33,47.11,7.85,0.0,8269.72,32.98,3964.6,27
2016-01-21 08:55:00,MAITRI,-1.49,60.38,964.95,55.85,349.87,48.45,8.08,0.0,8266.89,33.92,3964.41,28
2016-01-21 09:00:00,MAITRI,-1.2,60.74,964.78,55.72,364.87,43.24,7.21,0.0,8264.37,30.27,3964.22,28
2016-01-21 09:05:00,MAITRI,-1.19,61.02,965.02,57.53,395.36,44.13,7.35,0.0,8261.79,30.89,3964.01,29
2016-01-21 09:10:00,MAITRI,-0.97,61.01,964.87,59.08,385.31,39.0,6.5,0.0,8259.52,27.3,3963.81,29
2016-01-21 09:15:00,MAITRI,-1.05,61.29,964.84,60.0,375.64,44.83,7.47,0.0,8256.9,31.38,3963.61,29
2016-01-21 09:20:00,MAITRI,-0.95,61.36,965.13,57.71,402.35,41.01,6.83,0.0,8254.51,28.71,3963.41,29
2016-01-21 09:25:00,MAITRI,-1.06,61.56,964.97,58.47,392.45,44.43,7.4,0.0,8251.92,31.1,3963.22,28
2016-01-21 09:30:00,MAITRI,-0.46,60.72,965.15,56.19,406.37,41.53,6.92,0.0,8249.5,29.07,3963.02,28
2016-01-21 09:35:00,MAITRI,-0.64,60.77,965.04,57.38,408.73,43.55,7.26,0.0,8246.96,30.49,3962.83,28
2016-01-21 09:40:00,MAITRI,-0.48,61.28,965.31,58.81,412.23,39.79,6.63,0.0,8244.63,27.86,3962.65,26
2016-01-21 09:45:00,MAITRI,-0.24,61.9,965.36,57.36,419.96,43.62,7.27,0.0,8242.09,30.54,3962.47,26
2016-01-21 09:50:00,MAITRI,-0.68,62.1,964.65,58.17,424.11,44.81,7.47,0.0,8239.48,31.37,3962.28,26
2016-01-21 09:55:00,MAITRI,-0.82,62.47,964.47,58.86,441.68,37.89,6.31,0.0,8237.27,26.52,3962.11,25
2016-01-21 10:00:00,MAITRI,-0.35,62.69,965.12,57.19,439.28,44.4,7.4,0.0,8234.68,31.08,3961.94,25
2016-01-21 10:05:00,MAITRI,-0.09,61.95,964.97,55.87,459.08,38.69,6.45,0.0,8232.42,27.08,3961.76,26
2016-01-21 10:10:00,MAITRI,0.18,61.79,965.31,53.92,469.74,41.61,6.93,0.0,8229.99,29.13,3961.58,25
2016-01-21 10:15:00,MAITRI,0.28,58.58,965.54,51.8,472.09,38.97,6.5,0.0,8227.72,27.28,3961.41,25
2016-01-21 10:20:00,MAITRI,0.6,58.58,965.33,49.45,476.49,25.3,4.22,0.25,8226.24,17.71,3961.23,26
2016-01-21 10:25:00,MAITRI,0.56,58.6,965.03,49.01,490.02,23.9,3.98,0.49,8224.85,16.73,3961.05,26
2016-01-21 10:30:00,MAITRI,0.54,59.21,964.63,48.99,489.85,26.72,4.45,0.74,8223.29,18.7,3960.87,25
2016-01-21 10:35:00,MAITRI,-0.1,60.06,963.53,50.93,496.52,23.17,3.86,0.99,8221.94,16.22,3960.71,24
2016-01-21 10:40:00,MAITRI,-0.24,60.68,964.13,51.87,483.78,25.16,4.19,1.24,8220.47,17.61,3960.54,24
2016-01-21 10:45:00,MAITRI,-0.03,60.63,964.71,50.43,504.32,24.2,4.03,1.5,8219.06,16.94,3960.37,25
2016-01-21 10:50:00,MAITRI,-0.13,60.8,964.13,50.35,498.68,23.42,3.9,1.74,8217.69,16.39,3960.19,26
2016-01-21 10:55:00,MAITRI,-0.05,60.99,963.99,50.45,506.88,22.1,3.68,1.97,8216.4,15.47,3960.01,25
2016-01-21 11:00:00,MAITRI,-0.34,61.23,964.31,50.3,518.8,21.01,3.5,2.19,8215.18,14.7,3959.83,26
2016-01-21 11:05:00,MAITRI,-0.12,61.53,964.27,48.38,512.76,24.27,4.04,2.46,8213.76,16.99,3959.65,26
2016-01-21 11:10:00,MAITRI,0.39,61.8,964.48,47.13,516.94,24.5,4.08,2.73,8212.33,17.15,3959.47,27
2016-01-21 11:15:00,MAITRI,0.42,62.24,964.23,48.38,528.95,25.42,4.24,3.0,8210.85,17.79,3959.28,27
2016-01-21 11:20:00,MAITRI,0.33,62.3,964.49,48.76,522.02,26.21,4.37,3.27,8209.32,18.34,3959.09,27
2016-01-21 11:25:00,MAITRI,0.48,60.56,964.96,47.62,529.41,24.1,4.02,3.55,8207.92,16.87,3958.9,27
2016-01-21 11:30:00,MAITRI,0.5,60.52,965.23,46.43,544.4,25.31,4.22,3.83,8206.44,17.72,3958.71,28
2016-01-21 11:35:00,MAITRI,0.63,61.38,964.98,46.79,533.78,25.31,4.22,4.11,8204.96,17.71,3958.51,28
2016-01-21 11:40:00,MAITRI,0.16,61.28,965.37,48.18,522.2,24.22,4.04,4.37,8203.55,16.95,3958.31,29
2016-01-21 11:45:00,MAITRI,0.22,60.93,965.26,47.91,525.0,23.26,3.88,4.61,8202.19,16.28,3958.11,29
2016-01-21 11:50:00,MAITRI,0.59,61.59,964.82,46.95,550.11,23.49,3.91,4.9,8200.82,16.44,3957.92,27
2016-01-21 11:55:00,MAITRI,0.1,62.0,963.91,48.52,541.22,21.75,3.63,5.16,8199.56,15.23,3957.74,26
2016-01-21 12:00:00,MAITRI,0.04,62.36,963.69,48.67,545.18,20.8,3.47,5.4,8198.34,14.56,3957.56,26
2016-01-21 12:05:00,MAITRI,0.25,62.46,963.75,49.06,531.45,23.61,3.93,5.68,8196.96,16.53,3957.38,26
2016-01-21 12:10:00,MAITRI,0.24,61.5,963.56,49.05,531.74,22.72,3.79,5.94,8195.64,15.91,3957.19,27
2016-01-21 12:15:00,MAITRI,-0.15,60.77,962.85,50.25,514.3,25.84,4.31,6.2,8194.13,18.09,3957.0,28
2016-01-21 12:20:00,MAITRI,0.16,60.9,963.02,52.09,520.9,24.4,4.07,6.47,8192.71,17.08,3956.81,28
2016-01-21 12:25:00,MAITRI,0.26,61.62,963.6,51.14,523.12,22.97,3.83,6.71,8191.37,16.08,3956.61,28
2016-01-21 12:30:00,MAITRI,0.19,62.01,963.36,49.83,519.71,25.76,4.29,6.98,8189.87,18.03,3956.42,28
2016-01-21 12:35:00,MAITRI,0.22,62.1,963.43,49.35,515.1,25.02,4.17,7.25,8188.41,17.52,3956.22,28
2016-01-21 12:40:00,MAITRI,0.3,62.24,962.68,49.4,521.35,24.28,4.05,7.51,8186.99,17.0,3956.02,29
2016-01-21 12:45:00,MAITRI,0.54,61.34,962.95,47.96,528.64,25.28,4.21,7.78,8185.52,17.7,3955.82,29
2016-01-21 12:50:00,MAITRI,0.57,61.5,963.56,49.97,519.3,24.43,4.07,8.04,8184.09,17.1,3955.62,29
2016-01-21 12:55:00,MAITRI,0.74,61.59,964.16,50.38,507.45,23.99,4.0,8.28,8182.69,16.8,3955.42,28
2016-01-21 13:00:00,MAITRI,0.79,60.9,963.61,50.61,504.91,26.61,4.43,8.54,8181.14,18.63,3955.23,28
2016-01-21 13:05:00,MAITRI,1.09,61.09,964.82,49.15,510.7,25.74,4.29,8.81,8179.64,18.02,3955.03,28
2016-01-21 13:10:00,MAITRI,1.23,61.32,965.04,48.87,511.96,23.21,3.87,9.04,8178.28,16.24,3954.84,28
2016-01-21 13:15:00,MAITRI,1.18,61.38,964.62,49.39,494.53,27.09,4.51,9.3,8176.7,18.96,3954.64,29
2016-01-21 13:20:00,MAITRI,1.24,61.94,964.71,48.22,504.22,25.84,4.31,9.57,8175.2,18.09,3954.44,29
2016-01-21 13:25:00,MAITRI,1.41,62.43,965.26,48.3,492.75,25.56,4.26,9.81,8173.7,17.89,3954.24,29
2016-01-21 13:30:00,MAITRI,1.33,62.37,965.13,50.7,487.48,27.16,4.53,10.06,8172.12,19.01,3954.03,29
2016-01-21 13:35:00,MAITRI,1.48,62.33,965.68,49.68,487.99,25.17,4.19,10.3,8170.65,17.62,3953.84,28
2016-01-21 13:40:00,MAITRI,1.31,62.05,965.72,51.8,479.62,27.46,4.58,10.55,8169.05,19.22,3953.65,28
2016-01-21 13:45:00,MAITRI,1.26,61.86,965.0,52.15,470.27,46.16,7.69,10.79,8166.36,32.31,3953.44,29
2016-01-21 13:50:00,MAITRI,0.85,61.44,964.25,53.42,466.98,49.15,8.19,11.04,8163.49,34.41,3953.24,29
2016-01-21 13:55:00,MAITRI,1.24,62.01,965.5,51.76,470.56,57.69,9.61,11.28,8160.12,40.38,3953.04,29
2016-01-21 14:00:00,MAITRI,1.09,61.83,965.74,53.94,453.78,57.91,9.65,11.52,8156.75,40.54,3952.84,29
2016-01-21 14:05:00,MAITRI,0.93,61.62,965.26,54.05,447.23,49.37,8.23,11.75,8153.87,34.56,3952.64,29
2016-01-21 14:10:00,MAITRI,0.9,61.69,965.0,52.24,452.74,48.51,8.09,11.99,8151.04,33.96,3952.44,29
2016-01-21 14:15:00,MAITRI,0.73,61.87,964.71,53.22,438.28,46.72,7.79,12.22,8148.31,32.71,3952.24,28
2016-01-21 14:20:00,MAITRI,1.06,59.69,965.15,52.29,435.36,50.03,8.34,12.44,8145.39,35.02,3952.06,27
2016-01-21 14:25:00,MAITRI,0.88,60.27,965.07,53.7,417.88,51.35,8.56,12.66,8142.4,35.95,3951.87,27
2016-01-21 14:30:00,MAITRI,0.85,60.64,965.64,52.14,424.87,53.52,8.92,12.88,8139.28,37.46,3951.68,27
2016-01-21 14:35:00,MAITRI,0.83,61.07,965.48,51.85,404.27,52.35,8.73,13.09,8136.22,36.65,3951.49,28
2016-01-21 14:40:00,MAITRI,0.86,61.62,965.28,50.27,409.21,48.89,8.15,13.31,8133.37,34.22,3951.29,28
2016-01-21 14:45:00,MAITRI,0.89,61.3,965.3,49.99,399.5,48.54,8.09,13.52,8130.54,33.98,3951.1,28
2016-01-21 14:50:00,MAITRI,0.72,61.24,965.56,50.77,393.7,57.65,9.61,13.72,8127.18,40.35,3950.9,29
2016-01-21 14:55:00,MAITRI,0.6,61.67,965.42,51.83,370.83,59.89,9.98,13.91,8123.68,41.92,3950.69,30
2016-01-21 15:00:00,MAITRI,0.79,61.76,965.74,51.02,366.95,51.84,8.64,14.11,8120.66,36.29,3950.49,29
2016-01-21 15:05:00,MAITRI,0.75,62.07,965.97,50.99,361.28,49.69,8.28,14.29,8117.76,34.78,3950.28,29
2016-01-21 15:10:00,MAITRI,0.73,61.79,966.29,53.3,366.75,55.4,9.23,14.49,8114.53,38.78,3950.08,29
2016-01-21 15:15:00,MAITRI,0.59,62.16,966.11,54.25,342.86,58.61,9.77,14.66,8111.11,41.03,3949.88,29
2016-01-21 15:20:00,MAITRI,0.53,61.97,965.98,54.1,323.82,52.54,8.76,14.83,8108.04,36.78,3949.69,28
2016-01-21 15:25:00,MAITRI,0.69,61.92,965.57,54.1,337.06,53.76,8.96,15.01,8104.91,37.63,3949.49,28
2016-01-21 15:30:00,MAITRI,0.67,62.12,964.68,54.5,325.4,33.16,5.53,15.18,8102.97,23.21,3949.31,27
2016-01-21 15:35:00,MAITRI,0.71,61.89,963.96,54.4,305.63,32.06,5.34,15.32,8101.1,22.44,3949.12,27
2016-01-21 15:40:00,MAITRI,1.11,61.69,964.81,53.83,298.26,33.14,5.52,15.48,8099.17,23.2,3948.93,27
2016-01-21 15:45:00,MAITRI,0.84,58.52,965.21,53.98,286.32,33.37,5.56,15.62,8097.22,23.36,3948.74,27
2016-01-21 15:50:00,MAITRI,0.7,58.74,965.02,54.95,287.34,34.45,5.74,15.77,8095.21,24.11,3948.55,28
2016-01-21 15:55:00,MAITRI,0.8,58.51,965.04,54.37,280.19,34.97,5.83,15.92,8093.17,24.48,3948.35,28
2016-01-21 16:00:00,MAITRI,0.94,57.7,964.53,54.83,257.74,37.31,6.22,16.06,8091.0,26.12,3948.16,28
2016-01-21 16:05:00,MAITRI,0.91,58.56,964.41,55.9,246.54,34.51,5.75,16.16,8088.98,24.16,3947.96,29
2016-01-21 16:10:00,MAITRI,0.95,58.95,964.41,53.75,259.34,34.18,5.7,16.27,8086.99,23.92,3947.76,29
2016-01-21 16:15:00,MAITRI,0.75,60.11,964.43,55.28,221.76,37.57,6.26,16.39,8084.8,26.3,3947.56,29
2016-01-21 16:20:00,MAITRI,0.85,60.88,964.79,54.16,208.1,37.63,6.27,16.5,8082.6,26.34,3947.36,28
2016-01-21 16:25:00,MAITRI,0.52,61.47,964.06,54.39,214.3,35.23,5.87,16.59,8080.55,24.66,3947.17,27
2016-01-21 16:30:00,MAITRI,0.17,61.35,963.78,56.53,195.29,36.15,6.03,16.67,8078.44,25.31,3946.99,26
2016-01-21 16:35:00,MAITRI,-0.26,61.21,963.01,56.64,181.95,39.32,6.55,16.77,8076.15,27.52,3946.81,27
2016-01-21 16:40:00,MAITRI,-0.19,61.27,964.11,55.28,167.83,38.91,6.49,16.86,8073.88,27.24,3946.62,27
2016-01-21 16:45:00,MAITRI,-0.58,58.9,964.0,54.97,167.69,37.24,6.21,16.93,8071.7,26.07,3946.43,27
2016-01-21 16:50:00,MAITRI,-0.29,59.06,964.04,54.02,171.68,37.94,6.32,17.02,8069.49,26.56,3946.24,27
2016-01-21 16:55:00,MAITRI,-0.07,59.42,964.78,52.78,157.18,39.31,6.55,17.1,8067.2,27.52,3946.05,28
2016-01-21 17:00:00,MAITRI,0.22,59.85,965.41,52.52,142.01,36.82,6.14,17.13,8065.05,25.77,3945.86,27
2016-01-21 17:05:00,MAITRI,0.5,59.93,965.17,52.85,130.39,71.88,11.98,17.2,8060.86,50.32,3945.67,27
2016-01-21 17:10:00,MAITRI,0.35,59.84,965.19,53.25,123.49,75.53,12.59,17.26,8056.45,52.87,3945.49,27
2016-01-21 17:15:00,MAITRI,0.03,60.34,965.0,55.7,102.45,73.64,12.27,17.31,8052.16,51.55,3945.31,26
2016-01-21 17:20:00,MAITRI,-0.01,60.82,965.29,54.36,96.81,79.15,13.19,17.36,8047.54,55.4,3945.12,27
2016-01-21 17:25:00,MAITRI,0.13,61.0,965.07,52.48,78.08,66.62,11.1,17.4,8043.65,46.63,3944.93,27
2016-01-21 17:30:00,MAITRI,-0.07,60.97,965.24,51.04,76.72,80.45,13.41,17.44,8038.96,56.31,3944.74,27
2016-01-21 17:35:00,MAITRI,0.28,61.94,965.79,50.9,70.37,67.13,11.19,17.48,8035.04,46.99,3944.56,27
2016-01-21 17:40:00,MAITRI,0.21,61.84,964.82,52.31,36.81,64.68,10.78,17.5,8031.27,45.27,3944.37,26
2016-01-21 17:45:00,MAITRI,0.19,61.87,963.91,53.34,37.74,71.84,11.97,17.52,8027.08,50.29,3944.19,26
2016-01-21 17:50:00,MAITRI,-0.11,61.3,964.05,55.4,17.12,73.3,12.22,17.53,8022.8,51.31,3944.01,27
2016-01-21 17:55:00,MAITRI,-0.05,61.8,964.44,53.71,14.81,65.69,10.95,17.54,8018.97,45.99,3943.82,27
2016-01-21 18:00:00,MAITRI,-0.01,62.28,963.81,53.55,0.0,78.38,13.06,17.54,8014.4,54.86,3943.64,26
2016-01-21 18:05:00,MAITRI,-0.02,62.47,963.88,53.04,0.0,72.45,12.08,17.54,8010.17,50.72,3943.46,26
2016-01-21 18:10:00,MAITRI,0.06,62.05,964.18,51.42,5.62,78.22,13.04,17.54,8005.61,54.75,3943.28,26
2016-01-21 18:15:00,MAITRI,-0.14,62.6,964.44,51.9,0.0,78.67,13.11,17.54,8001.02,55.07,3943.1,25
2016-01-21 18:20:00,MAITRI,0.21,62.88,964.5,52.31,0.0,83.72,13.95,17.54,7996.14,58.6,3942.92,26
2016-01-21 18:25:00,MAITRI,0.13,62.96,965.13,54.44,6.18,73.02,12.17,17.54,7991.88,51.11,3942.74,26
2016-01-21 18:30:00,MAITRI,-0.17,62.96,966.03,55.48,1.51,71.81,11.97,17.54,7987.69,50.27,3942.57,25
2016-01-21 18:35:00,MAITRI,0.08,62.54,966.44,55.35,2.56,69.09,11.52,17.54,7983.66,48.37,3942.4,25
2016-01-21 18:40:00,MAITRI,-0.02,63.15,966.39,57.0,0.0,78.33,13.06,17.54,7979.09,54.83,3942.22,26
2016-01-21 18:45:00,MAITRI,-0.26,58.42,966.3,57.72,1.86,78.11,13.02,17.55,7974.53,54.67,3942.03,26
2016-01-21 18:50:00,MAITRI,-0.13,58.68,966.07,55.79,0.0,69.89,11.65,17.55,7970.46,48.93,3941.85,26
2016-01-21 18:55:00,MAITRI,-0.11,59.79,965.32,55.88,3.47,74.42,12.4,17.55,7966.12,52.1,3941.67,26
2016-01-21 19:00:00,MAITRI,-0.12,60.8,965.94,54.68,0.0,72.57,12.1,17.55,7961.88,50.8,3941.49,27
2016-01-21 19:05:00,MAITRI,0.09,60.94,966.01,55.0,12.83,66.62,11.1,17.55,7958.0,46.64,3941.3,27
2016-01-21 19:10:00,MAITRI,0.07,60.96,966.16,54.79,4.03,65.61,10.93,17.56,7954.17,45.93,3941.11,27
2016-01-21 19:15:00,MAITRI,0.06,61.49,966.03,55.99,3.58,77.61,12.94,17.56,7949.64,54.33,3940.92,27
2016-01-21 19:20:00,MAITRI,-0.03,61.78,965.72,55.99,15.02,83.33,13.89,17.57,7944.78,58.33,3940.74,27
2016-01-21 19:25:00,MAITRI,-0.15,61.16,965.78,54.72,6.61,83.0,13.83,17.57,7939.94,58.1,3940.56,26
2016-01-21 19:30:00,MAITRI,-0.13,61.23,965.74,54.75,11.06,72.4,12.07,17.58,7935.71,50.68,3940.37,27
2016-01-21 19:35:00,MAITRI,-0.13,61.62,965.58,55.35,2.1,80.26,13.38,17.58,7931.03,56.18,3940.18,27
2016-01-21 19:40:00,MAITRI,0.06,61.77,965.6,54.78,10.55,67.9,11.32,17.58,7927.07,47.53,3939.99,27
2016-01-21 19:45:00,MAITRI,-0.23,62.15,966.16,55.71,0.0,76.14,12.69,17.58,7922.63,53.3,3939.81,27
2016-01-21 19:50:00,MAITRI,-0.32,62.29,964.93,56.5,15.41,78.79,13.13,17.59,7918.03,55.15,3939.61,28
2016-01-21 19:55:00,MAITRI,-0.62,61.94,965.54,57.45,0.0,78.78,13.13,17.59,7913.44,55.14,3939.42,27
2016-01-21 20:00:00,MAITRI,-0.88,61.49,964.69,58.27,6.86,77.32,12.89,17.59,7908.93,54.12,3939.24,26
2016-01-21 20:05:00,MAITRI,-0.77,62.13,965.01,56.84,3.82,71.76,11.96,17.6,7904.74,50.24,3939.06,26
2016-01-21 20:10:00,MAITRI,-0.75,62.43,964.99,56.15,0.0,44.55,7.43,17.59,7902.14,31.19,3938.88,26
2016-01-21 20:15:00,MAITRI,-1.21,62.39,964.48,57.34,14.2,42.72,7.12,17.58,7899.65,29.9,3938.71,25
2016-01-21 20:20:00,MAITRI,-1.68,62.09,964.74,59.33,7.68,44.11,7.35,17.58,7897.08,30.87,3938.53,25
2016-01-21 20:25:00,MAITRI,-1.54,61.78,964.31,59.99,0.0,45.05,7.51,17.58,7894.45,31.53,3938.36,25
2016-01-21 20:30:00,MAITRI,-1.5,61.7,964.05,58.76,4.49,43.65,7.27,17.57,7891.91,30.55,3938.18,26
2016-01-21 20:35:00,MAITRI,-1.26,62.42,964.33,56.99,0.0,45.88,7.65,17.57,7889.23,32.11,3938.0,26
2016-01-21 20:40:00,MAITRI,-1.58,62.04,963.86,58.15,0.0,43.29,7.21,17.55,7886.7,30.3,3937.83,25
2016-01-21 20:45:00,MAITRI,-1.69,61.52,964.37,59.02,9.62,41.84,6.97,17.52,7884.26,29.29,3937.65,25
2016-01-21 20:50:00,MAITRI,-1.84,60.57,964.39,58.43,3.65,43.08,7.18,17.51,7881.75,30.15,3937.49,24
2016-01-21 20:55:00,MAITRI,-1.57,60.92,964.59,57.79,3.35,42.62,7.1,17.5,7879.26,29.83,3937.33,23
2016-01-21 21:00:00,MAITRI,-1.39,60.26,964.38,57.83,0.0,46.16,7.69,17.5,7876.57,32.31,3937.17,23
2016-01-21 21:05:00,MAITRI,-1.56,60.3,964.22,58.53,5.2,43.6,7.27,17.5,7874.03,30.52,3937.01,23
2016-01-21 21:10:00,MAITRI,-1.51,61.23,964.2,58.42,0.0,44.88,7.48,17.5,7871.41,31.42,3936.85,23
2016-01-21 21:15:00,MAITRI,-1.81,61.45,964.15,61.41,6.24,41.76,6.96,17.48,7868.97,29.23,3936.69,23
2016-01-21 21:20:00,MAITRI,-1.51,61.55,964.34,60.37,6.69,43.47,7.24,17.49,7866.44,30.43,3936.53,23
2016-01-21 21:25:00,MAITRI,-1.6,61.8,964.92,60.19,0.33,43.73,7.29,17.49,7863.89,30.61,3936.37,22
2016-01-21 21:30:00,MAITRI,-1.7,62.15,964.85,59.63,0.0,43.12,7.19,17.49,7861.37,30.18,3936.22,22
2016-01-21 21:35:00,MAITRI,-1.81,62.1,964.79,59.43,0.0,42.65,7.11,17.49,7858.88,29.86,3936.08,21
2016-01-21 21:40:00,MAITRI,-1.49,62.48,964.95,58.6,16.68,42.74,7.12,17.49,7856.39,29.92,3935.93,21
2016-01-21 21:45:00,MAITRI,-1.71,62.87,964.94,59.81,12.22,40.48,6.75,17.47,7854.03,28.34,3935.78,21
2016-01-21 21:50:00,MAITRI,-1.89,62.44,964.58,60.14,0.86,41.76,6.96,17.45,7851.59,29.23,3935.64,21
2016-01-21 21:55:00,MAITRI,-1.78,62.85,964.68,58.07,4.58,45.57,7.59,17.46,7848.94,31.9,3935.49,22
2016-01-21 22:00:00,MAITRI,-1.9,62.66,963.73,58.3,0.0,45.59,7.6,17.46,7846.28,31.91,3935.33,22
2016-01-21 22:05:00,MAITRI,-1.75,62.62,964.71,58.63,0.0,40.8,6.8,17.41,7843.9,28.56,3935.18,22
2016-01-21 22:10:00,MAITRI,-1.86,62.93,964.39,61.37,8.98,44.25,7.37,17.42,7841.32,30.97,3935.03,22
2016-01-21 22:15:00,MAITRI,-1.94,62.7,964.52,60.88,0.0,43.69,7.28,17.42,7838.77,30.58,3934.87,23
2016-01-21 22:20:00,MAITRI,-2.31,58.02,964.0,61.64,0.0,43.37,7.23,17.42,7836.24,30.36,3934.72,22
2016-01-21 22:25:00,MAITRI,-2.51,58.23,963.89,60.48,0.0,41.26,6.88,17.39,7833.83,28.88,3934.56,22
2016-01-21 22:30:00,MAITRI,-2.51,59.62,963.43,62.92,11.45,42.74,7.12,17.4,7831.34,29.92,3934.4,23
2016-01-21 22:35:00,MAITRI,-2.36,60.15,964.43,63.11,1.69,43.44,7.24,17.4,7828.8,30.41,3934.24,23
2016-01-21 22:40:00,MAITRI,-2.56,59.79,964.17,65.46,0.63,42.76,7.13,17.39,7826.31,29.93,3934.08,23
2016-01-21 22:45:00,MAITRI,-2.48,60.43,964.33,65.99,6.98,42.61,7.1,17.39,7823.82,29.83,3933.92,23
2016-01-21 22:50:00,MAITRI,-2.25,60.43,964.55,66.96,0.0,43.19,7.2,17.39,7821.3,30.23,3933.77,22
2016-01-21 22:55:00,MAITRI,-2.38,60.84,963.35,66.25,0.0,44.61,7.43,17.39,7818.7,31.22,3933.62,22
2016-01-21 23:00:00,MAITRI,-2.36,60.84,963.27,64.86,0.0,43.8,7.3,17.39,7816.15,30.66,3933.47,21
2016-01-21 23:05:00,MAITRI,-2.02,61.08,963.43,64.42,3.08,42.56,7.09,17.39,7813.66,29.79,3933.33,21
2016-01-21 23:10:00,MAITRI,-2.07,60.72,962.92,64.8,0.0,42.41,7.07,17.38,7811.19,29.69,3933.17,22
2016-01-21 23:15:00,MAITRI,-2.04,61.45,963.69,63.84,0.0,41.79,6.97,17.36,7808.75,29.26,3933.02,22
2016-01-21 23:20:00,MAITRI,-1.86,61.65,963.89,63.84,8.07,43.52,7.25,17.36,7806.21,30.46,3932.87,22
2016-01-21 23:25:00,MAITRI,-1.82,61.5,964.29,63.88,0.0,43.02,7.17,17.36,7803.7,30.11,3932.72,22
2016-01-21 23:30:00,MAITRI,-2.12,61.34,964.54,64.43,0.0,44.61,7.44,17.36,7801.1,31.23,3932.56,23
2016-01-21 23:35:00,MAITRI,-2.17,61.9,964.6,64.09,0.0,44.15,7.36,17.36,7798.53,30.9,3932.4,23
2016-01-21 23:40:00,MAITRI,-2.36,62.23,964.98,65.51,2.25,73.41,12.23,17.36,7794.24,51.39,3932.24,23
2016-01-21 23:45:00,MAITRI,-2.32,62.45,965.16,65.22,0.0,75.28,12.55,17.36,7789.85,52.69,3932.07,24
2016-01-21 23:50:00,MAITRI,-2.38,62.04,963.92,66.15,2.84,72.3,12.05,17.36,7785.64,50.61,3931.9,25
2016-01-21 23:55:00,MAITRI,-2.56,61.81,963.74,64.9,7.17,70.66,11.78,17.37,7781.51,49.46,3931.72,25
2016-01-22 00:00:00,MAITRI,-2.42,62.25,964.52,64.4,0.0,68.62,11.44,17.37,7777.51,48.03,3931.56,24
2016-01-22 00:05:00,MAITRI,-2.48,62.16,964.7,64.62,7.61,65.88,10.98,17.37,7773.67,46.12,3931.39,24
2016-01-22 00:10:00,MAITRI,-2.34,61.65,964.53,63.63,13.33,63.93,10.66,17.38,7769.94,44.75,3931.22,24
2016-01-22 00:15:00,MAITRI,-2.02,62.14,964.74,63.75,6.53,67.05,11.17,17.38,7766.03,46.93,3931.06,24
2016-01-22 00:20:00,MAITRI,-1.97,62.26,965.41,63.1,7.94,70.59,11.77,17.39,7761.91,49.41,3930.89,24
2016-01-22 00:25:00,MAITRI,-1.6,61.73,965.03,61.14,0.0,73.45,12.24,17.39,7757.63,51.42,3930.73,23
2016-01-22 00:30:00,MAITRI,-1.79,62.55,964.83,62.4,7.66,69.52,11.59,17.39,7753.57,48.67,3930.57,23
2016-01-22 00:35:00,MAITRI,-2.13,61.4,965.42,64.15,0.0,64.58,10.76,17.39,7749.8,45.21,3930.42,22
2016-01-22 00:40:00,MAITRI,-2.35,61.84,965.02,66.48,12.83,62.88,10.48,17.4,7746.14,44.01,3930.26,22
2016-01-22 00:45:00,MAITRI,-2.23,62.36,965.07,65.54,15.77,63.42,10.57,17.41,7742.44,44.39,3930.12,21
2016-01-22 00:50:00,MAITRI,-2.16,61.92,965.15,63.21,0.0,64.73,10.79,17.41,7738.66,45.31,3929.97,22
2016-01-22 00:55:00,MAITRI,-2.05,62.78,965.24,62.92,0.0,72.21,12.03,17.41,7734.45,50.54,3929.81,23
2016-01-22 01:00:00,MAITRI,-2.08,63.06,965.23,60.59,0.0,65.27,10.88,17.41,7730.64,45.69,3929.65,23
2016-01-22 01:05:00,MAITRI,-2.6,62.54,964.6,60.98,11.56,70.67,11.78,17.41,7726.52,49.47,3929.49,23
2016-01-22 01:10:00,MAITRI,-2.73,62.34,964.51,59.21,0.0,62.97,10.5,17.41,7722.84,44.08,3929.32,24
2016-01-22 01:15:00,MAITRI,-2.8,62.29,964.36,60.65,0.0,65.14,10.86,17.41,7719.05,45.59,3929.15,24
2016-01-22 01:20:00,MAITRI,-3.02,62.37,964.16,62.02,0.0,75.2,12.53,17.41,7714.66,52.64,3928.99,24
2016-01-22 01:25:00,MAITRI,-2.92,62.69,965.02,61.67,0.0,63.31,10.55,17.41,7710.97,44.32,3928.82,24
2016-01-22 01:30:00,MAITRI,-3.18,59.9,963.8,62.88,0.0,57.63,9.61,17.41,7707.6,40.34,3928.66,23
2016-01-22 01:35:00,MAITRI,-2.83,59.79,963.71,60.52,0.0,69.81,11.64,17.41,7703.53,48.87,3928.49,24
2016-01-22 01:40:00,MAITRI,-3.04,60.24,963.64,60.88,0.0,72.08,12.01,17.41,7699.33,50.46,3928.33,24
2016-01-22 01:45:00,MAITRI,-2.92,59.69,963.66,60.14,8.97,73.72,12.29,17.42,7695.03,51.6,3928.17,23
2016-01-22 01:50:00,MAITRI,-2.97,60.2,964.14,61.57,0.77,63.05,10.51,17.42,7691.35,44.14,3928.01,23
2016-01-22 01:55:00,MAITRI,-3.39,57.74,962.86,62.71,0.0,66.53,11.09,17.42,7687.47,46.57,3927.84,24
2016-01-22 02:00:00,MAITRI,-2.99,58.51,963.08,63.07,0.0,72.61,12.1,17.42,7683.23,50.83,3927.67,24
2016-01-22 02:05:00,MAITRI,-3.05,58.9,962.8,65.58,0.0,66.46,11.08,17.42,7679.35,46.53,3927.51,24
2016-01-22 02:10:00,MAITRI,-3.3,59.25,963.18,67.1,3.58,68.63,11.44,17.42,7675.35,48.04,3927.34,24
2016-01-22 02:15:00,MAITRI,-3.08,59.42,963.18,65.83,15.33,41.28,6.88,17.4,7672.94,28.89,3927.18,23
2016-01-22 02:20:00,MAITRI,-2.91,60.07,963.15,64.61,15.12,45.78,7.63,17.41,7670.27,32.05,3927.01,24
2016-01-22 02:25:00,MAITRI,-2.89,60.84,962.71,67.15,0.0,44.57,7.43,17.41,7667.67,31.2,3926.85,24
2016-01-22 02:30:00,MAITRI,-3.18,60.55,962.94,64.49,0.0,42.47,7.08,17.39,7665.2,29.73,3926.68,24
2016-01-22 02:35:00,MAITRI,-3.5,61.56,963.74,65.87,0.0,44.76,7.46,17.39,7662.58,31.34,3926.52,23
2016-01-22 02:40:00,MAITRI,-3.14,61.32,963.76,63.68,0.0,40.76,6.79,17.35,7660.21,28.53,3926.37,22
2016-01-22 02:45:00,MAITRI,-3.69,61.31,963.25,64.96,0.75,43.96,7.33,17.35,7657.64,30.77,3926.22,22
2016-01-22 02:50:00,MAITRI,-3.42,61.71,963.67,66.02,11.1,39.86,6.64,17.3,7655.32,27.9,3926.06,22
2016-01-22 02:55:00,MAITRI,-3.25,61.79,964.38,63.85,0.0,42.55,7.09,17.3,7652.83,29.79,3925.92,21
2016-01-22 03:00:00,MAITRI,-3.42,62.29,964.51,61.89,7.12,42.01,7.0,17.3,7650.38,29.4,3925.77,21
2016-01-22 03:05:00,MAITRI,-3.76,60.0,964.24,62.54,0.0,43.45,7.24,17.3,7647.85,30.41,3925.62,22
2016-01-22 03:10:00,MAITRI,-3.45,60.37,964.8,64.47,10.81,41.96,6.99,17.3,7645.4,29.37,3925.47,22
2016-01-22 03:15:00,MAITRI,-3.65,60.74,965.39,66.16,1.49,44.2,7.37,17.3,7642.82,30.94,3925.3,24
2016-01-22 03:20:00,MAITRI,-3.52,59.1,966.01,63.32,0.0,43.55,7.26,17.3,7640.28,30.49,3925.13,24
2016-01-22 03:25:00,MAITRI,-3.29,59.5,966.18,62.32,0.29,42.58,7.1,17.28,7637.8,29.81,3924.97,24
2016-01-22 03:30:00,MAITRI,-3.36,59.72,965.95,60.13,7.65,42.84,7.14,17.27,7635.3,29.99,3924.8,24
2016-01-22 03:35:00,MAITRI,-2.99,60.26,965.97,58.06,0.0,45.01,7.5,17.27,7632.67,31.51,3924.64,23
2016-01-22 03:40:00,MAITRI,-2.91,60.81,965.65,56.04,4.07,43.33,7.22,17.27,7627.89,57.45,3924.48,23
2016-01-22 03:45:00,MAITRI,-3.21,61.04,966.38,58.82,0.0,44.55,7.43,17.27,7620.67,86.58,3924.32,23
2016-01-22 03:50:00,MAITRI,-3.38,60.9,965.91,60.47,0.99,43.16,7.19,17.27,7615.99,56.13,3924.16,23
2016-01-22 03:55:00,MAITRI,-3.27,61.11,965.79,59.06,0.0,43.14,7.19,17.27,7610.99,60.05,3924.0,23
2016-01-22 04:00:00,MAITRI,-3.0,61.06,966.28,57.63,0.0,44.48,7.41,17.27,7604.42,78.9,3923.85,22
2016-01-22 04:05:00,MAITRI,-3.31,60.81,965.97,55.99,0.0,42.75,7.12,17.26,7599.59,57.85,3923.69,22
2016-01-22 04:10:00,MAITRI,-2.87,60.2,966.08,57.32,0.0,44.7,7.45,17.26,7593.41,74.23,3923.53,23
2016-01-22 04:15:00,MAITRI,-2.67,60.94,965.87,56.32,2.18,43.3,7.22,17.26,7586.96,77.39,3923.37,23
2016-01-22 04:20:00,MAITRI,-3.07,61.32,966.25,58.18,10.87,44.24,7.37,17.27,7580.91,72.6,3923.22,23
2016-01-22 04:25:00,MAITRI,-2.88,61.48,966.46,58.14,1.85,44.28,7.38,17.27,7575.78,61.58,3923.06,22
2016-01-22 04:30:00,MAITRI,-2.66,61.68,966.37,56.22,6.13,46.37,7.73,17.27,7569.45,75.96,3922.9,23
2016-01-22 04:35:00,MAITRI,-2.86,57.56,965.97,59.25,10.63,43.26,7.21,17.28,7564.68,57.24,3922.75,22
2016-01-22 04:40:00,MAITRI,-2.76,58.71,965.71,58.52,0.0,40.77,6.8,17.24,7559.96,56.58,3922.59,23
2016-01-22 04:45:00,MAITRI,-2.71,59.22,966.78,56.41,0.0,41.64,6.94,17.21,7554.63,64.02,3922.43,23
2016-01-22 04:50:00,MAITRI,-2.62,59.24,966.6,55.87,0.25,42.16,7.03,17.19,7552.17,29.51,3922.27,23
2016-01-22 04:55:00,MAITRI,-2.38,59.43,966.98,55.53,0.0,41.95,6.99,17.17,7549.72,29.37,3922.11,23
2016-01-22 05:00:00,MAITRI,-2.11,57.03,966.87,56.9,2.23,42.05,7.01,17.15,7547.27,29.44,3921.95,23
2016-01-22 05:05:00,MAITRI,-2.35,57.29,966.63,55.24,3.68,42.02,7.0,17.14,7544.82,29.42,3921.79,23
2016-01-22 05:10:00,MAITRI,-2.24,56.05,967.69,53.52,0.36,43.43,7.24,17.14,7542.28,30.4,3921.63,23
2016-01-22 05:15:00,MAITRI,-2.38,56.8,967.45,53.33,0.0,43.3,7.22,17.14,7539.76,30.31,3921.47,24
2016-01-22 05:20:00,MAITRI,-2.54,55.4,968.27,51.64,0.0,42.09,7.01,17.12,7537.3,29.46,3921.3,24
2016-01-22 05:25:00,MAITRI,-2.61,56.1,967.86,52.47,0.0,45.0,7.5,17.12,7534.68,31.5,3921.13,24
2016-01-22 05:30:00,MAITRI,-2.43,57.05,967.86,51.38,0.0,42.49,7.08,17.1,7532.2,29.74,3920.97,24
2016-01-22 05:35:00,MAITRI,-2.5,57.96,967.59,52.18,0.72,45.31,7.55,17.1,7529.56,31.71,3920.8,24
2016-01-22 05:40:00,MAITRI,-2.29,58.61,967.1,51.41,6.28,41.42,6.9,17.07,7527.14,28.99,3920.63,24
2016-01-22 05:45:00,MAITRI,-2.31,58.86,967.76,51.65,0.0,46.2,7.7,17.07,7524.44,32.34,3920.47,24
2016-01-22 05:50:00,MAITRI,-2.8,59.18,967.97,54.41,4.5,42.23,7.04,17.05,7521.98,29.56,3920.3,24
2016-01-22 05:55:00,MAITRI,-2.63,59.69,967.26,54.22,0.0,46.26,7.71,17.05,7519.28,32.39,3920.13,24
2016-01-22 06:00:00,MAITRI,-2.57,60.2,967.55,54.01,2.33,44.49,7.41,17.05,7516.69,31.14,3919.97,24
2016-01-22 06:05:00,MAITRI,-2.55,60.05,967.2,53.19,20.28,80.2,13.37,17.06,7512.01,56.14,3919.81,23
2016-01-22 06:10:00,MAITRI,-2.33,60.27,967.74,53.59,9.32,63.79,10.63,17.07,7508.29,44.65,3919.65,23
2016-01-22 06:15:00,MAITRI,-1.94,61.07,967.75,54.85,30.79,72.77,12.13,17.08,7504.04,50.94,3919.49,23
2016-01-22 06:20:00,MAITRI,-1.89,61.23,967.21,54.8,31.52,77.16,12.86,17.1,7499.54,54.01,3919.33,23
2016-01-22 06:25:00,MAITRI,-1.87,60.83,967.44,53.8,65.52,79.74,13.29,17.13,7494.89,55.82,3919.17,23
2016-01-22 06:30:00,MAITRI,-2.11,60.39,967.06,52.01,61.21,62.63,10.44,17.17,7491.24,43.84,3919.01,23
2016-01-22 06:35:00,MAITRI,-2.36,61.46,967.26,53.27,87.2,67.24,11.21,17.21,7487.31,47.07,3918.85,23
2016-01-22 06:40:00,MAITRI,-2.51,61.49,967.79,53.36,95.79,65.53,10.92,17.26,7483.49,45.87,3918.69,23
2016-01-22 06:45:00,MAITRI,-2.59,61.46,968.11,54.53,107.39,73.77,12.3,17.32,7479.19,51.64,3918.53,23
2016-01-22 06:50:00,MAITRI,-2.82,61.29,967.27,57.71,108.71,70.15,11.69,17.37,7475.1,49.1,3918.37,23
2016-01-22 06:55:00,MAITRI,-2.67,61.18,967.87,56.12,123.18,69.05,11.51,17.44,7471.07,48.33,3918.21,23
2016-01-22 07:00:00,MAITRI,-2.44,61.02,967.52,55.99,134.0,73.37,12.23,17.51,7466.79,51.36,3918.05,23
2016-01-22 07:05:00,MAITRI,-2.62,60.88,967.1,57.4,146.18,69.31,11.55,17.58,7462.75,48.51,3917.9,22
2016-01-22 07:10:00,MAITRI,-2.35,60.82,966.96,57.03,166.74,60.23,10.04,17.67,7459.23,42.16,3917.75,21
2016-01-22 07:15:00,MAITRI,-2.11,60.92,967.23,55.95,180.83,55.26,9.21,17.77,7456.01,38.68,3917.6,21
2016-01-22 07:20:00,MAITRI,-2.41,60.3,967.12,57.25,155.48,67.68,11.28,17.85,7452.06,47.38,3917.46,21
2016-01-22 07:25:00,MAITRI,-1.9,61.06,967.47,55.34,191.7,71.52,11.92,17.95,7447.89,50.07,3917.31,21
2016-01-22 07:30:00,MAITRI,-1.73,58.5,968.0,54.91,203.35,73.44,12.24,18.05,7443.61,51.41,3917.17,21
2016-01-22 07:35:00,MAITRI,-1.59,59.18,967.82,54.66,203.31,66.87,11.15,18.16,7439.7,46.81,3917.02,21
2016-01-22 07:40:00,MAITRI,-1.84,59.45,967.47,56.28,208.77,66.44,11.07,18.27,7435.83,46.51,3916.87,21
2016-01-22 07:45:00,MAITRI,-1.79,59.64,967.06,56.74,240.06,53.56,8.93,18.39,7432.7,37.5,3916.74,20
2016-01-22 07:50:00,MAITRI,-1.81,60.02,966.86,56.55,249.11,68.83,11.47,18.52,7428.69,48.18,3916.59,21
2016-01-22 07:55:00,MAITRI,-1.44,60.89,966.71,54.9,247.76,60.65,10.11,18.65,7425.15,42.46,3916.44,22
2016-01-22 08:00:00,MAITRI,-1.27,60.87,966.95,52.79,262.44,60.4,10.07,18.79,7421.63,42.28,3916.28,22
2016-01-22 08:05:00,MAITRI,-1.36,60.66,966.39,55.18,275.66,54.06,9.01,18.93,7418.47,37.84,3916.13,22
2016-01-22 08:10:00,MAITRI,-1.64,61.31,965.66,56.44,287.35,55.47,9.25,19.08,7415.24,38.83,3915.97,23
2016-01-22 08:15:00,MAITRI,-2.11,61.62,966.13,57.37,288.18,58.61,9.77,19.23,7411.82,41.03,3915.81,23
2016-01-22 08:20:00,MAITRI,-1.77,61.76,965.95,58.92,292.41,67.34,11.22,19.38,7407.89,47.14,3915.65,24
2016-01-22 08:25:00,MAITRI,-1.79,61.5,965.66,60.86,296.84,68.22,11.37,19.54,7403.91,47.76,3915.48,24
2016-01-22 08:30:00,MAITRI,-1.6,61.45,965.75,59.72,302.19,56.5,9.42,19.7,7400.62,39.55,3915.31,25
2016-01-22 08:35:00,MAITRI,-1.33,60.97,966.04,58.94,324.67,61.64,10.27,19.87,7397.02,43.15,3915.14,24
2016-01-22 08:40:00,MAITRI,-1.37,60.92,965.9,58.02,331.67,30.75,5.13,20.04,7395.23,21.53,3914.97,25
2016-01-22 08:45:00,MAITRI,-1.17,60.71,966.07,55.72,334.12,30.5,5.08,20.2,7393.45,21.35,3914.79,25
2016-01-22 08:50:00,MAITRI,-1.07,60.85,966.31,57.66,345.35,32.27,5.38,20.38,7391.56,22.59,3914.61,26
2016-01-22 08:55:00,MAITRI,-0.89,60.66,966.38,57.16,356.92,30.06,5.01,20.56,7389.81,21.04,3914.43,26
2016-01-22 09:00:00,MAITRI,-0.67,60.72,966.74,54.86,368.01,30.12,5.02,20.75,7388.05,21.08,3914.24,27
2016-01-22 09:05:00,MAITRI,-0.74,61.02,966.96,56.46,376.85,29.14,4.86,20.93,7386.35,20.4,3914.06,27
2016-01-22 09:10:00,MAITRI,-1.2,61.2,967.43,57.74,379.32,30.62,5.1,21.13,7384.57,21.43,3913.87,26
2016-01-22 09:15:00,MAITRI,-0.93,61.06,967.03,56.51,396.15,28.89,4.81,21.34,7382.88,20.22,3913.69,26
2016-01-22 09:20:00,MAITRI,-0.68,60.3,967.26,54.57,402.89,29.14,4.86,21.54,7381.18,20.4,3913.5,28
2016-01-22 09:25:00,MAITRI,-0.44,60.34,966.89,54.03,405.93,27.94,4.66,21.73,7379.55,19.56,3913.31,28
2016-01-22 09:30:00,MAITRI,-0.68,60.27,966.8,54.71,410.68,28.85,4.81,21.95,7377.87,20.19,3913.12,27
2016-01-22 09:35:00,MAITRI,-0.57,60.68,966.34,54.86,431.06,68.03,11.34,22.17,7373.9,47.62,3912.93,27
2016-01-22 09:40:00,MAITRI,-0.35,60.78,965.76,53.94,438.78,52.72,8.79,22.4,7370.83,36.9,3912.75,26
2016-01-22 09:45:00,MAITRI,-0.28,60.97,965.79,55.71,439.92,59.94,9.99,22.63,7367.33,41.96,3912.57,26
2016-01-22 09:50:00,MAITRI,-0.37,61.57,965.36,55.43,429.55,62.49,10.41,22.85,7363.69,43.74,3912.39,26
2016-01-22 09:55:00,MAITRI,-0.44,61.49,965.8,57.21,444.14,54.99,9.16,23.09,7360.48,38.49,3912.21,26
2016-01-22 10:00:00,MAITRI,-0.43,61.48,965.58,56.1,456.67,51.74,8.62,23.32,7357.46,36.22,3912.03,25
2016-01-22 10:05:00,MAITRI,-0.19,61.7,966.21,53.9,463.72,53.03,8.84,23.57,7354.37,37.12,3911.86,25
2016-01-22 10:10:00,MAITRI,-0.15,61.26,965.99,52.14,461.62,55.33,9.22,23.81,7351.14,38.73,3911.69,25
2016-01-22 10:15:00,MAITRI,0.06,61.71,966.23,50.97,456.23,47.72,7.95,24.04,7348.36,33.4,3911.51,25
2016-01-22 10:20:00,MAITRI,0.39,58.73,966.15,49.56,478.25,62.2,10.37,24.29,7344.73,43.54,3911.33,27
2016-01-22 10:25:00,MAITRI,0.3,59.54,966.07,47.73,486.21,51.26,8.54,24.55,7341.74,35.88,3911.14,27
2016-01-22 10:30:00,MAITRI,0.2,60.08,966.07,50.16,492.92,44.38,7.4,24.8,7339.15,31.07,3910.96,26
2016-01-22 10:35:00,MAITRI,0.3,60.85,966.58,48.99,487.44,55.94,9.32,25.06,7335.88,39.16,3910.78,25
2016-01-22 10:40:00,MAITRI,0.41,60.86,966.72,47.92,507.18,61.83,10.31,25.32,7332.28,43.28,3910.6,26
2016-01-22 10:45:00,MAITRI,0.49,60.78,966.82,47.12,505.0,50.23,8.37,25.59,7329.35,35.16,3910.42,26
2016-01-22 10:50:00,MAITRI,0.73,62.23,966.5,45.95,511.26,52.49,8.75,25.85,7326.29,36.74,3910.24,26
2016-01-22 10:55:00,MAITRI,0.34,62.7,965.88,47.05,517.1,58.62,9.77,26.12,7322.87,41.03,3910.06,26
2016-01-22 11:00:00,MAITRI,0.48,63.26,966.05,45.99,526.6,43.16,7.19,26.4,7320.35,30.22,3909.88,26
2016-01-22 11:05:00,MAITRI,0.7,61.32,966.37,45.56,508.01,51.67,8.61,26.66,7317.33,36.17,3909.7,26
2016-01-22 11:10:00,MAITRI,0.75,60.79,966.02,45.57,522.37,57.31,9.55,26.93,7313.99,40.11,3909.52,26
2016-01-22 11:15:00,MAITRI,0.88,61.41,966.17,44.61,517.21,62.63,10.44,27.2,7310.34,43.84,3909.35,25
2016-01-22 11:20:00,MAITRI,0.7,61.34,966.51,47.32,526.6,57.14,9.52,27.48,7307.0,40.0,3909.17,26
2016-01-22 11:25:00,MAITRI,0.73,61.64,966.37,46.41,544.98,52.78,8.8,27.76,7303.93,36.95,3908.99,26
2016-01-22 11:30:00,MAITRI,1.15,62.09,966.19,45.47,537.49,55.61,9.27,28.04,7300.68,38.93,3908.81,26
2016-01-22 11:35:00,MAITRI,1.09,61.65,965.65,46.21,539.09,53.62,8.94,28.32,7297.55,37.54,3908.62,26
2016-01-22 11:40:00,MAITRI,1.17,62.12,965.5,44.8,542.8,58.58,9.76,28.61,7294.14,41.0,3908.44,26
2016-01-22 11:45:00,MAITRI,1.01,62.21,965.22,45.87,543.12,59.13,9.85,28.89,7290.69,41.39,3908.26,26
2016-01-22 11:50:00,MAITRI,0.52,62.69,964.23,47.71,524.21,47.58,7.93,29.16,7287.91,33.31,3908.08,26
2016-01-22 11:55:00,MAITRI,0.64,62.16,964.16,47.71,531.61,45.16,7.53,29.44,7285.28,31.61,3907.9,26
2016-01-22 12:00:00,MAITRI,0.86,62.18,963.9,47.48,543.42,58.73,9.79,29.72,7281.85,41.11,3907.72,26
2016-01-22 12:05:00,MAITRI,0.75,62.42,963.74,48.51,516.58,62.05,10.34,29.99,7278.23,43.44,3907.53,27
2016-01-22 12:10:00,MAITRI,0.74,61.09,963.84,50.65,518.8,47.37,7.89,30.26,7275.47,33.16,3907.35,27
2016-01-22 12:15:00,MAITRI,0.92,61.55,964.85,50.1,540.82,42.83,7.14,30.55,7272.97,29.98,3907.16,27
2016-01-22 12:20:00,MAITRI,0.97,61.8,964.47,49.76,532.82,46.63,7.77,30.82,7270.25,32.64,3906.98,26
2016-01-22 12:25:00,MAITRI,1.09,58.09,964.82,48.71,523.94,61.3,10.22,31.1,7266.67,42.91,3906.8,26
2016-01-22 12:30:00,MAITRI,1.22,54.93,965.17,47.85,529.95,52.62,8.77,31.37,7263.6,36.83,3906.62,25
2016-01-22 12:35:00,MAITRI,1.46,55.32,964.72,47.63,521.08,24.28,4.05,31.64,7262.19,16.99,3906.45,25
2016-01-22 12:40:00,MAITRI,1.42,56.37,965.53,46.97,537.78,24.39,4.06,31.92,7260.77,17.07,3906.27,26
2016-01-22 12:45:00,MAITRI,1.1,56.7,965.41,47.1,536.72,22.2,3.7,32.19,7259.47,15.54,3906.09,26
2016-01-22 12:50:00,MAITRI,1.08,57.62,965.7,45.14,525.56,23.1,3.85,32.46,7258.12,16.17,3905.91,26
2016-01-22 12:55:00,MAITRI,1.32,58.18,965.44,45.18,538.12,23.19,3.86,32.75,7256.77,16.23,3905.73,26
2016-01-22 13:00:00,MAITRI,1.02,58.46,965.81,46.34,532.81,22.45,3.74,33.01,7255.46,15.72,3905.55,26
2016-01-22 13:05:00,MAITRI,1.07,58.56,966.02,46.3,516.07,23.05,3.84,33.27,7254.12,16.14,3905.37,26
2016-01-22 13:10:00,MAITRI,0.88,58.79,966.37,47.4,496.32,26.12,4.35,33.53,7252.59,18.29,3905.18,27
2016-01-22 13:15:00,MAITRI,0.77,59.15,966.6,46.52,515.56,24.37,4.06,33.8,7251.17,17.06,3904.99,27
2016-01-22 13:20:00,MAITRI,0.93,59.74,966.28,45.93,507.66,25.06,4.18,34.06,7249.71,17.54,3904.81,27
2016-01-22 13:25:00,MAITRI,1.05,60.31,966.09,44.78,501.32,24.54,4.09,34.32,7248.28,17.18,3904.62,26
2016-01-22 13:30:00,MAITRI,1.14,60.65,965.75,45.06,491.79,26.01,4.34,34.58,7246.76,18.21,3904.45,25
2016-01-22 13:35:00,MAITRI,0.82,61.32,964.86,46.28,498.17,26.05,4.34,34.84,7245.24,18.24,3904.27,26
2016-01-22 13:40:00,MAITRI,1.04,58.43,965.04,45.46,499.39,25.87,4.31,35.1,7243.73,18.11,3904.09,26
2016-01-22 13:45:00,MAITRI,0.8,58.43,965.92,46.37,483.35,24.61,4.1,35.33,7242.3,17.22,3903.9,27
2016-01-22 13:50:00,MAITRI,0.79,58.15,965.52,47.06,484.26,25.76,4.29,35.59,7240.79,18.03,3903.72,27
2016-01-22 13:55:00,MAITRI,0.91,58.96,965.73,46.04,469.31,27.14,4.52,35.83,7239.21,19.0,3903.52,28
2016-01-22 14:00:00,MAITRI,1.13,58.87,966.35,46.37,461.41,24.84,4.14,36.04,7237.76,17.39,3903.33,28
2016-01-22 14:05:00,MAITRI,1.07,59.69,965.89,48.27,446.5,26.33,4.39,36.25,7236.23,18.43,3903.13,28
2016-01-22 14:10:00,MAITRI,1.23,57.84,965.83,48.43,453.97,27.73,4.62,36.48,7234.61,19.41,3902.93,29
2016-01-22 14:15:00,MAITRI,1.29,57.66,966.06,47.32,452.02,28.9,4.82,36.72,7232.92,20.23,3902.73,29
2016-01-22 14:20:00,MAITRI,1.32,58.55,966.29,46.18,456.73,29.06,4.84,36.96,7231.23,20.34,3902.53,29
2016-01-22 14:25:00,MAITRI,1.27,59.23,966.14,48.27,441.62,28.32,4.72,37.19,7229.58,19.82,3902.33,28
2016-01-22 14:30:00,MAITRI,1.35,60.16,965.46,48.69,426.3,27.18,4.53,37.39,7227.99,19.02,3902.14,28
2016-01-22 14:35:00,MAITRI,1.41,60.81,965.36,49.26,398.27,28.34,4.72,37.57,7226.34,19.84,3901.94,29
2016-01-22 14:40:00,MAITRI,1.32,61.4,965.08,49.73,413.22,29.19,4.87,37.78,7224.63,20.43,3901.74,29
2016-01-22 14:45:00,MAITRI,1.28,61.46,965.3,49.76,382.34,30.58,5.1,37.97,7222.85,21.4,3901.53,29
2016-01-22 14:50:00,MAITRI,0.95,56.78,965.85,50.18,398.87,28.53,4.75,38.16,7221.19,19.97,3901.33,29
2016-01-22 14:55:00,MAITRI,1.14,56.32,966.08,49.59,389.33,31.28,5.21,38.37,7219.36,21.9,3901.14,28
2016-01-22 15:00:00,MAITRI,0.96,57.15,965.8,51.62,368.03,29.6,4.93,38.54,7217.63,20.72,3900.94,28
2016-01-22 15:05:00,MAITRI,1.14,57.01,966.21,51.64,370.3,30.54,5.09,38.74,7215.85,21.38,3900.75,28
2016-01-22 15:10:00,MAITRI,1.14,57.91,966.09,50.26,363.41,31.45,5.24,38.93,7214.02,22.01,3900.56,27
2016-01-22 15:15:00,MAITRI,1.36,58.59,965.99,50.59,346.52,30.57,5.09,39.1,7212.24,21.4,3900.37,27
2016-01-22 15:20:00,MAITRI,1.03,59.19,966.01,51.64,334.7,32.89,5.48,39.28,7210.32,23.02,3900.19,26
2016-01-22 15:25:00,MAITRI,1.07,59.39,966.61,51.11,335.51,32.01,5.33,39.45,7208.45,22.41,3900.01,27
2016-01-22 15:30:00,MAITRI,1.26,59.06,966.53,50.03,330.41,34.12,5.69,39.62,7206.46,23.89,3899.82,27
2016-01-22 15:35:00,MAITRI,1.36,59.08,966.86,48.43,315.18,32.23,5.37,39.78,7204.58,22.56,3899.62,28
2016-01-22 15:40:00,MAITRI,1.32,59.72,966.85,48.74,310.02,32.35,5.39,39.93,7202.69,22.65,3899.43,28
2016-01-22 15:45:00,MAITRI,1.43,59.8,966.61,48.55,290.47,32.13,5.36,40.05,7200.82,22.49,3899.24,28
2016-01-22 15:50:00,MAITRI,1.55,59.12,966.38,48.46,280.36,34.99,5.83,40.2,7198.78,24.49,3899.03,29
2016-01-22 15:55:00,MAITRI,1.71,59.32,967.12,48.57,270.19,33.63,5.61,40.32,7196.81,23.54,3898.84,28
2016-01-22 16:00:00,MAITRI,1.65,59.24,967.19,49.75,259.91,35.46,5.91,40.46,7194.75,24.82,3898.64,29
2016-01-22 16:05:00,MAITRI,1.62,59.61,966.92,49.69,250.4,35.09,5.85,40.58,7192.7,24.57,3898.44,28
2016-01-22 16:10:00,MAITRI,1.36,57.66,966.58,49.01,241.45,35.3,5.88,40.71,7190.64,24.71,3898.26,27
2016-01-22 16:15:00,MAITRI,1.15,58.3,966.34,49.78,238.55,34.47,5.75,40.82,7188.63,24.13,3898.07,27
2016-01-22 16:20:00,MAITRI,0.97,59.39,966.06,50.86,218.78,38.05,6.34,40.93,7186.41,26.63,3897.87,28
2016-01-22 16:25:00,MAITRI,1.2,59.52,966.29,50.18,213.06,35.19,5.86,41.01,7184.36,24.63,3897.68,28
2016-01-22 16:30:00,MAITRI,1.23,59.77,966.06,50.26,207.53,34.51,5.75,41.08,7182.34,24.16,3897.49,28
2016-01-22 16:35:00,MAITRI,0.96,59.82,965.75,52.29,181.54,38.27,6.38,41.17,7180.11,26.79,3897.29,28
2016-01-22 16:40:00,MAITRI,1.12,59.17,965.94,50.62,166.85,40.48,6.75,41.26,7177.75,28.34,3897.1,28
2016-01-22 16:45:00,MAITRI,1.31,59.77,966.86,51.21,171.25,36.87,6.14,41.32,7175.6,25.81,3896.9,28
2016-01-22 16:50:00,MAITRI,1.12,60.2,966.66,51.7,148.51,38.34,6.39,41.38,7173.36,26.84,3896.72,27
2016-01-22 16:55:00,MAITRI,1.03,60.88,966.9,53.29,154.31,38.05,6.34,41.45,7171.14,26.64,3896.53,26
2016-01-22 17:00:00,MAITRI,0.68,61.09,966.35,53.63,150.15,38.43,6.41,41.52,7168.9,26.9,3896.35,27
2016-01-22 17:05:00,MAITRI,0.49,61.17,965.85,55.71,119.93,36.82,6.14,41.52,7166.75,25.77,3896.16,27
2016-01-22 17:10:00,MAITRI,0.58,61.78,966.39,55.94,101.27,43.02,7.17,41.57,7164.24,30.11,3895.97,28
2016-01-22 17:15:00,MAITRI,0.65,62.25,966.92,55.79,110.7,38.73,6.45,41.59,7161.99,27.11,3895.77,28
2016-01-22 17:20:00,MAITRI,0.66,61.66,966.84,56.26,88.01,40.29,6.71,41.6,7159.64,28.2,3895.58,28
2016-01-22 17:25:00,MAITRI,0.46,62.09,966.43,56.75,83.81,40.21,6.7,41.61,7157.29,28.15,3895.39,27
2016-01-22 17:30:00,MAITRI,0.21,62.55,966.55,57.26,66.52,43.65,7.27,41.65,7154.74,30.55,3895.2,27
2016-01-22 17:35:00,MAITRI,0.38,62.35,967.07,56.86,49.31,43.63,7.27,41.67,7152.2,30.54,3895.02,26
2016-01-22 17:40:00,MAITRI,0.54,62.49,967.14,54.6,42.63,44.92,7.49,41.7,7149.58,31.44,3894.84,26
2016-01-22 17:45:00,MAITRI,0.94,62.3,966.81,52.85,47.68,43.37,7.23,41.72,7147.05,30.36,3894.66,26
2016-01-22 17:50:00,MAITRI,0.87,62.47,966.48,53.82,32.3,43.37,7.23,41.74,7144.52,30.36,3894.48,26
2016-01-22 17:55:00,MAITRI,0.93,62.45,966.74,53.47,12.25,45.52,7.59,41.74,7141.86,31.86,3894.3,26
2016-01-22 18:00:00,MAITRI,0.64,58.05,966.8,54.55,0.86,42.51,7.09,41.71,7139.38,29.76,3894.12,26
2016-01-22 18:05:00,MAITRI,0.83,58.5,966.42,53.3,5.25,44.12,7.35,41.71,7136.81,30.88,3893.94,26
2016-01-22 18:10:00,MAITRI,0.76,58.81,966.54,53.73,0.0,45.24,7.54,41.71,7134.17,31.67,3893.75,27
2016-01-22 18:15:00,MAITRI,0.68,59.27,966.59,53.02,0.0,43.01,7.17,41.67,7131.66,30.11,3893.56,28
2016-01-22 18:20:00,MAITRI,0.41,59.4,966.39,51.98,0.61,47.6,7.93,41.67,7128.89,33.32,3893.35,29
2016-01-22 18:25:00,MAITRI,0.66,59.98,966.01,53.14,0.0,42.72,7.12,41.62,7126.39,29.9,3893.16,28
2016-01-22 18:30:00,MAITRI,0.26,59.99,965.65,54.28,0.19,45.26,7.54,41.62,7123.75,31.68,3892.97,27
2016-01-22 18:35:00,MAITRI,0.38,60.21,965.93,54.45,0.0,44.82,7.47,41.62,7121.14,31.38,3892.78,27
2016-01-22 18:40:00,MAITRI,0.4,60.42,966.1,54.82,7.13,41.8,6.97,41.57,7118.7,29.26,3892.6,27
2016-01-22 18:45:00,MAITRI,0.28,60.59,965.93,56.5,6.61,46.18,7.7,41.57,7116.01,32.33,3892.41,27
2016-01-22 18:50:00,MAITRI,0.35,61.21,966.26,58.51,0.0,44.38,7.4,41.57,7113.42,31.07,3892.23,26
2016-01-22 18:55:00,MAITRI,0.4,61.84,966.09,58.41,0.06,44.46,7.41,41.55,7110.82,31.12,3892.04,27
2016-01-22 19:00:00,MAITRI,0.23,63.17,965.72,58.43,13.16,43.76,7.29,41.54,7108.27,30.63,3891.85,28
2016-01-22 19:05:00,MAITRI,0.31,62.31,966.5,58.37,0.0,44.99,7.5,41.53,7105.65,31.5,3891.66,27
2016-01-22 19:10:00,MAITRI,0.72,62.03,967.14,57.55,0.0,46.29,7.71,41.53,7102.95,32.4,3891.47,27
2016-01-22 19:15:00,MAITRI,0.79,61.75,967.75,56.77,0.0,45.12,7.52,41.53,7100.31,31.58,3891.28,27
2016-01-22 19:20:00,MAITRI,0.75,61.35,967.43,56.25,0.0,42.98,7.16,41.49,7097.81,30.09,3891.1,27
2016-01-22 19:25:00,MAITRI,0.68,61.57,967.0,55.34,0.0,44.8,7.47,41.49,7095.19,31.36,3890.91,27
2016-01-22 19:30:00,MAITRI,0.99,62.06,967.04,56.1,7.15,45.2,7.53,41.49,7092.56,31.64,3890.72,28
2016-01-22 19:35:00,MAITRI,1.1,61.83,967.22,57.99,4.48,43.9,7.32,41.46,7090.0,30.73,3890.52,28
2016-01-22 19:40:00,MAITRI,0.64,61.41,966.61,59.73,5.42,45.16,7.53,41.47,7087.36,31.62,3890.33,27
2016-01-22 19:45:00,MAITRI,0.21,61.56,966.77,59.83,0.0,43.91,7.32,41.44,7084.8,30.74,3890.15,27
2016-01-22 19:50:00,MAITRI,0.27,61.54,966.72,58.65,0.0,47.3,7.88,41.44,7082.04,33.11,3889.96,27
2016-01-22 19:55:00,MAITRI,0.29,61.34,967.07,57.12,5.63,43.89,7.32,41.43,7079.48,30.73,3889.77,27
2016-01-22 20:00:00,MAITRI,0.13,61.37,967.04,57.92,3.81,45.69,7.61,41.43,7076.82,31.98,3889.58,28
2016-01-22 20:05:00,MAITRI,-0.09,60.61,967.24,59.5,0.0,43.65,7.27,41.4,7074.27,30.55,3889.38,28
2016-01-22 20:10:00,MAITRI,0.08,60.2,967.41,59.1,0.0,44.31,7.38,41.39,7071.68,31.01,3889.19,27
2016-01-22 20:15:00,MAITRI,0.17,60.8,967.09,57.85,5.7,45.11,7.52,41.39,7069.05,31.58,3889.01,27
2016-01-22 20:20:00,MAITRI,0.34,60.75,966.91,57.02,0.0,45.33,7.56,41.39,7066.41,31.73,3888.82,27
2016-01-22 20:25:00,MAITRI,0.21,61.05,965.62,56.8,8.06,42.73,7.12,41.36,7063.92,29.91,3888.63,27
2016-01-22 20:30:00,MAITRI,-0.04,60.58,965.25,56.45,7.05,55.93,9.32,40.31,7060.65,39.15,3888.45,26
2016-01-22 20:35:00,MAITRI,-0.25,60.7,965.16,58.49,10.69,55.04,9.17,39.25,7057.44,38.53,3888.27,26
2016-01-22 20:40:00,MAITRI,-0.34,60.72,965.38,58.32,1.03,58.54,9.76,38.54,7054.03,40.98,3888.09,26
2016-01-22 20:45:00,MAITRI,-0.39,60.99,965.32,57.16,16.87,54.25,9.04,37.25,7050.86,37.97,3887.92,25
2016-01-22 20:50:00,MAITRI,-0.62,60.61,965.4,58.72,1.39,62.01,10.33,36.37,7047.25,43.41,3887.75,24
2016-01-22 20:55:00,MAITRI,-0.45,60.93,964.88,59.82,0.0,57.06,9.51,35.54,7043.92,39.94,3887.59,23
2016-01-22 21:00:00,MAITRI,-0.8,61.03,965.16,59.63,0.0,61.01,10.17,34.8,7040.36,42.7,3887.43,23
2016-01-22 21:05:00,MAITRI,-0.83,61.39,964.92,59.15,4.14,52.26,8.71,33.73,7037.31,36.58,3887.26,24
2016-01-22 21:10:00,MAITRI,-0.58,61.62,964.76,59.33,0.39,58.01,9.67,32.62,7033.93,40.6,3887.1,24
2016-01-22 21:15:00,MAITRI,-0.5,61.9,964.68,58.37,0.0,59.21,9.87,31.25,7030.47,41.45,3886.92,25
2016-01-22 21:20:00,MAITRI,-0.51,61.64,964.53,58.03,0.0,62.24,10.37,30.5,7026.84,43.57,3886.76,24
2016-01-22 21:25:00,MAITRI,-0.85,61.84,964.9,58.11,0.0,58.06,9.68,29.35,7023.46,40.64,3886.59,24
2016-01-22 21:30:00,MAITRI,-0.78,61.64,965.21,58.14,0.0,59.59,9.93,28.25,7019.98,41.72,3886.42,25
2016-01-22 21:35:00,MAITRI,-0.95,61.14,965.01,58.94,0.0,59.56,9.93,27.28,7016.51,41.69,3886.25,24
2016-01-22 21:40:00,MAITRI,-0.77,61.61,965.28,58.0,3.56,53.71,8.95,25.87,7013.37,37.6,3886.08,24
2016-01-22 21:45:00,MAITRI,-1.1,61.42,964.82,59.24,0.0,58.26,9.71,24.88,7009.97,40.78,3885.92,24
2016-01-22 21:50:00,MAITRI,-1.16,61.51,965.04,58.37,6.87,57.96,9.66,23.55,7006.59,40.57,3885.75,24
2016-01-22 21:55:00,MAITRI,-1.47,61.52,965.19,58.01,0.0,54.82,9.14,22.75,7003.39,38.37,3885.58,25
2016-01-22 22:00:00,MAITRI,-1.58,61.95,965.54,58.24,0.0,60.98,10.16,22.17,6999.84,42.69,3885.4,25
2016-01-22 22:05:00,MAITRI,-1.41,62.41,966.02,58.92,1.3,59.21,9.87,20.85,6996.38,41.45,3885.23,25
2016-01-22 22:10:00,MAITRI,-1.28,62.04,966.05,60.82,0.0,61.69,10.28,19.79,6992.79,43.18,3885.06,25
2016-01-22 22:15:00,MAITRI,-1.56,62.25,967.19,61.18,0.0,56.25,9.37,18.32,6989.5,39.37,3884.89,24
2016-01-22 22:20:00,MAITRI,-1.39,59.69,966.81,59.21,0.0,58.44,9.74,16.83,6986.1,40.91,3884.72,24
2016-01-22 22:25:00,MAITRI,-1.33,60.28,966.96,60.13,18.24,55.46,9.24,15.57,6982.86,38.82,3884.56,23
2016-01-22 22:30:00,MAITRI,-1.57,60.53,966.78,60.37,9.47,53.28,8.88,15.07,6979.75,37.3,3884.4,23
2016-01-22 22:35:00,MAITRI,-1.58,61.31,967.0,59.83,0.0,50.56,8.43,14.45,6976.8,35.39,3884.24,23
2016-01-22 22:40:00,MAITRI,-1.51,61.14,967.68,59.37,0.0,51.83,8.64,13.56,6973.78,36.28,3884.09,22
2016-01-22 22:45:00,MAITRI,-1.52,61.13,967.7,59.6,0.0,55.48,9.25,12.46,6970.54,38.84,3883.94,21
2016-01-22 22:50:00,MAITRI,-1.38,58.86,967.12,57.81,0.0,58.99,9.83,11.58,6967.1,41.29,3883.79,22
2016-01-22 22:55:00,MAITRI,-1.33,59.39,967.11,59.52,0.0,55.27,9.21,10.16,6963.88,38.69,3883.65,21
2016-01-22 23:00:00,MAITRI,-1.44,59.74,966.85,62.18,1.75,41.75,6.96,10.15,6961.44,29.22,3883.5,21
2016-01-22 23:05:00,MAITRI,-1.3,58.96,966.8,62.19,11.27,43.0,7.17,10.15,6958.93,30.1,3883.35,22
2016-01-22 23:10:00,MAITRI,-1.59,59.48,967.77,62.83,0.0,40.09,6.68,10.11,6956.6,28.06,3883.2,21
2016-01-22 23:15:00,MAITRI,-1.52,60.16,967.85,61.81,9.85,40.68,6.78,10.09,6954.22,28.48,3883.06,21
2016-01-22 23:20:00,MAITRI,-1.31,60.08,967.72,60.64,3.06,42.37,7.06,10.09,6951.75,29.66,3882.92,20
2016-01-22 23:25:00,MAITRI,-1.44,60.35,967.88,61.65,9.83,40.79,6.8,10.08,6949.37,28.55,3882.78,20
2016-01-22 23:30:00,MAITRI,-1.69,60.77,967.84,63.42,7.65,40.61,6.77,10.07,6947.0,28.43,3882.64,20
2016-01-22 23:35:00,MAITRI,-1.99,60.54,967.52,61.88,12.91,41.56,6.93,10.06,6944.58,29.09,3882.49,21
2016-01-22 23:40:00,MAITRI,-2.23,60.87,967.78,63.37,0.0,41.79,6.97,10.05,6942.14,29.26,3882.35,21
2016-01-22 23:45:00,MAITRI,-1.95,61.61,967.29,61.31,0.73,43.3,7.22,10.05,6939.61,30.31,3882.19,22
2016-01-22 23:50:00,MAITRI,-2.01,61.62,967.58,61.75,0.27,44.33,7.39,10.05,6937.03,31.03,3882.03,23
2016-01-22 23:55:00,MAITRI,-1.74,61.18,967.36,61.53,0.0,44.34,7.39,10.05,6934.44,31.04,3881.88,22
2016-01-23 00:00:00,MAITRI,-1.9,61.22,967.5,60.07,5.82,43.35,7.22,10.06,6931.91,30.34,3881.72,23
2016-01-23 00:05:00,MAITRI,-2.16,61.54,968.19,60.08,0.0,41.65,6.94,10.02,6929.48,29.16,3881.56,23
2016-01-23 00:10:00,MAITRI,-2.32,61.64,967.92,62.69,1.19,44.71,7.45,10.02,6926.88,31.29,3881.4,23
2016-01-23 00:15:00,MAITRI,-2.39,61.8,967.62,61.4,0.0,45.44,7.57,10.02,6924.23,31.81,3881.25,22
2016-01-23 00:20:00,MAITRI,-2.21,62.01,968.23,59.38,0.0,44.31,7.38,10.02,6921.64,31.02,3881.1,22
2016-01-23 00:25:00,MAITRI,-1.92,62.27,968.11,57.63,5.64,41.58,6.93,10.01,6919.21,29.11,3880.95,21
2016-01-23 00:30:00,MAITRI,-1.63,62.73,967.65,57.65,7.58,56.43,9.41,9.55,6915.09,49.49,3880.79,23
2016-01-23 00:35:00,MAITRI,-1.83,61.64,967.71,59.8,0.0,58.31,9.72,9.38,6910.66,53.23,3880.62,25
2016-01-23 00:40:00,MAITRI,-1.98,61.93,967.44,60.17,0.0,59.49,9.92,8.94,6906.61,48.57,3880.44,26
2016-01-23 00:45:00,MAITRI,-2.11,62.04,967.51,59.06,0.0,60.16,10.03,8.84,6901.62,59.88,3880.26,26
2016-01-23 00:50:00,MAITRI,-1.74,62.99,967.05,59.15,0.0,61.68,10.28,8.46,6897.38,50.88,3880.08,26
2016-01-23 00:55:00,MAITRI,-2.15,62.94,966.34,59.68,5.48,59.6,9.93,8.3,6892.55,57.93,3879.89,27
2016-01-23 01:00:00,MAITRI,-2.23,63.5,965.89,59.92,0.0,63.31,10.55,7.94,6887.66,58.69,3879.69,28
2016-01-23 01:05:00,MAITRI,-1.99,63.7,965.73,59.38,8.67,62.83,10.47,7.52,6882.55,61.29,3879.5,28
2016-01-23 01:10:00,MAITRI,-2.18,63.92,965.4,60.14,0.0,62.97,10.49,7.27,6877.26,63.53,3879.3,29
2016-01-23 01:15:00,MAITRI,-1.95,63.84,965.28,58.3,0.0,65.46,10.91,7.05,6872.65,55.27,3879.09,30
2016-01-23 01:20:00,MAITRI,-1.73,62.91,964.89,58.51,0.0,64.32,10.72,6.82,6867.79,58.36,3878.88,30
2016-01-23 01:25:00,MAITRI,-1.68,63.39,965.38,57.56,0.0,66.71,11.12,6.51,6862.87,59.0,3878.67,30
2016-01-23 01:30:00,MAITRI,-1.4,63.01,965.82,56.46,10.91,66.45,11.07,6.41,6857.82,60.67,3878.47,30
2016-01-23 01:35:00,MAITRI,-1.33,63.36,965.63,54.62,0.0,65.66,10.94,6.12,6852.49,63.88,3878.26,30
2016-01-23 01:40:00,MAITRI,-1.45,63.44,966.39,53.67,0.0,68.42,11.4,5.97,6847.64,58.28,3878.05,30
2016-01-23 01:45:00,MAITRI,-2.19,60.86,965.25,55.99,9.31,70.06,11.68,5.78,6842.13,66.13,3877.84,30
2016-01-23 01:50:00,MAITRI,-2.1,61.7,964.99,56.27,0.0,69.24,11.54,5.54,6836.51,67.33,3877.64,29
2016-01-23 01:55:00,MAITRI,-1.84,61.71,965.44,56.22,4.37,68.07,11.34,5.08,6831.06,65.48,3877.44,28
2016-01-23 02:00:00,MAITRI,-1.92,61.55,965.4,55.14,0.0,70.01,11.67,4.98,6825.59,65.59,3877.26,27
2016-01-23 02:05:00,MAITRI,-2.15,61.26,965.27,54.1,0.0,70.2,11.7,4.49,6820.02,66.86,3877.06,28
2016-01-23 02:10:00,MAITRI,-2.33,61.91,965.65,53.05,5.22,70.98,11.83,4.26,6814.87,61.85,3876.86,29
2016-01-23 02:15:00,MAITRI,-2.05,61.55,965.66,52.17,0.0,72.73,12.12,3.91,6809.88,59.85,3876.66,29
2016-01-23 02:20:00,MAITRI,-1.96,61.41,966.28,50.52,0.0,72.33,12.05,3.59,6803.84,72.4,3876.46,29
2016-01-23 02:25:00,MAITRI,-2.32,61.33,966.15,52.09,2.18,70.73,11.79,3.44,6798.39,65.47,3876.26,29
2016-01-23 02:30:00,MAITRI,-2.2,61.27,965.92,50.57,19.51,72.28,12.05,3.0,6793.26,61.52,3876.06,29
2016-01-23 02:35:00,MAITRI,-1.95,61.25,966.2,50.89,0.0,75.37,12.56,2.9,6787.18,72.95,3875.85,30
2016-01-23 02:40:00,MAITRI,-2.15,61.52,966.04,50.44,0.0,75.88,12.65,2.47,6781.38,69.58,3875.63,31
2016-01-23 02:45:00,MAITRI,-2.39,61.78,965.86,51.45,0.0,74.59,12.43,2.33,6775.73,67.85,3875.42,30
2016-01-23 02:50:00,MAITRI,-2.5,62.58,965.74,50.99,15.99,75.46,12.58,1.96,6770.0,68.76,3875.22,29
2016-01-23 02:55:00,MAITRI,-2.5,62.69,965.71,51.44,6.87,75.66,12.61,1.52,6764.73,63.24,3875.03,28
2016-01-23 03:00:00,MAITRI,-2.6,62.4,966.48,50.17,5.89,75.65,12.61,1.23,6759.32,64.87,3874.83,28
2016-01-23 03:05:00,MAITRI,-2.52,62.41,966.63,49.14,0.0,76.44,12.74,0.87,6753.17,73.9,3874.63,29
2016-01-23 03:10:00,MAITRI,-2.17,62.03,966.97,47.81,6.12,76.81,12.8,0.57,6747.93,62.82,3874.42,30
2016-01-23 03:15:00,MAITRI,-2.28,61.79,966.76,48.53,3.05,76.72,12.79,0.13,6741.67,75.2,3874.22,30
2016-01-23 03:20:00,MAITRI,-2.55,60.52,966.3,52.49,0.0,78.22,13.04,0.0,6735.23,77.2,3874.01,30
2016-01-23 03:25:00,MAITRI,-3.36,60.26,965.06,54.99,0.73,78.57,13.09,0.0,6729.65,67.01,3873.8,30
2016-01-23 03:30:00,MAITRI,-3.25,60.23,965.15,54.64,10.24,78.88,13.15,0.0,6723.63,72.17,3873.59,30
2016-01-23 03:35:00,MAITRI,-3.33,59.99,964.99,53.33,0.0,78.82,13.14,0.0,6716.99,79.75,3873.38,30
2016-01-23 03:40:00,MAITRI,-3.08,60.49,965.37,56.15,0.0,78.15,13.02,0.0,6711.71,63.29,3873.17,30
2016-01-23 03:45:00,MAITRI,-3.28,60.34,965.09,54.94,0.0,80.57,13.43,0.0,6705.55,73.94,3872.96,31
2016-01-23 03:50:00,MAITRI,-3.4,60.82,965.43,56.47,8.19,76.61,12.77,0.0,6699.76,69.53,3872.74,31
2016-01-23 03:55:00,MAITRI,-3.54,59.42,964.79,59.67,2.28,78.41,13.07,0.0,6693.24,78.26,3872.52,32
2016-01-23 04:00:00,MAITRI,-3.33,60.37,964.66,58.93,0.0,79.01,13.17,0.0,6686.83,76.87,3872.3,32
2016-01-23 04:05:00,MAITRI,-3.1,60.5,964.49,57.94,6.05,79.84,13.31,0.0,6680.18,79.76,3872.08,32
2016-01-23 04:10:00,MAITRI,-3.13,60.63,964.33,56.18,9.17,79.63,13.27,0.0,6674.35,69.96,3871.85,32
2016-01-23 04:15:00,MAITRI,-3.18,61.0,964.8,54.86,0.1,79.57,13.26,0.0,6667.81,78.49,3871.64,31
2016-01-23 04:20:00,MAITRI,-2.88,61.56,964.8,54.53,5.95,78.34,13.06,0.0,6662.48,63.94,3871.43,30
2016-01-23 04:25:00,MAITRI,-3.04,62.15,965.01,53.13,5.69,77.47,12.91,0.0,6656.14,76.13,3871.22,30
2016-01-23 04:30:00,MAITRI,-3.23,62.4,964.93,51.99,0.0,77.76,12.96,0.0,6650.78,64.26,3871.01,30
2016-01-23 04:35:00,MAITRI,-3.23,62.64,964.9,51.25,14.61,75.24,12.54,0.0,6645.21,66.92,3870.81,29
2016-01-23 04:40:00,MAITRI,-3.91,62.7,964.04,54.49,3.31,77.44,12.91,0.0,6639.32,70.63,3870.62,28
2016-01-23 04:45:00,MAITRI,-3.51,62.13,963.97,52.87,4.17,78.03,13.01,0.0,6633.34,71.81,3870.42,28
2016-01-23 04:50:00,MAITRI,-3.5,62.34,963.99,51.77,6.32,77.32,12.89,0.0,6627.4,71.3,3870.22,29
2016-01-23 04:55:00,MAITRI,-3.22,62.42,964.95,51.88,5.26,80.66,13.44,0.0,6621.68,68.54,3870.01,30
2016-01-23 05:00:00,MAITRI,-2.97,62.95,965.2,51.55,0.0,79.18,13.2,0.0,6616.29,64.74,3869.81,29
2016-01-23 05:05:00,MAITRI,-2.88,62.9,966.05,50.32,4.35,78.25,13.04,0.0,6610.9,64.69,3869.62,28
2016-01-23 05:10:00,MAITRI,-2.71,63.64,966.25,49.46,18.15,75.29,12.55,0.0,6605.54,64.35,3869.42,28
2016-01-23 05:15:00,MAITRI,-2.49,62.87,966.48,48.46,0.0,79.63,13.27,0.0,6599.96,66.92,3869.23,28
2016-01-23 05:20:00,MAITRI,-2.7,63.07,966.18,47.0,16.62,45.98,7.66,0.01,6597.28,32.19,3869.03,28
2016-01-23 05:25:00,MAITRI,-2.51,63.07,966.76,47.5,19.08,47.56,7.93,0.02,6594.5,33.29,3868.83,29
2016-01-23 05:30:00,MAITRI,-2.69,63.08,966.89,50.12,0.0,43.41,7.23,0.0,6591.97,30.39,3868.64,28
2016-01-23 05:35:00,MAITRI,-2.98,62.51,966.56,52.51,13.87,46.6,7.77,0.01,6589.25,32.62,3868.45,27
2016-01-23 05:40:00,MAITRI,-2.73,62.46,966.69,55.19,0.0,45.12,7.52,0.01,6586.62,31.58,3868.26,27
2016-01-23 05:45:00,MAITRI,-2.49,58.51,966.74,56.57,0.0,44.7,7.45,0.0,6584.01,31.29,3868.08,27
2016-01-23 05:50:00,MAITRI,-3.33,58.61,965.54,59.17,0.0,46.09,7.68,0.0,6581.33,32.26,3867.89,27
2016-01-23 05:55:00,MAITRI,-3.12,59.31,965.77,57.26,0.0,43.38,7.23,0.0,6578.8,30.36,3867.7,27
2016-01-23 06:00:00,MAITRI,-3.16,59.8,965.63,57.02,6.61,42.6,7.1,0.0,6576.31,29.82,3867.52,26
2016-01-23 06:05:00,MAITRI,-2.86,60.71,966.09,55.37,4.26,42.29,7.05,0.0,6569.83,77.79,3867.34,26
2016-01-23 06:10:00,MAITRI,-2.82,61.2,966.21,54.01,20.48,47.22,7.87,0.01,6564.72,61.29,3867.16,26
2016-01-23 06:15:00,MAITRI,-2.77,61.49,966.05,53.78,12.26,41.64,6.94,0.0,6557.94,81.34,3866.99,25
2016-01-23 06:20:00,MAITRI,-2.5,62.12,966.57,56.52,33.86,42.47,7.08,0.02,6552.28,68.01,3866.82,24
2016-01-23 06:25:00,MAITRI,-2.33,62.31,966.68,56.97,55.97,42.5,7.08,0.05,6546.27,72.11,3866.65,24
2016-01-23 06:30:00,MAITRI,-2.31,62.27,966.41,56.29,62.69,41.99,7.0,0.08,6540.79,65.74,3866.49,24
2016-01-23 06:35:00,MAITRI,-2.38,62.01,967.02,56.17,81.98,40.33,6.72,0.12,6534.74,72.51,3866.33,23
2016-01-23 06:40:00,MAITRI,-2.26,62.08,967.76,55.81,88.6,38.71,6.45,0.15,6528.44,75.71,3866.17,22
2016-01-23 06:45:00,MAITRI,-2.5,62.24,967.69,56.72,108.57,37.45,6.24,0.19,6522.7,68.86,3866.03,21
2016-01-23 06:50:00,MAITRI,-2.89,62.35,967.81,59.14,89.47,40.07,6.68,0.24,6517.72,59.75,3865.87,22
2016-01-23 06:55:00,MAITRI,-2.78,62.17,967.75,58.99,116.71,38.62,6.44,0.3,6511.43,75.45,3865.72,22
2016-01-23 07:00:00,MAITRI,-2.76,61.99,967.63,57.28,140.89,39.1,6.52,0.37,6505.05,76.58,3865.56,23
2016-01-23 07:05:00,MAITRI,-2.79,61.85,968.02,58.4,146.82,36.67,6.11,0.43,6500.88,50.07,3865.4,23
2016-01-23 07:10:00,MAITRI,-2.53,59.5,967.32,57.68,168.43,36.84,6.14,0.52,6496.5,52.46,3865.24,23
2016-01-23 07:15:00,MAITRI,-2.76,59.94,967.02,58.92,152.44,39.04,6.51,0.6,6490.76,68.88,3865.08,24
2016-01-23 07:20:00,MAITRI,-2.47,60.48,966.85,59.99,183.32,37.44,6.24,0.7,6486.25,54.16,3864.92,23
2016-01-23 07:25:00,MAITRI,-2.43,60.56,966.61,59.31,172.93,35.28,5.88,0.77,6482.28,47.68,3864.76,23
2016-01-23 07:30:00,MAITRI,-2.1,60.35,966.8,57.37,208.26,33.61,5.6,0.85,6476.93,64.14,3864.6,23
2016-01-23 07:35:00,MAITRI,-2.06,60.73,966.76,56.76,207.69,37.92,6.32,0.96,6472.77,49.91,3864.44,22
2016-01-23 07:40:00,MAITRI,-1.82,58.27,967.34,56.31,222.76,33.08,5.51,1.06,6469.23,42.53,3864.29,22
2016-01-23 07:45:00,MAITRI,-1.94,57.64,967.45,57.52,245.45,30.88,5.15,1.16,6464.99,50.83,3864.15,21
2016-01-23 07:50:00,MAITRI,-1.8,56.3,968.03,56.83,246.57,32.56,5.43,1.29,6460.95,48.54,3864.0,21
2016-01-23 07:55:00,MAITRI,-2.23,57.36,968.45,58.94,256.29,29.9,4.98,1.39,6456.38,54.79,3863.85,21
2016-01-23 08:00:00,MAITRI,-1.92,57.69,969.07,57.78,248.68,32.82,5.47,1.52,6451.23,61.84,3863.7,22
2016-01-23 08:05:00,MAITRI,-1.73,58.35,968.85,59.63,256.18,31.45,5.24,1.63,6447.13,49.23,3863.54,23
2016-01-23 08:10:00,MAITRI,-1.59,58.8,968.29,57.73,281.01,30.37,5.06,1.74,6443.48,43.8,3863.37,24
2016-01-23 08:15:00,MAITRI,-1.43,59.18,968.1,55.87,293.85,31.71,5.28,1.88,6439.41,48.78,3863.2,25
2016-01-23 08:20:00,MAITRI,-1.16,59.2,967.69,55.15,292.76,31.22,5.2,2.0,6434.86,54.64,3863.02,26
2016-01-23 08:25:00,MAITRI,-0.96,59.42,967.81,52.98,335.46,29.89,4.98,2.16,6430.91,47.4,3862.84,26
2016-01-23 08:30:00,MAITRI,-0.81,59.6,968.09,55.04,312.98,32.13,5.36,2.32,6427.52,40.67,3862.65,27
2016-01-23 08:35:00,MAITRI,-0.86,59.54,967.66,54.64,330.22,31.57,5.26,2.48,6423.0,54.2,3862.46,28
2016-01-23 08:40:00,MAITRI,-0.96,60.07,967.79,53.45,324.25,32.68,5.45,2.64,6418.06,59.27,3862.26,29
2016-01-23 08:45:00,MAITRI,-0.94,60.89,968.02,51.79,340.28,32.24,5.37,2.82,6414.4,44.0,3862.06,29
2016-01-23 08:50:00,MAITRI,-1.09,60.65,967.67,52.32,365.85,31.14,5.19,3.0,6410.43,47.61,3861.85,30
2016-01-23 08:55:00,MAITRI,-0.93,61.56,967.28,51.83,357.22,31.34,5.22,3.18,6406.54,46.69,3861.65,29
2016-01-23 09:00:00,MAITRI,-0.68,61.86,967.25,50.27,379.04,29.59,4.93,3.36,6404.81,20.72,3861.44,29
2016-01-23 09:05:00,MAITRI,-0.46,61.8,966.7,50.72,383.94,30.56,5.09,3.56,6403.03,21.39,3861.25,28
2016-01-23 09:10:00,MAITRI,-0.69,61.34,966.83,51.58,386.95,32.74,5.46,3.76,6401.12,22.92,3861.05,29
2016-01-23 09:15:00,MAITRI,-0.25,60.98,967.5,51.23,402.84,67.26,11.21,3.97,6397.2,47.08,3860.85,28
2016-01-23 09:20:00,MAITRI,0.22,60.25,967.74,50.0,403.88,50.29,8.38,4.18,6394.26,35.2,3860.65,29
2016-01-23 09:25:00,MAITRI,0.16,60.72,967.55,50.63,414.49,54.34,9.06,4.39,6391.09,38.04,3860.45,29
2016-01-23 09:30:00,MAITRI,-0.22,61.12,967.68,51.72,428.04,56.69,9.45,4.62,6387.78,39.69,3860.25,29
2016-01-23 09:35:00,MAITRI,-0.29,61.19,967.11,51.78,438.66,54.44,9.07,4.85,6384.61,38.11,3860.05,29
2016-01-23 09:40:00,MAITRI,-0.14,59.48,966.99,50.74,440.6,46.43,7.74,5.08,6381.9,32.5,3859.85,28
2016-01-23 09:45:00,MAITRI,-0.05,60.02,967.35,49.36,439.88,55.6,9.27,5.3,6378.66,38.92,3859.67,27
2016-01-23 09:50:00,MAITRI,-0.0,57.9,967.47,48.71,456.63,56.46,9.41,5.54,6375.36,39.52,3859.49,26
2016-01-23 09:55:00,MAITRI,-0.2,59.12,967.51,47.62,466.15,49.8,8.3,5.79,6372.46,34.86,3859.31,26
2016-01-23 10:00:00,MAITRI,-0.04,59.55,967.28,47.57,464.47,61.19,10.2,6.03,6368.89,42.83,3859.12,26
2016-01-23 10:05:00,MAITRI,-0.55,59.68,966.97,49.57,472.72,25.74,4.29,6.27,6367.39,18.02,3858.94,27
2016-01-23 10:10:00,MAITRI,-0.38,60.58,966.67,49.56,478.23,25.93,4.32,6.52,6365.88,18.15,3858.75,27
2016-01-23 10:15:00,MAITRI,-0.23,60.79,967.18,48.86,483.55,24.71,4.12,6.75,6364.43,17.3,3858.56,27
2016-01-23 10:20:00,MAITRI,0.28,60.25,967.68,48.6,478.01,28.09,4.68,7.0,6362.8,19.67,3858.37,27
2016-01-23 10:25:00,MAITRI,0.47,60.38,967.47,48.03,486.93,26.38,4.4,7.26,6361.26,18.47,3858.19,27
2016-01-23 10:30:00,MAITRI,0.71,61.09,967.63,47.22,503.99,22.99,3.83,7.48,6359.92,16.09,3858.0,27
2016-01-23 10:35:00,MAITRI,0.64,60.72,967.2,47.29,489.01,26.96,4.49,7.74,6358.34,18.87,3857.82,26
2016-01-23 10:40:00,MAITRI,0.87,60.74,967.76,46.65,517.73,23.71,3.95,8.0,6356.96,16.59,3857.64,26
2016-01-23 10:45:00,MAITRI,1.0,61.05,967.88,45.96,512.79,23.93,3.99,8.27,6355.56,16.75,3857.46,26
2016-01-23 10:50:00,MAITRI,1.22,61.47,967.6,45.2,522.14,22.65,3.77,8.51,6354.24,15.85,3857.27,27
2016-01-23 10:55:00,MAITRI,1.42,61.79,968.35,43.92,515.18,23.95,3.99,8.76,6352.85,16.77,3857.08,28
2016-01-23 11:00:00,MAITRI,1.48,61.57,968.66,46.17,520.09,26.34,4.39,9.03,6351.31,18.44,3856.88,28
2016-01-23 11:05:00,MAITRI,1.48,61.98,969.5,45.02,531.09,22.78,3.8,9.27,6349.98,15.95,3856.68,29
2016-01-23 11:10:00,MAITRI,1.39,62.97,969.04,45.64,510.12,23.49,3.91,9.51,6348.61,16.44,3856.49,28
2016-01-23 11:15:00,MAITRI,1.65,62.49,969.41,45.75,535.38,22.43,3.74,9.76,6347.3,15.7,3856.3,27
2016-01-23 11:20:00,MAITRI,1.0,63.53,968.42,47.79,525.15,24.33,4.05,10.03,6345.88,17.03,3856.1,28
2016-01-23 11:25:00,MAITRI,1.11,62.88,968.11,46.06,521.79,24.08,4.01,10.29,6344.48,16.86,3855.92,27
2016-01-23 11:30:00,MAITRI,0.97,63.08,967.62,46.49,534.98,24.55,4.09,10.57,6343.05,17.19,3855.72,28
2016-01-23 11:35:00,MAITRI,0.57,62.25,968.22,47.85,521.12,22.86,3.81,10.81,6341.71,16.0,3855.53,28
2016-01-23 11:40:00,MAITRI,0.82,62.55,968.98,46.39,529.97,25.29,4.21,11.09,6340.24,17.7,3855.33,29
2016-01-23 11:45:00,MAITRI,1.01,62.48,968.98,45.44,535.95,24.88,4.15,11.36,6338.79,17.42,3855.13,28
2016-01-23 11:50:00,MAITRI,1.03,62.35,968.1,46.28,543.02,21.6,3.6,11.61,6337.53,15.12,3854.94,27
2016-01-23 11:55:00,MAITRI,0.94,62.2,967.58,45.48,546.05,24.59,4.1,11.9,6336.09,17.21,3854.76,27
2016-01-23 12:00:00,MAITRI,0.89,62.04,967.3,45.93,527.37,24.13,4.02,12.17,6334.68,16.89,3854.57,27
2016-01-23 12:05:00,MAITRI,1.16,62.26,967.65,45.03,536.6,21.59,3.6,12.41,6333.42,15.11,3854.38,27
2016-01-23 12:10:00,MAITRI,1.14,62.28,967.3,45.52,549.42,24.65,4.11,12.7,6331.99,17.25,3854.19,27
2016-01-23 12:15:00,MAITRI,1.23,62.09,967.36,43.86,557.11,22.44,3.74,12.98,6330.68,15.71,3854.01,27
2016-01-23 12:20:00,MAITRI,0.88,61.7,966.42,45.84,531.91,22.42,3.74,13.23,6329.37,15.69,3853.82,27
2016-01-23 12:25:00,MAITRI,0.92,62.34,966.36,45.9,540.73,23.25,3.87,13.51,6328.01,16.27,3853.63,27
2016-01-23 12:30:00,MAITRI,0.93,61.28,966.51,46.03,539.88,25.51,4.25,13.79,6326.53,17.86,3853.44,27
2016-01-23 12:35:00,MAITRI,0.78,62.5,966.68,46.58,539.82,21.34,3.56,14.04,6325.28,14.94,3853.26,26
2016-01-23 12:40:00,MAITRI,0.92,62.44,966.68,46.73,515.03,25.01,4.17,14.31,6323.82,17.51,3853.08,26
2016-01-23 12:45:00,MAITRI,0.92,62.43,966.38,47.03,521.66,22.93,3.82,14.57,6322.48,16.05,3852.91,25
2016-01-23 12:50:00,MAITRI,1.03,62.32,966.28,47.28,523.43,23.77,3.96,14.84,6321.1,16.64,3852.74,25
2016-01-23 12:55:00,MAITRI,1.05,62.07,966.03,47.15,520.68,24.12,4.02,15.11,6319.69,16.88,3852.56,25
2016-01-23 13:00:00,MAITRI,1.05,62.01,965.93,47.74,517.8,22.86,3.81,15.36,6318.36,16.0,3852.38,26
2016-01-23 13:05:00,MAITRI,1.21,59.56,966.33,46.89,504.04,47.67,7.95,15.62,6315.58,33.37,3852.2,26
2016-01-23 13:10:00,MAITRI,1.34,60.14,966.14,47.33,507.58,54.2,9.03,15.89,6312.42,37.94,3852.02,26
2016-01-23 13:15:00,MAITRI,1.41,60.74,965.96,46.43,503.07,52.92,8.82,16.15,6309.33,37.04,3851.85,25
2016-01-23 13:20:00,MAITRI,1.45,61.99,966.17,45.49,521.35,43.94,7.32,16.42,6306.77,30.76,3851.67,25
2016-01-23 13:25:00,MAITRI,1.08,61.96,966.02,46.83,501.57,60.72,10.12,16.68,6303.22,42.5,3851.49,26
2016-01-23 13:30:00,MAITRI,0.84,62.18,965.65,47.88,480.73,62.8,10.47,16.94,6299.56,43.96,3851.31,26
2016-01-23 13:35:00,MAITRI,0.89,62.11,965.86,48.24,488.89,45.68,7.61,17.19,6296.9,31.98,3851.13,26
2016-01-23 13:40:00,MAITRI,1.09,61.87,965.64,47.33,473.74,63.5,10.58,17.44,6293.19,44.45,3850.94,27
2016-01-23 13:45:00,MAITRI,0.67,61.41,965.09,48.87,473.61,52.85,8.81,17.68,6290.11,36.99,3850.76,27
2016-01-23 13:50:00,MAITRI,1.08,60.71,965.38,48.2,477.47,54.23,9.04,17.93,6286.94,37.96,3850.57,27
2016-01-23 13:55:00,MAITRI,1.08,61.02,965.07,49.4,459.92,53.61,8.93,18.17,6283.82,37.52,3850.37,28
2016-01-23 14:00:00,MAITRI,1.07,60.7,964.8,50.21,464.65,55.33,9.22,18.41,6280.59,38.73,3850.18,28
2016-01-23 14:05:00,MAITRI,1.01,61.37,964.76,52.15,459.3,56.93,9.49,18.65,6277.27,39.85,3849.98,29
2016-01-23 14:10:00,MAITRI,1.22,61.11,965.07,50.98,459.89,56.49,9.41,18.89,6273.97,39.54,3849.79,27
2016-01-23 14:15:00,MAITRI,1.46,60.78,965.34,50.01,453.36,53.52,8.92,19.13,6270.85,37.47,3849.6,27
2016-01-23 14:20:00,MAITRI,1.6,59.15,965.43,49.94,440.01,67.23,11.21,19.36,6266.93,47.06,3849.42,26
2016-01-23 14:25:00,MAITRI,1.53,59.1,964.72,50.54,428.75,60.19,10.03,19.58,6263.42,42.13,3849.24,26
2016-01-23 14:30:00,MAITRI,1.47,59.4,964.83,50.33,426.82,50.31,8.38,19.81,6260.48,35.22,3849.06,26
2016-01-23 14:35:00,MAITRI,1.58,59.78,965.18,48.83,417.47,65.02,10.84,20.02,6256.69,45.51,3848.89,25
2016-01-23 14:40:00,MAITRI,1.52,60.11,964.75,49.5,411.31,56.77,9.46,20.24,6253.38,39.74,3848.72,25
2016-01-23 14:45:00,MAITRI,1.33,55.59,965.45,50.39,401.87,61.13,10.19,20.45,6249.81,42.79,3848.53,26
2016-01-23 14:50:00,MAITRI,1.46,55.66,965.56,49.8,390.61,54.01,9.0,20.65,6246.66,37.81,3848.35,26
2016-01-23 14:55:00,MAITRI,1.09,56.21,965.74,50.72,391.69,48.55,8.09,20.86,6243.83,33.99,3848.17,27
2016-01-23 15:00:00,MAITRI,0.94,57.76,964.85,52.27,369.59,29.49,4.91,21.05,6242.11,20.64,3847.99,26
2016-01-23 15:05:00,MAITRI,1.21,58.26,964.65,52.35,362.69,29.71,4.95,21.23,6240.38,20.8,3847.81,26
2016-01-23 15:10:00,MAITRI,1.23,59.39,964.17,52.32,376.04,31.2,5.2,21.43,6238.56,21.84,3847.62,27
2016-01-23 15:15:00,MAITRI,1.1,59.84,963.44,53.28,349.01,30.89,5.15,21.61,6236.76,21.62,3847.43,27
2016-01-23 15:20:00,MAITRI,0.81,59.74,962.76,54.24,323.51,31.61,5.27,21.77,6234.91,22.13,3847.24,27
2016-01-23 15:25:00,MAITRI,0.94,59.7,963.52,53.22,316.21,30.77,5.13,21.91,6233.12,21.54,3847.06,27
2016-01-23 15:30:00,MAITRI,0.98,59.74,964.33,52.46,327.58,29.91,4.98,22.05,6231.37,20.93,3846.87,26
2016-01-23 15:35:00,MAITRI,1.02,60.39,964.07,52.48,318.74,30.66,5.11,22.2,6229.58,21.46,3846.69,26
2016-01-23 15:40:00,MAITRI,1.26,60.7,964.56,50.77,304.09,33.46,5.58,22.35,6227.63,23.42,3846.51,26
2016-01-23 15:45:00,MAITRI,1.53,60.89,964.48,50.57,295.27,35.16,5.86,22.51,6225.58,24.61,3846.33,26
2016-01-23 15:50:00,MAITRI,1.57,60.6,965.06,50.49,278.21,33.28,5.55,22.63,6223.64,23.3,3846.14,28
2016-01-23 15:55:00,MAITRI,1.31,61.03,964.98,51.65,268.52,34.15,5.69,22.77,6221.65,23.9,3845.95,27
2016-01-23 16:00:00,MAITRI,0.94,61.17,964.21,52.39,264.89,35.38,5.9,22.91,6219.58,24.77,3845.76,27
2016-01-23 16:05:00,MAITRI,0.98,60.84,963.99,52.05,267.21,34.65,5.77,23.05,6217.56,24.25,3845.58,27
2016-01-23 16:10:00,MAITRI,0.99,60.84,964.74,51.1,240.22,34.38,5.73,23.15,6215.56,24.06,3845.39,27
2016-01-23 16:15:00,MAITRI,0.63,60.96,964.4,53.15,243.21,35.54,5.92,23.28,6213.48,24.88,3845.21,26
2016-01-23 16:20:00,MAITRI,0.34,61.99,964.02,55.25,215.91,36.61,6.1,23.39,6211.35,25.63,3845.03,26
2016-01-23 16:25:00,MAITRI,0.75,61.67,963.96,55.24,211.01,34.43,5.74,23.47,6209.34,24.1,3844.85,26
2016-01-23 16:30:00,MAITRI,0.97,61.9,964.0,54.39,184.21,38.77,6.46,23.57,6207.08,27.14,3844.67,26
2016-01-23 16:35:00,MAITRI,1.16,62.04,964.19,52.92,198.95,38.37,6.39,23.67,6204.84,26.86,3844.49,26
2016-01-23 16:40:00,MAITRI,1.41,61.94,964.83,52.46,195.87,37.27,6.21,23.77,6202.67,26.09,3844.31,26
2016-01-23 16:45:00,MAITRI,1.38,62.21,965.06,52.17,167.75,39.29,6.55,23.86,6200.37,27.5,3844.11,28
2016-01-23 16:50:00,MAITRI,1.41,62.26,965.76,51.38,146.04,39.17,6.53,23.92,6198.09,27.42,3843.91,29
2016-01-23 16:55:00,MAITRI,1.2,59.52,965.45,51.74,144.41,40.6,6.77,23.99,6195.72,28.42,3843.72,28
2016-01-23 17:00:00,MAITRI,1.29,60.08,965.52,51.33,127.63,39.43,6.57,24.04,6193.42,27.6,3843.52,28
2016-01-23 17:05:00,MAITRI,1.27,60.44,965.75,51.25,120.18,40.88,6.81,24.11,6191.04,28.61,3843.33,27
2016-01-23 17:10:00,MAITRI,1.34,60.19,965.45,50.76,113.25,42.52,7.09,24.16,6188.56,29.76,3843.15,27
2016-01-23 17:15:00,MAITRI,1.6,59.97,965.24,51.4,90.09,41.94,6.99,24.21,6186.11,29.36,3842.95,28
2016-01-23 17:20:00,MAITRI,1.54,59.99,964.94,52.41,86.37,41.94,6.99,24.26,6183.66,29.36,3842.76,27
2016-01-23 17:25:00,MAITRI,1.19,58.82,964.89,53.48,77.51,42.48,7.08,24.3,6181.18,29.74,3842.58,27
2016-01-23 17:30:00,MAITRI,1.3,59.43,965.23,51.36,77.07,43.2,7.2,24.34,6178.66,30.24,3842.4,26
2016-01-23 17:35:00,MAITRI,1.22,59.68,965.23,51.24,66.24,43.05,7.17,24.37,6176.15,30.13,3842.22,25
2016-01-23 17:40:00,MAITRI,1.5,60.12,965.74,51.13,45.83,42.64,7.11,24.4,6173.67,29.85,3842.05,25
2016-01-23 17:45:00,MAITRI,1.29,60.87,965.62,51.05,37.38,42.75,7.12,24.42,6171.17,29.92,3841.88,24
2016-01-23 17:50:00,MAITRI,0.85,61.67,965.52,51.62,27.98,43.11,7.19,24.43,6168.66,30.18,3841.71,25
2016-01-23 17:55:00,MAITRI,0.86,61.57,965.34,52.26,0.0,44.71,7.45,24.43,6166.05,31.3,3841.53,26
2016-01-23 18:00:00,MAITRI,0.39,61.75,965.49,54.71,0.0,45.16,7.53,24.43,6163.42,31.61,3841.35,26
2016-01-23 18:05:00,MAITRI,0.57,61.67,965.26,54.89,9.65,45.6,7.6,24.43,6160.76,31.92,3841.17,26
2016-01-23 18:10:00,MAITRI,0.41,62.05,965.39,55.63,0.0,42.52,7.09,24.39,6158.27,29.77,3840.99,26
2016-01-23 18:15:00,MAITRI,-0.17,62.5,965.5,57.75,0.0,43.23,7.2,24.37,6155.75,30.26,3840.81,25
2016-01-23 18:20:00,MAITRI,-0.07,62.09,966.12,57.4,2.01,46.69,7.78,24.37,6153.03,32.68,3840.62,27
2016-01-23 18:25:00,MAITRI,0.1,62.24,966.47,55.07,10.41,44.91,7.49,24.38,6150.41,31.44,3840.44,27
2016-01-23 18:30:00,MAITRI,0.11,62.3,966.65,55.8,1.32,44.72,7.45,24.37,6147.8,31.31,3840.25,27
2016-01-23 18:35:00,MAITRI,0.22,61.96,967.06,55.44,0.0,46.47,7.74,24.37,6145.09,32.53,3840.06,27
2016-01-23 18:40:00,MAITRI,0.23,62.6,967.66,54.29,0.0,44.79,7.46,24.36,6142.48,31.35,3839.87,27
2016-01-23 18:45:00,MAITRI,0.14,62.43,967.71,55.23,1.54,42.67,7.11,24.33,6139.99,29.87,3839.69,26
2016-01-23 18:50:00,MAITRI,0.26,62.1,967.96,54.79,1.75,44.77,7.46,24.33,6137.38,31.34,3839.52,25
2016-01-23 18:55:00,MAITRI,0.22,61.76,968.48,55.47,0.0,44.42,7.4,24.32,6134.79,31.1,3839.34,26
2016-01-23 19:00:00,MAITRI,0.18,62.23,968.07,56.2,1.02,42.42,7.07,24.27,6132.31,29.69,3839.15,27
2016-01-23 19:05:00,MAITRI,0.09,62.8,968.58,57.14,5.89,45.43,7.57,24.28,6129.66,31.8,3838.97,27
2016-01-23 19:10:00,MAITRI,0.29,60.82,968.59,57.06,8.87,45.08,7.51,24.28,6127.03,31.55,3838.78,26
2016-01-23 19:15:00,MAITRI,0.59,60.83,968.48,57.6,2.16,44.33,7.39,24.28,6124.45,31.03,3838.6,26
2016-01-23 19:20:00,MAITRI,0.65,59.47,968.65,57.64,6.92,45.35,7.56,24.28,6121.8,31.75,3838.43,25
2016-01-23 19:25:00,MAITRI,0.72,59.78,968.39,57.99,9.91,44.28,7.38,24.29,6119.22,30.99,3838.26,25
2016-01-23 19:30:00,MAITRI,0.61,60.43,969.02,56.61,0.0,45.79,7.63,24.29,6116.55,32.05,3838.08,25
2016-01-23 19:35:00,MAITRI,0.65,61.14,968.38,56.6,0.0,44.91,7.49,24.29,6113.93,31.44,3837.91,25
2016-01-23 19:40:00,MAITRI,0.61,61.06,967.46,57.85,5.02,45.91,7.65,24.29,6111.25,32.13,3837.73,26
2016-01-23 19:45:00,MAITRI,0.61,61.94,967.23,56.76,0.0,44.39,7.4,24.28,6108.66,31.07,3837.55,26
2016-01-23 19:50:00,MAITRI,0.27,62.37,967.3,58.65,0.0,43.42,7.24,24.26,6106.13,30.39,3837.37,26
2016-01-23 19:55:00,MAITRI,0.18,62.31,967.01,57.22,8.35,42.09,7.02,24.22,6103.67,29.47,3837.19,26
2016-01-23 20:00:00,MAITRI,-0.04,61.77,966.58,56.5,0.0,42.35,7.06,24.19,6101.2,29.64,3837.01,25
2016-01-23 20:05:00,MAITRI,-0.25,61.46,966.78,55.5,11.64,41.62,6.94,24.16,6098.77,29.13,3836.85,24
2016-01-23 20:10:00,MAITRI,-0.24,61.58,967.18,56.29,3.21,43.57,7.26,24.16,6096.23,30.5,3836.68,24
2016-01-23 20:15:00,MAITRI,-0.11,61.76,967.07,56.25,0.0,44.95,7.49,24.16,6093.61,31.46,3836.51,25
2016-01-23 20:20:00,MAITRI,-0.61,61.55,966.71,58.16,0.0,45.94,7.66,24.16,6090.93,32.16,3836.33,25
2016-01-23 20:25:00,MAITRI,-0.47,61.16,966.24,59.25,0.0,42.95,7.16,24.13,6088.42,30.07,3836.16,25
2016-01-23 20:30:00,MAITRI,-0.71,61.62,966.44,59.43,13.65,44.41,7.4,24.14,6085.83,31.08,3835.99,25
2016-01-23 20:35:00,MAITRI,-0.69,61.42,966.24,58.6,6.36,44.06,7.34,24.15,6083.26,30.85,3835.82,24
2016-01-23 20:40:00,MAITRI,-0.97,61.63,966.31,59.56,5.15,44.44,7.41,24.15,6080.67,31.11,3835.65,24
2016-01-23 20:45:00,MAITRI,-0.98,61.23,965.93,58.8,0.0,45.43,7.57,24.15,6078.02,31.8,3835.49,24
2016-01-23 20:50:00,MAITRI,-1.24,61.11,966.41,60.57,0.0,43.19,7.2,24.14,6075.5,30.23,3835.33,23
2016-01-23 20:55:00,MAITRI,-1.38,61.85,967.18,61.0,10.21,45.04,7.51,24.15,6072.87,31.53,3835.15,25
2016-01-23 21:00:00,MAITRI,-1.19,60.14,966.98,59.69,17.81,40.82,6.8,24.12,6070.49,28.58,3834.99,24
2016-01-23 21:05:00,MAITRI,-1.41,60.06,967.17,60.52,7.88,44.31,7.38,24.12,6067.91,31.02,3834.81,25
2016-01-23 21:10:00,MAITRI,-1.15,60.54,967.17,60.24,0.0,44.49,7.42,24.12,6065.31,31.15,3834.64,25
2016-01-23 21:15:00,MAITRI,-1.38,61.27,965.92,60.27,2.74,42.2,7.03,24.1,6062.85,29.54,3834.47,24
2016-01-23 21:20:00,MAITRI,-1.36,61.83,965.72,60.79,0.0,46.42,7.74,24.1,6060.14,32.49,3834.3,25
2016-01-23 21:25:00,MAITRI,-1.36,62.27,965.92,60.83,0.0,44.95,7.49,24.1,6057.52,31.47,3834.12,25
2016-01-23 21:30:00,MAITRI,-0.98,57.91,965.8,60.2,0.0,44.39,7.4,24.1,6054.93,31.07,3833.94,26
2016-01-23 21:35:00,MAITRI,-0.77,58.48,966.43,58.93,2.03,59.34,9.89,23.9,6050.86,48.85,3833.76,26
2016-01-23 21:40:00,MAITRI,-0.54,54.79,966.2,58.33,0.0,56.11,9.35,23.48,6046.47,52.73,3833.58,26
2016-01-23 21:45:00,MAITRI,-0.59,55.45,966.13,58.83,4.5,58.72,9.79,23.08,6042.12,52.22,3833.39,28
2016-01-23 21:50:00,MAITRI,-0.5,56.0,966.15,57.83,4.64,59.25,9.88,22.62,6038.1,48.17,3833.19,28
2016-01-23 21:55:00,MAITRI,-0.6,56.28,964.91,58.13,4.2,59.72,9.95,22.31,6033.84,51.09,3833.0,28
2016-01-23 22:00:00,MAITRI,-0.87,57.01,964.53,58.43,2.62,60.9,10.15,22.13,6029.0,58.17,3832.8,29
2016-01-23 22:05:00,MAITRI,-0.86,57.33,965.16,58.25,0.0,61.62,10.27,21.97,6023.95,60.53,3832.6,29
2016-01-23 22:10:00,MAITRI,-1.12,58.13,964.98,60.08,11.46,62.96,10.49,21.5,6018.63,63.84,3832.4,29
2016-01-23 22:15:00,MAITRI,-1.38,58.76,965.0,62.1,0.23,62.21,10.37,21.24,6014.38,51.05,3832.2,28
2016-01-23 22:20:00,MAITRI,-1.46,58.33,964.73,62.01,4.94,64.1,10.68,21.07,6010.02,52.28,3832.01,28
2016-01-23 22:25:00,MAITRI,-1.42,58.81,965.19,62.17,0.0,64.45,10.74,20.64,6004.89,61.63,3831.81,28
2016-01-23 22:30:00,MAITRI,-1.54,59.53,965.0,62.08,0.0,64.16,10.69,20.45,6000.07,57.8,3831.62,28
2016-01-23 22:35:00,MAITRI,-1.39,59.73,966.0,60.46,0.0,64.04,10.67,20.29,5995.39,56.18,3831.42,28
2016-01-23 22:40:00,MAITRI,-1.31,59.74,965.68,60.72,0.0,66.34,11.06,20.18,5990.6,57.43,3831.23,28
2016-01-23 22:45:00,MAITRI,-1.45,60.02,964.54,60.94,7.13,66.79,11.13,20.03,5985.99,55.38,3831.03,28
2016-01-23 22:50:00,MAITRI,-1.1,59.84,964.61,60.27,0.0,67.66,11.28,19.85,5981.28,56.55,3830.84,28
2016-01-23 22:55:00,MAITRI,-1.33,59.81,964.3,62.82,0.0,65.37,10.89,19.6,5976.8,53.74,3830.65,27
2016-01-23 23:00:00,MAITRI,-1.21,59.83,964.19,62.78,0.0,66.97,11.16,19.1,5972.15,55.82,3830.47,27
2016-01-23 23:05:00,MAITRI,-0.99,60.44,963.92,60.94,6.97,69.8,11.63,18.82,5966.93,62.62,3830.27,28
2016-01-23 23:10:00,MAITRI,-0.99,60.52,964.54,60.24,2.23,70.09,11.68,18.47,5961.76,62.0,3830.08,28
2016-01-23 23:15:00,MAITRI,-1.24,61.38,964.54,60.19,4.95,72.45,12.07,17.99,5955.69,72.85,3829.88,28
2016-01-23 23:20:00,MAITRI,-1.56,61.26,965.44,60.78,9.83,69.85,11.64,17.84,5950.68,60.08,3829.69,28
2016-01-23 23:25:00,MAITRI,-2.02,61.28,965.03,61.36,0.0,69.72,11.62,17.53,5945.5,62.16,3829.49,28
2016-01-23 23:30:00,MAITRI,-1.78,61.36,964.83,59.61,2.5,72.83,12.14,17.2,5939.93,66.86,3829.31,27
2016-01-23 23:35:00,MAITRI,-1.69,61.57,965.16,60.21,0.0,72.07,12.01,17.08,5934.46,65.61,3829.11,28
2016-01-23 23:40:00,MAITRI,-1.6,61.48,965.63,60.36,0.0,72.02,12.0,16.79,5929.49,59.69,3828.92,27
2016-01-23 23:45:00,MAITRI,-1.56,61.88,965.87,59.03,0.64,72.79,12.13,16.36,5924.53,59.56,3828.74,27
2016-01-23 23:50:00,MAITRI,-1.89,61.66,966.3,60.72,0.0,73.55,12.26,16.18,5919.58,59.36,3828.55,27
2016-01-23 23:55:00,MAITRI,-1.72,61.99,966.17,58.86,16.75,74.48,12.41,16.01,5913.9,68.15,3828.36,27
2016-01-24 00:00:00,MAITRI,-1.86,61.5,966.3,57.6,0.0,75.67,12.61,15.83,5908.72,62.14,3828.18,26
2016-01-24 00:05:00,MAITRI,-1.91,61.22,966.43,59.3,3.37,75.52,12.59,15.6,5902.5,74.65,3828.0,26
2016-01-24 00:10:00,MAITRI,-2.04,61.33,966.0,62.13,1.21,76.47,12.75,15.1,5897.23,63.28,3827.82,26
2016-01-24 00:15:00,MAITRI,-2.02,62.77,966.78,62.01,11.49,76.95,12.82,14.68,5891.69,66.44,3827.63,27
2016-01-24 00:20:00,MAITRI,-2.42,62.86,967.22,61.66,1.68,76.4,12.73,14.46,5886.26,65.21,3827.44,28
2016-01-24 00:25:00,MAITRI,-2.7,62.83,965.88,62.82,6.3,80.16,13.36,14.18,5880.12,73.67,3827.24,29
2016-01-24 00:30:00,MAITRI,-2.6,63.26,966.42,62.56,0.0,79.12,13.19,13.79,5874.28,70.02,3827.03,30
2016-01-24 00:35:00,MAITRI,-2.24,62.95,966.5,62.93,0.0,79.09,13.18,13.51,5868.82,65.52,3826.83,29
2016-01-24 00:40:00,MAITRI,-2.09,62.94,966.5,61.22,0.0,76.76,12.79,13.26,5863.16,67.95,3826.62,29
2016-01-24 00:45:00,MAITRI,-1.75,62.29,966.13,59.4,0.0,77.27,12.88,12.87,5857.25,70.89,3826.42,29
2016-01-24 00:50:00,MAITRI,-1.84,62.02,966.39,58.17,0.0,76.72,12.79,12.46,5851.44,69.78,3826.22,30
2016-01-24 00:55:00,MAITRI,-2.0,62.52,965.78,58.53,0.0,76.93,12.82,12.24,5845.08,76.35,3826.01,29
2016-01-24 01:00:00,MAITRI,-2.03,63.06,965.53,59.04,0.0,78.46,13.08,12.01,5839.28,69.51,3825.81,29
2016-01-24 01:05:00,MAITRI,-2.18,62.54,964.98,61.73,0.0,75.7,12.62,11.52,5833.22,72.72,3825.61,29
2016-01-24 01:10:00,MAITRI,-1.99,63.09,965.49,63.09,0.0,77.01,12.83,11.35,5827.41,69.82,3825.41,29
2016-01-24 01:15:00,MAITRI,-1.75,62.41,966.01,64.79,7.53,76.06,12.68,10.9,5822.1,63.66,3825.21,29
2016-01-24 01:20:00,MAITRI,-2.31,62.64,965.52,65.08,5.56,77.43,12.91,10.48,5816.59,66.14,3825.01,29
2016-01-24 01:25:00,MAITRI,-2.62,62.5,965.84,63.88,14.64,76.32,12.72,10.36,5810.18,76.85,3824.81,28
2016-01-24 01:30:00,MAITRI,-3.0,60.06,964.3,65.04,16.23,78.38,13.06,10.15,5804.35,69.99,3824.61,29
2016-01-24 01:35:00,MAITRI,-3.12,59.66,963.84,62.82,0.25,78.96,13.16,9.78,5798.98,64.47,3824.41,29
2016-01-24 01:40:00,MAITRI,-2.86,59.74,963.84,60.23,0.0,77.27,12.88,9.48,5793.39,67.02,3824.21,29
2016-01-24 01:45:00,MAITRI,-2.64,59.66,964.06,59.92,0.0,78.22,13.04,9.13,5786.89,78.05,3824.01,29
2016-01-24 01:50:00,MAITRI,-2.51,60.07,964.35,59.95,0.0,79.26,13.21,8.93,5780.76,73.51,3823.81,29
2016-01-24 01:55:00,MAITRI,-2.4,60.13,963.98,58.02,0.0,76.37,12.73,8.62,5775.17,67.16,3823.6,29
2016-01-24 02:00:00,MAITRI,-2.35,60.03,964.46,58.16,0.0,77.75,12.96,8.27,5768.75,76.95,3823.4,29
2016-01-24 02:05:00,MAITRI,-2.25,60.51,964.13,56.38,6.54,75.49,12.58,8.17,5762.59,74.03,3823.2,29
2016-01-24 02:10:00,MAITRI,-2.41,61.04,964.13,56.49,12.93,74.77,12.46,7.79,5756.46,73.48,3823.0,29
2016-01-24 02:15:00,MAITRI,-2.52,61.29,963.97,56.67,0.0,78.38,13.06,7.5,5750.61,70.18,3822.8,29
2016-01-24 02:20:00,MAITRI,-2.26,61.63,964.64,56.26,6.63,79.47,13.24,7.11,5744.24,76.46,3822.6,29
2016-01-24 02:25:00,MAITRI,-2.16,61.68,964.57,55.0,0.0,78.63,13.11,6.77,5737.65,79.15,3822.4,29
2016-01-24 02:30:00,MAITRI,-1.86,61.56,965.02,53.55,2.58,77.31,12.89,6.42,5732.08,66.84,3822.2,28
2016-01-24 02:35:00,MAITRI,-2.34,62.47,964.52,54.82,0.0,76.43,12.74,6.18,5725.82,75.14,3822.0,29
2016-01-24 02:40:00,MAITRI,-2.46,63.07,963.62,58.43,6.33,78.3,13.05,5.69,5719.5,75.79,3821.8,29
2016-01-24 02:45:00,MAITRI,-2.54,63.47,963.24,58.48,13.84,77.64,12.94,5.29,5713.27,74.77,3821.6,29
2016-01-24 02:50:00,MAITRI,-2.78,63.84,964.16,57.6,0.0,77.7,12.95,5.12,5707.77,65.99,3821.4,29
2016-01-24 02:55:00,MAITRI,-2.8,63.95,964.15,56.36,0.0,78.26,13.04,4.73,5702.47,63.56,3821.19,29
2016-01-24 03:00:00,MAITRI,-2.8,63.67,964.12,56.2,1.06,79.1,13.18,4.5,5696.88,67.07,3820.99,29
2016-01-24 03:05:00,MAITRI,-3.45,63.59,963.04,58.43,0.0,79.0,13.17,4.25,5690.47,76.98,3820.78,30
2016-01-24 03:10:00,MAITRI,-3.78,61.3,962.78,59.76,0.0,78.16,13.03,3.82,5684.96,66.15,3820.58,30
2016-01-24 03:15:00,MAITRI,-3.85,61.69,963.24,61.77,3.55,77.13,12.85,3.57,5679.6,64.28,3820.37,30
2016-01-24 03:20:00,MAITRI,-3.79,60.82,963.76,59.46,0.0,77.82,12.97,3.08,5673.94,67.92,3820.17,29
2016-01-24 03:25:00,MAITRI,-3.83,60.5,964.43,60.7,0.0,78.35,13.06,2.87,5668.41,66.35,3819.97,28
2016-01-24 03:30:00,MAITRI,-3.66,60.79,964.64,59.32,0.0,77.44,12.91,2.48,5662.74,68.05,3819.78,28
2016-01-24 03:35:00,MAITRI,-3.37,61.23,965.44,57.09,6.26,77.39,12.9,2.31,5657.06,68.19,3819.58,28
2016-01-24 03:40:00,MAITRI,-3.31,60.93,965.64,56.96,0.0,79.11,13.19,2.11,5650.67,76.69,3819.39,28
2016-01-24 03:45:00,MAITRI,-3.45,61.44,966.13,58.3,0.0,76.88,12.81,1.62,5644.62,72.53,3819.19,28
2016-01-24 03:50:00,MAITRI,-3.35,61.97,966.12,58.09,0.0,78.17,13.03,1.35,5638.96,67.95,3819.0,28
2016-01-24 03:55:00,MAITRI,-3.2,62.1,966.24,57.54,0.0,78.69,13.11,0.92,5633.59,64.45,3818.8,29
2016-01-24 04:00:00,MAITRI,-2.99,60.96,966.35,55.07,0.0,77.43,12.9,0.62,5628.12,65.66,3818.6,29
2016-01-24 04:05:00,MAITRI,-3.23,61.26,965.91,56.46,11.58,78.03,13.01,0.49,5622.82,63.52,3818.4,29
2016-01-24 04:10:00,MAITRI,-3.27,61.85,965.61,54.98,0.0,78.29,13.05,0.34,5616.3,78.33,3818.2,28
2016-01-24 04:15:00,MAITRI,-2.96,61.29,965.73,52.96,0.62,76.87,12.81,0.06,5609.94,76.33,3818.01,28
2016-01-24 04:20:00,MAITRI,-2.93,61.35,966.69,51.78,0.0,77.3,12.88,0.0,5604.65,63.48,3817.81,29
2016-01-24 04:25:00,MAITRI,-3.04,57.99,966.73,55.5,0.31,77.51,12.92,0.0,5598.39,75.09,3817.6,29
2016-01-24 04:30:00,MAITRI,-2.56,57.87,966.58,53.92,4.59,75.3,12.55,0.0,5593.17,62.56,3817.41,28
2016-01-24 04:35:00,MAITRI,-2.27,58.48,966.42,52.19,0.0,78.98,13.16,0.0,5587.5,68.06,3817.21,29
2016-01-24 04:40:00,MAITRI,-2.46,59.05,966.35,54.17,0.0,77.62,12.94,0.0,5581.66,70.12,3817.0,30
2016-01-24 04:45:00,MAITRI,-2.57,59.4,966.51,56.33,2.79,77.14,12.86,0.0,5576.14,66.24,3816.8,29
2016-01-24 04:50:00,MAITRI,-2.83,60.22,966.12,54.78,0.0,79.51,13.25,0.0,5570.77,64.46,3816.59,30
2016-01-24 04:55:00,MAITRI,-2.57,60.42,965.68,53.04,6.14,79.18,13.2,0.0,5564.49,75.28,3816.38,30
2016-01-24 05:00:00,MAITRI,-2.82,60.53,965.36,56.65,0.09,78.07,13.01,0.0,5558.37,73.5,3816.17,30
2016-01-24 05:05:00,MAITRI,-2.57,58.88,966.17,54.78,0.0,79.37,13.23,0.0,5552.71,67.86,3815.97,30
2016-01-24 05:10:00,MAITRI,-2.39,58.89,966.18,52.76,0.0,77.7,12.95,0.0,5547.5,62.63,3815.76,30
2016-01-24 05:15:00,MAITRI,-2.21,58.99,966.17,52.14,0.0,77.26,12.88,0.0,5541.99,66.11,3815.55,30
2016-01-24 05:20:00,MAITRI,-2.53,59.18,966.52,54.52,7.02,78.0,13.0,0.0,5535.53,77.47,3815.35,29
2016-01-24 05:25:00,MAITRI,-2.32,59.4,966.87,57.2,11.85,76.76,12.79,0.0,5529.65,70.58,3815.15,28
2016-01-24 05:30:00,MAITRI,-2.17,60.22,967.06,56.0,0.0,46.84,7.81,0.0,5526.92,32.79,3814.97,27
2016-01-24 05:35:00,MAITRI,-2.32,60.31,966.85,53.91,14.47,44.48,7.41,0.01,5524.32,31.14,3814.78,26
2016-01-24 05:40:00,MAITRI,-2.19,60.49,966.83,53.18,0.0,46.79,7.8,0.01,5521.59,32.75,3814.6,26
2016-01-24 05:45:00,MAITRI,-2.14,60.49,966.79,51.83,1.78,43.33,7.22,0.0,5519.07,30.33,3814.43,25
2016-01-24 05:50:00,MAITRI,-2.24,61.07,966.62,50.39,1.12,43.56,7.26,0.0,5516.52,30.49,3814.26,25
2016-01-24 05:55:00,MAITRI,-2.27,61.67,966.35,48.97,0.0,43.6,7.27,0.0,5513.98,30.52,3814.09,24
2016-01-24 06:00:00,MAITRI,-2.59,61.87,965.87,52.48,7.57,43.86,7.31,0.0,5511.42,30.7,3813.92,24
2016-01-24 06:05:00,MAITRI,-2.25,61.75,965.71,51.73,9.68,42.13,7.02,0.0,5508.97,29.49,3813.76,24
2016-01-24 06:10:00,MAITRI,-1.97,61.76,965.8,50.16,14.02,44.2,7.37,0.01,5506.39,30.94,3813.6,23
2016-01-24 06:15:00,MAITRI,-2.07,62.03,966.07,51.49,8.73,42.94,7.16,0.0,5503.88,30.06,3813.43,24
2016-01-24 06:20:00,MAITRI,-2.33,61.88,965.62,53.31,9.93,45.98,7.66,0.01,5501.2,32.19,3813.26,24
2016-01-24 06:25:00,MAITRI,-2.11,61.7,965.51,52.61,0.0,45.09,7.51,0.01,5498.57,31.56,3813.1,24
2016-01-24 06:30:00,MAITRI,-2.29,61.67,965.64,53.58,0.0,43.0,7.17,0.0,5496.06,30.1,3812.93,24
2016-01-24 06:35:00,MAITRI,-2.59,61.33,966.26,56.1,13.71,44.82,7.47,0.01,5493.45,31.37,3812.76,25
2016-01-24 06:40:00,MAITRI,-2.55,61.82,965.88,54.22,11.81,45.11,7.52,0.01,5490.82,31.58,3812.58,25
2016-01-24 06:45:00,MAITRI,-2.36,62.03,966.16,54.53,15.4,43.41,7.23,0.02,5488.28,30.39,3812.41,25
2016-01-24 06:50:00,MAITRI,-2.55,61.61,965.89,54.38,9.15,44.24,7.37,0.02,5485.7,30.97,3812.24,24
2016-01-24 06:55:00,MAITRI,-2.92,60.75,965.51,56.05,34.37,41.53,6.92,0.02,5483.28,29.07,3812.08,24
2016-01-24 07:00:00,MAITRI,-2.93,60.66,965.85,57.23,27.58,43.78,7.3,0.04,5480.73,30.64,3811.92,23
2016-01-24 07:05:00,MAITRI,-2.61,60.45,965.69,55.35,18.81,42.4,7.07,0.04,5478.25,29.68,3811.76,23
2016-01-24 07:10:00,MAITRI,-2.72,60.37,965.43,55.72,10.91,43.31,7.22,0.05,5475.73,30.32,3811.6,23
2016-01-24 07:15:00,MAITRI,-2.42,60.25,966.05,53.98,10.5,42.49,7.08,0.05,5473.25,29.74,3811.44,23
2016-01-24 07:20:00,MAITRI,-2.43,59.81,966.48,55.13,17.19,44.77,7.46,0.06,5470.64,31.34,3811.27,24
2016-01-24 07:25:00,MAITRI,-2.3,59.95,967.06,54.68,35.98,41.86,6.98,0.07,5468.2,29.3,3811.1,24
2016-01-24 07:30:00,MAITRI,-2.11,60.69,966.77,54.67,30.27,41.47,6.91,0.06,5465.78,29.03,3810.94,24
2016-01-24 07:35:00,MAITRI,-1.83,61.66,966.41,52.96,30.59,42.64,7.11,0.08,5463.29,29.85,3810.78,23
2016-01-24 07:40:00,MAITRI,-1.94,61.0,966.22,53.67,28.82,41.48,6.91,0.08,5460.87,29.04,3810.62,23
2016-01-24 07:45:00,MAITRI,-2.0,60.82,965.61,54.19,48.97,42.65,7.11,0.11,5458.38,29.85,3810.46,23
2016-01-24 07:50:00,MAITRI,-1.72,60.55,965.98,52.45,41.49,42.5,7.08,0.13,5455.9,29.75,3810.3,23
2016-01-24 07:55:00,MAITRI,-1.61,60.59,965.6,52.38,40.26,40.17,6.7,0.13,5453.56,28.12,3810.15,22
2016-01-24 08:00:00,MAITRI,-1.64,61.19,965.96,53.65,45.76,41.44,6.91,0.15,5451.14,29.01,3809.99,22
2016-01-24 08:05:00,MAITRI,-1.54,61.4,966.11,52.15,30.04,43.82,7.3,0.17,5448.59,30.68,3809.84,22
2016-01-24 08:10:00,MAITRI,-1.2,61.64,965.81,51.61,21.32,42.22,7.04,0.17,5446.12,29.56,3809.67,24
2016-01-24 08:15:00,MAITRI,-1.38,60.71,966.32,52.91,41.65,39.55,6.59,0.14,5443.82,27.68,3809.51,24
2016-01-24 08:20:00,MAITRI,-1.57,60.65,966.17,54.2,43.64,40.75,6.79,0.15,5441.44,28.53,3809.35,23
2016-01-24 08:25:00,MAITRI,-1.73,61.4,965.87,54.32,25.83,41.64,6.94,0.14,5439.01,29.15,3809.18,24
2016-01-24 08:30:00,MAITRI,-1.58,62.08,966.05,52.76,36.37,40.64,6.77,0.12,5436.64,28.45,3809.01,25
2016-01-24 08:35:00,MAITRI,-1.45,62.79,965.4,51.38,319.35,32.01,5.34,0.29,5434.77,22.41,3808.83,26
2016-01-24 08:40:00,MAITRI,-1.34,62.36,965.11,52.14,335.45,33.29,5.55,0.46,5432.83,23.31,3808.65,26
2016-01-24 08:45:00,MAITRI,-1.44,62.13,964.72,52.77,343.18,31.2,5.2,0.63,5431.01,21.84,3808.46,27
2016-01-24 08:50:00,MAITRI,-1.25,62.04,964.91,51.02,360.06,31.54,5.26,0.82,5429.17,22.08,3808.28,26
2016-01-24 08:55:00,MAITRI,-0.98,62.06,964.79,50.02,345.04,34.01,5.67,1.0,5427.19,23.8,3808.09,27
2016-01-24 09:00:00,MAITRI,-1.2,62.11,965.07,51.28,372.51,28.59,4.76,1.17,5425.52,20.01,3807.91,26
2016-01-24 09:05:00,MAITRI,-1.02,62.08,964.97,51.78,370.93,31.74,5.29,1.37,5423.67,22.22,3807.72,27
2016-01-24 09:10:00,MAITRI,-0.95,62.07,964.84,51.7,382.57,29.77,4.96,1.56,5421.93,20.84,3807.53,27
2016-01-24 09:15:00,MAITRI,-1.01,61.72,964.8,52.52,403.63,27.88,4.65,1.75,5420.3,19.52,3807.35,27
2016-01-24 09:20:00,MAITRI,-1.05,62.68,964.76,53.85,401.8,30.38,5.06,1.96,5418.53,21.27,3807.15,28
2016-01-24 09:25:00,MAITRI,-0.77,62.33,964.77,51.62,404.34,28.99,4.83,2.17,5416.84,20.3,3806.97,27
2016-01-24 09:30:00,MAITRI,-0.53,62.2,964.98,53.86,407.11,30.55,5.09,2.39,5415.06,21.38,3806.78,26
2016-01-24 09:35:00,MAITRI,-1.18,62.24,964.21,55.31,420.21,26.55,4.42,2.58,5413.51,18.58,3806.6,26
2016-01-24 09:40:00,MAITRI,-1.09,60.16,964.35,53.85,420.39,29.63,4.94,2.8,5411.78,20.74,3806.42,27
2016-01-24 09:45:00,MAITRI,-1.23,60.75,964.06,55.02,428.24,26.08,4.35,2.98,5410.26,18.26,3806.22,28
2016-01-24 09:50:00,MAITRI,-1.04,60.79,964.54,53.3,447.47,27.62,4.6,3.21,5408.65,19.33,3806.03,28
2016-01-24 09:55:00,MAITRI,-0.83,60.87,964.78,55.38,433.45,28.69,4.78,3.44,5406.97,20.08,3805.84,27
2016-01-24 10:00:00,MAITRI,-0.37,60.92,965.72,55.13,455.67,27.8,4.63,3.68,5405.35,19.46,3805.65,27
2016-01-24 10:05:00,MAITRI,-0.78,60.47,964.9,56.3,455.1,26.99,4.5,3.91,5403.78,18.89,3805.47,26
2016-01-24 10:10:00,MAITRI,-0.49,60.74,964.98,54.7,463.56,26.29,4.38,4.15,5402.25,18.4,3805.28,27
2016-01-24 10:15:00,MAITRI,-0.45,60.69,965.02,56.47,466.26,26.21,4.37,4.38,5400.72,18.34,3805.09,28
2016-01-24 10:20:00,MAITRI,-0.43,61.24,965.28,54.8,476.52,25.42,4.24,4.62,5399.23,17.79,3804.9,27
2016-01-24 10:25:00,MAITRI,-0.19,61.88,964.97,53.93,471.78,25.56,4.26,4.85,5397.74,17.89,3804.72,27
2016-01-24 10:30:00,MAITRI,0.03,61.74,964.76,52.97,481.06,25.91,4.32,5.1,5396.23,18.13,3804.52,28
2016-01-24 10:35:00,MAITRI,0.09,62.05,964.65,53.03,487.07,24.19,4.03,5.32,5394.82,16.93,3804.33,27
2016-01-24 10:40:00,MAITRI,0.08,61.46,965.0,51.51,479.87,28.71,4.78,5.57,5393.15,20.09,3804.15,27
2016-01-24 10:45:00,MAITRI,0.28,61.08,964.54,51.36,495.75,24.82,4.14,5.82,5391.7,17.37,3803.96,27
2016-01-24 10:50:00,MAITRI,0.24,61.11,964.0,50.91,500.76,24.33,4.06,6.08,5390.28,17.03,3803.78,26
2016-01-24 10:55:00,MAITRI,-0.29,61.24,964.68,52.15,512.55,25.73,4.29,6.35,5388.78,18.01,3803.6,26
2016-01-24 11:00:00,MAITRI,-0.77,61.09,964.98,53.12,506.29,26.08,4.35,6.61,5387.26,18.25,3803.42,26
2016-01-24 11:05:00,MAITRI,-0.39,61.42,965.66,51.03,483.58,27.09,4.51,6.86,5385.68,18.96,3803.23,27
2016-01-24 11:10:00,MAITRI,-0.39,61.03,965.55,51.72,497.24,27.38,4.56,7.12,5384.08,19.16,3803.04,27
2016-01-24 11:15:00,MAITRI,-0.58,60.67,965.63,51.15,521.1,24.08,4.01,7.39,5382.68,16.86,3802.86,26
2016-01-24 11:20:00,MAITRI,-0.04,61.17,965.31,48.62,519.47,23.54,3.92,7.66,5381.3,16.48,3802.68,26
2016-01-24 11:25:00,MAITRI,0.19,61.31,965.27,49.55,515.46,24.97,4.16,7.93,5379.85,17.48,3802.49,27
2016-01-24 11:30:00,MAITRI,0.42,61.49,965.32,48.64,515.39,24.52,4.09,8.2,5378.41,17.16,3802.31,27
2016-01-24 11:35:00,MAITRI,0.58,61.43,965.21,47.89,525.23,23.65,3.94,8.47,5377.04,16.55,3802.12,26
2016-01-24 11:40:00,MAITRI,0.54,62.19,965.64,50.02,536.7,23.97,3.99,8.75,5375.64,16.78,3801.94,26
2016-01-24 11:45:00,MAITRI,0.17,62.6,966.39,51.21,514.35,25.22,4.2,9.02,5374.17,17.65,3801.76,27
2016-01-24 11:50:00,MAITRI,0.46,62.6,966.37,49.03,535.03,23.39,3.9,9.28,5372.8,16.37,3801.56,28
2016-01-24 11:55:00,MAITRI,0.62,62.63,967.09,47.83,543.85,24.14,4.02,9.56,5371.39,16.9,3801.37,27
2016-01-24 12:00:00,MAITRI,0.97,62.76,967.66,47.64,552.9,23.24,3.87,9.85,5370.04,16.27,3801.19,27
2016-01-24 12:05:00,MAITRI,1.21,62.8,968.16,47.09,523.86,22.71,3.78,10.1,5368.71,15.9,3801.0,27
2016-01-24 12:10:00,MAITRI,1.33,62.87,967.62,47.89,525.51,24.11,4.02,10.36,5367.31,16.88,3800.81,28
2016-01-24 12:15:00,MAITRI,1.52,63.16,967.39,47.64,523.45,24.01,4.0,10.63,5365.91,16.8,3800.62,27
2016-01-24 12:20:00,MAITRI,1.63,63.01,967.56,45.77,521.04,21.54,3.59,10.85,5364.65,15.08,3800.44,26
2016-01-24 12:25:00,MAITRI,1.88,63.0,967.95,46.36,533.02,23.46,3.91,11.12,5363.28,16.42,3800.25,27
2016-01-24 12:30:00,MAITRI,2.04,62.94,967.67,46.23,535.89,22.83,3.8,11.38,5361.95,15.98,3800.06,27
2016-01-24 12:35:00,MAITRI,2.05,63.22,967.73,44.72,530.45,24.79,4.13,11.66,5360.5,17.36,3799.87,27
2016-01-24 12:40:00,MAITRI,1.96,63.21,967.99,45.52,533.15,21.87,3.65,11.91,5359.23,15.31,3799.69,26
2016-01-24 12:45:00,MAITRI,2.14,63.09,968.32,45.0,526.24,52.7,8.78,12.18,5356.15,36.89,3799.52,25
2016-01-24 12:50:00,MAITRI,1.97,61.51,968.21,48.0,512.63,54.39,9.07,12.45,5352.98,38.08,3799.35,24
2016-01-24 12:55:00,MAITRI,2.04,60.42,968.11,46.43,521.1,53.0,8.83,12.72,5349.89,37.1,3799.19,24
2016-01-24 13:00:00,MAITRI,1.75,59.94,968.19,47.74,524.41,53.84,8.97,13.0,5346.75,37.69,3799.02,24
2016-01-24 13:05:00,MAITRI,1.43,59.64,967.95,48.6,515.77,49.55,8.26,13.26,5343.86,34.69,3798.85,24
2016-01-24 13:10:00,MAITRI,1.61,60.23,967.59,47.07,510.52,52.89,8.81,13.53,5340.77,37.02,3798.67,26
2016-01-24 13:15:00,MAITRI,1.88,58.3,967.44,46.48,512.3,44.15,7.36,13.8,5338.2,30.9,3798.49,26
2016-01-24 13:20:00,MAITRI,1.9,58.23,967.41,46.52,503.41,46.91,7.82,14.06,5335.46,32.84,3798.32,25
2016-01-24 13:25:00,MAITRI,2.13,59.06,967.92,47.21,501.26,23.95,3.99,14.31,5334.06,16.77,3798.14,26
2016-01-24 13:30:00,MAITRI,2.06,59.26,968.03,46.55,502.65,23.53,3.92,14.55,5332.69,16.47,3797.95,27
2016-01-24 13:35:00,MAITRI,2.21,59.96,968.32,46.36,504.17,26.04,4.34,14.81,5331.17,18.23,3797.76,27
2016-01-24 13:40:00,MAITRI,1.87,60.41,968.49,47.31,496.91,26.36,4.39,15.07,5329.63,18.45,3797.58,27
2016-01-24 13:45:00,MAITRI,1.64,60.88,968.64,48.22,483.03,26.28,4.38,15.33,5328.1,18.4,3797.39,27
2016-01-24 13:50:00,MAITRI,1.66,60.81,968.65,47.12,470.43,24.36,4.06,15.54,5326.68,17.05,3797.21,26
2016-01-24 13:55:00,MAITRI,1.93,57.91,968.46,46.37,468.53,25.69,4.28,15.79,5325.18,17.98,3797.03,26
2016-01-24 14:00:00,MAITRI,1.91,58.67,968.89,45.51,491.26,25.38,4.23,16.04,5323.7,17.77,3796.84,27
2016-01-24 14:05:00,MAITRI,2.05,59.11,969.2,45.41,469.24,23.79,3.96,16.26,5322.31,16.65,3796.66,26
2016-01-24 14:10:00,MAITRI,2.15,58.88,968.15,46.33,459.26,25.58,4.26,16.49,5320.82,17.91,3796.48,26
2016-01-24 14:15:00,MAITRI,2.07,59.55,967.88,45.61,448.82,26.84,4.47,16.72,5319.26,18.79,3796.31,25
2016-01-24 14:20:00,MAITRI,1.81,60.19,967.7,47.22,444.64,23.48,3.91,16.9,5316.63,31.56,3796.13,25
2016-01-24 14:25:00,MAITRI,1.56,60.61,967.2,48.95,410.97,29.51,4.92,17.11,5313.02,43.25,3795.95,26
2016-01-24 14:30:00,MAITRI,1.75,61.3,967.34,48.55,426.98,27.3,4.55,17.33,5309.94,37.0,3795.77,26
2016-01-24 14:35:00,MAITRI,1.94,60.77,967.22,47.95,423.82,28.43,4.74,17.55,5306.18,45.15,3795.59,26
2016-01-24 14:40:00,MAITRI,1.52,60.39,967.24,49.02,403.22,29.41,4.9,17.76,5302.99,38.23,3795.41,26
2016-01-24 14:45:00,MAITRI,1.48,60.99,967.56,47.88,401.84,27.62,4.6,17.95,5298.55,53.29,3795.23,26
2016-01-24 14:50:00,MAITRI,1.31,61.29,967.19,46.83,404.36,27.74,4.62,18.14,5294.83,44.69,3795.04,27
2016-01-24 14:55:00,MAITRI,1.4,61.1,967.5,49.33,391.98,30.01,5.0,18.35,5291.26,42.82,3794.85,27
2016-01-24 15:00:00,MAITRI,1.14,60.83,966.81,50.72,365.4,29.85,4.98,18.54,5286.93,51.98,3794.67,26
2016-01-24 15:05:00,MAITRI,0.91,61.01,965.96,52.04,359.45,30.74,5.12,18.72,5282.05,58.45,3794.49,26
2016-01-24 15:10:00,MAITRI,0.79,61.09,966.12,53.75,369.25,28.84,4.81,18.9,5277.58,53.73,3794.31,26
2016-01-24 15:15:00,MAITRI,0.91,60.93,965.95,52.22,343.92,30.64,5.11,19.07,5272.73,58.14,3794.13,26
2016-01-24 15:20:00,MAITRI,0.73,60.72,966.18,53.51,334.21,31.9,5.32,19.25,5270.87,22.33,3793.96,25
2016-01-24 15:25:00,MAITRI,1.09,61.26,966.38,51.63,329.07,31.7,5.28,19.42,5269.02,22.19,3793.78,26
2016-01-24 15:30:00,MAITRI,0.96,61.81,966.24,51.74,315.32,31.33,5.22,19.56,5267.19,21.93,3793.59,27
2016-01-24 15:35:00,MAITRI,0.71,62.08,966.53,52.85,315.1,33.25,5.54,19.72,5265.26,23.27,3793.4,28
2016-01-24 15:40:00,MAITRI,0.39,62.24,965.86,53.93,304.13,31.54,5.26,19.85,5263.42,22.08,3793.21,27
2016-01-24 15:45:00,MAITRI,0.39,62.94,965.11,54.11,302.01,32.83,5.47,20.01,5261.5,22.98,3793.02,27
2016-01-24 15:50:00,MAITRI,0.63,63.17,965.04,52.42,294.16,35.83,5.97,20.16,5259.41,25.08,3792.83,27
2016-01-24 15:55:00,MAITRI,0.4,62.27,964.23,53.53,266.39,33.55,5.59,20.28,5257.45,23.48,3792.65,27
2016-01-24 16:00:00,MAITRI,0.31,61.24,964.35,54.29,263.99,34.4,5.73,20.42,5255.45,24.08,3792.47,26
2016-01-24 16:05:00,MAITRI,0.59,61.47,964.17,54.14,242.7,36.73,6.12,20.54,5253.3,25.71,3792.28,27
2016-01-24 16:10:00,MAITRI,0.81,61.17,964.29,53.57,235.71,36.95,6.16,20.67,5251.15,25.86,3792.09,27
2016-01-24 16:15:00,MAITRI,1.07,61.42,964.42,53.65,253.77,35.55,5.93,20.8,5249.07,24.89,3791.9,27
2016-01-24 16:20:00,MAITRI,1.15,61.79,964.4,53.15,235.6,37.63,6.27,20.92,5246.88,26.34,3791.72,27
2016-01-24 16:25:00,MAITRI,1.24,61.88,965.18,53.45,217.13,37.85,6.31,21.04,5244.67,26.5,3791.53,27
2016-01-24 16:30:00,MAITRI,0.89,58.88,965.16,53.43,202.05,36.76,6.13,21.13,5242.53,25.73,3791.33,28
2016-01-24 16:35:00,MAITRI,0.93,59.4,964.87,53.59,189.15,39.19,6.53,21.23,5240.24,27.44,3791.14,28
2016-01-24 16:40:00,MAITRI,0.82,59.54,965.57,54.44,174.63,37.39,6.23,21.31,5238.06,26.17,3790.95,27
2016-01-24 16:45:00,MAITRI,0.56,59.95,965.58,55.42,175.58,38.11,6.35,21.4,5235.84,26.67,3790.76,27
2016-01-24 16:50:00,MAITRI,0.45,60.4,964.51,56.27,159.85,40.7,6.78,21.49,5233.46,28.49,3790.58,27
2016-01-24 16:55:00,MAITRI,0.72,59.94,964.83,55.37,144.47,39.54,6.59,21.56,5231.16,27.68,3790.4,26
2016-01-24 17:00:00,MAITRI,0.6,60.24,964.93,55.31,127.98,37.72,6.29,21.6,5228.96,26.4,3790.22,26
2016-01-24 17:05:00,MAITRI,0.73,60.66,965.72,55.71,125.54,39.44,6.57,21.66,5226.66,27.61,3790.03,26
2016-01-24 17:10:00,MAITRI,0.92,61.29,965.56,54.99,101.48,40.26,6.71,21.71,5224.31,28.18,3789.85,26
2016-01-24 17:15:00,MAITRI,0.82,61.23,965.37,55.62,104.09,39.38,6.56,21.74,5222.01,27.56,3789.67,26
2016-01-24 17:20:00,MAITRI,0.97,61.07,965.24,54.99,88.81,44.07,7.35,21.79,5219.44,30.85,3789.49,27
2016-01-24 17:25:00,MAITRI,1.02,61.48,965.64,54.68,81.16,41.59,6.93,21.82,5217.01,29.12,3789.29,28
2016-01-24 17:30:00,MAITRI,0.74,62.15,966.57,55.24,70.99,41.83,6.97,21.84,5214.57,29.28,3789.1,27
2016-01-24 17:35:00,MAITRI,0.5,61.51,966.71,56.07,63.95,41.29,6.88,21.87,5212.16,28.9,3788.93,25
2016-01-24 17:40:00,MAITRI,0.3,61.33,966.54,54.71,41.75,42.7,7.12,21.89,5209.67,29.89,3788.75,26
2016-01-24 17:45:00,MAITRI,0.13,61.13,966.26,56.8,29.84,42.64,7.11,21.89,5207.19,29.85,3788.58,25
2016-01-24 17:50:00,MAITRI,0.13,61.44,966.34,56.24,24.41,45.86,7.64,21.91,5204.51,32.1,3788.4,25
2016-01-24 17:55:00,MAITRI,0.03,61.27,966.3,57.26,3.16,45.28,7.55,21.91,5201.87,31.69,3788.23,25
2016-01-24 18:00:00,MAITRI,0.04,61.09,966.24,56.06,1.01,44.58,7.43,21.91,5199.27,31.21,3788.06,25
2016-01-24 18:05:00,MAITRI,-0.01,61.29,966.23,56.58,9.74,41.89,6.98,21.89,5196.83,29.32,3787.89,24
2016-01-24 18:10:00,MAITRI,-0.21,61.23,965.87,58.75,15.67,43.99,7.33,21.89,5194.26,30.79,3787.72,25
2016-01-24 18:15:00,MAITRI,-0.4,61.25,965.88,59.95,4.34,45.74,7.62,21.9,5191.59,32.02,3787.54,25
2016-01-24 18:20:00,MAITRI,-0.48,61.5,965.55,60.05,0.0,45.7,7.62,21.9,5188.93,31.99,3787.37,25
2016-01-24 18:25:00,MAITRI,-0.24,61.81,965.88,59.55,0.0,46.01,7.67,21.9,5186.24,32.2,3787.19,25
2016-01-24 18:30:00,MAITRI,-0.06,61.75,965.54,59.15,2.75,43.25,7.21,21.88,5183.72,30.27,3787.02,25
2016-01-24 18:35:00,MAITRI,0.08,61.75,965.47,59.08,0.0,46.2,7.7,21.88,5181.02,32.34,3786.85,25
2016-01-24 18:40:00,MAITRI,0.05,61.68,964.67,59.6,14.57,44.73,7.46,21.89,5178.41,31.31,3786.67,26
2016-01-24 18:45:00,MAITRI,0.1,61.99,964.87,58.88,12.71,42.26,7.04,21.85,5175.95,29.58,3786.48,27
2016-01-24 18:50:00,MAITRI,-0.41,61.73,964.28,59.2,2.52,46.58,7.76,21.85,5173.23,32.6,3786.29,27
2016-01-24 18:55:00,MAITRI,-0.28,61.92,964.34,58.26,12.32,43.52,7.25,21.84,5170.69,30.47,3786.1,27
2016-01-24 19:00:00,MAITRI,-0.33,61.55,964.63,56.15,18.73,44.5,7.42,21.85,5168.1,31.15,3785.92,27
2016-01-24 19:05:00,MAITRI,-0.47,61.19,964.73,56.64,10.73,46.56,7.76,21.85,5165.38,32.59,3785.73,27
2016-01-24 19:10:00,MAITRI,-0.47,61.24,964.79,56.2,0.0,43.62,7.27,21.83,5162.84,30.53,3785.55,26
2016-01-24 19:15:00,MAITRI,-0.87,61.17,964.21,57.26,0.0,45.36,7.56,21.83,5160.19,31.75,3785.36,27
2016-01-24 19:20:00,MAITRI,-1.0,61.36,963.97,57.38,0.0,47.78,7.96,21.83,5157.4,33.44,3785.17,28
2016-01-24 19:25:00,MAITRI,-1.27,61.13,963.81,59.12,0.0,45.37,7.56,21.83,5154.76,31.76,3784.97,28
2016-01-24 19:30:00,MAITRI,-1.13,60.58,964.43,60.38,1.22,45.95,7.66,21.83,5152.08,32.17,3784.78,27
2016-01-24 19:35:00,MAITRI,-1.12,60.45,964.09,59.97,13.7,42.72,7.12,21.81,5149.58,29.91,3784.6,27
2016-01-24 19:40:00,MAITRI,-1.04,61.05,963.68,58.76,7.57,42.54,7.09,21.77,5144.04,66.49,3784.41,27
2016-01-24 19:45:00,MAITRI,-1.15,61.48,964.39,59.64,0.0,44.83,7.47,21.76,5138.07,71.65,3784.22,28
2016-01-24 19:50:00,MAITRI,-1.29,61.97,964.05,59.84,0.0,45.64,7.61,21.76,5132.87,62.5,3784.02,28
2016-01-24 19:55:00,MAITRI,-1.21,61.19,964.05,60.45,0.0,45.21,7.54,21.76,5125.79,84.9,3783.83,27
2016-01-24 20:00:00,MAITRI,-0.97,61.0,964.09,60.87,0.0,41.46,6.91,21.71,5119.31,77.78,3783.66,25
2016-01-24 20:05:00,MAITRI,-0.93,61.04,964.62,58.97,0.0,43.11,7.19,21.7,5112.73,79.0,3783.49,24
2016-01-24 20:10:00,MAITRI,-1.18,60.99,965.11,60.22,0.69,45.66,7.61,21.7,5106.48,74.94,3783.33,24
2016-01-24 20:15:00,MAITRI,-1.65,61.3,964.7,60.78,0.0,43.47,7.25,21.69,5100.0,77.73,3783.16,24
2016-01-24 20:20:00,MAITRI,-1.48,61.51,964.37,59.92,2.83,42.59,7.1,21.67,5094.41,67.13,3782.99,24
2016-01-24 20:25:00,MAITRI,-1.33,61.17,965.06,60.18,9.0,42.0,7.0,21.65,5087.75,79.86,3782.83,24
2016-01-24 20:30:00,MAITRI,-1.59,61.13,965.02,61.43,4.79,44.85,7.47,21.65,5081.12,79.65,3782.66,24
2016-01-24 20:35:00,MAITRI,-1.44,61.36,964.96,60.56,8.03,42.56,7.09,21.64,5076.0,61.42,3782.49,24
2016-01-24 20:40:00,MAITRI,-1.2,61.89,965.06,59.32,2.18,44.21,7.37,21.64,5068.98,84.19,3782.33,24
2016-01-24 20:45:00,MAITRI,-1.04,62.57,965.17,59.87,13.33,43.66,7.28,21.65,5063.34,67.72,3782.16,24
2016-01-24 20:50:00,MAITRI,-1.34,62.67,965.25,61.27,0.0,44.43,7.4,21.65,5056.88,77.5,3782.0,23
2016-01-24 20:55:00,MAITRI,-1.16,62.04,964.87,60.09,9.24,42.36,7.06,21.64,5050.0,82.49,3781.84,23
2016-01-24 21:00:00,MAITRI,-1.5,62.27,964.54,62.6,0.0,44.93,7.49,21.64,5042.77,86.84,3781.69,22
2016-01-24 21:05:00,MAITRI,-1.51,62.34,964.19,62.33,0.0,42.25,7.04,21.61,5037.83,59.27,3781.53,23
2016-01-24 21:10:00,MAITRI,-1.37,62.09,964.12,60.31,0.0,42.61,7.1,21.61,5032.45,64.57,3781.37,22
2016-01-24 21:15:00,MAITRI,-1.32,62.23,964.29,59.81,0.0,43.58,7.26,21.61,5026.68,69.2,3781.22,22
2016-01-24 21:20:00,MAITRI,-1.15,62.24,964.52,58.7,0.0,45.92,7.65,21.61,5019.67,84.15,3781.06,23
2016-01-24 21:25:00,MAITRI,-1.1,62.61,964.71,57.61,4.85,43.1,7.18,21.6,5015.01,55.91,3780.9,23
2016-01-24 21:30:00,MAITRI,-1.5,62.5,964.01,59.05,0.0,42.4,7.07,21.58,5010.3,56.47,3780.74,23
2016-01-24 21:35:00,MAITRI,-1.35,62.22,964.06,59.81,0.0,42.87,7.15,21.57,5004.45,70.26,3780.58,23
2016-01-24 21:40:00,MAITRI,-1.71,59.67,964.45,61.35,4.06,42.77,7.13,21.57,4998.65,69.6,3780.42,23
2016-01-24 21:45:00,MAITRI,-1.57,59.93,964.75,60.33,19.08,42.59,7.1,21.58,4994.1,54.59,3780.27,22
2016-01-24 21:50:00,MAITRI,-1.42,57.98,964.26,58.98,1.15,43.48,7.25,21.58,4987.7,76.83,3780.11,23
2016-01-24 21:55:00,MAITRI,-1.2,57.96,964.58,60.65,3.42,42.9,7.15,21.58,4982.73,59.62,3779.96,22
2016-01-24 22:00:00,MAITRI,-1.34,58.42,964.77,58.94,0.0,44.12,7.35,21.58,4975.6,85.53,3779.81,22
2016-01-24 22:05:00,MAITRI,-1.21,58.07,965.01,57.71,0.0,44.32,7.39,21.58,4968.86,80.86,3779.65,23
2016-01-24 22:10:00,MAITRI,-0.96,59.14,965.13,56.61,0.0,43.02,7.17,21.58,4963.24,67.52,3779.49,22
2016-01-24 22:15:00,MAITRI,-1.08,60.21,965.03,57.8,1.05,42.15,7.03,21.58,4957.18,72.62,3779.35,21
2016-01-24 22:20:00,MAITRI,-0.98,60.27,965.19,57.07,0.0,44.91,7.48,21.58,4952.32,58.38,3779.19,22
2016-01-24 22:25:00,MAITRI,-1.13,60.4,964.89,57.56,0.0,42.52,7.09,21.56,4946.75,66.85,3779.03,23
2016-01-24 22:30:00,MAITRI,-1.06,59.86,965.02,56.98,0.0,42.09,7.02,21.54,4940.7,72.54,3778.87,23
2016-01-24 22:35:00,MAITRI,-0.68,60.72,964.7,56.64,0.0,41.67,6.95,21.51,4935.41,63.5,3778.72,23
2016-01-24 22:40:00,MAITRI,-0.61,60.95,964.79,57.95,0.0,43.6,7.27,21.51,4932.87,30.52,3778.56,22
2016-01-24 22:45:00,MAITRI,-0.72,60.91,965.38,58.72,0.0,41.71,6.95,21.49,4930.43,29.2,3778.41,22
2016-01-24 22:50:00,MAITRI,-0.99,61.2,966.05,59.1,6.04,42.09,7.01,21.48,4927.98,29.46,3778.26,22
2016-01-24 22:55:00,MAITRI,-1.04,61.2,966.2,58.92,1.14,42.62,7.1,21.48,4925.49,29.83,3778.1,22
2016-01-24 23:00:00,MAITRI,-1.01,60.4,966.26,59.6,0.0,43.55,7.26,21.48,4922.95,30.48,3777.96,21
2016-01-24 23:05:00,MAITRI,-1.22,61.21,966.22,60.02,22.52,44.48,7.41,21.49,4920.36,31.14,3777.81,22
2016-01-24 23:10:00,MAITRI,-1.33,61.11,966.54,59.28,2.6,42.21,7.04,21.47,4917.9,29.55,3777.65,23
2016-01-24 23:15:00,MAITRI,-1.61,61.36,966.2,62.1,1.36,44.28,7.38,21.47,4915.31,31.0,3777.49,23
2016-01-24 23:20:00,MAITRI,-1.85,61.04,966.02,63.1,0.0,43.33,7.22,21.46,4912.78,30.33,3777.32,24
2016-01-24 23:25:00,MAITRI,-1.95,60.47,966.24,63.71,8.56,44.13,7.35,21.47,4910.21,30.89,3777.15,24
2016-01-24 23:30:00,MAITRI,-2.07,60.51,966.13,62.45,0.0,45.21,7.53,21.47,4907.57,31.65,3776.99,24
2016-01-24 23:35:00,MAITRI,-2.08,60.75,966.84,61.61,0.0,43.69,7.28,21.47,4905.02,30.58,3776.82,24
2016-01-24 23:40:00,MAITRI,-1.85,61.11,966.6,59.75,0.0,44.69,7.45,21.47,4902.42,31.28,3776.65,24
2016-01-24 23:45:00,MAITRI,-2.14,61.33,966.99,61.49,7.11,44.0,7.33,21.47,4899.85,30.8,3776.49,23
2016-01-24 23:50:00,MAITRI,-2.31,61.2,966.78,60.26,15.62,43.06,7.18,21.48,4897.34,30.14,3776.35,21
2016-01-24 23:55:00,MAITRI,-2.56,61.59,966.45,59.46,0.0,41.61,6.93,21.46,4894.91,29.12,3776.2,21
2016-01-25 00:00:00,MAITRI,-2.19,62.29,966.29,60.04,0.0,43.68,7.28,21.46,4892.36,30.58,3776.06,21
2016-01-25 00:05:00,MAITRI,-2.28,60.82,966.44,59.22,9.04,44.22,7.37,21.46,4889.78,30.96,3775.9,22
2016-01-25 00:10:00,MAITRI,-2.3,60.22,966.17,57.59,0.0,44.34,7.39,21.46,4887.2,31.04,3775.75,22
2016-01-25 00:15:00,MAITRI,-2.09,60.49,966.37,56.54,2.5,45.27,7.54,21.47,4884.56,31.69,3775.6,22
2016-01-25 00:20:00,MAITRI,-2.04,60.0,966.09,55.96,6.25,42.14,7.02,21.45,4882.1,29.5,3775.44,23
2016-01-25 00:25:00,MAITRI,-2.29,60.06,965.8,57.63,4.62,42.33,7.05,21.44,4879.63,29.63,3775.28,23
2016-01-25 00:30:00,MAITRI,-2.28,55.78,966.1,58.27,0.0,41.09,6.85,21.41,4877.23,28.77,3775.12,23
2016-01-25 00:35:00,MAITRI,-2.55,56.55,964.67,59.67,0.0,41.98,7.0,21.4,4874.78,29.39,3774.97,22
2016-01-25 00:40:00,MAITRI,-2.33,57.06,964.77,57.78,0.0,42.82,7.14,21.4,4872.29,29.98,3774.81,22
2016-01-25 00:45:00,MAITRI,-2.11,56.54,964.56,56.05,5.89,41.95,6.99,21.39,4869.84,29.36,3774.65,23
2016-01-25 00:50:00,MAITRI,-1.85,57.62,964.52,55.26,0.0,44.5,7.42,21.39,4867.24,31.15,3774.49,24
2016-01-25 00:55:00,MAITRI,-1.64,58.58,964.91,57.14,0.0,45.13,7.52,21.39,4864.61,31.59,3774.31,25
2016-01-25 01:00:00,MAITRI,-1.56,58.75,964.52,55.36,8.59,42.99,7.17,21.38,4862.1,30.09,3774.14,25
2016-01-25 01:05:00,MAITRI,-1.63,59.32,964.84,56.13,0.0,43.36,7.23,21.37,4859.57,30.35,3773.97,25
2016-01-25 01:10:00,MAITRI,-1.78,59.53,964.78,59.38,0.0,43.96,7.33,21.37,4857.01,30.77,3773.79,25
2016-01-25 01:15:00,MAITRI,-2.14,59.79,965.17,61.35,0.0,39.79,6.63,21.3,4854.69,27.85,3773.62,24
2016-01-25 01:20:00,MAITRI,-2.47,59.56,965.57,63.3,5.67,42.87,7.14,21.29,4852.19,30.01,3773.46,24
2016-01-25 01:25:00,MAITRI,-2.45,60.57,965.8,62.99,0.0,43.95,7.33,21.29,4849.62,30.77,3773.29,24
2016-01-25 01:30:00,MAITRI,-2.84,60.8,965.18,63.4,0.85,42.66,7.11,21.27,4847.13,29.86,3773.12,24
2016-01-25 01:35:00,MAITRI,-2.51,60.4,965.06,63.51,0.0,43.64,7.27,21.26,4844.59,30.55,3772.95,25
2016-01-25 01:40:00,MAITRI,-2.13,61.17,964.73,60.99,11.71,43.07,7.18,21.26,4842.08,30.15,3772.78,24
2016-01-25 01:45:00,MAITRI,-2.05,61.24,965.1,59.34,0.0,45.21,7.54,21.26,4839.44,31.65,3772.61,25
2016-01-25 01:50:00,MAITRI,-1.93,61.4,965.4,58.77,1.59,43.43,7.24,21.25,4836.91,30.4,3772.44,25
2016-01-25 01:55:00,MAITRI,-1.47,61.58,965.05,56.88,3.34,45.43,7.57,21.25,4834.26,31.8,3772.27,24
2016-01-25 02:00:00,MAITRI,-1.65,61.81,964.87,56.81,0.0,44.41,7.4,21.25,4831.67,31.09,3772.1,24
2016-01-25 02:05:00,MAITRI,-1.69,61.62,965.4,55.94,5.2,43.64,7.27,21.25,4829.12,30.55,3771.94,23
2016-01-25 02:10:00,MAITRI,-2.14,61.91,965.58,54.62,13.97,43.62,7.27,21.26,4826.58,30.54,3771.79,22
2016-01-25 02:15:00,MAITRI,-2.27,61.11,965.83,52.89,4.87,44.73,7.46,21.26,4823.97,31.31,3771.63,23
2016-01-25 02:20:00,MAITRI,-2.06,61.37,965.86,51.6,11.55,42.55,7.09,21.26,4821.48,29.79,3771.47,23
2016-01-25 02:25:00,MAITRI,-1.91,61.82,965.29,52.05,3.42,41.21,6.87,21.23,4819.08,28.85,3771.32,22
2016-01-25 02:30:00,MAITRI,-2.09,61.82,964.82,52.64,0.0,44.47,7.41,21.23,4816.49,31.13,3771.17,22
2016-01-25 02:35:00,MAITRI,-2.21,62.05,964.46,56.08,0.0,42.73,7.12,21.23,4813.99,29.91,3771.02,21
2016-01-25 02:40:00,MAITRI,-1.94,61.94,964.49,55.69,0.0,43.72,7.29,21.23,4811.44,30.61,3770.87,21
2016-01-25 02:45:00,MAITRI,-1.86,61.53,964.28,54.34,0.0,42.44,7.07,21.22,4808.97,29.71,3770.72,22
2016-01-25 02:50:00,MAITRI,-1.56,62.05,964.43,53.33,0.0,43.27,7.21,21.22,4806.44,30.29,3770.56,23
2016-01-25 02:55:00,MAITRI,-1.41,61.97,964.89,53.18,0.0,44.05,7.34,21.22,4803.87,30.83,3770.4,23
2016-01-25 03:00:00,MAITRI,-1.8,61.79,965.22,55.9,7.87,57.44,9.57,21.09,4799.09,57.43,3770.24,24
2016-01-25 03:05:00,MAITRI,-1.78,61.92,965.32,54.04,9.55,59.47,9.91,20.82,4794.8,51.42,3770.06,25
2016-01-25 03:10:00,MAITRI,-1.7,61.95,965.69,56.6,0.0,59.99,10.0,20.43,4790.43,52.42,3769.88,26
2016-01-25 03:15:00,MAITRI,-2.0,61.42,965.4,58.52,0.0,58.55,9.76,20.08,4785.8,55.61,3769.7,26
2016-01-25 03:20:00,MAITRI,-2.51,59.17,964.76,59.87,0.0,59.39,9.9,19.67,4781.22,55.01,3769.52,26
2016-01-25 03:25:00,MAITRI,-2.63,59.84,965.46,58.73,0.0,61.69,10.28,19.38,4776.19,60.33,3769.34,26
2016-01-25 03:30:00,MAITRI,-2.3,59.6,965.44,57.83,0.0,64.09,10.68,19.16,4771.45,56.87,3769.15,27
2016-01-25 03:35:00,MAITRI,-2.01,59.74,965.6,58.91,0.0,63.08,10.51,18.77,4766.3,61.73,3768.97,27
2016-01-25 03:40:00,MAITRI,-2.12,60.37,965.5,58.04,3.99,65.53,10.92,18.38,4760.82,65.8,3768.77,28
2016-01-25 03:45:00,MAITRI,-2.08,60.02,965.34,57.27,7.22,62.94,10.49,18.14,4755.9,59.02,3768.58,28
2016-01-25 03:50:00,MAITRI,-2.25,60.75,965.74,58.62,0.0,66.44,11.07,17.99,4751.03,58.43,3768.38,28
2016-01-25 03:55:00,MAITRI,-2.5,60.78,965.38,57.08,3.44,64.99,10.83,17.78,4746.03,60.01,3768.18,29
2016-01-25 04:00:00,MAITRI,-2.62,60.89,966.1,55.62,3.27,65.21,10.87,17.67,4741.16,58.48,3767.98,29
2016-01-25 04:05:00,MAITRI,-2.46,56.0,966.06,54.05,11.68,64.74,10.79,17.34,4736.72,53.3,3767.78,29
2016-01-25 04:10:00,MAITRI,-2.35,56.66,966.11,53.79,0.0,66.01,11.0,17.05,4731.84,58.55,3767.58,29
2016-01-25 04:15:00,MAITRI,-2.26,57.67,965.5,52.76,10.32,65.53,10.92,16.78,4727.08,57.18,3767.37,29
2016-01-25 04:20:00,MAITRI,-2.1,58.48,965.21,51.19,0.0,66.69,11.11,16.33,4721.9,62.14,3767.17,29
2016-01-25 04:25:00,MAITRI,-2.05,58.26,965.97,51.57,7.45,67.7,11.28,16.12,4716.58,63.78,3766.98,28
2016-01-25 04:30:00,MAITRI,-3.01,58.76,964.81,54.45,5.9,70.65,11.77,15.77,4711.47,61.36,3766.78,28
2016-01-25 04:35:00,MAITRI,-2.54,58.97,964.76,53.04,0.0,70.19,11.7,15.32,4705.98,65.81,3766.58,29
2016-01-25 04:40:00,MAITRI,-2.42,59.88,964.5,53.78,0.0,72.64,12.11,14.89,4700.76,62.69,3766.38,29
2016-01-25 04:45:00,MAITRI,-2.59,59.74,964.84,55.52,0.0,71.33,11.89,14.51,4695.53,62.76,3766.18,29
2016-01-25 04:50:00,MAITRI,-2.38,60.17,964.81,53.65,0.85,73.13,12.19,14.29,4690.62,58.92,3765.98,29
2016-01-25 04:55:00,MAITRI,-2.27,54.91,964.48,52.33,0.0,69.84,11.64,14.08,4685.89,56.81,3765.78,28
2016-01-25 05:00:00,MAITRI,-2.99,55.76,964.68,54.95,2.65,72.14,12.02,13.97,4680.35,66.38,3765.58,29
2016-01-25 05:05:00,MAITRI,-2.88,57.08,964.37,53.29,0.0,75.13,12.52,13.73,4674.47,70.57,3765.38,29
2016-01-25 05:10:00,MAITRI,-2.88,57.69,964.57,52.27,3.06,75.51,12.59,13.47,4668.66,69.78,3765.17,30
2016-01-25 05:15:00,MAITRI,-2.86,58.0,964.51,50.52,0.0,75.21,12.53,12.98,4662.86,69.59,3764.96,31
2016-01-25 05:20:00,MAITRI,-3.55,59.12,963.75,53.61,0.0,75.41,12.57,12.87,4656.55,75.76,3764.74,31
2016-01-25 05:25:00,MAITRI,-3.08,59.68,964.29,53.29,5.43,77.05,12.84,12.53,4651.37,62.09,3764.53,30
2016-01-25 05:30:00,MAITRI,-2.76,60.21,964.38,52.86,11.51,77.2,12.87,12.07,4645.6,69.24,3764.33,30
2016-01-25 05:35:00,MAITRI,-2.38,61.17,964.97,51.4,5.34,76.66,12.78,11.7,4639.55,72.58,3764.12,30
2016-01-25 05:40:00,MAITRI,-2.59,61.12,964.86,52.76,0.0,78.06,13.01,11.33,4633.14,76.91,3763.92,29
2016-01-25 05:45:00,MAITRI,-2.73,60.64,964.77,54.29,0.0,77.81,12.97,11.18,4627.7,65.32,3763.71,30
2016-01-25 05:50:00,MAITRI,-2.56,61.05,964.74,53.96,0.0,80.05,13.34,10.98,4621.05,79.83,3763.5,30
2016-01-25 05:55:00,MAITRI,-2.55,60.7,964.38,53.7,3.11,79.93,13.32,10.58,4614.7,76.23,3763.29,30
2016-01-25 06:00:00,MAITRI,-2.55,61.0,964.2,53.83,17.52,78.59,13.1,10.49,4608.85,70.15,3763.08,30
2016-01-25 06:05:00,MAITRI,-2.38,61.25,964.84,53.59,0.0,76.62,12.77,10.2,4602.41,77.31,3762.87,30
2016-01-25 06:10:00,MAITRI,-2.49,61.67,964.77,53.47,0.0,57.89,9.65,9.84,4598.32,49.1,3762.67,30
2016-01-25 06:15:00,MAITRI,-2.5,61.78,964.68,52.34,9.07,59.52,9.92,9.62,4593.94,52.55,3762.46,30
2016-01-25 06:20:00,MAITRI,-2.63,61.25,964.69,51.39,0.52,59.2,9.87,9.48,4589.61,51.98,3762.25,30
2016-01-25 06:25:00,MAITRI,-2.48,61.52,965.0,54.37,0.0,61.58,10.26,9.15,4584.79,57.76,3762.03,31
2016-01-25 06:30:00,MAITRI,-2.71,61.29,964.63,55.69,14.02,61.16,10.19,8.69,4579.84,59.44,3761.82,31
2016-01-25 06:35:00,MAITRI,-2.31,62.05,964.74,57.02,12.05,63.41,10.57,8.53,4575.34,54.01,3761.6,31
2016-01-25 06:40:00,MAITRI,-1.92,61.34,964.94,55.02,0.0,64.25,10.71,8.16,4570.93,52.85,3761.38,32
2016-01-25 06:45:00,MAITRI,-2.14,61.64,965.17,56.1,5.2,62.91,10.48,7.92,4566.21,56.63,3761.17,31
2016-01-25 06:50:00,MAITRI,-2.24,61.35,965.23,53.84,23.74,61.28,10.21,7.71,4561.74,53.72,3760.95,31
2016-01-25 06:55:00,MAITRI,-1.81,61.01,965.22,55.31,18.75,63.62,10.6,7.23,4557.31,53.13,3760.74,30
2016-01-25 07:00:00,MAITRI,-1.94,61.35,965.27,56.48,21.03,64.98,10.83,6.94,4552.43,58.57,3760.53,30
2016-01-25 07:05:00,MAITRI,-1.91,61.12,965.05,58.88,5.68,63.84,10.64,6.72,4547.71,56.59,3760.33,30
2016-01-25 07:10:00,MAITRI,-2.02,61.15,965.58,59.67,0.0,67.02,11.17,6.37,4543.13,54.98,3760.12,30
2016-01-25 07:15:00,MAITRI,-1.68,61.33,966.24,61.35,22.78,66.78,11.13,6.28,4538.54,55.08,3759.91,30
2016-01-25 07:20:00,MAITRI,-1.87,61.15,966.35,62.01,0.0,68.17,11.36,6.14,4533.41,61.54,3759.7,30
2016-01-25 07:25:00,MAITRI,-2.05,60.93,966.1,63.44,0.56,67.42,11.24,5.64,4528.83,55.04,3759.49,30
2016-01-25 07:30:00,MAITRI,-2.63,60.98,966.8,65.35,0.0,69.99,11.66,5.16,4523.56,63.18,3759.28,30
2016-01-25 07:35:00,MAITRI,-2.58,60.8,966.86,63.29,19.86,68.44,11.41,4.68,4518.86,56.38,3759.08,30
2016-01-25 07:40:00,MAITRI,-2.36,60.71,966.79,62.34,17.87,67.23,11.21,4.45,4514.27,55.1,3758.87,30
2016-01-25 07:45:00,MAITRI,-2.16,60.63,966.63,61.55,18.96,67.08,11.18,4.22,4509.31,59.53,3758.66,30
2016-01-25 07:50:00,MAITRI,-1.93,60.38,966.88,59.95,31.68,69.56,11.59,3.77,4504.48,58.02,3758.45,30
2016-01-25 07:55:00,MAITRI,-2.58,60.38,967.3,62.47,32.03,70.43,11.74,3.59,4498.87,67.28,3758.24,30
2016-01-25 08:00:00,MAITRI,-2.55,61.01,967.19,62.93,0.0,71.4,11.9,3.21,4493.33,66.51,3758.04,29
2016-01-25 08:05:00,MAITRI,-2.26,61.43,967.95,60.69,37.07,73.11,12.19,3.04,4488.32,60.13,3757.84,29
2016-01-25 08:10:00,MAITRI,-1.84,60.84,968.47,59.2,19.7,71.97,12.0,2.83,4482.42,70.73,3757.64,29
2016-01-25 08:15:00,MAITRI,-1.72,61.09,968.13,57.28,21.27,71.0,11.83,2.59,4477.05,64.48,3757.43,30
2016-01-25 08:20:00,MAITRI,-1.67,61.15,968.4,55.14,5.46,75.09,12.52,2.36,4471.44,67.35,3757.22,30
2016-01-25 08:25:00,MAITRI,-1.7,61.16,967.5,54.9,40.03,75.36,12.56,2.0,4465.96,65.73,3757.01,30
2016-01-25 08:30:00,MAITRI,-1.33,61.28,967.55,53.8,58.13,72.06,12.01,1.62,4460.82,61.66,3756.81,30
2016-01-25 08:35:00,MAITRI,-1.14,61.1,967.28,51.81,19.97,76.01,12.67,1.2,4455.62,62.36,3756.6,29
2016-01-25 08:40:00,MAITRI,-1.17,59.94,967.51,52.85,7.79,77.86,12.98,0.83,4450.38,62.88,3756.4,29
2016-01-25 08:45:00,MAITRI,-1.04,60.63,967.3,51.12,55.97,76.0,12.67,0.62,4445.03,64.21,3756.2,29
2016-01-25 08:50:00,MAITRI,-1.0,60.67,967.12,50.14,12.45,78.06,13.01,0.43,4438.79,74.95,3755.99,30
2016-01-25 08:55:00,MAITRI,-0.66,60.46,967.17,48.78,42.72,76.47,12.74,0.18,4432.66,73.57,3755.78,30
2016-01-25 09:00:00,MAITRI,-0.83,61.04,966.97,50.06,52.5,74.39,12.4,0.0,4426.82,69.99,3755.58,30
2016-01-25 09:05:00,MAITRI,-0.62,61.94,967.04,48.87,29.18,76.64,12.77,0.0,4420.87,71.42,3755.37,30
2016-01-25 09:10:00,MAITRI,-0.43,61.42,966.72,49.52,66.26,75.93,12.66,0.0,4415.03,70.12,3755.16,30
2016-01-25 09:15:00,MAITRI,-1.11,62.05,965.65,51.35,39.27,79.44,13.24,0.0,4408.32,80.53,3754.94,31
2016-01-25 09:20:00,MAITRI,-0.58,61.06,966.29,49.94,52.07,74.09,12.35,0.0,4402.63,68.23,3754.73,31
2016-01-25 09:25:00,MAITRI,-0.87,60.64,965.98,50.82,43.81,78.01,13.0,0.0,4397.09,66.53,3754.51,31
2016-01-25 09:30:00,MAITRI,-0.69,60.55,966.35,51.19,26.6,81.13,13.52,0.0,4391.54,66.63,3754.3,31
2016-01-25 09:35:00,MAITRI,-0.81,60.44,966.41,52.0,3.55,78.81,13.13,0.0,4386.25,63.47,3754.09,30
2016-01-25 09:40:00,MAITRI,-0.7,60.09,967.02,52.07,78.4,76.94,12.82,0.0,4381.03,62.55,3753.88,30
2016-01-25 09:45:00,MAITRI,-0.73,59.97,966.5,52.17,45.09,78.12,13.02,0.0,4375.15,70.65,3753.67,30
2016-01-25 09:50:00,MAITRI,-0.51,60.14,967.18,52.28,24.24,78.31,13.05,0.0,4369.39,69.1,3753.47,30
2016-01-25 09:55:00,MAITRI,-0.05,60.24,967.51,50.84,24.93,77.6,12.93,0.0,4364.04,64.15,3753.26,29
2016-01-25 10:00:00,MAITRI,0.01,60.21,966.99,50.62,23.96,77.5,12.92,0.0,4357.64,76.76,3753.06,29
2016-01-25 10:05:00,MAITRI,0.17,60.58,966.51,49.97,9.27,76.95,12.82,0.0,4351.67,71.74,3752.86,29
2016-01-25 10:10:00,MAITRI,0.41,62.83,966.3,48.78,82.47,74.98,12.5,0.0,4346.2,65.63,3752.67,28
2016-01-25 10:15:00,MAITRI,0.47,62.78,966.26,48.44,40.21,75.7,12.62,0.0,4340.64,66.65,3752.47,28
2016-01-25 10:20:00,MAITRI,0.77,62.38,967.29,48.33,15.81,77.42,12.9,0.0,4334.53,73.34,3752.28,28
2016-01-25 10:25:00,MAITRI,1.13,63.6,967.11,47.27,23.23,77.33,12.89,0.0,4328.19,76.07,3752.08,29
2016-01-25 10:30:00,MAITRI,1.25,63.66,966.96,47.06,20.27,77.58,12.93,0.0,4322.41,69.4,3751.87,29
2016-01-25 10:35:00,MAITRI,1.1,62.87,966.92,48.18,75.11,73.67,12.28,0.0,4317.45,59.45,3751.68,28
2016-01-25 10:40:00,MAITRI,1.25,62.61,967.4,47.19,51.3,76.3,12.72,0.0,4311.45,72.04,3751.47,30
2016-01-25 10:45:00,MAITRI,1.22,63.29,966.97,46.78,19.79,77.16,12.86,0.0,4306.16,63.55,3751.26,30
2016-01-25 10:50:00,MAITRI,0.92,62.87,967.33,47.85,32.88,79.15,13.19,0.0,4300.74,64.96,3751.06,30
2016-01-25 10:55:00,MAITRI,0.94,62.72,967.57,47.61,41.38,77.45,12.91,0.0,4294.95,69.5,3750.85,29
2016-01-25 11:00:00,MAITRI,1.22,62.88,967.46,46.93,103.5,73.02,12.17,0.0,4288.78,74.02,3750.66,28
2016-01-25 11:05:00,MAITRI,1.1,63.21,967.45,46.71,58.33,75.13,12.52,0.0,4283.11,68.14,3750.47,28
2016-01-25 11:10:00,MAITRI,1.1,64.03,967.51,47.28,90.82,75.3,12.55,0.0,4276.79,75.78,3750.26,30
2016-01-25 11:15:00,MAITRI,1.08,63.89,967.05,46.53,81.57,75.24,12.54,0.0,4271.32,65.67,3750.04,31
2016-01-25 11:20:00,MAITRI,1.19,63.31,967.01,45.83,101.67,74.45,12.41,0.0,4265.66,67.94,3749.83,31
2016-01-25 11:25:00,MAITRI,1.37,62.29,966.79,45.32,23.14,80.98,13.5,0.0,4259.91,68.96,3749.6,32
2016-01-25 11:30:00,MAITRI,1.12,62.91,966.48,44.86,69.29,77.09,12.85,0.0,4253.57,76.12,3749.38,32
2016-01-25 11:35:00,MAITRI,1.44,63.06,967.13,43.65,53.66,76.34,12.72,0.0,4248.11,65.44,3749.17,31
2016-01-25 11:40:00,MAITRI,1.56,62.58,967.24,42.16,16.14,79.74,13.29,0.0,4242.31,69.65,3748.96,30
2016-01-25 11:45:00,MAITRI,1.43,61.95,966.67,43.28,76.17,75.24,12.54,0.0,4236.74,66.87,3748.75,30
2016-01-25 11:50:00,MAITRI,1.39,61.54,966.61,42.87,91.67,75.25,12.54,0.0,4231.16,66.95,3748.54,30
2016-01-25 11:55:00,MAITRI,1.02,61.91,966.94,44.55,57.61,74.01,12.34,0.0,4225.33,69.96,3748.33,31
2016-01-25 12:00:00,MAITRI,0.98,61.8,966.9,43.71,64.6,75.15,12.53,0.0,4220.03,63.54,3748.12,30
2016-01-25 12:05:00,MAITRI,0.82,61.92,966.98,43.9,78.89,73.87,12.31,0.0,4214.4,67.65,3747.91,30
2016-01-25 12:10:00,MAITRI,0.84,61.7,966.65,44.62,66.67,76.44,12.74,0.0,4208.75,67.73,3747.69,31
2016-01-25 12:15:00,MAITRI,0.8,62.24,966.21,45.35,543.52,26.08,4.35,0.28,4207.23,18.26,3747.49,30
2016-01-25 12:20:00,MAITRI,1.02,58.65,966.44,44.55,538.59,25.28,4.21,0.56,4205.75,17.7,3747.27,31
2016-01-25 12:25:00,MAITRI,1.06,59.01,966.07,44.81,540.28,24.38,4.06,0.84,4204.33,17.07,3747.06,31
2016-01-25 12:30:00,MAITRI,1.22,59.34,965.53,46.25,532.12,26.14,4.36,1.11,4202.81,18.3,3746.85,30
2016-01-25 12:35:00,MAITRI,1.21,59.97,966.13,45.65,531.73,25.55,4.26,1.39,4201.32,17.88,3746.64,30
2016-01-25 12:40:00,MAITRI,1.39,60.45,965.61,45.66,543.5,26.03,4.34,1.67,4199.8,18.22,3746.44,29
2016-01-25 12:45:00,MAITRI,1.23,60.57,965.5,47.08,526.87,24.16,4.03,1.94,4198.39,16.91,3746.24,28
2016-01-25 12:50:00,MAITRI,1.31,60.36,965.55,46.57,545.96,25.14,4.19,2.23,4196.92,17.6,3746.04,29
2016-01-25 12:55:00,MAITRI,1.44,60.57,966.28,45.85,519.44,24.87,4.14,2.49,4195.47,17.41,3745.84,29
2016-01-25 13:00:00,MAITRI,1.17,61.08,966.44,46.95,509.56,24.63,4.1,2.75,4194.04,17.24,3745.65,28
2016-01-25 13:05:00,MAITRI,1.14,61.38,966.64,49.41,505.51,26.57,4.43,3.02,4192.49,18.6,3745.44,29
2016-01-25 13:10:00,MAITRI,1.4,61.77,966.63,48.25,505.69,25.11,4.19,3.27,4191.02,17.58,3745.25,28
2016-01-25 13:15:00,MAITRI,1.17,61.29,967.03,49.1,505.65,26.2,4.37,3.54,4189.49,18.34,3745.05,29
2016-01-25 13:20:00,MAITRI,1.29,60.86,966.33,49.52,489.02,26.31,4.39,3.79,4187.96,18.42,3744.85,28
2016-01-25 13:25:00,MAITRI,0.93,60.82,966.81,50.03,482.56,26.45,4.41,4.04,4186.42,18.52,3744.66,28
2016-01-25 13:30:00,MAITRI,0.97,60.84,967.13,49.6,493.84,25.98,4.33,4.3,4184.9,18.18,3744.47,28
2016-01-25 13:35:00,MAITRI,0.57,61.33,966.38,51.05,474.76,25.61,4.27,4.52,4183.41,17.93,3744.26,29
2016-01-25 13:40:00,MAITRI,0.57,61.77,966.56,50.62,458.5,27.5,4.58,4.76,4181.8,19.25,3744.06,29
2016-01-25 13:45:00,MAITRI,0.73,61.95,966.36,50.97,481.05,28.9,4.82,5.01,4180.12,20.23,3743.87,28
2016-01-25 13:50:00,MAITRI,1.18,61.28,966.56,50.12,471.97,26.55,4.42,5.26,4178.57,18.58,3743.67,28
2016-01-25 13:55:00,MAITRI,1.34,61.77,967.29,49.0,453.54,27.59,4.6,5.49,4176.96,19.31,3743.48,28
2016-01-25 14:00:00,MAITRI,1.21,61.72,967.09,49.29,460.94,25.96,4.33,5.71,4175.44,18.17,3743.28,28
2016-01-25 14:05:00,MAITRI,1.36,61.7,967.54,49.78,460.92,28.0,4.67,5.95,4173.81,19.6,3743.08,29
2016-01-25 14:10:00,MAITRI,1.39,62.26,967.51,49.55,442.99,28.08,4.68,6.18,4172.17,19.66,3742.89,28
2016-01-25 14:15:00,MAITRI,1.46,62.1,967.26,49.39,440.4,25.18,4.2,6.36,4170.7,17.63,3742.69,28
2016-01-25 14:20:00,MAITRI,1.56,61.4,967.33,49.08,423.74,27.72,4.62,6.58,4169.09,19.4,3742.51,26
2016-01-25 14:25:00,MAITRI,1.66,61.43,967.92,49.22,415.38,26.9,4.48,6.78,4167.52,18.83,3742.33,26
2016-01-25 14:30:00,MAITRI,1.11,62.01,967.25,50.59,407.59,30.75,5.12,6.99,4165.72,21.52,3742.15,27
2016-01-25 14:35:00,MAITRI,0.71,62.34,967.38,51.21,413.95,28.04,4.67,7.19,4164.09,19.63,3741.96,27
2016-01-25 14:40:00,MAITRI,0.68,62.34,967.55,51.63,398.62,30.3,5.05,7.4,4162.32,21.21,3741.77,27
2016-01-25 14:45:00,MAITRI,0.96,62.16,967.49,50.75,394.21,30.53,5.09,7.61,4160.54,21.37,3741.58,28
2016-01-25 14:50:00,MAITRI,0.83,62.34,967.71,49.67,386.72,30.86,5.14,7.81,4158.74,21.6,3741.38,28
2016-01-25 14:55:00,MAITRI,1.05,62.52,968.54,49.05,395.53,30.33,5.05,8.02,4156.97,21.23,3741.19,27
2016-01-25 15:00:00,MAITRI,0.94,62.75,967.96,51.36,372.86,31.29,5.22,8.21,4155.15,21.9,3741.01,27
2016-01-25 15:05:00,MAITRI,0.85,62.66,967.67,51.35,372.66,31.45,5.24,8.4,4153.31,22.02,3740.82,27
2016-01-25 15:10:00,MAITRI,0.9,62.49,968.54,50.49,356.12,31.95,5.32,8.59,4149.89,41.1,3740.62,28
2016-01-25 15:15:00,MAITRI,0.85,62.7,968.16,52.5,333.37,30.8,5.13,8.74,4146.59,39.5,3740.43,28
2016-01-25 15:20:00,MAITRI,1.13,63.2,968.0,50.72,332.79,32.82,5.47,8.91,4142.22,52.49,3740.24,27
2016-01-25 15:25:00,MAITRI,0.93,59.89,968.4,50.99,320.2,32.98,5.5,9.08,4138.42,45.57,3740.06,27
2016-01-25 15:30:00,MAITRI,0.84,60.35,967.63,51.37,338.62,28.88,4.81,9.21,4134.13,51.46,3739.87,26
2016-01-25 15:35:00,MAITRI,0.42,60.28,967.85,52.35,304.37,32.46,5.41,9.37,4130.3,45.98,3739.69,27
2016-01-25 15:40:00,MAITRI,0.5,60.89,968.26,52.13,294.77,33.95,5.66,9.52,4126.63,44.04,3739.5,27
2016-01-25 15:45:00,MAITRI,0.85,61.52,968.35,50.49,282.17,31.61,5.27,9.63,4121.83,57.63,3739.31,27
2016-01-25 15:50:00,MAITRI,0.96,61.51,968.25,48.96,293.07,33.14,5.52,9.77,4117.11,56.63,3739.12,27
2016-01-25 15:55:00,MAITRI,0.71,61.81,968.28,50.3,269.36,33.95,5.66,9.91,4113.12,47.87,3738.94,27
2016-01-25 16:00:00,MAITRI,0.85,61.8,967.9,49.74,266.03,34.67,5.78,10.05,4111.1,24.27,3738.75,27
2016-01-25 16:05:00,MAITRI,0.66,61.92,967.73,50.87,250.25,35.13,5.86,10.18,4109.05,24.59,3738.56,27
2016-01-25 16:10:00,MAITRI,0.88,60.92,967.22,51.52,250.03,35.93,5.99,10.31,4106.95,25.15,3738.37,28
2016-01-25 16:15:00,MAITRI,0.64,61.23,966.92,53.68,221.59,37.68,6.28,10.42,4104.75,26.38,3738.18,27
2016-01-25 16:20:00,MAITRI,0.65,61.47,967.4,53.72,214.99,36.13,6.02,10.53,4102.65,25.29,3737.99,27
2016-01-25 16:25:00,MAITRI,0.67,61.85,968.13,53.84,217.45,35.07,5.85,10.62,4100.6,24.55,3737.81,26
2016-01-25 16:30:00,MAITRI,0.52,61.36,967.83,54.61,199.99,36.69,6.12,10.73,4098.46,25.68,3737.63,26
2016-01-25 16:35:00,MAITRI,0.55,61.24,966.89,54.59,178.55,36.24,6.04,10.8,4096.35,25.37,3737.45,26
2016-01-25 16:40:00,MAITRI,0.71,61.3,966.69,54.13,190.37,36.57,6.1,10.89,4094.21,25.6,3737.28,25
2016-01-25 16:45:00,MAITRI,0.74,60.87,966.25,54.37,156.36,38.34,6.39,10.98,4091.98,26.84,3737.1,25
2016-01-25 16:50:00,MAITRI,0.37,60.97,965.68,54.84,147.63,36.44,6.07,11.03,4089.85,25.5,3736.94,24
2016-01-25 16:55:00,MAITRI,0.2,61.03,965.39,55.52,144.72,39.77,6.63,11.1,4087.53,27.84,3736.76,25
2016-01-25 17:00:00,MAITRI,0.45,61.44,965.73,55.79,144.24,36.93,6.16,11.15,4085.38,25.85,3736.59,25
2016-01-25 17:05:00,MAITRI,0.38,61.58,965.73,56.19,122.89,38.64,6.44,11.2,4083.12,27.05,3736.42,25
2016-01-25 17:10:00,MAITRI,0.64,62.07,965.88,56.03,109.68,40.9,6.82,11.26,4080.74,28.63,3736.24,26
2016-01-25 17:15:00,MAITRI,0.67,61.7,966.0,54.31,109.68,42.79,7.13,11.31,4078.24,29.95,3736.06,26
2016-01-25 17:20:00,MAITRI,0.47,61.93,966.35,55.13,103.88,41.17,6.86,11.37,4075.84,28.82,3735.87,26
2016-01-25 17:25:00,MAITRI,0.45,62.28,966.09,55.77,68.86,41.56,6.93,11.39,4073.41,29.09,3735.69,27
2016-01-25 17:30:00,MAITRI,0.7,62.73,966.01,55.82,55.08,43.83,7.31,11.42,4070.86,30.68,3735.49,28
2016-01-25 17:35:00,MAITRI,0.56,63.5,965.97,56.24,58.85,43.63,7.27,11.45,4068.31,30.54,3735.3,28
2016-01-25 17:40:00,MAITRI,0.65,63.04,966.18,56.48,36.86,43.78,7.3,11.46,4065.76,30.65,3735.1,28
2016-01-25 17:45:00,MAITRI,0.85,62.49,966.18,55.87,45.19,44.57,7.43,11.48,4063.16,31.2,3734.92,27
2016-01-25 17:50:00,MAITRI,1.05,62.36,966.56,53.76,24.92,45.28,7.55,11.49,4060.52,31.7,3734.73,27
2016-01-25 17:55:00,MAITRI,0.86,62.41,966.69,54.62,3.94,47.05,7.84,11.5,4057.77,32.94,3734.54,27
2016-01-25 18:00:00,MAITRI,1.02,62.55,966.52,53.15,0.0,46.35,7.72,11.5,4055.07,32.44,3734.35,27
2016-01-25 18:05:00,MAITRI,1.03,62.21,966.5,51.11,0.0,45.41,7.57,11.5,4052.42,31.79,3734.17,26
2016-01-25 18:10:00,MAITRI,0.46,61.77,965.79,52.3,0.0,42.68,7.11,11.46,4049.93,29.88,3733.99,26
2016-01-25 18:15:00,MAITRI,0.51,61.5,965.8,52.05,5.09,45.76,7.63,11.46,4047.26,32.03,3733.81,26
2016-01-25 18:20:00,MAITRI,0.5,61.11,964.55,52.84,0.0,45.12,7.52,11.46,4044.63,31.58,3733.62,27
2016-01-25 18:25:00,MAITRI,0.35,61.3,964.52,54.4,5.38,44.33,7.39,11.45,4042.04,31.03,3733.44,27
2016-01-25 18:30:00,MAITRI,0.3,61.27,964.5,54.04,0.0,46.74,7.79,11.45,4039.32,32.72,3733.25,27
2016-01-25 18:35:00,MAITRI,0.3,61.13,964.75,53.75,0.0,44.05,7.34,11.43,4036.75,30.84,3733.06,28
2016-01-25 18:40:00,MAITRI,0.38,61.42,965.13,51.71,5.0,43.99,7.33,11.41,4034.18,30.79,3732.87,27
2016-01-25 18:45:00,MAITRI,0.18,61.85,965.17,52.8,0.0,46.08,7.68,11.41,4031.49,32.26,3732.67,28
2016-01-25 18:50:00,MAITRI,0.02,61.9,965.44,54.73,17.97,45.71,7.62,11.42,4028.83,32.0,3732.48,28
2016-01-25 18:55:00,MAITRI,-0.25,61.34,965.16,57.18,2.29,44.8,7.47,11.41,4026.21,31.36,3732.28,29
2016-01-25 19:00:00,MAITRI,-0.08,61.2,965.17,56.52,0.0,46.6,7.77,11.41,4023.5,32.62,3732.08,28
2016-01-25 19:05:00,MAITRI,-0.16,61.62,965.52,57.07,4.66,44.37,7.4,11.4,4020.91,31.06,3731.9,27
2016-01-25 19:10:00,MAITRI,-0.47,61.88,965.45,58.34,0.0,46.5,7.75,11.4,4018.2,32.55,3731.71,27
2016-01-25 19:15:00,MAITRI,-0.91,62.05,965.07,59.01,13.74,44.93,7.49,11.4,4015.57,31.45,3731.52,27
2016-01-25 19:20:00,MAITRI,-0.86,61.61,964.0,59.53,10.44,45.04,7.51,11.41,4012.95,31.53,3731.34,26
2016-01-25 19:25:00,MAITRI,-0.87,61.96,964.21,59.61,0.0,44.67,7.45,11.41,4010.34,31.27,3731.16,26
2016-01-25 19:30:00,MAITRI,-0.63,62.08,964.66,58.69,1.08,46.65,7.77,11.41,4007.62,32.65,3730.97,27
2016-01-25 19:35:00,MAITRI,-0.87,61.76,964.76,60.31,0.0,46.78,7.8,11.41,4004.89,32.74,3730.78,27
2016-01-25 19:40:00,MAITRI,-0.85,61.48,964.84,60.48,0.0,44.9,7.48,11.41,4002.27,31.43,3730.6,27
2016-01-25 19:45:00,MAITRI,-0.81,61.53,965.08,61.96,5.88,43.26,7.21,11.37,3999.75,30.28,3730.4,28
2016-01-25 19:50:00,MAITRI,-0.93,61.32,965.34,62.69,0.0,47.64,7.94,11.37,3996.97,33.34,3730.21,28
2016-01-25 19:55:00,MAITRI,-0.83,61.35,965.46,63.67,0.0,45.78,7.63,11.37,3994.3,32.04,3730.01,28
2016-01-25 20:00:00,MAITRI,-1.0,61.72,966.19,63.89,0.0,46.63,7.77,11.37,3991.58,32.64,3729.82,28
2016-01-25 20:05:00,MAITRI,-1.4,61.48,966.4,65.08,0.0,43.15,7.19,11.34,3989.06,30.21,3729.64,26
2016-01-25 20:10:00,MAITRI,-1.61,61.89,966.28,65.68,0.0,42.02,7.0,11.3,3986.61,29.41,3729.47,25
2016-01-25 20:15:00,MAITRI,-1.65,62.35,965.88,65.82,4.39,56.47,9.41,10.89,3981.96,55.84,3729.3,24
2016-01-25 20:20:00,MAITRI,-1.47,62.75,965.93,63.79,0.0,59.11,9.85,10.59,3977.92,48.44,3729.12,25
2016-01-25 20:25:00,MAITRI,-1.38,62.66,965.47,64.5,3.83,57.87,9.64,10.27,3973.56,52.39,3728.94,26
2016-01-25 20:30:00,MAITRI,-1.18,62.85,965.44,63.2,7.17,59.56,9.93,9.96,3969.34,50.63,3728.75,28
2016-01-25 20:35:00,MAITRI,-0.96,63.06,965.3,62.25,0.0,61.95,10.33,9.5,3964.44,58.73,3728.56,28
2016-01-25 20:40:00,MAITRI,-1.07,63.07,964.95,64.15,0.0,61.27,10.21,9.39,3959.39,60.61,3728.37,27
2016-01-25 20:45:00,MAITRI,-1.44,62.97,964.18,64.53,3.37,58.25,9.71,8.95,3954.82,54.8,3728.18,27
2016-01-25 20:50:00,MAITRI,-1.74,62.9,964.45,65.44,0.0,62.7,10.45,8.74,3950.47,52.2,3727.99,27
2016-01-25 20:55:00,MAITRI,-1.86,62.77,964.84,66.13,6.5,62.41,10.4,8.47,3945.67,57.63,3727.8,28
2016-01-25 21:00:00,MAITRI,-1.84,62.39,964.79,66.11,2.34,64.56,10.76,8.04,3940.61,60.78,3727.61,27
2016-01-25 21:05:00,MAITRI,-1.72,62.95,965.2,63.56,5.5,63.82,10.64,7.59,3936.28,51.96,3727.42,27
2016-01-25 21:10:00,MAITRI,-1.54,60.9,964.93,62.17,4.04,64.7,10.78,7.36,3931.21,60.84,3727.24,27
2016-01-25 21:15:00,MAITRI,-1.61,61.22,964.84,61.3,0.0,67.08,11.18,7.18,3926.57,55.61,3727.04,28
2016-01-25 21:20:00,MAITRI,-1.41,57.24,964.67,60.18,0.0,67.07,11.18,6.77,3922.07,54.05,3726.84,29
2016-01-25 21:25:00,MAITRI,-1.16,58.24,964.9,60.38,0.74,65.36,10.89,6.28,3917.32,56.92,3726.64,29
2016-01-25 21:30:00,MAITRI,-1.01,54.04,964.44,59.45,6.12,65.33,10.89,5.86,3912.35,59.74,3726.44,29
2016-01-25 21:35:00,MAITRI,-1.1,55.93,964.51,59.4,0.0,67.29,11.22,5.45,3907.27,60.93,3726.24,29
2016-01-25 21:40:00,MAITRI,-1.47,55.99,965.23,61.34,1.12,69.06,11.51,5.17,3901.49,69.4,3726.03,30
2016-01-25 21:45:00,MAITRI,-1.22,54.86,964.86,59.87,7.49,68.21,11.37,4.89,3896.23,63.1,3725.83,28
2016-01-25 21:50:00,MAITRI,-1.2,56.59,965.29,57.66,1.71,71.44,11.91,4.65,3890.8,65.18,3725.63,29
2016-01-25 21:55:00,MAITRI,-1.49,57.51,966.03,58.47,7.98,68.8,11.47,4.45,3885.62,62.09,3725.43,29
2016-01-25 22:00:00,MAITRI,-1.68,58.61,965.78,61.51,0.0,72.09,12.01,3.99,3879.52,73.17,3725.23,29
2016-01-25 22:05:00,MAITRI,-1.65,59.5,966.34,62.9,0.0,69.11,11.52,3.59,3874.14,64.67,3725.03,29
2016-01-25 22:10:00,MAITRI,-1.96,60.24,966.48,64.55,16.15,72.58,12.1,3.18,3868.43,68.47,3724.82,30
2016-01-25 22:15:00,MAITRI,-2.26,61.13,966.47,66.09,0.0,74.85,12.47,2.78,3862.78,67.8,3724.61,30
2016-01-25 22:20:00,MAITRI,-1.97,58.89,966.36,63.83,5.57,76.24,12.71,2.52,3856.46,75.85,3724.4,31
2016-01-25 22:25:00,MAITRI,-1.59,58.44,965.97,62.57,0.0,73.93,12.32,2.15,3851.41,60.63,3724.19,30
2016-01-25 22:30:00,MAITRI,-1.72,58.89,966.03,62.32,0.0,76.38,12.73,1.69,3845.82,67.07,3723.98,30
2016-01-25 22:35:00,MAITRI,-1.47,59.74,966.12,62.7,1.92,77.48,12.91,1.24,3840.1,68.59,3723.77,30
2016-01-25 22:40:00,MAITRI,-1.53,60.35,965.77,62.57,0.0,77.71,12.95,0.95,3833.66,77.25,3723.56,30
2016-01-25 22:45:00,MAITRI,-1.49,60.47,965.99,63.88,1.69,77.87,12.98,0.55,3828.01,67.87,3723.36,29
2016-01-25 22:50:00,MAITRI,-1.72,60.2,966.21,65.21,8.2,77.87,12.98,0.34,3822.32,68.25,3723.16,29
2016-01-25 22:55:00,MAITRI,-1.71,60.42,967.14,64.5,1.13,79.61,13.27,0.13,3815.88,77.25,3722.96,29
2016-01-25 23:00:00,MAITRI,-1.95,60.92,966.87,64.76,12.17,77.16,12.86,0.0,3809.38,78.07,3722.76,29
2016-01-25 23:05:00,MAITRI,-2.13,60.72,966.63,63.46,3.73,78.81,13.14,0.0,3803.33,72.54,3722.56,29
2016-01-25 23:10:00,MAITRI,-1.94,61.02,966.84,61.41,13.91,79.45,13.24,0.0,3797.15,74.2,3722.35,29
2016-01-25 23:15:00,MAITRI,-1.86,60.51,966.91,61.63,7.63,79.48,13.25,0.0,3790.46,80.25,3722.15,29
2016-01-25 23:20:00,MAITRI,-1.43,60.42,966.53,59.87,0.0,76.11,12.69,0.0,3784.66,69.6,3721.95,29
2016-01-25 23:25:00,MAITRI,-1.51,61.73,966.4,59.42,3.36,76.78,12.8,0.0,3778.38,75.37,3721.75,29
2016-01-25 23:30:00,MAITRI,-1.42,61.9,966.35,57.75,7.33,77.95,12.99,0.0,3772.6,69.42,3721.54,30
2016-01-25 23:35:00,MAITRI,-1.7,61.5,966.38,59.86,14.91,78.05,13.01,0.0,3766.06,78.44,3721.33,30
2016-01-25 23:40:00,MAITRI,-2.0,61.1,966.59,58.43,9.66,77.4,12.9,0.0,3760.82,62.83,3721.13,29
2016-01-25 23:45:00,MAITRI,-2.09,61.17,966.65,57.65,3.53,76.95,12.82,0.0,3755.63,62.32,3720.94,28
2016-01-25 23:50:00,MAITRI,-2.13,61.38,966.73,56.89,0.0,78.81,13.13,0.0,3749.1,78.41,3720.75,27
2016-01-25 23:55:00,MAITRI,-2.29,61.46,966.45,56.39,3.9,79.46,13.24,0.0,3743.76,64.02,3720.55,29
2016-01-26 00:00:00,MAITRI,-2.47,61.59,966.29,57.3,0.0,77.33,12.89,0.0,3737.9,70.39,3720.35,29
2016-01-26 00:05:00,MAITRI,-2.37,61.49,966.8,57.67,6.28,78.39,13.07,0.0,3731.98,70.98,3720.15,29
2016-01-26 00:10:00,MAITRI,-2.43,61.3,966.62,56.54,11.75,79.07,13.18,0.0,3725.54,77.31,3719.95,28
2016-01-26 00:15:00,MAITRI,-2.68,61.63,966.91,57.02,0.0,76.44,12.74,0.0,3719.39,73.76,3719.76,28
2016-01-26 00:20:00,MAITRI,-2.9,61.88,967.0,59.12,9.97,76.63,12.77,0.0,3714.13,63.11,3719.56,28
2016-01-26 00:25:00,MAITRI,-2.99,61.77,966.91,57.53,0.0,79.4,13.23,0.0,3708.08,72.69,3719.36,29
2016-01-26 00:30:00,MAITRI,-3.1,62.27,967.01,56.1,0.0,77.43,12.9,0.0,3702.08,71.91,3719.17,28
2016-01-26 00:35:00,MAITRI,-2.96,62.08,966.8,54.76,16.73,75.91,12.65,0.0,3696.54,66.48,3718.97,28
2016-01-26 00:40:00,MAITRI,-2.95,57.89,966.51,55.81,7.68,75.3,12.55,0.0,3690.38,73.96,3718.78,28
2016-01-26 00:45:00,MAITRI,-2.79,58.07,966.68,56.23,0.0,75.42,12.57,0.0,3684.46,71.07,3718.58,28
2016-01-26 00:50:00,MAITRI,-2.94,57.82,967.18,58.73,12.62,77.79,12.96,0.0,3678.57,70.62,3718.38,29
2016-01-26 00:55:00,MAITRI,-3.05,58.44,967.3,57.57,0.0,78.45,13.07,0.0,3672.7,70.46,3718.18,29
2016-01-26 01:00:00,MAITRI,-2.78,58.71,967.4,56.75,8.85,77.77,12.96,0.0,3666.25,77.41,3717.98,29
2016-01-26 01:05:00,MAITRI,-2.38,59.13,966.93,54.99,0.0,76.84,12.81,0.0,3660.94,63.75,3717.78,28
2016-01-26 01:10:00,MAITRI,-2.84,56.73,965.83,56.99,7.25,79.77,13.29,0.0,3654.54,76.78,3717.58,29
2016-01-26 01:15:00,MAITRI,-2.63,57.55,966.06,56.54,4.7,77.32,12.89,0.0,3648.08,77.47,3717.38,29
2016-01-26 01:20:00,MAITRI,-2.86,57.87,966.47,56.09,0.0,76.02,12.67,0.0,3642.2,70.61,3717.18,29
2016-01-26 01:25:00,MAITRI,-2.71,57.79,966.56,56.61,0.0,76.2,12.7,0.0,3636.95,62.96,3716.99,28
2016-01-26 01:30:00,MAITRI,-2.46,58.55,966.75,58.4,0.0,74.76,12.46,0.0,3631.37,67.01,3716.79,28
2016-01-26 01:35:00,MAITRI,-2.91,55.93,965.49,60.02,1.58,78.24,13.04,0.0,3625.18,74.24,3716.59,29
2016-01-26 01:40:00,MAITRI,-2.52,56.61,965.48,60.5,0.0,75.48,12.58,0.0,3619.93,63.05,3716.39,29
2016-01-26 01:45:00,MAITRI,-2.33,57.48,965.38,58.42,3.17,78.84,13.14,0.0,3614.35,67.0,3716.19,29
2016-01-26 01:50:00,MAITRI,-2.18,58.0,965.56,58.57,5.51,76.55,12.76,0.0,3608.36,71.87,3715.99,29
2016-01-26 01:55:00,MAITRI,-2.38,58.14,965.35,60.3,0.0,78.45,13.08,0.0,3603.04,63.77,3715.78,30
2016-01-26 02:00:00,MAITRI,-2.52,58.9,964.97,59.75,0.0,78.06,13.01,0.0,3597.63,64.97,3715.57,30
2016-01-26 02:05:00,MAITRI,-2.67,58.95,964.58,58.14,3.51,78.09,13.02,0.0,3591.84,69.42,3715.36,30
2016-01-26 02:10:00,MAITRI,-3.14,59.5,963.86,60.15,1.01,77.99,13.0,0.0,3585.99,70.26,3715.15,30
2016-01-26 02:15:00,MAITRI,-3.36,60.4,964.25,60.95,3.68,76.93,12.82,0.0,3580.28,68.52,3714.95,29
2016-01-26 02:20:00,MAITRI,-3.85,60.23,963.11,62.41,4.71,76.24,12.71,0.0,3574.87,64.85,3714.75,29
2016-01-26 02:25:00,MAITRI,-3.7,60.03,964.01,60.67,0.0,80.35,13.39,0.0,3568.72,73.89,3714.55,29
2016-01-26 02:30:00,MAITRI,-4.03,59.89,964.95,59.6,0.0,79.38,13.23,0.0,3563.2,66.2,3714.35,29
2016-01-26 02:35:00,MAITRI,-4.04,60.19,964.9,58.04,5.21,76.81,12.8,0.0,3558.01,62.28,3714.14,30
2016-01-26 02:40:00,MAITRI,-4.22,60.51,964.91,59.63,5.98,77.46,12.91,0.0,3552.47,66.44,3713.93,30
2016-01-26 02:45:00,MAITRI,-4.03,60.54,964.68,59.21,0.0,79.11,13.18,0.0,3546.16,75.77,3713.73,29
2016-01-26 02:50:00,MAITRI,-3.67,60.57,964.79,56.87,8.84,77.29,12.88,0.0,3539.97,74.27,3713.53,29
2016-01-26 02:55:00,MAITRI,-3.43,60.83,965.42,55.65,3.27,77.98,13.0,0.0,3534.53,65.25,3713.33,29
2016-01-26 03:00:00,MAITRI,-3.61,60.44,965.78,58.13,0.0,75.76,12.63,0.0,3528.41,73.43,3713.12,29
2016-01-26 03:05:00,MAITRI,-3.27,60.43,965.31,57.43,7.26,79.95,13.33,0.0,3522.51,70.87,3712.92,29
2016-01-26 03:10:00,MAITRI,-3.04,60.57,965.15,55.57,0.0,77.48,12.91,0.0,3516.48,72.38,3712.72,30
2016-01-26 03:15:00,MAITRI,-2.91,60.83,965.86,55.57,3.38,78.01,13.0,0.0,3510.74,68.78,3712.5,31
2016-01-26 03:20:00,MAITRI,-2.8,60.67,966.19,54.55,10.91,75.4,12.57,0.0,3504.58,73.96,3712.29,30
2016-01-26 03:25:00,MAITRI,-2.84,61.54,966.55,53.63,0.0,76.91,12.82,0.0,3498.23,76.18,3712.1,28
2016-01-26 03:30:00,MAITRI,-3.01,61.79,966.71,52.6,10.71,76.28,12.71,0.0,3492.93,63.62,3711.9,29
2016-01-26 03:35:00,MAITRI,-2.72,61.41,966.9,52.28,0.0,78.33,13.05,0.0,3487.59,64.14,3711.69,30
2016-01-26 03:40:00,MAITRI,-2.53,62.11,966.59,53.77,10.83,77.75,12.96,0.0,3482.14,65.34,3711.49,29
2016-01-26 03:45:00,MAITRI,-2.52,62.05,967.0,53.33,0.0,77.58,12.93,0.0,3476.41,68.72,3711.28,30
2016-01-26 03:50:00,MAITRI,-2.27,62.63,967.22,55.98,0.0,79.39,13.23,0.0,3469.79,79.45,3711.07,30
2016-01-26 03:55:00,MAITRI,-2.24,63.02,967.86,54.19,12.27,44.5,7.42,0.0,3467.2,31.15,3710.87,29
2016-01-26 04:00:00,MAITRI,-3.03,63.68,966.76,56.61,5.86,45.93,7.66,0.0,3464.52,32.15,3710.67,28
2016-01-26 04:05:00,MAITRI,-3.3,62.93,966.78,58.7,0.0,45.65,7.61,0.0,3461.86,31.96,3710.49,27
2016-01-26 04:10:00,MAITRI,-3.13,63.64,967.33,56.7,4.37,46.24,7.71,0.01,3459.16,32.37,3710.3,27
2016-01-26 04:15:00,MAITRI,-3.42,63.28,967.76,59.04,0.0,45.04,7.51,0.01,3456.53,31.53,3710.12,26
2016-01-26 04:20:00,MAITRI,-3.37,63.49,967.51,57.36,4.64,41.97,6.99,0.0,3454.08,29.38,3709.94,26
2016-01-26 04:25:00,MAITRI,-3.6,63.17,967.61,59.45,9.65,43.98,7.33,0.01,3451.52,30.78,3709.77,24
2016-01-26 04:30:00,MAITRI,-3.72,63.25,967.1,58.01,18.03,43.0,7.17,0.01,3449.01,30.1,3709.61,23
2016-01-26 04:35:00,MAITRI,-3.79,63.15,967.02,56.3,8.39,45.03,7.5,0.02,3446.38,31.52,3709.46,22
2016-01-26 04:40:00,MAITRI,-3.52,63.28,967.29,59.48,0.0,42.24,7.04,0.0,3443.92,29.57,3709.31,22
2016-01-26 04:45:00,MAITRI,-3.13,63.46,967.32,57.86,0.0,43.69,7.28,0.0,3441.37,30.58,3709.15,23
2016-01-26 04:50:00,MAITRI,-3.38,63.19,967.53,59.82,1.45,43.76,7.29,0.0,3438.82,30.63,3708.98,24
2016-01-26 04:55:00,MAITRI,-3.46,63.2,967.15,59.22,0.0,42.47,7.08,0.0,3436.34,29.73,3708.81,25
2016-01-26 05:00:00,MAITRI,-3.16,63.75,966.89,59.05,0.0,44.54,7.42,0.0,3433.74,31.18,3708.64,24
2016-01-26 05:05:00,MAITRI,-3.25,63.89,966.44,57.05,12.26,42.67,7.11,0.0,3431.25,29.87,3708.47,24
2016-01-26 05:10:00,MAITRI,-2.94,63.24,965.73,56.74,5.95,45.32,7.55,0.0,3428.61,31.72,3708.31,24
2016-01-26 05:15:00,MAITRI,-3.02,63.21,966.33,54.98,0.0,43.67,7.28,0.0,3426.06,30.57,3708.14,24
2016-01-26 05:20:00,MAITRI,-2.87,61.33,966.9,53.43,6.65,43.43,7.24,0.0,3423.53,30.4,3707.97,24
2016-01-26 05:25:00,MAITRI,-2.77,61.39,966.84,52.33,0.0,41.87,6.98,0.0,3421.08,29.31,3707.81,24
2016-01-26 05:30:00,MAITRI,-3.09,61.47,966.47,55.89,0.0,44.98,7.5,0.0,3418.46,31.48,3707.64,24
2016-01-26 05:35:00,MAITRI,-2.91,61.77,966.31,53.82,6.78,45.0,7.5,0.0,3415.84,31.5,3707.47,25
2016-01-26 05:40:00,MAITRI,-2.79,61.9,966.48,52.25,1.48,44.82,7.47,0.0,3413.22,31.37,3707.29,25
2016-01-26 05:45:00,MAITRI,-3.54,61.84,965.74,54.99,13.35,42.8,7.13,0.0,3410.73,29.96,3707.12,25
2016-01-26 05:50:00,MAITRI,-3.46,62.17,965.42,53.17,4.87,44.17,7.36,0.0,3408.15,30.92,3706.94,25
2016-01-26 05:55:00,MAITRI,-3.23,62.25,965.5,51.99,0.0,44.75,7.46,0.0,3405.54,31.32,3706.77,25
2016-01-26 06:00:00,MAITRI,-2.93,63.08,965.45,51.29,0.0,44.45,7.41,0.0,3402.95,31.11,3706.59,26
2016-01-26 06:05:00,MAITRI,-3.19,62.39,964.88,53.1,10.12,43.33,7.22,0.0,3400.42,30.33,3706.42,25
2016-01-26 06:10:00,MAITRI,-3.07,62.67,965.33,53.95,16.25,43.77,7.3,0.01,3397.86,30.64,3706.24,25
2016-01-26 06:15:00,MAITRI,-2.7,62.99,965.13,53.06,47.58,41.74,6.96,0.03,3395.43,29.22,3706.08,24
2016-01-26 06:20:00,MAITRI,-2.6,62.93,965.34,51.36,43.87,42.85,7.14,0.05,3392.93,29.99,3705.91,24
2016-01-26 06:25:00,MAITRI,-2.9,62.28,965.78,54.24,74.23,40.9,6.82,0.08,3390.54,28.63,3705.74,25
2016-01-26 06:30:00,MAITRI,-2.6,57.98,965.79,53.84,67.29,40.94,6.82,0.11,3388.16,28.66,3705.56,25
2016-01-26 06:35:00,MAITRI,-2.7,57.73,965.79,54.03,68.69,40.94,6.82,0.15,3385.77,28.66,3705.4,24
2016-01-26 06:40:00,MAITRI,-2.85,57.96,965.57,53.22,101.65,39.87,6.64,0.2,3383.44,27.91,3705.23,24
2016-01-26 06:45:00,MAITRI,-2.54,59.28,965.85,55.86,106.42,41.39,6.9,0.25,3381.03,28.97,3705.06,24
2016-01-26 06:50:00,MAITRI,-2.74,59.17,966.64,55.34,98.23,42.27,7.04,0.3,3378.56,29.59,3704.9,24
2016-01-26 06:55:00,MAITRI,-2.36,59.75,966.79,56.47,122.88,40.71,6.79,0.37,3376.19,28.5,3704.72,25
2016-01-26 07:00:00,MAITRI,-2.38,59.19,966.64,55.15,133.34,36.66,6.11,0.4,3374.05,25.66,3704.55,25
2016-01-26 07:05:00,MAITRI,-2.1,59.65,966.26,53.61,151.91,38.11,6.35,0.48,3371.83,26.67,3704.37,25
2016-01-26 07:10:00,MAITRI,-2.06,59.45,966.43,54.54,152.21,37.59,6.26,0.56,3369.63,26.31,3704.21,24
2016-01-26 07:15:00,MAITRI,-1.9,59.24,967.05,52.71,169.66,36.7,6.12,0.65,3367.49,25.69,3704.04,24
2016-01-26 07:20:00,MAITRI,-1.73,59.15,966.88,51.76,185.43,36.7,6.12,0.74,3365.35,25.69,3703.87,25
2016-01-26 07:25:00,MAITRI,-1.84,59.32,966.85,53.14,193.97,34.78,5.8,0.82,3363.32,24.34,3703.7,24
2016-01-26 07:30:00,MAITRI,-1.61,59.64,966.73,55.04,220.34,35.93,5.99,0.94,3361.23,25.15,3703.53,25
2016-01-26 07:35:00,MAITRI,-1.4,60.28,966.94,52.86,223.37,35.0,5.83,1.05,3359.19,24.5,3703.35,25
2016-01-26 07:40:00,MAITRI,-2.11,60.33,967.55,55.99,221.12,34.94,5.82,1.17,3357.15,24.46,3703.19,24
2016-01-26 07:45:00,MAITRI,-1.78,60.76,967.61,57.47,230.04,35.48,5.91,1.29,3355.08,24.84,3703.01,25
2016-01-26 07:50:00,MAITRI,-2.17,61.69,968.06,59.73,231.55,38.69,6.45,1.41,3352.82,27.09,3702.85,24
2016-01-26 07:55:00,MAITRI,-2.65,59.93,967.06,60.34,244.95,32.81,5.47,1.52,3350.91,22.97,3702.69,23
2016-01-26 08:00:00,MAITRI,-2.25,60.22,966.56,59.11,256.44,34.91,5.82,1.66,3348.87,24.44,3702.53,23
2016-01-26 08:05:00,MAITRI,-2.29,60.41,966.27,59.37,250.84,34.15,5.69,1.79,3346.88,23.9,3702.36,24
2016-01-26 08:10:00,MAITRI,-2.35,60.1,966.25,61.25,272.05,33.31,5.55,1.93,3344.94,23.32,3702.19,24
2016-01-26 08:15:00,MAITRI,-2.15,60.46,966.1,58.56,291.03,29.67,4.94,2.03,3343.21,20.77,3702.02,25
2016-01-26 08:20:00,MAITRI,-2.62,60.0,965.53,59.81,284.41,33.2,5.53,2.18,3341.27,23.24,3701.84,26
2016-01-26 08:25:00,MAITRI,-2.3,60.6,966.08,58.6,302.46,35.06,5.84,2.34,3339.22,24.54,3701.65,27
2016-01-26 08:30:00,MAITRI,-1.73,60.93,966.59,56.11,318.41,32.27,5.38,2.5,3337.34,22.59,3701.47,27
2016-01-26 08:35:00,MAITRI,-1.76,59.51,966.56,57.1,316.83,31.75,5.29,2.65,3335.49,22.23,3701.27,28
2016-01-26 08:40:00,MAITRI,-1.87,60.32,966.22,59.02,329.35,31.72,5.29,2.82,3333.64,22.2,3701.08,27
2016-01-26 08:45:00,MAITRI,-1.88,60.93,966.34,57.18,353.45,30.07,5.01,2.98,3331.88,21.05,3700.89,28
2016-01-26 08:50:00,MAITRI,-1.55,60.56,966.6,55.06,343.3,32.19,5.36,3.16,3330.01,22.53,3700.69,28
2016-01-26 08:55:00,MAITRI,-1.0,60.75,966.62,52.9,359.5,29.71,4.95,3.33,3328.27,20.8,3700.51,27
2016-01-26 09:00:00,MAITRI,-0.97,58.77,966.62,51.89,373.38,29.49,4.91,3.51,3326.55,20.64,3700.32,27
2016-01-26 09:05:00,MAITRI,-1.0,59.23,967.29,50.73,26.55,56.54,9.42,3.26,3322.17,52.58,3700.13,27
2016-01-26 09:10:00,MAITRI,-1.0,59.78,967.38,49.46,60.44,53.74,8.96,2.8,3317.7,53.67,3699.94,28
2016-01-26 09:15:00,MAITRI,-0.67,59.78,968.04,49.36,27.01,57.18,9.53,2.34,3313.79,46.95,3699.74,29
2016-01-26 09:20:00,MAITRI,-0.41,59.18,968.11,48.41,32.58,57.98,9.66,2.08,3309.17,55.45,3699.54,28
2016-01-26 09:25:00,MAITRI,-0.49,59.44,967.47,48.94,0.17,60.49,10.08,1.95,3304.44,56.72,3699.35,28
2016-01-26 09:30:00,MAITRI,-0.34,59.84,967.16,48.37,50.24,59.79,9.97,1.54,3300.3,49.69,3699.15,28
2016-01-26 09:35:00,MAITRI,-0.34,60.5,967.49,47.43,12.48,60.33,10.05,1.15,3295.59,56.56,3698.96,28
2016-01-26 09:40:00,MAITRI,-0.92,61.43,966.29,49.22,70.27,60.72,10.12,0.73,3291.47,49.33,3698.76,28
2016-01-26 09:45:00,MAITRI,-0.71,61.1,966.12,48.64,21.53,61.04,10.17,0.41,3286.64,57.96,3698.58,27
2016-01-26 09:50:00,MAITRI,-0.93,61.67,966.23,49.95,22.99,63.62,10.6,0.16,3281.81,57.96,3698.38,28
2016-01-26 09:55:00,MAITRI,-1.02,61.71,966.18,50.98,58.59,63.74,10.62,0.0,3276.89,59.09,3698.19,28
2016-01-26 10:00:00,MAITRI,-0.64,63.58,965.76,49.84,40.63,61.98,10.33,0.0,3272.36,54.37,3697.99,28
2016-01-26 10:05:00,MAITRI,-0.77,63.56,966.17,50.36,40.7,62.57,10.43,0.0,3267.44,59.02,3697.8,28
2016-01-26 10:10:00,MAITRI,-0.74,63.13,966.28,51.04,1.26,66.32,11.05,0.0,3262.59,58.27,3697.6,28
2016-01-26 10:15:00,MAITRI,-0.57,63.24,967.0,50.01,29.52,65.9,10.98,0.0,3257.06,66.25,3697.4,29
2016-01-26 10:20:00,MAITRI,-0.54,63.2,967.23,50.9,0.0,68.43,11.4,0.0,3251.33,68.85,3697.19,30
2016-01-26 10:25:00,MAITRI,-0.54,63.53,967.0,50.94,70.04,68.85,11.47,0.0,3246.33,59.98,3696.99,30
2016-01-26 10:30:00,MAITRI,-0.78,63.37,967.22,52.08,0.0,69.71,11.62,0.0,3240.83,66.01,3696.78,29
2016-01-26 10:35:00,MAITRI,-0.47,64.25,967.31,50.43,28.37,67.96,11.33,0.0,3236.25,54.98,3696.58,29
2016-01-26 10:40:00,MAITRI,-0.25,63.94,967.01,49.85,8.12,69.2,11.53,0.0,3231.36,58.68,3696.38,29
2016-01-26 10:45:00,MAITRI,0.07,63.48,966.79,47.86,16.71,71.54,11.92,0.0,3225.79,66.77,3696.18,29
2016-01-26 10:50:00,MAITRI,0.22,63.5,966.95,46.84,46.35,70.75,11.79,0.0,3219.93,70.34,3695.97,30
2016-01-26 10:55:00,MAITRI,0.23,63.79,967.0,46.37,40.2,70.16,11.69,0.0,3214.33,67.18,3695.76,30
2016-01-26 11:00:00,MAITRI,0.16,63.8,967.04,48.94,91.93,70.66,11.78,0.0,3208.63,68.41,3695.56,30
2016-01-26 11:05:00,MAITRI,0.41,64.18,967.36,48.53,73.7,68.34,11.39,0.0,3203.14,65.9,3695.35,29
2016-01-26 11:10:00,MAITRI,0.47,63.95,967.72,47.13,24.28,73.34,12.22,0.0,3197.44,68.38,3695.15,30
2016-01-26 11:15:00,MAITRI,0.04,62.82,968.6,48.67,7.1,75.05,12.51,0.0,3191.77,68.02,3694.94,30
2016-01-26 11:20:00,MAITRI,-0.14,62.84,968.51,48.26,43.25,73.62,12.27,0.0,3186.29,65.78,3694.73,30
2016-01-26 11:25:00,MAITRI,0.03,62.33,968.3,46.3,21.69,74.27,12.38,0.0,3180.01,75.36,3694.53,29
2016-01-26 11:30:00,MAITRI,0.36,63.27,969.16,46.28,84.79,74.67,12.44,0.0,3173.79,74.67,3694.32,30
2016-01-26 11:35:00,MAITRI,0.53,63.57,968.83,46.39,15.71,76.3,12.72,0.0,3168.47,63.82,3694.11,30
2016-01-26 11:40:00,MAITRI,0.65,63.25,969.0,45.73,48.82,76.42,12.74,0.0,3162.19,75.4,3693.91,29
2016-01-26 11:45:00,MAITRI,0.5,62.73,968.48,46.41,108.32,73.43,12.24,0.0,3156.39,69.58,3693.71,29
2016-01-26 11:50:00,MAITRI,0.68,62.96,969.3,45.36,47.49,76.06,12.68,0.0,3150.88,66.14,3693.51,29
2016-01-26 11:55:00,MAITRI,0.84,63.01,969.32,44.46,39.6,76.95,12.82,0.0,3145.63,62.97,3693.31,28
2016-01-26 12:00:00,MAITRI,0.91,62.59,968.82,44.71,81.5,72.45,12.07,0.0,3140.28,64.16,3693.12,28
2016-01-26 12:05:00,MAITRI,0.47,62.54,967.86,46.45,72.71,76.48,12.75,0.0,3134.19,73.07,3692.92,28
2016-01-26 12:10:00,MAITRI,0.6,62.4,968.43,45.63,21.85,76.56,12.76,0.0,3127.89,75.6,3692.73,28
2016-01-26 12:15:00,MAITRI,0.74,62.89,968.12,44.98,67.07,72.51,12.09,0.0,3122.43,65.59,3692.54,27
2016-01-26 12:20:00,MAITRI,0.58,62.93,967.69,46.59,2.24,79.53,13.26,0.0,3116.18,75.02,3692.35,28
2016-01-26 12:25:00,MAITRI,0.71,62.19,967.54,46.19,17.19,76.72,12.79,0.0,3109.87,75.67,3692.15,29
2016-01-26 12:30:00,MAITRI,1.02,62.36,967.92,45.63,36.43,78.46,13.08,0.0,3104.5,64.46,3691.94,30
2016-01-26 12:35:00,MAITRI,1.03,62.1,967.98,44.59,42.49,77.69,12.95,0.0,3099.03,65.66,3691.74,29
2016-01-26 12:40:00,MAITRI,1.32,61.55,968.01,43.62,25.96,78.68,13.11,0.0,3093.41,67.38,3691.53,30
2016-01-26 12:45:00,MAITRI,1.27,61.98,967.96,43.07,10.8,76.83,12.81,0.0,3087.4,72.17,3691.33,29
2016-01-26 12:50:00,MAITRI,1.29,62.42,967.91,42.83,7.15,77.42,12.9,0.0,3081.63,69.25,3691.13,28
2016-01-26 12:55:00,MAITRI,1.05,62.28,967.44,44.71,21.18,77.49,12.92,0.0,3076.0,67.51,3690.94,28
2016-01-26 13:00:00,MAITRI,1.16,62.74,967.94,43.89,13.59,77.27,12.88,0.0,3070.15,70.15,3690.74,28
2016-01-26 13:05:00,MAITRI,0.74,62.45,968.59,45.2,81.12,74.31,12.39,0.0,3064.66,65.98,3690.55,28
2016-01-26 13:10:00,MAITRI,0.45,62.46,968.0,46.37,77.94,75.48,12.58,0.0,3059.03,67.46,3690.35,28
2016-01-26 13:15:00,MAITRI,0.55,62.76,967.88,47.08,40.53,73.72,12.29,0.0,3053.76,63.35,3690.15,29
2016-01-26 13:20:00,MAITRI,0.54,62.54,967.12,47.6,45.18,77.02,12.84,0.0,3047.27,77.82,3689.95,29
2016-01-26 13:25:00,MAITRI,0.93,62.65,967.37,46.73,69.35,77.03,12.84,0.0,3040.96,75.75,3689.75,29
2016-01-26 13:30:00,MAITRI,0.78,62.96,967.36,47.13,0.06,78.34,13.06,0.0,3035.63,63.93,3689.55,29
2016-01-26 13:35:00,MAITRI,1.07,62.0,967.14,46.82,56.8,75.1,12.52,0.0,3029.3,75.96,3689.35,28
2016-01-26 13:40:00,MAITRI,1.27,59.17,967.2,46.11,17.66,76.12,12.69,0.0,3023.01,75.47,3689.15,29
2016-01-26 13:45:00,MAITRI,1.27,59.92,966.98,46.49,84.08,74.66,12.44,0.0,3016.78,74.79,3688.95,29
2016-01-26 13:50:00,MAITRI,0.9,60.22,966.95,47.67,22.4,75.37,12.56,0.0,3011.29,65.92,3688.75,29
2016-01-26 13:55:00,MAITRI,0.85,60.41,966.46,48.81,35.21,77.77,12.96,0.0,3005.27,72.16,3688.55,29
2016-01-26 14:00:00,MAITRI,0.76,60.61,965.96,49.54,6.65,77.67,12.95,0.0,2999.2,72.87,3688.35,29
2016-01-26 14:05:00,MAITRI,0.72,61.38,965.82,48.06,80.3,77.08,12.85,0.0,2994.03,62.08,3688.14,30
2016-01-26 14:10:00,MAITRI,0.95,61.83,965.9,47.48,21.48,78.9,13.15,0.0,2988.18,70.23,3687.93,30
2016-01-26 14:15:00,MAITRI,0.81,57.61,966.52,48.27,22.88,77.01,12.83,0.0,2982.22,71.44,3687.72,30
2016-01-26 14:20:00,MAITRI,0.93,56.93,966.69,47.57,60.43,76.64,12.77,0.0,2976.17,72.67,3687.51,30
2016-01-26 14:25:00,MAITRI,0.79,57.4,966.62,47.67,70.88,74.15,12.36,0.0,2970.31,70.32,3687.31,30
2016-01-26 14:30:00,MAITRI,0.91,58.01,966.37,47.02,34.32,75.09,12.52,0.0,2963.97,76.05,3687.09,31
2016-01-26 14:35:00,MAITRI,1.17,58.61,966.82,45.82,40.51,77.97,12.99,0.0,2958.17,69.64,3686.87,31
2016-01-26 14:40:00,MAITRI,1.01,59.39,966.42,47.86,45.92,76.72,12.79,0.0,2951.77,76.73,3686.67,30
2016-01-26 14:45:00,MAITRI,0.87,59.8,966.31,49.47,397.04,30.32,5.05,0.21,2950.0,21.22,3686.46,30
2016-01-26 14:50:00,MAITRI,0.64,59.89,966.24,50.35,382.8,28.91,4.82,0.37,2948.32,20.23,3686.25,30
2016-01-26 14:55:00,MAITRI,0.46,59.6,965.37,50.55,380.72,32.6,5.43,0.57,2946.41,22.82,3686.05,29
2016-01-26 15:00:00,MAITRI,0.62,59.66,965.26,52.2,373.49,31.79,5.3,0.76,2944.56,22.25,3685.85,29
2016-01-26 15:05:00,MAITRI,0.43,59.5,965.03,53.37,366.88,29.25,4.87,0.94,2942.85,20.47,3685.66,27
2016-01-26 15:10:00,MAITRI,0.39,57.11,965.81,53.42,348.7,29.85,4.97,1.11,2941.11,20.89,3685.48,26
2016-01-26 15:15:00,MAITRI,0.24,57.28,965.64,55.53,357.9,28.36,4.73,1.27,2939.46,19.85,3685.3,26
2016-01-26 15:20:00,MAITRI,0.19,57.26,965.79,56.98,339.34,30.2,5.03,1.44,2937.7,21.14,3685.12,25
2016-01-26 15:25:00,MAITRI,0.55,57.95,966.32,55.99,337.26,29.92,4.99,1.61,2935.95,20.94,3684.95,25
2016-01-26 15:30:00,MAITRI,0.59,58.31,966.54,55.35,315.49,32.56,5.43,1.77,2931.51,53.25,3684.77,26
2016-01-26 15:35:00,MAITRI,0.55,58.61,966.21,57.06,305.77,32.33,5.39,1.93,2927.09,53.08,3684.59,26
2016-01-26 15:40:00,MAITRI,0.55,58.92,966.42,55.57,288.0,33.42,5.57,2.08,2921.98,61.31,3684.41,26
2016-01-26 15:45:00,MAITRI,0.41,56.64,966.78,55.24,286.5,33.61,5.6,2.23,2917.95,48.39,3684.24,25
2016-01-26 15:50:00,MAITRI,0.31,54.1,967.17,55.16,281.24,34.21,5.7,2.38,2914.27,44.1,3684.06,25
2016-01-26 15:55:00,MAITRI,0.19,55.0,966.17,55.98,271.67,32.29,5.38,2.51,2910.57,44.42,3683.89,25
2016-01-26 16:00:00,MAITRI,0.52,55.9,966.4,54.41,262.68,33.64,5.61,2.65,2906.27,51.61,3683.72,25
2016-01-26 16:05:00,MAITRI,0.41,56.34,966.39,55.65,254.38,34.16,5.69,2.78,2902.1,50.12,3683.54,25
2016-01-26 16:10:00,MAITRI,0.37,56.32,966.17,56.22,238.41,33.91,5.65,2.9,2896.91,62.27,3683.37,25
2016-01-26 16:15:00,MAITRI,0.24,56.61,966.31,55.01,245.42,37.02,6.17,3.03,2891.89,60.23,3683.19,26
2016-01-26 16:20:00,MAITRI,-0.1,57.05,965.7,55.15,215.91,34.68,5.78,3.12,2886.91,59.74,3683.01,26
2016-01-26 16:25:00,MAITRI,0.13,57.24,965.39,53.14,208.72,35.49,5.92,3.23,2882.66,50.96,3682.83,25
2016-01-26 16:30:00,MAITRI,-0.11,55.42,965.22,52.95,189.55,36.87,6.14,3.33,2876.76,70.79,3682.67,24
2016-01-26 16:35:00,MAITRI,0.03,56.5,965.33,54.53,191.35,36.0,6.0,3.43,2871.62,61.71,3682.49,25
2016-01-26 16:40:00,MAITRI,-0.17,56.93,965.18,56.02,184.37,37.6,6.27,3.52,2865.89,68.73,3682.31,26
2016-01-26 16:45:00,MAITRI,-0.11,57.59,965.21,54.91,168.84,39.27,6.54,3.61,2860.92,59.62,3682.14,25
2016-01-26 16:50:00,MAITRI,0.06,57.92,965.39,53.12,167.08,38.82,6.47,3.7,2854.75,74.14,3681.97,25
2016-01-26 16:55:00,MAITRI,0.28,58.88,965.76,53.41,136.08,38.11,6.35,3.75,2849.4,64.13,3681.78,26
2016-01-26 17:00:00,MAITRI,0.58,58.62,965.64,52.8,130.96,40.63,6.77,3.82,2844.72,56.21,3681.61,25
2016-01-26 17:05:00,MAITRI,0.59,59.06,965.27,53.42,127.39,36.81,6.14,3.85,2839.17,66.58,3681.44,25
2016-01-26 17:10:00,MAITRI,0.46,59.22,965.44,52.21,124.33,38.42,6.4,3.9,2834.11,60.68,3681.26,26
2016-01-26 17:15:00,MAITRI,0.84,59.35,965.08,52.63,109.43,42.09,7.01,3.95,2828.05,72.69,3681.07,27
2016-01-26 17:20:00,MAITRI,0.86,59.05,964.69,53.35,99.86,40.9,6.82,4.0,2821.68,76.54,3680.87,28
2016-01-26 17:25:00,MAITRI,0.38,59.5,964.12,54.42,75.54,42.87,7.14,4.04,2816.82,58.29,3680.68,28
2016-01-26 17:30:00,MAITRI,0.23,59.51,964.3,53.34,69.69,41.58,6.93,4.06,2811.64,62.18,3680.49,28
2016-01-26 17:35:00,MAITRI,0.11,59.89,964.11,53.81,73.86,41.54,6.92,4.08,2806.56,60.88,3680.29,28
2016-01-26 17:40:00,MAITRI,-0.02,60.06,963.06,55.02,47.64,44.02,7.34,4.1,2801.06,66.08,3680.1,28
2016-01-26 17:45:00,MAITRI,0.04,60.15,962.72,55.12,32.22,44.42,7.4,4.12,2795.45,67.3,3679.9,28
2016-01-26 17:50:00,MAITRI,-0.21,60.19,962.57,57.11,27.54,45.97,7.66,4.13,2789.49,71.48,3679.71,28
2016-01-26 17:55:00,MAITRI,-0.31,60.13,962.94,58.32,26.25,46.19,7.7,4.15,2783.5,71.89,3679.52,27
2016-01-26 18:00:00,MAITRI,-0.2,61.32,962.88,58.0,0.0,47.65,7.94,4.15,2777.74,69.17,3679.33,27
2016-01-26 18:05:00,MAITRI,-0.25,61.94,963.25,58.16,0.0,43.58,7.26,4.12,2772.85,58.67,3679.15,27
2016-01-26 18:10:00,MAITRI,-0.49,61.46,963.29,59.5,0.0,42.87,7.14,4.09,2767.18,67.98,3678.97,26
2016-01-26 18:15:00,MAITRI,-0.45,61.97,963.55,61.24,16.52,45.2,7.53,4.09,2761.09,73.12,3678.79,25
2016-01-26 18:20:00,MAITRI,-0.55,61.34,963.85,62.78,0.0,42.97,7.16,4.07,2755.55,66.49,3678.62,25
2016-01-26 18:25:00,MAITRI,-0.44,61.93,964.74,60.73,0.0,43.64,7.27,4.06,2749.74,69.71,3678.44,25
2016-01-26 18:30:00,MAITRI,-0.23,61.71,964.43,60.09,0.0,44.5,7.42,4.06,2743.04,80.34,3678.27,25
2016-01-26 18:35:00,MAITRI,0.04,61.93,964.11,59.61,0.0,44.33,7.39,4.06,2740.46,31.03,3678.1,25
2016-01-26 18:40:00,MAITRI,-0.15,61.83,964.36,60.89,0.0,43.69,7.28,4.04,2737.91,30.58,3677.92,26
2016-01-26 18:45:00,MAITRI,0.01,62.05,964.93,60.16,0.0,46.92,7.82,4.04,2735.17,32.85,3677.74,26
2016-01-26 18:50:00,MAITRI,0.05,62.02,965.24,59.09,0.0,46.2,7.7,4.04,2732.48,32.34,3677.55,27
2016-01-26 18:55:00,MAITRI,0.28,61.71,965.33,57.1,4.6,42.17,7.03,4.0,2730.02,29.52,3677.37,26
2016-01-26 19:00:00,MAITRI,-0.02,61.75,965.81,57.65,7.92,47.6,7.93,4.0,2727.24,33.32,3677.18,27
2016-01-26 19:05:00,MAITRI,0.15,62.3,965.78,57.12,4.36,46.23,7.7,4.01,2724.54,32.36,3676.99,27
2016-01-26 19:10:00,MAITRI,-0.0,62.33,965.56,58.83,0.0,43.48,7.25,3.97,2722.01,30.43,3676.81,27
2016-01-26 19:15:00,MAITRI,0.21,61.91,965.42,58.07,0.0,45.02,7.5,3.97,2719.38,31.51,3676.62,27
2016-01-26 19:20:00,MAITRI,0.13,62.18,965.74,58.48,0.0,47.46,7.91,3.97,2716.61,33.22,3676.43,27
2016-01-26 19:25:00,MAITRI,0.2,61.96,965.84,59.47,12.49,47.2,7.87,3.98,2713.86,33.04,3676.24,27
2016-01-26 19:30:00,MAITRI,0.24,62.23,965.71,57.98,5.64,43.35,7.22,3.95,2711.33,30.34,3676.06,27
2016-01-26 19:35:00,MAITRI,0.03,62.16,965.8,59.6,0.0,45.06,7.51,3.95,2708.7,31.54,3675.87,27
2016-01-26 19:40:00,MAITRI,-0.09,62.21,965.96,59.79,0.0,46.07,7.68,3.95,2706.02,32.25,3675.68,27
2016-01-26 19:45:00,MAITRI,-0.15,62.2,965.65,59.61,0.0,45.38,7.56,3.95,2703.37,31.77,3675.49,27
2016-01-26 19:50:00,MAITRI,-0.22,61.84,966.1,61.39,12.2,42.92,7.15,3.92,2700.86,30.05,3675.31,27
2016-01-26 19:55:00,MAITRI,-0.12,61.37,966.38,59.43,0.0,46.72,7.79,3.92,2698.14,32.7,3675.12,27
2016-01-26 20:00:00,MAITRI,-0.11,61.02,966.73,60.72,6.36,42.01,7.0,3.88,2695.69,29.4,3674.94,26
2016-01-26 20:05:00,MAITRI,-0.13,60.82,966.88,62.54,6.77,44.02,7.34,3.88,2693.12,30.81,3674.76,26
2016-01-26 20:10:00,MAITRI,-0.13,61.12,967.13,61.44,3.35,44.95,7.49,3.88,2690.5,31.46,3674.58,26
2016-01-26 20:15:00,MAITRI,-0.16,61.11,967.34,59.7,0.0,43.58,7.26,3.86,2687.96,30.5,3674.4,26
2016-01-26 20:20:00,MAITRI,-0.05,61.46,967.59,57.98,0.0,45.53,7.59,3.86,2685.3,31.87,3674.22,25
2016-01-26 20:25:00,MAITRI,-0.17,61.95,967.32,59.12,0.0,42.88,7.15,3.85,2682.8,30.02,3674.06,24
2016-01-26 20:30:00,MAITRI,-0.15,62.25,967.15,58.0,0.0,43.37,7.23,3.84,2680.27,30.36,3673.89,24
2016-01-26 20:35:00,MAITRI,-0.11,62.06,966.8,58.87,0.0,44.66,7.44,3.84,2677.66,31.26,3673.72,24
2016-01-26 20:40:00,MAITRI,0.16,62.02,966.97,58.59,0.0,44.96,7.49,3.84,2675.04,31.47,3673.56,24
2016-01-26 20:45:00,MAITRI,0.03,61.69,967.54,57.52,0.0,41.89,6.98,3.81,2672.6,29.32,3673.4,22
2016-01-26 20:50:00,MAITRI,-0.33,61.74,967.49,58.9,0.0,43.24,7.21,3.81,2670.08,30.27,3673.25,22
2016-01-26 20:55:00,MAITRI,-0.17,62.56,967.35,58.44,1.68,43.37,7.23,3.82,2667.55,30.36,3673.1,22
2016-01-26 21:00:00,MAITRI,-0.3,60.61,966.81,57.39,0.0,44.72,7.45,3.82,2664.94,31.3,3672.94,23
2016-01-26 21:05:00,MAITRI,-0.24,60.89,967.05,57.41,6.11,41.34,6.89,3.79,2662.53,28.94,3672.78,23
2016-01-26 21:10:00,MAITRI,-0.28,60.99,967.28,55.71,0.0,44.43,7.41,3.79,2659.93,31.1,3672.62,23
2016-01-26 21:15:00,MAITRI,-0.54,61.51,967.13,57.13,0.0,44.28,7.38,3.79,2657.35,30.99,3672.46,23
2016-01-26 21:20:00,MAITRI,-0.88,61.67,966.23,57.72,2.77,42.71,7.12,3.78,2654.86,29.89,3672.3,23
2016-01-26 21:25:00,MAITRI,-0.88,61.85,965.77,57.98,1.46,41.85,6.98,3.75,2652.42,29.3,3672.14,23
2016-01-26 21:30:00,MAITRI,-0.76,61.58,965.9,58.28,1.82,43.76,7.29,3.75,2649.87,30.63,3671.98,23
2016-01-26 21:35:00,MAITRI,-0.91,61.48,965.53,60.85,1.2,43.83,7.31,3.75,2647.31,30.68,3671.82,23
2016-01-26 21:40:00,MAITRI,-0.73,61.51,966.16,61.41,0.0,41.75,6.96,3.72,2644.87,29.22,3671.66,23
2016-01-26 21:45:00,MAITRI,-0.85,62.04,966.02,61.61,10.04,45.89,7.65,3.73,2642.2,32.12,3671.51,22
2016-01-26 21:50:00,MAITRI,-0.43,57.84,965.63,60.69,0.0,43.91,7.32,3.73,2639.64,30.74,3671.35,23
2016-01-26 21:55:00,MAITRI,-0.4,58.42,965.32,61.49,2.54,42.76,7.13,3.72,2637.14,29.93,3671.19,23
2016-01-26 22:00:00,MAITRI,-0.34,59.11,965.36,61.48,1.54,41.15,6.86,3.68,2634.74,28.8,3671.02,24
2016-01-26 22:05:00,MAITRI,-0.5,59.34,965.55,62.28,0.0,43.71,7.28,3.68,2632.19,30.59,3670.85,24
2016-01-26 22:10:00,MAITRI,-0.65,59.41,965.89,61.0,0.0,43.19,7.2,3.67,2629.67,30.23,3670.69,24
2016-01-26 22:15:00,MAITRI,-0.84,59.86,966.17,61.59,0.0,44.74,7.46,3.67,2627.06,31.32,3670.52,24
2016-01-26 22:20:00,MAITRI,-0.99,60.26,966.35,62.26,0.0,42.85,7.14,3.66,2624.56,29.99,3670.35,24
2016-01-26 22:25:00,MAITRI,-1.1,60.76,966.69,62.76,0.0,43.09,7.18,3.64,2622.05,30.16,3670.19,24
2016-01-26 22:30:00,MAITRI,-1.04,60.86,966.46,60.79,0.0,43.63,7.27,3.64,2619.51,30.54,3670.02,24
2016-01-26 22:35:00,MAITRI,-1.05,60.93,966.96,60.38,0.0,62.61,10.43,3.64,2615.85,43.83,3669.85,24
2016-01-26 22:40:00,MAITRI,-1.04,61.72,966.71,59.88,0.0,67.18,11.2,3.64,2611.93,47.03,3669.69,24
2016-01-26 22:45:00,MAITRI,-1.13,61.36,966.45,59.38,0.0,72.61,12.1,3.64,2607.7,50.83,3669.52,24
2016-01-26 22:50:00,MAITRI,-1.13,61.52,966.36,57.83,0.0,67.72,11.29,3.64,2603.75,47.41,3669.35,24
2016-01-26 22:55:00,MAITRI,-1.53,61.63,966.22,57.47,4.24,72.92,12.15,3.64,2599.49,51.05,3669.19,24
2016-01-26 23:00:00,MAITRI,-1.57,61.98,966.44,59.0,3.57,69.78,11.63,3.64,2595.42,48.85,3669.02,24
2016-01-26 23:05:00,MAITRI,-1.4,61.38,965.83,57.49,8.56,67.46,11.24,3.65,2591.49,47.22,3668.85,24
2016-01-26 23:10:00,MAITRI,-1.4,61.02,965.85,58.33,2.89,71.53,11.92,3.65,2587.32,50.07,3668.69,23
2016-01-26 23:15:00,MAITRI,-1.2,61.51,966.48,56.91,13.79,65.77,10.96,3.66,2583.48,46.04,3668.53,23
2016-01-26 23:20:00,MAITRI,-1.42,61.61,966.29,57.37,0.0,63.77,10.63,3.66,2579.76,44.64,3668.37,24
2016-01-26 23:25:00,MAITRI,-1.67,62.5,966.52,56.65,0.0,66.56,11.09,3.66,2575.88,46.59,3668.2,24
2016-01-26 23:30:00,MAITRI,-1.72,62.2,966.44,55.94,0.0,72.14,12.02,3.66,2571.67,50.5,3668.03,25
2016-01-26 23:35:00,MAITRI,-1.85,62.09,966.51,57.26,0.18,76.61,12.77,3.66,2567.2,53.62,3667.86,24
2016-01-26 23:40:00,MAITRI,-1.95,62.44,967.47,57.26,1.56,67.35,11.22,3.66,2563.27,47.14,3667.69,24
2016-01-26 23:45:00,MAITRI,-1.49,62.21,966.98,56.43,0.0,62.42,10.4,3.66,2559.63,43.7,3667.53,23
2016-01-26 23:50:00,MAITRI,-1.6,61.09,966.88,57.18,8.09,42.06,7.01,3.64,2557.18,29.44,3667.37,23
2016-01-26 23:55:00,MAITRI,-1.6,61.15,967.24,56.99,0.0,44.38,7.4,3.64,2554.59,31.07,3667.22,23
2016-01-27 00:00:00,MAITRI,-1.9,60.68,967.64,59.16,0.0,45.45,7.57,3.64,2551.94,31.81,3667.06,23
2016-01-27 00:05:00,MAITRI,-1.96,60.47,967.52,58.16,0.0,43.74,7.29,3.64,2549.38,30.62,3666.9,23
2016-01-27 00:10:00,MAITRI,-1.96,60.67,968.45,58.45,5.63,44.58,7.43,3.65,2546.78,31.21,3666.73,24
2016-01-27 00:15:00,MAITRI,-1.68,60.42,968.37,59.13,0.0,43.99,7.33,3.65,2544.22,30.79,3666.56,24
2016-01-27 00:20:00,MAITRI,-1.53,60.53,967.73,58.7,0.0,42.75,7.12,3.64,2541.72,29.92,3666.4,23
2016-01-27 00:25:00,MAITRI,-1.35,61.22,967.77,56.65,3.21,42.62,7.1,3.63,2539.24,29.83,3666.24,23
2016-01-27 00:30:00,MAITRI,-1.64,60.75,967.18,55.7,0.0,43.08,7.18,3.61,2536.72,30.16,3666.08,24
2016-01-27 00:35:00,MAITRI,-1.9,60.44,966.56,58.72,0.0,43.56,7.26,3.61,2534.18,30.49,3665.92,23
2016-01-27 00:40:00,MAITRI,-2.01,60.65,967.04,60.28,5.47,40.61,6.77,3.57,2531.81,28.43,3665.76,23
2016-01-27 00:45:00,MAITRI,-1.83,61.48,966.96,58.03,0.88,41.19,6.87,3.54,2529.41,28.83,3665.6,22
2016-01-27 00:50:00,MAITRI,-1.6,61.62,967.26,58.27,0.0,43.2,7.2,3.54,2526.89,30.24,3665.44,23
2016-01-27 00:55:00,MAITRI,-1.71,61.33,967.65,57.49,0.0,44.48,7.41,3.54,2524.3,31.13,3665.29,22
2016-01-27 01:00:00,MAITRI,-1.37,61.62,967.33,55.66,2.43,42.11,7.02,3.52,2521.84,29.48,3665.14,22
2016-01-27 01:05:00,MAITRI,-1.7,61.56,967.05,56.16,0.0,44.01,7.33,3.52,2519.27,30.81,3664.99,22
2016-01-27 01:10:00,MAITRI,-1.32,61.62,966.87,54.49,0.0,43.32,7.22,3.52,2516.75,30.32,3664.83,22
2016-01-27 01:15:00,MAITRI,-1.77,61.52,966.75,54.0,0.0,41.72,6.95,3.49,2514.31,29.2,3664.67,23
2016-01-27 01:20:00,MAITRI,-1.95,61.55,966.68,56.93,0.0,41.72,6.95,3.46,2511.88,29.21,3664.51,23
2016-01-27 01:25:00,MAITRI,-2.15,61.73,966.3,58.13,0.13,43.03,7.17,3.45,2509.37,30.12,3664.35,23
2016-01-27 01:30:00,MAITRI,-2.22,61.49,966.16,61.15,5.32,44.43,7.4,3.46,2506.78,31.1,3664.19,24
2016-01-27 01:35:00,MAITRI,-2.23,61.57,966.26,61.5,0.0,80.36,13.39,3.46,2502.09,56.25,3664.02,24
2016-01-27 01:40:00,MAITRI,-2.25,61.65,967.06,60.12,0.0,67.99,11.33,3.46,2498.12,47.59,3663.86,23
2016-01-27 01:45:00,MAITRI,-2.7,62.0,966.44,60.83,0.0,83.1,13.85,3.46,2493.28,58.17,3663.7,23
2016-01-27 01:50:00,MAITRI,-2.65,61.87,966.62,60.65,5.09,75.44,12.57,3.46,2488.87,52.81,3663.54,23
2016-01-27 01:55:00,MAITRI,-2.56,62.09,967.17,60.08,0.62,71.76,11.96,3.46,2484.69,50.23,3663.38,23
2016-01-27 02:00:00,MAITRI,-2.82,61.55,966.98,62.25,14.39,68.97,11.5,3.47,2480.67,48.28,3663.22,23
2016-01-27 02:05:00,MAITRI,-3.08,61.09,967.64,61.24,12.26,73.2,12.2,3.47,2476.4,51.24,3663.06,24
2016-01-27 02:10:00,MAITRI,-3.19,61.09,968.25,60.1,0.0,85.41,14.23,3.47,2471.41,59.79,3662.89,24
2016-01-27 02:15:00,MAITRI,-2.81,61.83,967.73,58.54,10.56,81.08,13.51,3.48,2466.68,56.75,3662.72,24
2016-01-27 02:20:00,MAITRI,-2.39,61.95,967.14,57.2,2.54,68.91,11.49,3.48,2462.66,48.24,3662.56,24
2016-01-27 02:25:00,MAITRI,-2.64,62.37,967.35,58.79,1.89,79.79,13.3,3.48,2458.01,55.85,3662.38,25
2016-01-27 02:30:00,MAITRI,-2.42,62.98,967.43,58.77,0.0,75.76,12.63,3.48,2453.59,53.03,3662.2,26
2016-01-27 02:35:00,MAITRI,-2.68,62.71,967.53,61.3,2.46,80.78,13.46,3.48,2448.88,56.55,3662.03,25
2016-01-27 02:40:00,MAITRI,-2.71,62.89,967.35,59.6,10.9,69.99,11.66,3.49,2444.8,48.99,3661.85,25
2016-01-27 02:45:00,MAITRI,-2.93,62.7,967.35,60.89,7.61,65.28,10.88,3.49,2440.99,45.7,3661.68,25
2016-01-27 02:50:00,MAITRI,-2.84,62.42,967.29,61.25,0.0,76.57,12.76,3.49,2436.52,53.6,3661.51,24
2016-01-27 02:55:00,MAITRI,-2.84,62.28,967.9,59.0,4.29,69.95,11.66,3.49,2432.44,48.97,3661.35,24
2016-01-27 03:00:00,MAITRI,-2.73,62.53,967.73,56.61,0.0,80.63,13.44,3.49,2427.74,56.44,3661.18,24
2016-01-27 03:05:00,MAITRI,-2.61,62.09,966.8,56.78,9.74,82.78,13.8,3.5,2422.91,57.95,3661.02,23
2016-01-27 03:10:00,MAITRI,-2.99,60.74,966.14,58.1,1.52,66.17,11.03,3.5,2419.05,46.32,3660.87,22
2016-01-27 03:15:00,MAITRI,-2.75,60.84,966.47,57.54,3.61,65.38,10.9,3.5,2415.23,45.77,3660.71,23
2016-01-27 03:20:00,MAITRI,-2.62,60.86,966.34,57.87,8.54,76.27,12.71,3.51,2410.79,53.39,3660.55,23
2016-01-27 03:25:00,MAITRI,-2.72,61.29,966.09,59.63,0.0,66.63,11.11,3.51,2406.9,46.64,3660.39,23
2016-01-27 03:30:00,MAITRI,-3.0,60.6,966.26,61.57,0.0,75.36,12.56,3.51,2402.5,52.75,3660.23,23
2016-01-27 03:35:00,MAITRI,-2.75,60.99,966.52,59.18,0.0,68.13,11.35,3.51,2398.53,47.69,3660.06,24
2016-01-27 03:40:00,MAITRI,-2.7,61.75,966.32,56.88,0.69,70.48,11.75,3.51,2394.42,49.33,3659.9,23
2016-01-27 03:45:00,MAITRI,-2.71,60.08,966.37,54.85,0.55,72.72,12.12,3.51,2390.18,50.9,3659.74,24
2016-01-27 03:50:00,MAITRI,-2.74,60.2,966.89,54.25,0.0,62.99,10.5,3.51,2386.5,44.1,3659.58,23
2016-01-27 03:55:00,MAITRI,-2.63,60.32,966.92,53.86,0.0,69.71,11.62,3.51,2382.43,48.8,3659.41,24
2016-01-27 04:00:00,MAITRI,-2.53,60.65,966.98,53.19,0.0,69.21,11.53,3.51,2378.4,48.44,3659.25,23
2016-01-27 04:05:00,MAITRI,-2.73,57.04,966.64,56.82,9.18,79.11,13.19,3.51,2373.78,55.38,3659.09,23
2016-01-27 04:10:00,MAITRI,-3.42,58.5,965.27,59.15,3.78,77.65,12.94,3.51,2369.25,54.35,3658.93,23
2016-01-27 04:15:00,MAITRI,-3.66,59.06,965.12,60.47,0.0,66.62,11.1,3.51,2365.37,46.63,3658.77,23
2016-01-27 04:20:00,MAITRI,-3.54,59.5,965.96,59.75,0.0,61.56,10.26,3.51,2361.78,43.09,3658.62,22
2016-01-27 04:25:00,MAITRI,-3.42,60.12,966.78,59.33,0.0,80.01,13.34,3.51,2357.11,56.01,3658.46,23
2016-01-27 04:30:00,MAITRI,-3.25,60.68,966.66,59.25,8.48,76.1,12.68,3.52,2352.67,53.27,3658.3,23
2016-01-27 04:35:00,MAITRI,-2.87,60.02,966.48,56.93,3.1,69.43,11.57,3.52,2348.62,48.6,3658.14,23
2016-01-27 04:40:00,MAITRI,-2.91,60.18,966.99,58.14,5.36,43.25,7.21,3.52,2346.1,30.27,3657.98,23
2016-01-27 04:45:00,MAITRI,-2.97,60.34,966.68,56.25,0.0,44.27,7.38,3.52,2343.51,30.99,3657.81,24
2016-01-27 04:50:00,MAITRI,-2.78,60.27,966.48,55.11,0.0,40.33,6.72,3.47,2341.16,28.23,3657.65,23
2016-01-27 04:55:00,MAITRI,-2.85,60.47,966.21,55.02,0.0,42.48,7.08,3.45,2338.68,29.74,3657.49,24
2016-01-27 05:00:00,MAITRI,-3.45,60.35,964.89,57.38,0.0,43.52,7.25,3.44,2336.14,30.46,3657.32,24
2016-01-27 05:05:00,MAITRI,-3.37,61.19,965.06,56.38,0.0,43.71,7.28,3.44,2333.6,30.59,3657.15,24
2016-01-27 05:10:00,MAITRI,-3.35,60.68,964.62,57.13,0.0,42.41,7.07,3.41,2331.12,29.68,3656.99,24
2016-01-27 05:15:00,MAITRI,-2.87,61.12,964.49,55.17,0.0,43.56,7.26,3.41,2328.58,30.49,3656.83,23
2016-01-27 05:20:00,MAITRI,-2.57,57.91,964.49,56.45,0.0,44.18,7.36,3.41,2326.0,30.93,3656.66,24
2016-01-27 05:25:00,MAITRI,-2.48,58.31,964.42,56.45,0.0,42.51,7.08,3.4,2323.52,29.75,3656.5,23
2016-01-27 05:30:00,MAITRI,-2.17,58.42,964.59,54.8,3.24,42.49,7.08,3.4,2321.05,29.74,3656.34,23
2016-01-27 05:35:00,MAITRI,-2.36,58.8,964.56,54.33,0.16,44.01,7.33,3.4,2318.48,30.81,3656.18,23
2016-01-27 05:40:00,MAITRI,-2.18,59.42,964.89,53.89,3.61,42.67,7.11,3.4,2315.99,29.87,3656.03,22
2016-01-27 05:45:00,MAITRI,-1.99,59.62,965.24,53.0,4.02,42.29,7.05,3.4,2313.52,29.6,3655.88,21
2016-01-27 05:50:00,MAITRI,-2.19,59.07,965.14,53.83,0.0,42.07,7.01,3.4,2311.07,29.45,3655.74,21
2016-01-27 05:55:00,MAITRI,-2.14,59.46,965.19,54.35,0.0,41.98,7.0,3.39,2308.62,29.39,3655.59,21
2016-01-27 06:00:00,MAITRI,-2.07,59.82,965.02,53.4,4.65,40.0,6.67,3.36,2306.29,28.0,3655.45,20
2016-01-27 06:05:00,MAITRI,-2.05,59.9,964.78,52.21,7.14,42.53,7.09,3.36,2303.81,29.77,3655.31,20
2016-01-27 06:10:00,MAITRI,-1.93,59.96,964.98,50.84,25.19,40.3,6.72,3.36,2301.45,28.21,3655.17,21
2016-01-27 06:15:00,MAITRI,-1.85,55.74,964.77,50.9,49.66,40.83,6.8,3.38,2299.07,28.58,3655.02,21
2016-01-27 06:20:00,MAITRI,-1.99,56.15,964.7,49.56,48.29,40.01,6.67,3.4,2296.74,28.01,3654.87,21
2016-01-27 06:25:00,MAITRI,-2.09,57.43,965.12,50.63,57.15,36.26,6.04,3.37,2294.62,25.38,3654.73,21
2016-01-27 06:30:00,MAITRI,-2.79,58.12,964.4,53.39,71.73,38.67,6.44,3.39,2292.37,27.07,3654.58,22
2016-01-27 06:35:00,MAITRI,-2.62,53.58,964.6,53.09,95.15,39.85,6.64,3.44,2290.04,27.89,3654.42,23
2016-01-27 06:40:00,MAITRI,-2.37,54.54,964.49,52.34,94.2,41.29,6.88,3.48,2287.63,28.9,3654.25,24
2016-01-27 06:45:00,MAITRI,-2.42,55.75,964.67,53.56,110.07,37.4,6.23,3.52,2285.45,26.18,3654.09,23
2016-01-27 06:50:00,MAITRI,-2.19,56.11,965.33,52.47,103.41,37.5,6.25,3.55,2283.27,26.25,3653.93,23
2016-01-27 06:55:00,MAITRI,-2.09,56.95,965.77,55.43,109.75,38.17,6.36,3.61,2281.04,26.72,3653.78,22
2016-01-27 07:00:00,MAITRI,-2.58,57.67,966.27,58.13,131.26,49.51,8.25,2.66,2278.15,34.66,3653.62,22
2016-01-27 07:05:00,MAITRI,-2.37,57.23,966.55,57.76,150.22,55.74,9.29,1.37,2274.9,39.02,3653.47,23
2016-01-27 07:10:00,MAITRI,-2.74,56.08,965.49,58.51,144.66,48.44,8.07,0.47,2272.07,33.91,3653.31,23
2016-01-27 07:15:00,MAITRI,-2.39,56.72,965.41,56.55,172.77,51.86,8.64,0.0,2269.05,36.3,3653.15,22
2016-01-27 07:20:00,MAITRI,-2.45,56.8,965.13,58.72,174.31,50.0,8.33,0.0,2266.13,35.0,3653.0,22
2016-01-27 07:25:00,MAITRI,-2.38,57.48,965.03,57.24,196.54,46.66,7.78,0.0,2263.41,32.66,3652.85,22
2016-01-27 07:30:00,MAITRI,-2.44,57.87,965.15,55.71,209.48,50.73,8.45,0.0,2260.45,35.51,3652.69,23
2016-01-27 07:35:00,MAITRI,-2.25,57.31,965.64,55.68,205.79,46.51,7.75,0.0,2257.74,32.56,3652.53,22
2016-01-27 07:40:00,MAITRI,-1.92,57.78,965.42,55.02,221.62,49.81,8.3,0.0,2254.83,34.87,3652.37,23
2016-01-27 07:45:00,MAITRI,-2.11,58.2,965.1,56.51,226.26,50.57,8.43,0.0,2251.88,35.4,3652.21,24
2016-01-27 07:50:00,MAITRI,-1.97,56.08,964.74,55.81,252.12,32.18,5.36,0.11,2250.0,22.53,3652.04,24
2016-01-27 07:55:00,MAITRI,-1.98,57.21,964.46,54.31,247.96,33.63,5.61,0.24,2248.04,23.54,3651.88,23
2016-01-27 08:00:00,MAITRI,-1.84,58.01,964.89,56.36,259.26,33.29,5.55,0.37,2246.1,23.3,3651.71,25
2016-01-27 08:05:00,MAITRI,-2.0,58.45,964.68,54.47,272.19,33.87,5.65,0.51,2244.12,23.71,3651.53,25
2016-01-27 08:10:00,MAITRI,-1.72,59.08,964.99,53.6,284.55,34.04,5.67,0.66,2242.14,23.83,3651.36,25
2016-01-27 08:15:00,MAITRI,-1.69,59.77,964.88,51.85,293.02,32.81,5.47,0.82,2240.22,22.97,3651.18,26
2016-01-27 08:20:00,MAITRI,-1.32,60.32,965.11,49.96,293.54,32.57,5.43,0.96,2238.33,22.8,3651.0,26
2016-01-27 08:25:00,MAITRI,-1.01,61.13,965.42,51.97,309.35,33.5,5.58,1.12,2236.37,23.45,3650.81,27
2016-01-27 08:30:00,MAITRI,-1.01,61.49,965.21,52.01,320.28,32.48,5.41,1.29,2234.48,22.74,3650.62,27
2016-01-27 08:35:00,MAITRI,-1.13,60.99,965.05,52.51,326.02,31.52,5.25,1.45,2232.64,22.06,3650.44,27
2016-01-27 08:40:00,MAITRI,-1.27,61.15,965.0,51.29,330.83,30.29,5.05,1.59,2230.87,21.2,3650.24,28
2016-01-27 08:45:00,MAITRI,-1.91,60.79,964.23,53.46,347.77,30.62,5.1,1.76,2229.08,21.43,3650.06,27
2016-01-27 08:50:00,MAITRI,-1.79,61.33,964.18,51.81,367.02,33.27,5.54,1.95,2227.14,23.29,3649.86,28
2016-01-27 08:55:00,MAITRI,-1.52,60.87,964.59,51.62,359.85,30.57,5.1,2.12,2225.36,21.4,3649.66,29
2016-01-27 09:00:00,MAITRI,-1.04,61.61,964.34,50.7,376.7,29.32,4.89,2.3,2223.65,20.52,3649.47,28
2016-01-27 09:05:00,MAITRI,-0.72,61.65,965.08,50.22,387.85,27.84,4.64,2.47,2222.03,19.48,3649.28,27
2016-01-27 09:10:00,MAITRI,-0.47,61.34,965.06,48.57,402.15,29.24,4.87,2.68,2220.32,20.47,3649.09,27
2016-01-27 09:15:00,MAITRI,-0.29,61.05,965.39,49.06,388.69,28.42,4.74,2.86,2218.66,19.89,3648.9,27
2016-01-27 09:20:00,MAITRI,-0.22,60.91,965.48,50.93,421.13,26.4,4.4,3.05,2217.12,18.48,3648.72,27
2016-01-27 09:25:00,MAITRI,-0.22,61.38,966.08,50.42,406.58,26.87,4.48,3.23,2215.56,18.81,3648.53,26
2016-01-27 09:30:00,MAITRI,-0.39,61.15,966.21,51.34,415.02,25.63,4.27,3.4,2214.06,17.94,3648.35,26
2016-01-27 09:35:00,MAITRI,-0.15,61.59,966.52,51.75,414.3,28.79,4.8,3.62,2212.38,20.15,3648.17,26
2016-01-27 09:40:00,MAITRI,-0.35,61.39,966.46,52.81,428.63,29.28,4.88,3.84,2210.67,20.5,3648.0,25
2016-01-27 09:45:00,MAITRI,0.05,61.38,966.98,52.23,421.9,27.5,4.58,4.06,2209.07,19.25,3647.83,25
2016-01-27 09:50:00,MAITRI,0.05,62.04,966.59,50.95,454.03,28.52,4.75,4.3,2207.41,19.97,3647.65,25
2016-01-27 09:55:00,MAITRI,0.01,62.25,967.22,49.88,451.24,27.09,4.51,4.53,2205.83,18.96,3647.49,24
2016-01-27 10:00:00,MAITRI,0.07,62.05,967.22,49.08,450.22,26.5,4.42,4.77,2204.28,18.55,3647.32,24
2016-01-27 10:05:00,MAITRI,0.41,62.02,966.92,48.64,469.14,25.63,4.27,5.01,2202.78,17.94,3647.15,24
2016-01-27 10:10:00,MAITRI,0.54,62.32,966.71,48.93,463.49,24.83,4.14,5.24,2201.34,17.38,3646.99,24
2016-01-27 10:15:00,MAITRI,0.82,62.26,966.63,47.73,490.74,23.75,3.96,5.49,2199.95,16.63,3646.82,24
2016-01-27 10:20:00,MAITRI,0.8,62.3,966.4,48.33,483.88,25.43,4.24,5.74,2198.47,17.8,3646.65,25
2016-01-27 10:25:00,MAITRI,0.67,62.77,965.98,47.02,498.62,23.29,3.88,5.99,2197.11,16.3,3646.48,24
2016-01-27 10:30:00,MAITRI,0.42,63.62,965.63,47.97,491.84,24.48,4.08,6.24,2195.68,17.13,3646.31,24
2016-01-27 10:35:00,MAITRI,0.47,63.4,965.35,48.41,501.95,23.14,3.86,6.48,2194.33,16.2,3646.14,25
2016-01-27 10:40:00,MAITRI,-0.03,63.14,965.84,49.91,496.13,23.17,3.86,6.72,2192.98,16.22,3645.97,25
2016-01-27 10:45:00,MAITRI,-0.0,62.94,966.11,52.17,507.84,23.62,3.94,6.97,2191.6,16.53,3645.79,25
2016-01-27 10:50:00,MAITRI,0.31,62.26,965.58,51.91,495.64,25.37,4.23,7.23,2190.12,17.76,3645.61,26
2016-01-27 10:55:00,MAITRI,0.47,62.33,965.87,50.27,517.2,23.93,3.99,7.5,2188.73,16.75,3645.43,26
2016-01-27 11:00:00,MAITRI,0.37,62.2,965.73,49.61,510.07,24.51,4.08,7.76,2187.3,17.16,3645.25,26
2016-01-27 11:05:00,MAITRI,0.35,62.33,966.19,51.86,505.09,24.46,4.08,8.02,2185.87,17.12,3645.07,26
2016-01-27 11:10:00,MAITRI,0.41,62.67,966.47,50.41,517.66,25.18,4.2,8.29,2184.4,17.62,3644.89,26
2016-01-27 11:15:00,MAITRI,0.39,62.61,966.59,50.72,510.25,26.95,4.49,8.56,2182.83,18.87,3644.7,27
2016-01-27 11:20:00,MAITRI,-0.03,62.64,966.24,52.11,516.31,24.89,4.15,8.83,2181.38,17.42,3644.51,27
2016-01-27 11:25:00,MAITRI,-0.04,63.1,966.52,53.94,530.55,24.18,4.03,9.11,2179.97,16.92,3644.33,26
2016-01-27 11:30:00,MAITRI,-0.16,63.39,966.61,53.61,522.1,26.6,4.43,9.38,2178.41,18.62,3644.15,27
2016-01-27 11:35:00,MAITRI,-0.02,62.57,966.63,52.39,521.65,26.27,4.38,9.65,2176.88,18.39,3643.95,28
2016-01-27 11:40:00,MAITRI,-0.04,62.74,966.92,54.16,526.24,24.75,4.12,9.93,2175.44,17.32,3643.76,28
2016-01-27 11:45:00,MAITRI,0.22,62.85,967.02,52.72,527.1,25.87,4.31,10.2,2173.93,18.11,3643.56,29
2016-01-27 11:50:00,MAITRI,0.55,62.93,967.75,51.03,527.24,24.56,4.09,10.47,2172.5,17.19,3643.35,29
2016-01-27 11:55:00,MAITRI,0.83,62.87,968.52,50.67,534.06,24.03,4.01,10.74,2171.1,16.82,3643.16,28
2016-01-27 12:00:00,MAITRI,0.56,62.48,968.95,51.49,523.24,23.93,3.99,11.01,2169.7,16.75,3642.97,27
2016-01-27 12:05:00,MAITRI,0.55,62.47,969.41,50.58,532.59,23.83,3.97,11.28,2168.31,16.68,3642.78,27
2016-01-27 12:10:00,MAITRI,0.6,63.28,969.83,49.45,533.5,24.45,4.07,11.56,2166.88,17.11,3642.59,28
2016-01-27 12:15:00,MAITRI,0.48,61.51,969.23,51.77,528.78,22.78,3.8,11.81,2165.55,15.94,3642.4,28
2016-01-27 12:20:00,MAITRI,0.42,59.27,969.22,53.68,509.24,24.11,4.02,12.06,2164.15,16.88,3642.2,28
2016-01-27 12:25:00,MAITRI,0.67,59.78,969.41,51.19,524.69,23.5,3.92,12.32,2162.78,16.45,3642.01,27
2016-01-27 12:30:00,MAITRI,0.64,60.23,968.89,51.62,529.1,22.95,3.82,12.58,2161.44,16.06,3641.83,27
2016-01-27 12:35:00,MAITRI,0.62,60.43,968.66,51.06,513.51,26.61,4.43,12.85,2159.89,18.62,3641.64,27
2016-01-27 12:40:00,MAITRI,0.78,60.37,969.02,51.16,532.37,24.89,4.15,13.13,2158.43,17.43,3641.44,28
2016-01-27 12:45:00,MAITRI,0.65,61.04,968.49,51.9,515.42,22.94,3.82,13.37,2157.1,16.06,3641.26,27
2016-01-27 12:50:00,MAITRI,0.85,61.35,968.67,50.44,521.15,24.09,4.01,13.64,2155.69,16.86,3641.07,27
2016-01-27 12:55:00,MAITRI,0.85,61.75,968.63,50.3,519.74,23.64,3.94,13.89,2154.31,16.54,3640.87,28
2016-01-27 13:00:00,MAITRI,0.88,61.86,967.87,50.32,512.66,23.85,3.97,14.14,2152.92,16.69,3640.69,27
2016-01-27 13:05:00,MAITRI,1.27,61.12,967.96,49.45,495.3,25.38,4.23,14.4,2151.44,17.77,3640.51,26
2016-01-27 13:10:00,MAITRI,1.22,56.99,967.8,51.84,502.31,24.77,4.13,14.66,2150.0,17.34,3640.33,26
2016-01-27 13:15:00,MAITRI,1.25,57.67,967.47,51.34,513.26,24.09,4.02,14.92,2148.59,16.87,3640.14,27
2016-01-27 13:20:00,MAITRI,1.58,57.05,967.11,50.88,504.63,24.81,4.14,15.19,2147.14,17.37,3639.95,27
2016-01-27 13:25:00,MAITRI,1.44,56.68,967.44,50.21,501.25,25.27,4.21,15.45,2145.67,17.69,3639.77,26
2016-01-27 13:30:00,MAITRI,1.46,56.92,967.3,49.85,498.29,24.01,4.0,15.7,2144.27,16.8,3639.59,26
2016-01-27 13:35:00,MAITRI,1.56,57.68,967.24,48.34,502.51,24.88,4.15,15.96,2142.82,17.42,3639.41,26
2016-01-27 13:40:00,MAITRI,1.4,58.52,967.42,49.48,478.2,23.56,3.93,16.18,2141.44,16.49,3639.23,26
2016-01-27 13:45:00,MAITRI,1.53,59.1,967.66,48.22,488.87,24.43,4.07,16.44,2140.02,17.1,3639.06,25
2016-01-27 13:50:00,MAITRI,1.41,59.8,967.13,47.52,469.03,26.68,4.45,16.68,2138.46,18.68,3638.87,26
2016-01-27 13:55:00,MAITRI,1.48,60.42,966.58,47.66,472.02,28.79,4.8,16.93,2136.78,20.15,3638.7,25
2016-01-27 14:00:00,MAITRI,1.42,60.1,966.52,47.64,458.51,24.91,4.15,17.14,2135.33,17.44,3638.52,26
2016-01-27 14:05:00,MAITRI,1.08,60.05,966.12,48.64,462.19,26.41,4.4,17.38,2133.79,18.49,3638.33,27
2016-01-27 14:10:00,MAITRI,1.31,60.69,965.55,49.06,448.25,25.51,4.25,17.59,2132.3,17.86,3638.15,27
2016-01-27 14:15:00,MAITRI,1.08,61.51,965.52,47.75,441.1,27.71,4.62,17.81,2130.68,19.4,3637.95,28
2016-01-27 14:20:00,MAITRI,0.93,61.2,965.49,49.58,415.74,28.01,4.67,18.01,2129.05,19.6,3637.76,28
2016-01-27 14:25:00,MAITRI,0.92,61.12,966.01,50.19,411.47,28.55,4.76,18.22,2127.39,19.98,3637.56,28
2016-01-27 14:30:00,MAITRI,0.78,56.47,966.7,50.71,434.66,25.13,4.19,18.41,2125.92,17.59,3637.37,27
2016-01-27 14:35:00,MAITRI,0.63,52.24,967.45,51.11,407.41,28.87,4.81,18.62,2124.23,20.21,3637.19,27
2016-01-27 14:40:00,MAITRI,0.63,53.78,966.82,51.23,408.77,25.22,4.2,18.79,2122.76,17.65,3637.01,26
2016-01-27 14:45:00,MAITRI,0.93,52.66,967.57,50.22,400.14,28.52,4.75,19.0,2121.1,19.96,3636.82,27
2016-01-27 14:50:00,MAITRI,1.26,53.56,967.42,50.03,389.46,29.45,4.91,19.2,2119.38,20.61,3636.63,27
2016-01-27 14:55:00,MAITRI,1.5,54.74,967.38,48.68,389.53,30.36,5.06,19.41,2117.61,21.25,3636.43,29
2016-01-27 15:00:00,MAITRI,1.74,55.8,967.05,49.25,375.98,29.75,4.96,19.59,2115.88,20.82,3636.23,29
2016-01-27 15:05:00,MAITRI,1.68,56.68,967.77,48.89,358.87,32.08,5.35,19.78,2114.01,22.45,3636.03,28
2016-01-27 15:10:00,MAITRI,1.73,57.5,967.35,48.93,350.83,32.82,5.47,19.96,2112.09,22.97,3635.85,27
2016-01-27 15:15:00,MAITRI,1.71,58.45,967.1,47.57,342.56,31.13,5.19,20.14,2110.27,21.79,3635.66,27
2016-01-27 15:20:00,MAITRI,1.87,59.76,967.74,47.37,334.11,33.85,5.64,20.31,2108.3,23.7,3635.47,27
2016-01-27 15:25:00,MAITRI,2.1,61.14,968.57,47.72,330.61,32.55,5.43,20.49,2106.4,22.79,3635.29,26
2016-01-27 15:30:00,MAITRI,1.59,61.0,967.5,49.18,325.28,30.05,5.01,20.63,2104.65,21.03,3635.11,26
2016-01-27 15:35:00,MAITRI,1.66,61.6,967.57,47.83,316.87,32.27,5.38,20.79,2102.77,22.59,3634.92,27
2016-01-27 15:40:00,MAITRI,1.47,61.97,967.22,48.39,305.99,32.59,5.43,20.93,2100.86,22.81,3634.73,28
2016-01-27 15:45:00,MAITRI,1.13,62.27,967.37,49.79,288.99,32.63,5.44,21.06,2098.96,22.84,3634.53,28
2016-01-27 15:50:00,MAITRI,1.07,60.77,967.08,50.5,269.32,35.75,5.96,21.2,2096.88,25.03,3634.34,28
2016-01-27 15:55:00,MAITRI,1.27,60.77,967.77,50.1,273.55,35.53,5.92,21.34,2094.8,24.87,3634.15,28
2016-01-27 16:00:00,MAITRI,1.42,61.36,967.79,49.39,258.37,34.38,5.73,21.47,2092.8,24.07,3633.96,27
2016-01-27 16:05:00,MAITRI,1.28,61.64,967.93,49.04,272.27,34.56,5.76,21.61,2090.78,24.19,3633.78,26
2016-01-27 16:10:00,MAITRI,1.18,61.68,967.83,49.6,264.97,33.63,5.61,21.74,2088.82,23.54,3633.6,26
2016-01-27 16:15:00,MAITRI,1.37,62.08,967.28,49.99,254.4,34.5,5.75,21.87,2086.81,24.15,3633.42,26
2016-01-27 16:20:00,MAITRI,1.03,62.13,966.48,51.01,230.23,36.4,6.07,21.99,2084.68,25.48,3633.22,28
2016-01-27 16:25:00,MAITRI,0.87,61.97,966.59,52.04,207.12,37.0,6.17,22.09,2082.53,25.9,3633.03,28
2016-01-27 16:30:00,MAITRI,1.14,62.19,966.24,52.28,192.0,37.01,6.17,22.18,2080.37,25.91,3632.84,27
2016-01-27 16:35:00,MAITRI,0.83,62.45,965.97,53.45,180.73,38.05,6.34,22.28,2078.15,26.64,3632.66,26
2016-01-27 16:40:00,MAITRI,1.08,62.05,965.69,53.28,181.97,36.75,6.13,22.37,2076.0,25.73,3632.49,25
2016-01-27 16:45:00,MAITRI,1.08,61.52,966.12,52.59,174.57,35.65,5.94,22.43,2073.92,24.95,3632.31,25
2016-01-27 16:50:00,MAITRI,0.84,60.52,965.88,53.42,162.58,37.65,6.28,22.51,2071.73,26.36,3632.14,25
2016-01-27 16:55:00,MAITRI,0.62,60.78,966.29,53.42,156.65,38.36,6.39,22.59,2069.49,26.85,3631.96,26
2016-01-27 17:00:00,MAITRI,0.66,61.18,965.99,53.6,131.09,39.26,6.54,22.66,2067.2,27.48,3631.78,26
2016-01-27 17:05:00,MAITRI,0.42,59.89,965.74,54.72,121.98,40.6,6.77,22.72,2064.83,28.42,3631.6,26
2016-01-27 17:10:00,MAITRI,0.12,58.83,965.67,55.52,117.65,37.12,6.19,22.74,2062.67,25.98,3631.42,26
2016-01-27 17:15:00,MAITRI,-0.3,59.47,965.06,56.68,113.31,40.13,6.69,22.8,2060.33,28.09,3631.24,26
2016-01-27 17:20:00,MAITRI,0.01,59.86,965.16,56.1,93.69,41.39,6.9,22.85,2057.91,28.97,3631.05,27
2016-01-27 17:25:00,MAITRI,0.32,59.98,965.28,56.36,65.67,41.51,6.92,22.87,2055.49,29.06,3630.86,27
2016-01-27 17:30:00,MAITRI,0.24,59.89,965.36,56.03,70.94,41.94,6.99,22.89,2053.04,29.36,3630.67,28
2016-01-27 17:35:00,MAITRI,0.43,59.97,965.72,55.77,51.98,42.23,7.04,22.91,2050.58,29.56,3630.48,27
2016-01-27 17:40:00,MAITRI,0.63,60.78,965.45,54.95,50.0,42.86,7.14,22.93,2048.08,30.0,3630.29,27
2016-01-27 17:45:00,MAITRI,0.73,60.94,965.17,56.49,31.24,44.21,7.37,22.94,2045.5,30.95,3630.11,26
2016-01-27 17:50:00,MAITRI,0.79,61.28,965.34,54.3,17.1,44.42,7.4,22.95,2042.91,31.1,3629.93,26
2016-01-27 17:55:00,MAITRI,0.63,62.18,965.71,53.55,5.23,43.43,7.24,22.94,2040.38,30.4,3629.75,26
2016-01-27 18:00:00,MAITRI,0.59,61.81,965.87,55.08,0.0,44.05,7.34,22.92,2037.81,30.84,3629.57,26
2016-01-27 18:05:00,MAITRI,0.68,62.52,965.73,55.28,0.0,44.15,7.36,22.91,2035.23,30.9,3629.39,26
2016-01-27 18:10:00,MAITRI,0.64,62.16,965.78,54.88,0.0,44.15,7.36,22.9,2032.66,30.91,3629.21,26
2016-01-27 18:15:00,MAITRI,0.44,61.9,966.16,56.04,6.95,44.61,7.43,22.9,2030.05,31.23,3629.03,26
2016-01-27 18:20:00,MAITRI,0.32,61.66,966.24,58.24,0.0,46.19,7.7,22.9,2027.36,32.33,3628.85,26
2016-01-27 18:25:00,MAITRI,0.01,62.04,966.09,60.52,1.82,45.97,7.66,22.91,2024.68,32.18,3628.67,26
2016-01-27 18:30:00,MAITRI,-0.01,62.46,965.82,60.39,5.28,44.95,7.49,22.91,2022.06,31.47,3628.49,26
2016-01-27 18:35:00,MAITRI,-0.33,62.31,966.62,60.81,0.0,44.72,7.45,22.9,2019.45,31.3,3628.3,27
2016-01-27 18:40:00,MAITRI,-0.12,62.0,966.16,60.61,1.7,46.44,7.74,22.9,2016.74,32.51,3628.11,27
2016-01-27 18:45:00,MAITRI,0.02,62.16,966.82,60.22,0.0,46.06,7.68,22.9,2014.05,32.24,3627.92,27
2016-01-27 18:50:00,MAITRI,-0.41,61.3,967.29,61.79,0.0,46.51,7.75,22.9,2011.34,32.56,3627.74,26
2016-01-27 18:55:00,MAITRI,-0.39,61.25,967.34,62.2,0.0,46.86,7.81,22.9,2008.6,32.8,3627.56,26
2016-01-27 19:00:00,MAITRI,-0.53,62.2,967.6,62.02,0.0,44.05,7.34,22.89,2006.03,30.84,3627.39,25
2016-01-27 19:05:00,MAITRI,-0.85,62.42,968.12,62.44,0.62,47.9,7.98,22.9,2003.24,33.53,3627.2,27
2016-01-27 19:10:00,MAITRI,-0.88,62.89,968.19,62.12,0.0,43.03,7.17,22.85,2000.73,30.12,3627.01,27
2016-01-27 19:15:00,MAITRI,-0.8,62.19,967.65,62.2,0.0,43.57,7.26,22.83,1998.19,30.5,3626.83,27
2016-01-27 19:20:00,MAITRI,-0.5,62.85,966.82,61.73,0.0,44.36,7.39,22.81,1995.6,31.05,3626.64,27
2016-01-27 19:25:00,MAITRI,-0.3,62.65,966.37,61.64,11.42,43.52,7.25,22.79,1993.06,30.47,3626.45,27
2016-01-27 19:30:00,MAITRI,-0.24,62.8,967.06,59.85,5.71,44.93,7.49,22.79,1990.44,31.45,3626.26,27
2016-01-27 19:35:00,MAITRI,-0.15,62.51,967.16,60.73,7.62,48.42,8.07,22.8,1987.62,33.9,3626.08,27
2016-01-27 19:40:00,MAITRI,-0.1,62.41,967.12,59.68,0.0,47.1,7.85,22.8,1984.87,32.97,3625.88,28
2016-01-27 19:45:00,MAITRI,-0.01,62.29,967.22,57.33,0.0,47.35,7.89,22.8,1982.11,33.15,3625.69,28
2016-01-27 19:50:00,MAITRI,0.1,60.88,967.5,57.32,8.82,44.33,7.39,22.8,1979.52,31.03,3625.5,27
2016-01-27 19:55:00,MAITRI,0.28,61.38,967.22,57.41,0.0,48.76,8.13,22.8,1976.68,34.13,3625.31,27
2016-01-27 20:00:00,MAITRI,-0.08,61.64,967.01,59.69,11.8,44.43,7.41,22.8,1971.59,60.97,3625.14,25
2016-01-27 20:05:00,MAITRI,-0.51,61.45,966.72,61.23,6.69,43.08,7.18,22.8,1965.21,76.67,3624.98,23
2016-01-27 20:10:00,MAITRI,-0.75,61.59,967.19,61.67,10.59,40.52,6.75,22.76,1960.75,53.43,3624.82,23
2016-01-27 20:15:00,MAITRI,-0.55,61.78,967.42,60.44,0.0,44.72,7.45,22.76,1954.7,72.66,3624.66,23
2016-01-27 20:20:00,MAITRI,-0.65,61.82,966.36,60.02,3.87,42.0,7.0,22.75,1949.24,65.47,3624.51,22
2016-01-27 20:25:00,MAITRI,-0.49,61.77,966.28,59.58,0.0,45.09,7.52,22.75,1943.14,73.18,3624.35,22
2016-01-27 20:30:00,MAITRI,-0.3,61.37,966.13,57.88,0.0,44.02,7.34,22.75,1938.43,56.56,3624.19,23
2016-01-27 20:35:00,MAITRI,-0.19,61.84,966.14,57.12,0.41,43.44,7.24,22.75,1933.85,55.01,3624.03,23
2016-01-27 20:40:00,MAITRI,-0.46,62.03,965.7,59.52,4.22,41.93,6.99,22.73,1929.42,53.1,3623.87,23
2016-01-27 20:45:00,MAITRI,-0.92,61.73,966.01,60.88,8.37,44.35,7.39,22.73,1922.4,84.29,3623.72,23
2016-01-27 20:50:00,MAITRI,-1.31,61.41,965.49,61.6,0.0,41.74,6.96,22.7,1917.17,62.72,3623.56,23
2016-01-27 20:55:00,MAITRI,-1.26,61.75,965.5,62.64,0.0,45.5,7.58,22.7,1911.37,69.63,3623.39,24
2016-01-27 21:00:00,MAITRI,-1.4,61.14,965.78,61.8,0.92,43.72,7.29,22.69,1904.84,78.33,3623.22,25
2016-01-27 21:05:00,MAITRI,-1.32,61.56,965.81,60.37,5.11,44.94,7.49,22.7,1898.12,80.65,3623.05,24
2016-01-27 21:10:00,MAITRI,-1.33,61.94,965.88,58.3,0.0,42.96,7.16,22.68,1893.22,58.76,3622.88,24
2016-01-27 21:15:00,MAITRI,-1.6,61.97,966.51,58.97,5.54,42.62,7.1,22.67,1887.62,67.19,3622.72,23
2016-01-27 21:20:00,MAITRI,-1.65,62.02,966.35,58.24,11.25,42.14,7.02,22.67,1882.21,64.99,3622.57,22
2016-01-27 21:25:00,MAITRI,-1.51,62.74,966.58,58.52,0.0,42.2,7.03,22.64,1876.84,64.39,3622.41,23
2016-01-27 21:30:00,MAITRI,-1.68,63.43,965.91,61.2,7.86,44.7,7.45,22.65,1871.5,64.11,3622.24,24
2016-01-27 21:35:00,MAITRI,-1.4,63.76,966.19,60.13,0.0,42.65,7.11,22.62,1866.01,65.91,3622.08,24
2016-01-27 21:40:00,MAITRI,-1.09,63.57,966.44,59.09,0.0,43.72,7.29,22.62,1858.89,85.35,3621.92,23
2016-01-27 21:45:00,MAITRI,-1.28,63.4,966.3,59.78,0.0,44.87,7.48,22.62,1852.95,71.29,3621.76,23
2016-01-27 21:50:00,MAITRI,-1.25,63.59,966.73,61.03,14.59,44.41,7.4,22.63,1846.14,81.7,3621.6,23
2016-01-27 21:55:00,MAITRI,-1.43,63.24,966.9,60.64,0.0,42.57,7.1,22.61,1841.56,55.04,3621.44,23
2016-01-27 22:00:00,MAITRI,-1.67,63.65,965.37,60.76,5.54,44.73,7.46,22.61,1835.93,67.49,3621.28,23
2016-01-27 22:05:00,MAITRI,-1.87,64.23,966.23,61.54,0.0,42.76,7.13,22.6,1829.59,76.07,3621.12,22
2016-01-27 22:10:00,MAITRI,-1.84,64.21,966.15,60.36,0.0,44.52,7.42,22.6,1823.62,71.72,3620.97,22
2016-01-27 22:15:00,MAITRI,-2.0,64.12,965.03,60.5,5.7,43.43,7.24,22.61,1821.08,30.4,3620.81,23
2016-01-27 22:20:00,MAITRI,-2.06,63.97,964.87,59.47,11.87,43.9,7.32,22.61,1818.52,30.73,3620.65,23
2016-01-27 22:25:00,MAITRI,-2.0,64.27,965.13,60.55,0.0,44.02,7.34,22.61,1815.96,30.81,3620.49,23
2016-01-27 22:30:00,MAITRI,-1.9,63.94,965.22,59.35,0.0,41.0,6.83,22.56,1813.56,28.7,3620.33,23
2016-01-27 22:35:00,MAITRI,-1.77,63.96,965.74,60.84,0.0,43.48,7.25,22.56,1811.03,30.44,3620.17,23
2016-01-27 22:40:00,MAITRI,-2.18,58.42,965.09,62.12,0.0,43.33,7.22,22.56,1808.5,30.33,3620.01,23
2016-01-27 22:45:00,MAITRI,-2.25,58.52,965.18,61.22,0.0,41.5,6.92,22.53,1806.08,29.05,3619.85,23
2016-01-27 22:50:00,MAITRI,-1.89,59.37,965.82,59.94,0.66,43.84,7.31,22.53,1803.52,30.69,3619.69,24
2016-01-27 22:55:00,MAITRI,-1.85,59.89,965.82,59.4,0.0,43.68,7.28,22.53,1800.97,30.58,3619.52,24
2016-01-27 23:00:00,MAITRI,-1.93,60.15,965.84,59.7,0.0,44.95,7.49,22.53,1798.35,31.47,3619.36,23
2016-01-27 23:05:00,MAITRI,-1.82,60.22,966.13,59.04,0.0,42.63,7.1,22.52,1795.86,29.84,3619.2,23
2016-01-27 23:10:00,MAITRI,-1.65,59.4,966.37,59.77,2.87,42.87,7.14,22.51,1793.36,30.01,3619.03,24
2016-01-27 23:15:00,MAITRI,-1.67,59.6,966.28,59.94,0.0,44.41,7.4,22.51,1790.77,31.09,3618.87,24
2016-01-27 23:20:00,MAITRI,-1.75,60.39,966.29,60.07,0.0,43.12,7.19,22.51,1788.26,30.19,3618.71,23
2016-01-27 23:25:00,MAITRI,-1.84,60.52,966.66,58.58,1.51,42.3,7.05,22.5,1785.79,29.61,3618.56,22
2016-01-27 23:30:00,MAITRI,-2.06,60.9,966.55,57.85,0.0,43.68,7.28,22.5,1783.24,30.57,3618.4,22
2016-01-27 23:35:00,MAITRI,-1.94,61.29,967.02,56.87,0.0,41.35,6.89,22.48,1780.83,28.95,3618.26,21
2016-01-27 23:40:00,MAITRI,-1.84,61.34,966.91,56.61,3.17,44.77,7.46,22.48,1778.22,31.34,3618.11,21
2016-01-27 23:45:00,MAITRI,-2.17,61.14,966.03,57.54,22.12,40.67,6.78,22.47,1775.85,28.47,3617.97,21
2016-01-27 23:50:00,MAITRI,-2.09,60.79,966.33,58.17,5.07,42.75,7.13,22.47,1773.35,29.93,3617.81,22
2016-01-27 23:55:00,MAITRI,-1.79,61.34,966.13,56.89,0.0,43.29,7.21,22.47,1770.83,30.3,3617.66,22
2016-01-28 00:00:00,MAITRI,-1.97,57.36,966.36,57.64,17.58,42.73,7.12,22.48,1768.33,29.91,3617.51,22
2016-01-28 00:05:00,MAITRI,-2.14,58.17,966.2,59.32,0.0,43.93,7.32,22.48,1765.77,30.75,3617.35,23
2016-01-28 00:10:00,MAITRI,-2.5,59.17,965.7,60.06,3.41,43.57,7.26,22.48,1763.23,30.5,3617.19,23
2016-01-28 00:15:00,MAITRI,-2.78,58.97,966.19,58.69,18.09,42.37,7.06,22.48,1760.76,29.66,3617.02,24
2016-01-28 00:20:00,MAITRI,-2.8,59.57,965.82,60.13,12.24,41.88,6.98,22.47,1758.32,29.31,3616.85,24
2016-01-28 00:25:00,MAITRI,-2.78,56.14,965.79,60.44,0.0,43.42,7.24,22.47,1755.78,30.39,3616.69,24
2016-01-28 00:30:00,MAITRI,-2.63,56.36,965.94,60.49,0.0,42.11,7.02,22.45,1753.33,29.47,3616.52,24
2016-01-28 00:35:00,MAITRI,-2.61,56.52,965.98,59.38,0.0,41.94,6.99,22.42,1750.88,29.36,3616.35,24
2016-01-28 00:40:00,MAITRI,-2.55,56.99,966.15,58.23,0.0,44.46,7.41,22.42,1748.29,31.12,3616.19,24
2016-01-28 00:45:00,MAITRI,-2.27,57.14,966.11,56.35,3.03,41.57,6.93,22.4,1745.86,29.1,3616.03,23
2016-01-28 00:50:00,MAITRI,-1.8,57.28,965.87,54.78,0.0,45.4,7.57,22.4,1743.21,31.78,3615.86,24
2016-01-28 00:55:00,MAITRI,-2.08,58.62,966.47,55.27,1.27,40.73,6.79,22.35,1740.84,28.51,3615.69,24
2016-01-28 01:00:00,MAITRI,-2.45,59.06,965.97,56.51,0.0,43.38,7.23,22.35,1738.31,30.37,3615.53,23
2016-01-28 01:05:00,MAITRI,-2.96,56.28,964.83,58.44,0.0,42.24,7.04,22.34,1735.84,29.57,3615.37,23
2016-01-28 01:10:00,MAITRI,-3.0,57.22,964.61,56.86,7.2,44.19,7.36,22.34,1733.27,30.93,3615.22,23
2016-01-28 01:15:00,MAITRI,-3.29,55.29,963.9,59.04,0.0,57.75,9.63,22.15,1729.28,47.83,3615.05,24
2016-01-28 01:20:00,MAITRI,-3.71,53.54,963.03,60.67,0.0,56.07,9.35,21.81,1724.8,53.76,3614.87,25
2016-01-28 01:25:00,MAITRI,-3.84,54.82,963.28,62.63,0.0,54.64,9.11,21.42,1721.13,44.0,3614.7,25
2016-01-28 01:30:00,MAITRI,-3.59,55.98,963.6,60.97,0.0,60.27,10.05,20.97,1716.81,51.92,3614.53,25
2016-01-28 01:35:00,MAITRI,-3.76,56.7,963.9,60.21,0.0,60.57,10.1,20.81,1711.8,60.06,3614.35,26
2016-01-28 01:40:00,MAITRI,-3.72,57.4,963.64,60.39,8.82,58.46,9.74,20.53,1707.12,56.22,3614.17,26
2016-01-28 01:45:00,MAITRI,-3.64,57.97,963.8,60.08,12.65,61.64,10.27,20.05,1702.84,51.26,3613.99,26
2016-01-28 01:50:00,MAITRI,-3.82,58.88,964.1,59.21,0.0,62.74,10.46,19.89,1698.37,53.72,3613.79,28
2016-01-28 01:55:00,MAITRI,-3.3,59.11,963.78,57.25,2.01,62.85,10.48,19.44,1693.69,56.16,3613.59,29
2016-01-28 02:00:00,MAITRI,-3.04,59.52,964.02,56.95,0.0,62.96,10.49,19.23,1689.11,54.95,3613.39,29
2016-01-28 02:05:00,MAITRI,-2.76,60.56,963.86,56.69,6.48,67.48,11.25,18.92,1683.67,65.29,3613.18,30
2016-01-28 02:10:00,MAITRI,-2.82,61.0,964.38,56.8,0.0,64.72,10.79,18.54,1678.35,63.86,3612.97,31
2016-01-28 02:15:00,MAITRI,-2.61,61.2,964.26,57.01,0.0,67.58,11.26,18.38,1673.3,60.51,3612.76,29
2016-01-28 02:20:00,MAITRI,-2.48,61.17,963.88,56.86,2.39,65.62,10.94,18.03,1668.55,57.0,3612.56,29
2016-01-28 02:25:00,MAITRI,-2.41,61.11,964.7,56.71,0.0,67.13,11.19,17.82,1663.79,57.21,3612.37,28
2016-01-28 02:30:00,MAITRI,-2.56,60.68,964.6,59.16,3.47,66.79,11.13,17.42,1658.41,64.54,3612.17,29
2016-01-28 02:35:00,MAITRI,-2.33,60.47,964.87,58.92,7.78,69.19,11.53,17.13,1653.02,64.61,3611.97,29
2016-01-28 02:40:00,MAITRI,-2.03,60.35,964.51,59.66,0.0,68.51,11.42,16.72,1647.45,66.91,3611.76,29
2016-01-28 02:45:00,MAITRI,-2.28,60.31,964.39,60.93,0.0,68.4,11.4,16.3,1642.7,56.98,3611.56,29
2016-01-28 02:50:00,MAITRI,-2.47,60.64,964.37,59.19,0.0,69.42,11.57,15.92,1637.37,64.0,3611.36,29
2016-01-28 02:55:00,MAITRI,-2.7,61.0,964.75,61.53,0.0,69.02,11.5,15.62,1632.02,64.13,3611.17,28
2016-01-28 03:00:00,MAITRI,-2.46,60.84,965.0,59.46,15.79,69.15,11.52,15.27,1626.64,64.55,3610.97,28
2016-01-28 03:05:00,MAITRI,-2.18,61.02,965.23,58.66,0.25,73.88,12.31,15.02,1621.55,61.09,3610.78,28
2016-01-28 03:10:00,MAITRI,-2.03,61.26,965.49,58.48,0.0,70.22,11.7,14.87,1616.74,57.73,3610.58,28
2016-01-28 03:15:00,MAITRI,-2.31,60.53,965.36,61.81,10.67,72.69,12.12,14.55,1611.82,59.03,3610.39,28
2016-01-28 03:20:00,MAITRI,-3.02,60.63,964.41,63.34,0.0,73.04,12.17,14.28,1605.96,70.31,3610.2,27
2016-01-28 03:25:00,MAITRI,-3.26,61.01,964.74,64.92,5.9,70.76,11.79,14.16,1600.12,70.09,3610.01,28
2016-01-28 03:30:00,MAITRI,-3.25,61.17,964.59,64.33,0.0,73.0,12.17,13.68,1595.05,60.85,3609.81,29
2016-01-28 03:35:00,MAITRI,-3.09,61.76,964.69,62.08,0.0,75.02,12.5,13.34,1589.58,65.72,3609.6,29
2016-01-28 03:40:00,MAITRI,-2.9,61.35,964.5,61.39,0.0,75.96,12.66,13.12,1583.24,76.02,3609.41,28
2016-01-28 03:45:00,MAITRI,-2.68,61.49,964.55,60.19,16.15,76.23,12.71,12.89,1577.95,63.47,3609.22,27
2016-01-28 03:50:00,MAITRI,-2.46,61.28,964.79,59.54,0.0,79.95,13.33,12.56,1571.93,72.22,3609.03,28
2016-01-28 03:55:00,MAITRI,-2.44,61.62,964.89,57.56,1.15,77.69,12.95,12.22,1566.25,68.17,3608.83,28
2016-01-28 04:00:00,MAITRI,-2.51,61.4,965.4,57.18,0.0,76.99,12.83,11.87,1560.29,71.62,3608.63,29
2016-01-28 04:05:00,MAITRI,-2.85,61.43,965.26,58.96,0.0,46.03,7.67,11.87,1557.6,32.22,3608.44,28
2016-01-28 04:10:00,MAITRI,-2.41,61.79,965.63,56.45,0.0,47.24,7.87,11.87,1554.84,33.07,3608.24,28
2016-01-28 04:15:00,MAITRI,-2.63,61.73,965.84,58.71,0.0,46.52,7.75,11.87,1552.13,32.57,3608.05,28
2016-01-28 04:20:00,MAITRI,-2.95,61.16,965.51,60.07,0.0,47.1,7.85,11.87,1549.38,32.97,3607.86,27
2016-01-28 04:25:00,MAITRI,-2.89,60.82,965.7,58.17,0.0,43.13,7.19,11.84,1546.87,30.19,3607.68,26
2016-01-28 04:30:00,MAITRI,-2.75,61.41,965.48,57.31,2.67,43.69,7.28,11.82,1544.32,30.58,3607.5,26
2016-01-28 04:35:00,MAITRI,-2.98,61.12,966.0,59.33,0.0,43.32,7.22,11.81,1541.79,30.33,3607.33,25
2016-01-28 04:40:00,MAITRI,-3.17,61.14,966.33,60.2,0.0,43.37,7.23,11.78,1539.26,30.36,3607.15,26
2016-01-28 04:45:00,MAITRI,-3.1,61.4,966.51,58.9,13.75,43.11,7.19,11.77,1536.75,30.18,3606.97,26
2016-01-28 04:50:00,MAITRI,-3.24,61.76,966.97,59.75,7.54,46.48,7.75,11.78,1534.03,32.54,3606.78,26
2016-01-28 04:55:00,MAITRI,-3.24,61.69,967.22,60.84,0.85,44.71,7.45,11.78,1531.43,31.3,3606.61,25
2016-01-28 05:00:00,MAITRI,-3.14,61.48,966.61,60.08,0.0,43.95,7.32,11.78,1528.86,30.76,3606.45,23
2016-01-28 05:05:00,MAITRI,-3.01,61.38,966.92,59.5,16.61,40.32,6.72,11.75,1526.51,28.23,3606.3,22
2016-01-28 05:10:00,MAITRI,-3.39,61.51,967.36,61.48,0.0,42.45,7.07,11.74,1524.04,29.71,3606.15,22
2016-01-28 05:15:00,MAITRI,-3.31,61.68,967.33,59.6,0.0,41.26,6.88,11.71,1521.63,28.88,3605.99,22
2016-01-28 05:20:00,MAITRI,-2.88,61.81,967.54,57.05,0.0,42.93,7.16,11.71,1519.12,30.05,3605.84,22
2016-01-28 05:25:00,MAITRI,-2.75,62.01,967.11,55.67,0.0,43.07,7.18,11.71,1516.61,30.15,3605.69,22
2016-01-28 05:30:00,MAITRI,-2.65,62.44,967.32,54.27,3.71,44.59,7.43,11.71,1514.01,31.21,3605.53,22
2016-01-28 05:35:00,MAITRI,-2.63,61.9,966.87,53.85,3.11,44.28,7.38,11.71,1511.43,31.0,3605.38,22
2016-01-28 05:40:00,MAITRI,-2.38,61.74,966.99,54.4,3.27,43.21,7.2,11.71,1508.91,30.25,3605.22,23
2016-01-28 05:45:00,MAITRI,-2.5,61.36,966.79,54.04,0.0,42.76,7.13,11.7,1506.41,29.93,3605.07,22
2016-01-28 05:50:00,MAITRI,-2.64,61.24,967.06,55.43,0.0,44.63,7.44,11.7,1503.81,31.24,3604.92,21
2016-01-28 05:55:00,MAITRI,-2.77,60.99,967.46,53.65,5.1,40.71,6.79,11.67,1501.43,28.5,3604.77,22
2016-01-28 06:00:00,MAITRI,-2.74,61.26,967.58,54.97,0.3,43.0,7.17,11.67,1498.93,30.1,3604.62,22
2016-01-28 06:05:00,MAITRI,-2.94,61.58,967.67,55.92,11.34,43.27,7.21,11.68,1496.4,30.29,3604.46,23
2016-01-28 06:10:00,MAITRI,-2.84,61.79,967.08,56.26,0.94,42.82,7.14,11.67,1493.9,29.97,3604.31,22
2016-01-28 06:15:00,MAITRI,-2.89,62.76,967.49,57.08,33.36,46.02,7.67,11.69,1491.22,32.21,3604.15,23
2016-01-28 06:20:00,MAITRI,-2.41,63.01,967.55,55.33,38.5,40.4,6.73,11.68,1488.86,28.28,3603.99,23
2016-01-28 06:25:00,MAITRI,-2.31,62.76,967.72,54.26,62.3,39.96,6.66,11.69,1486.53,27.97,3603.82,24
2016-01-28 06:30:00,MAITRI,-2.2,63.72,967.79,54.52,65.35,42.83,7.14,11.72,1484.03,29.98,3603.65,24
2016-01-28 06:35:00,MAITRI,-2.03,63.1,968.16,57.14,73.93,42.16,7.03,11.76,1481.57,29.51,3603.5,22
2016-01-28 06:40:00,MAITRI,-1.87,63.22,967.88,55.1,76.49,40.03,6.67,11.79,1479.24,28.02,3603.34,23
2016-01-28 06:45:00,MAITRI,-2.12,63.23,967.32,56.78,94.02,39.81,6.63,11.84,1476.92,27.86,3603.19,22
2016-01-28 06:50:00,MAITRI,-2.63,62.74,967.52,59.08,123.05,36.67,6.11,11.88,1474.78,25.67,3603.03,22
2016-01-28 06:55:00,MAITRI,-2.79,61.73,968.01,58.42,110.32,37.94,6.32,11.93,1472.57,26.56,3602.89,21
2016-01-28 07:00:00,MAITRI,-2.82,61.48,967.53,60.49,137.1,36.19,6.03,11.98,1470.45,25.33,3602.74,21
2016-01-28 07:05:00,MAITRI,-2.61,61.64,967.5,59.88,142.61,37.31,6.22,12.06,1468.28,26.12,3602.6,21
2016-01-28 07:10:00,MAITRI,-2.51,59.84,967.06,59.22,149.57,37.42,6.24,12.14,1466.1,26.19,3602.46,20
2016-01-28 07:15:00,MAITRI,-2.44,60.48,966.94,58.6,151.94,36.22,6.04,12.21,1463.98,25.35,3602.31,21
2016-01-28 07:20:00,MAITRI,-1.97,60.65,966.63,56.21,172.81,33.9,5.65,12.27,1462.01,23.73,3602.17,21
2016-01-28 07:25:00,MAITRI,-1.83,60.82,966.91,55.44,187.62,34.96,5.83,12.36,1459.97,24.47,3602.01,22
2016-01-28 07:30:00,MAITRI,-2.24,60.92,966.89,56.59,191.82,34.76,5.79,12.45,1457.94,24.33,3601.86,22
2016-01-28 07:35:00,MAITRI,-2.12,60.99,967.79,54.84,219.77,34.32,5.72,12.56,1455.94,24.02,3601.7,23
2016-01-28 07:40:00,MAITRI,-2.31,60.94,967.33,56.85,214.49,33.7,5.62,12.65,1453.97,23.59,3601.54,23
2016-01-28 07:45:00,MAITRI,-2.09,60.53,966.66,55.73,224.38,32.94,5.49,12.74,1452.05,23.06,3601.38,23
2016-01-28 07:50:00,MAITRI,-1.69,61.04,966.51,54.11,241.97,32.31,5.38,12.85,1450.17,22.61,3601.23,22
2016-01-28 07:55:00,MAITRI,-1.51,58.99,967.08,53.82,263.34,31.96,5.33,12.98,1448.3,22.37,3601.07,23
2016-01-28 08:00:00,MAITRI,-1.2,59.01,966.93,51.88,261.53,35.09,5.85,13.11,1446.25,24.57,3600.9,24
2016-01-28 08:05:00,MAITRI,-0.84,59.41,966.96,51.31,262.88,34.43,5.74,13.25,1444.24,24.1,3600.74,24
2016-01-28 08:10:00,MAITRI,-0.86,59.59,966.98,49.88,268.68,31.4,5.23,13.36,1442.41,21.98,3600.57,24
2016-01-28 08:15:00,MAITRI,-0.68,60.26,967.42,49.69,299.76,32.77,5.46,13.52,1440.5,22.94,3600.4,25
2016-01-28 08:20:00,MAITRI,-0.51,60.15,967.25,48.05,294.91,32.6,5.43,13.67,1438.6,22.82,3600.22,25
2016-01-28 08:25:00,MAITRI,-0.26,60.52,967.86,46.82,322.24,30.77,5.13,13.83,1436.8,21.54,3600.05,25
2016-01-28 08:30:00,MAITRI,-0.46,60.91,967.43,45.96,330.91,30.23,5.04,13.98,1435.04,21.16,3599.87,26
2016-01-28 08:35:00,MAITRI,-0.44,60.94,967.01,45.3,334.71,31.56,5.26,14.16,1433.2,22.09,3599.69,26
2016-01-28 08:40:00,MAITRI,-0.78,59.97,966.89,47.45,344.46,28.62,4.77,14.31,1431.53,20.03,3599.51,25
2016-01-28 08:45:00,MAITRI,-1.29,60.09,967.0,49.42,349.98,29.19,4.87,14.48,1429.83,20.44,3599.35,24
2016-01-28 08:50:00,MAITRI,-1.05,59.68,967.06,47.82,356.98,29.5,4.92,14.66,1428.11,20.65,3599.17,25
2016-01-28 08:55:00,MAITRI,-1.03,60.08,966.73,47.63,374.64,30.59,5.1,14.86,1426.32,21.42,3598.99,26
2016-01-28 09:00:00,MAITRI,-1.11,60.26,966.84,48.9,368.79,30.87,5.15,15.05,1424.52,21.61,3598.81,27
2016-01-28 09:05:00,MAITRI,-1.27,60.67,966.83,50.05,379.32,29.87,4.98,15.25,1422.78,20.91,3598.62,26
2016-01-28 09:10:00,MAITRI,-1.11,60.99,967.28,48.85,375.71,29.73,4.95,15.44,1421.05,20.81,3598.44,27
2016-01-28 09:15:00,MAITRI,-1.22,61.46,967.23,49.99,398.4,28.77,4.8,15.64,1419.37,20.14,3598.26,25
2016-01-28 09:20:00,MAITRI,-1.19,61.55,966.83,49.24,416.13,28.16,4.69,15.86,1417.72,19.71,3598.08,26
2016-01-28 09:25:00,MAITRI,-0.93,61.36,966.86,48.85,417.37,29.91,4.98,16.08,1415.98,20.93,3597.9,27
2016-01-28 09:30:00,MAITRI,-1.07,61.11,967.26,50.12,418.19,28.23,4.71,16.29,1414.33,19.76,3597.71,27
2016-01-28 09:35:00,MAITRI,-0.81,61.71,967.26,49.5,437.52,28.81,4.8,16.52,1412.65,20.17,3597.52,27
2016-01-28 09:40:00,MAITRI,-0.67,62.31,967.1,51.74,409.02,28.94,4.82,16.73,1410.96,20.26,3597.33,27
2016-01-28 09:45:00,MAITRI,-0.41,62.12,967.38,51.82,438.2,27.08,4.51,16.95,1409.38,18.96,3597.15,27
2016-01-28 09:50:00,MAITRI,-0.35,59.9,967.42,50.78,452.53,26.86,4.48,17.19,1407.82,18.8,3596.96,27
2016-01-28 09:55:00,MAITRI,-0.29,60.25,967.39,49.48,454.85,26.57,4.43,17.42,1406.27,18.6,3596.77,27
2016-01-28 10:00:00,MAITRI,-0.18,60.7,967.34,48.51,457.72,27.29,4.55,17.66,1404.68,19.1,3596.58,27
2016-01-28 10:05:00,MAITRI,-0.04,60.71,967.34,48.19,467.31,24.51,4.08,17.86,1403.25,17.15,3596.39,28
2016-01-28 10:10:00,MAITRI,0.15,61.3,966.93,48.46,487.6,27.97,4.66,18.12,1401.61,19.58,3596.19,29
2016-01-28 10:15:00,MAITRI,0.45,61.76,967.5,46.82,477.27,28.13,4.69,18.37,1399.97,19.69,3595.99,28
2016-01-28 10:20:00,MAITRI,0.59,61.84,967.61,46.11,482.23,23.83,3.97,18.59,1398.58,16.68,3595.81,26
2016-01-28 10:25:00,MAITRI,0.71,62.0,967.3,46.02,487.71,25.42,4.24,18.84,1397.1,17.8,3595.63,26
2016-01-28 10:30:00,MAITRI,0.8,61.98,967.57,45.28,501.28,23.38,3.9,19.08,1395.74,16.37,3595.45,26
2016-01-28 10:35:00,MAITRI,0.91,61.94,968.0,46.02,494.39,25.86,4.31,19.34,1394.23,18.1,3595.26,27
2016-01-28 10:40:00,MAITRI,0.75,61.77,968.18,48.65,505.4,24.87,4.15,19.59,1392.78,17.41,3595.07,28
2016-01-28 10:45:00,MAITRI,0.71,61.71,967.8,48.38,515.46,25.64,4.27,19.86,1391.28,17.95,3594.87,28
2016-01-28 10:50:00,MAITRI,0.68,61.63,967.78,48.33,502.95,25.32,4.22,20.12,1389.8,17.72,3594.69,27
2016-01-28 10:55:00,MAITRI,0.76,61.43,968.03,47.13,511.89,24.62,4.1,20.39,1388.37,17.23,3594.5,27
2016-01-28 11:00:00,MAITRI,0.44,61.63,968.25,48.28,520.37,22.75,3.79,20.63,1387.04,15.93,3594.31,27
2016-01-28 11:05:00,MAITRI,0.52,61.32,967.92,48.51,516.21,25.3,4.22,20.9,1385.56,17.71,3594.12,28
2016-01-28 11:10:00,MAITRI,0.74,61.21,967.46,48.38,532.03,26.23,4.37,21.18,1384.03,18.36,3593.92,28
2016-01-28 11:15:00,MAITRI,0.89,61.62,966.84,48.55,526.46,24.83,4.14,21.45,1382.59,17.38,3593.73,28
2016-01-28 11:20:00,MAITRI,1.14,61.79,967.26,48.27,530.11,22.93,3.82,21.7,1381.25,16.05,3593.53,28
2016-01-28 11:25:00,MAITRI,1.02,62.44,966.97,48.86,534.05,24.51,4.08,21.98,1379.82,17.15,3593.34,28
2016-01-28 11:30:00,MAITRI,0.89,62.42,966.61,49.69,514.57,48.95,8.16,22.25,1376.96,34.27,3593.15,27
2016-01-28 11:35:00,MAITRI,0.98,62.16,966.64,48.26,527.47,60.94,10.16,22.53,1373.41,42.66,3592.97,27
2016-01-28 11:40:00,MAITRI,0.89,63.23,965.96,48.58,515.66,63.28,10.55,22.79,1369.72,44.29,3592.77,28
2016-01-28 11:45:00,MAITRI,0.68,63.35,965.27,49.36,518.05,58.6,9.77,23.06,1366.3,41.02,3592.56,30
2016-01-28 11:50:00,MAITRI,0.69,63.28,965.29,49.47,525.45,55.74,9.29,23.34,1363.05,39.02,3592.36,29
2016-01-28 11:55:00,MAITRI,0.96,63.11,965.37,48.33,525.24,46.43,7.74,23.61,1360.34,32.5,3592.16,29
2016-01-28 12:00:00,MAITRI,0.87,63.12,964.54,48.87,528.46,57.9,9.65,23.89,1356.96,40.53,3591.97,28
2016-01-28 12:05:00,MAITRI,1.17,63.03,965.06,48.51,523.43,57.77,9.63,24.16,1353.59,40.44,3591.77,28
2016-01-28 12:10:00,MAITRI,1.42,62.99,965.78,48.11,526.92,50.13,8.36,24.43,1350.67,35.09,3591.59,26
2016-01-28 12:15:00,MAITRI,1.18,62.89,966.1,47.98,541.02,58.63,9.77,24.72,1347.25,41.04,3591.4,27
2016-01-28 12:20:00,MAITRI,1.2,63.55,966.01,47.74,534.71,55.89,9.31,25.0,1343.99,39.12,3591.22,26
2016-01-28 12:25:00,MAITRI,1.29,63.32,965.97,48.15,526.46,54.47,9.08,25.27,1340.81,38.13,3591.05,25
2016-01-28 12:30:00,MAITRI,1.05,63.0,965.84,49.0,516.7,55.16,9.19,25.54,1337.59,38.61,3590.87,25
2016-01-28 12:35:00,MAITRI,1.16,62.52,965.52,48.01,525.92,44.85,7.48,25.81,1334.98,31.4,3590.69,26
2016-01-28 12:40:00,MAITRI,1.37,61.7,966.12,47.46,527.33,61.8,10.3,26.09,1331.37,43.26,3590.51,26
2016-01-28 12:45:00,MAITRI,1.06,61.6,965.8,49.09,523.52,50.65,8.44,26.36,1328.42,35.46,3590.33,27
2016-01-28 12:50:00,MAITRI,1.29,61.61,965.9,48.85,521.52,50.48,8.41,26.63,1325.47,35.33,3590.13,28
2016-01-28 12:55:00,MAITRI,0.94,61.8,966.63,49.77,500.03,56.85,9.47,26.89,1322.16,39.79,3589.94,27
2016-01-28 13:00:00,MAITRI,0.9,62.17,966.53,48.52,514.25,58.21,9.7,27.16,1318.76,40.75,3589.76,27
2016-01-28 13:05:00,MAITRI,0.79,62.6,966.19,48.36,509.16,54.08,9.01,27.43,1315.61,37.86,3589.57,27
2016-01-28 13:10:00,MAITRI,0.81,62.6,966.48,46.97,515.61,59.26,9.88,27.7,1312.15,41.48,3589.38,27
2016-01-28 13:15:00,MAITRI,0.89,62.52,966.75,45.84,526.81,51.11,8.52,27.97,1309.17,35.77,3589.2,26
2016-01-28 13:20:00,MAITRI,1.06,59.97,966.82,44.89,513.09,60.66,10.11,28.24,1305.63,42.46,3589.02,26
2016-01-28 13:25:00,MAITRI,0.91,59.83,966.36,46.51,507.78,52.08,8.68,28.5,1302.59,36.46,3588.84,26
2016-01-28 13:30:00,MAITRI,0.98,59.86,966.25,45.4,500.29,61.44,10.24,28.76,1299.01,43.01,3588.66,26
2016-01-28 13:35:00,MAITRI,1.02,60.47,966.0,45.98,501.22,49.53,8.26,29.03,1296.12,34.67,3588.48,26
2016-01-28 13:40:00,MAITRI,0.98,60.7,966.32,46.09,491.82,62.81,10.47,29.28,1292.45,43.96,3588.31,25
2016-01-28 13:45:00,MAITRI,1.27,58.29,967.04,45.38,489.7,48.93,8.16,29.54,1289.6,34.25,3588.13,25
2016-01-28 13:50:00,MAITRI,1.52,56.18,967.12,44.67,487.72,24.95,4.16,29.79,1288.14,17.46,3587.96,25
2016-01-28 13:55:00,MAITRI,1.56,57.12,967.3,45.44,467.88,25.22,4.2,30.02,1286.67,17.65,3587.77,27
2016-01-28 14:00:00,MAITRI,1.52,57.54,966.99,48.18,467.34,26.29,4.38,30.27,1285.14,18.4,3587.58,27
2016-01-28 14:05:00,MAITRI,1.39,58.44,967.14,47.06,457.01,25.71,4.29,30.49,1283.64,18.0,3587.4,27
2016-01-28 14:10:00,MAITRI,1.11,58.76,966.88,48.39,455.63,27.31,4.55,30.73,1282.05,19.12,3587.22,26
2016-01-28 14:15:00,MAITRI,0.9,54.41,967.71,49.04,448.01,24.92,4.15,30.94,1280.59,17.45,3587.03,26
2016-01-28 14:20:00,MAITRI,0.7,55.53,967.56,51.24,433.26,25.54,4.26,31.13,1279.1,17.88,3586.85,27
2016-01-28 14:25:00,MAITRI,0.86,54.54,967.18,50.95,439.55,26.42,4.4,31.36,1277.56,18.5,3586.67,26
2016-01-28 14:30:00,MAITRI,0.95,55.28,967.55,49.33,417.33,25.84,4.31,31.55,1276.05,18.09,3586.49,26
2016-01-28 14:35:00,MAITRI,1.02,55.79,967.68,47.97,423.48,27.3,4.55,31.77,1274.46,19.11,3586.31,26
2016-01-28 14:40:00,MAITRI,0.95,56.35,968.23,47.8,413.25,29.6,4.93,31.99,1272.73,20.72,3586.12,26
2016-01-28 14:45:00,MAITRI,1.15,57.26,968.0,46.87,404.08,27.88,4.65,32.2,1271.11,19.51,3585.94,26
2016-01-28 14:50:00,MAITRI,1.09,57.1,968.21,46.56,398.4,28.93,4.82,32.4,1269.42,20.25,3585.76,27
2016-01-28 14:55:00,MAITRI,1.13,58.0,968.74,45.79,397.0,28.1,4.68,32.6,1267.78,19.67,3585.58,26
2016-01-28 15:00:00,MAITRI,0.9,58.39,968.35,47.75,373.05,28.23,4.7,32.77,1266.14,19.76,3585.39,27
2016-01-28 15:05:00,MAITRI,0.94,58.35,967.53,48.3,373.13,33.33,5.55,32.96,1264.19,23.33,3585.19,28
2016-01-28 15:10:00,MAITRI,1.13,58.83,966.9,48.18,355.64,29.43,4.9,33.12,1262.47,20.6,3585.0,28
2016-01-28 15:15:00,MAITRI,1.01,56.45,967.46,48.77,348.95,29.51,4.92,33.27,1260.75,20.65,3584.81,28
2016-01-28 15:20:00,MAITRI,1.19,56.74,966.99,48.99,328.08,32.3,5.38,33.44,1258.87,22.61,3584.61,28
2016-01-28 15:25:00,MAITRI,1.03,56.56,967.12,50.22,333.76,33.03,5.5,33.62,1256.94,23.12,3584.42,27
2016-01-28 15:30:00,MAITRI,0.68,56.98,967.24,51.44,320.24,31.75,5.29,33.78,1255.09,22.23,3584.24,27
2016-01-28 15:35:00,MAITRI,0.85,57.18,966.77,49.73,313.09,33.35,5.56,33.95,1253.14,23.34,3584.04,28
2016-01-28 15:40:00,MAITRI,0.84,58.01,966.56,49.24,319.95,34.52,5.75,34.11,1251.13,24.17,3583.85,28
2016-01-28 15:45:00,MAITRI,0.64,58.4,965.5,50.71,286.27,32.85,5.47,34.24,1249.22,22.99,3583.65,28
2016-01-28 15:50:00,MAITRI,0.54,59.37,965.37,52.47,281.11,33.61,5.6,34.39,1247.25,23.53,3583.47,27
2016-01-28 15:55:00,MAITRI,0.26,60.22,965.46,53.38,258.81,34.54,5.76,34.52,1245.24,24.17,3583.28,26
2016-01-28 16:00:00,MAITRI,0.03,61.11,964.86,53.69,261.64,34.19,5.7,34.66,1243.25,23.93,3583.1,26
2016-01-28 16:05:00,MAITRI,0.04,60.9,965.25,51.99,252.03,34.04,5.67,34.79,1241.26,23.83,3582.93,25
2016-01-28 16:10:00,MAITRI,0.06,58.63,965.26,50.78,250.16,35.54,5.92,34.92,1239.19,24.87,3582.76,25
2016-01-28 16:15:00,MAITRI,0.15,58.2,965.64,49.56,224.16,35.17,5.86,35.03,1237.14,24.62,3582.58,26
2016-01-28 16:20:00,MAITRI,0.22,58.77,966.11,52.07,223.65,34.19,5.7,35.13,1235.14,23.93,3582.4,25
2016-01-28 16:25:00,MAITRI,-0.05,59.5,966.04,53.05,203.34,36.4,6.07,35.24,1233.02,25.48,3582.23,25
2016-01-28 16:30:00,MAITRI,-0.03,59.57,966.07,54.18,201.05,37.6,6.27,35.35,1230.82,26.32,3582.06,25
2016-01-28 16:35:00,MAITRI,0.05,60.34,966.14,52.35,200.17,35.48,5.91,35.43,1228.76,24.83,3581.87,26
2016-01-28 16:40:00,MAITRI,0.1,58.54,965.5,52.91,190.09,38.44,6.41,35.53,1226.51,26.91,3581.69,27
2016-01-28 16:45:00,MAITRI,-0.04,59.18,965.76,53.8,173.22,37.37,6.23,35.61,1224.33,26.16,3581.5,27
2016-01-28 16:50:00,MAITRI,0.03,59.7,965.68,55.18,155.26,37.55,6.26,35.67,1222.14,26.28,3581.31,27
2016-01-28 16:55:00,MAITRI,-0.06,59.26,965.61,56.21,142.3,60.76,10.13,35.74,1218.6,42.54,3581.12,27
2016-01-28 17:00:00,MAITRI,-0.3,59.74,966.26,56.72,133.84,69.24,11.54,35.81,1214.56,48.47,3580.94,27
2016-01-28 17:05:00,MAITRI,-0.18,59.12,966.23,56.9,124.68,66.93,11.15,35.88,1210.66,46.85,3580.75,27
2016-01-28 17:10:00,MAITRI,-0.37,59.53,966.55,57.59,126.42,70.73,11.79,35.94,1206.53,49.51,3580.56,27
2016-01-28 17:15:00,MAITRI,-0.47,60.15,966.08,57.8,101.08,71.19,11.87,36.0,1202.38,49.84,3580.37,27
2016-01-28 17:20:00,MAITRI,-0.81,60.26,966.5,59.05,91.87,70.17,11.69,36.04,1198.28,49.12,3580.19,27
2016-01-28 17:25:00,MAITRI,-0.7,60.75,965.69,59.16,90.88,66.75,11.12,36.09,1194.39,46.72,3580.0,27
2016-01-28 17:30:00,MAITRI,-0.65,61.27,964.66,59.71,51.35,60.64,10.11,36.12,1190.85,42.45,3579.81,27
2016-01-28 17:35:00,MAITRI,-0.43,61.46,965.07,57.47,47.55,71.69,11.95,36.14,1186.67,50.18,3579.62,27
2016-01-28 17:40:00,MAITRI,-0.66,61.42,965.12,59.26,52.92,70.27,11.71,36.17,1182.57,49.19,3579.44,27
2016-01-28 17:45:00,MAITRI,-0.39,61.58,965.1,56.73,36.94,70.01,11.67,36.19,1178.49,49.01,3579.24,28
2016-01-28 17:50:00,MAITRI,-0.33,62.01,965.82,55.24,28.41,63.78,10.63,36.2,1174.77,44.65,3579.04,29
2016-01-28 17:55:00,MAITRI,-0.58,62.0,965.55,56.99,7.48,62.79,10.47,36.21,1171.1,43.95,3578.84,29
2016-01-28 18:00:00,MAITRI,-0.77,57.21,965.32,57.74,0.0,76.91,12.82,36.21,1166.62,53.84,3578.64,29
2016-01-28 18:05:00,MAITRI,-0.65,57.28,965.83,56.09,1.2,75.16,12.53,36.21,1162.23,52.61,3578.44,29
2016-01-28 18:10:00,MAITRI,-0.37,58.34,966.16,56.08,1.97,74.06,12.34,36.21,1157.91,51.84,3578.24,29
2016-01-28 18:15:00,MAITRI,-0.29,58.76,967.05,56.41,15.63,47.65,7.94,36.22,1155.13,33.36,3578.03,30
2016-01-28 18:20:00,MAITRI,-0.38,59.5,966.15,56.78,0.84,47.64,7.94,36.22,1152.36,33.34,3577.82,30
2016-01-28 18:25:00,MAITRI,-0.37,59.46,966.14,58.18,0.0,46.16,7.69,36.22,1149.66,32.31,3577.61,30
2016-01-28 18:30:00,MAITRI,-0.15,58.86,966.29,57.68,4.63,44.57,7.43,36.2,1147.06,31.2,3577.4,30
2016-01-28 18:35:00,MAITRI,-0.17,59.71,965.59,57.78,17.2,44.38,7.4,36.18,1144.47,31.07,3577.19,30
2016-01-28 18:40:00,MAITRI,-0.16,60.43,965.2,57.54,0.0,47.44,7.91,36.18,1141.71,33.21,3576.99,30
2016-01-28 18:45:00,MAITRI,-0.07,60.48,964.62,57.58,11.58,46.46,7.74,36.19,1139.0,32.52,3576.78,30
2016-01-28 18:50:00,MAITRI,-0.01,60.56,964.91,56.72,0.0,46.39,7.73,36.19,1136.29,32.47,3576.57,30
2016-01-28 18:55:00,MAITRI,0.19,61.01,964.67,55.01,3.84,45.2,7.53,36.17,1133.65,31.64,3576.36,30
2016-01-28 19:00:00,MAITRI,0.15,61.16,963.66,56.0,0.0,46.24,7.71,36.17,1130.96,32.37,3576.15,30
2016-01-28 19:05:00,MAITRI,0.09,61.97,964.32,54.71,14.79,44.92,7.49,36.16,1128.34,31.45,3575.94,30
2016-01-28 19:10:00,MAITRI,-0.44,62.02,963.51,55.77,0.0,44.82,7.47,36.13,1125.72,31.38,3575.74,30
2016-01-28 19:15:00,MAITRI,-0.38,62.29,963.35,55.23,3.53,45.49,7.58,36.12,1123.07,31.84,3575.53,30
2016-01-28 19:20:00,MAITRI,-0.44,61.93,963.2,56.47,5.24,45.47,7.58,36.12,1120.41,31.83,3575.33,29
2016-01-28 19:25:00,MAITRI,-0.25,61.47,963.49,55.81,5.7,46.77,7.8,36.12,1117.69,32.74,3575.12,29
2016-01-28 19:30:00,MAITRI,-0.11,61.84,963.84,55.75,0.0,42.8,7.13,36.07,1115.19,29.96,3574.93,28
2016-01-28 19:35:00,MAITRI,-0.21,62.25,963.62,55.1,0.0,45.7,7.62,36.07,1112.52,31.99,3574.74,27
2016-01-28 19:40:00,MAITRI,-0.17,62.95,963.17,56.16,0.0,45.09,7.52,36.06,1109.89,31.56,3574.56,27
2016-01-28 19:45:00,MAITRI,-0.3,62.85,963.48,57.6,8.76,45.2,7.53,36.07,1107.26,31.64,3574.37,27
2016-01-28 19:50:00,MAITRI,-0.06,62.73,963.79,56.69,0.0,44.85,7.48,36.05,1104.64,31.4,3574.17,28
2016-01-28 19:55:00,MAITRI,0.02,63.04,963.4,57.36,0.0,46.66,7.78,36.05,1101.92,32.66,3573.98,28
2016-01-28 20:00:00,MAITRI,0.15,62.67,963.84,57.48,7.62,45.03,7.51,36.06,1099.29,31.52,3573.79,27
2016-01-28 20:05:00,MAITRI,-0.11,62.32,963.85,57.54,0.0,44.27,7.38,36.05,1096.71,30.99,3573.61,26
2016-01-28 20:10:00,MAITRI,-0.16,62.65,963.94,58.69,0.0,45.57,7.6,36.05,1094.05,31.9,3573.43,26
2016-01-28 20:15:00,MAITRI,-0.43,62.44,963.6,59.54,0.0,45.5,7.58,36.05,1091.4,31.85,3573.25,26
2016-01-28 20:20:00,MAITRI,-0.18,62.13,964.21,59.49,0.0,44.03,7.34,36.04,1088.83,30.82,3573.07,26
2016-01-28 20:25:00,MAITRI,-0.03,62.65,964.9,58.21,0.0,44.44,7.41,36.04,1086.24,31.11,3572.9,25
2016-01-28 20:30:00,MAITRI,-0.11,63.12,964.88,58.15,0.54,46.38,7.73,36.04,1083.53,32.47,3572.72,25
2016-01-28 20:35:00,MAITRI,0.04,63.04,965.15,57.34,5.29,44.21,7.37,36.04,1080.95,30.95,3572.55,25
2016-01-28 20:40:00,MAITRI,-0.27,62.8,965.48,58.89,0.0,44.59,7.43,36.04,1078.35,31.21,3572.37,25
2016-01-28 20:45:00,MAITRI,-0.56,63.21,965.02,59.17,0.0,45.26,7.54,36.04,1075.71,31.68,3572.21,24
2016-01-28 20:50:00,MAITRI,-0.54,63.88,964.07,58.67,0.0,44.82,7.47,36.04,1073.1,31.38,3572.03,25
2016-01-28 20:55:00,MAITRI,-0.4,64.13,964.17,57.45,8.85,43.25,7.21,36.03,1070.57,30.28,3571.86,25
2016-01-28 21:00:00,MAITRI,-0.73,64.35,964.66,58.94,0.0,42.66,7.11,35.99,1068.08,29.86,3571.69,25
2016-01-28 21:05:00,MAITRI,-0.56,64.06,965.47,58.1,9.88,67.99,11.33,36.0,1064.12,47.59,3571.51,25
2016-01-28 21:10:00,MAITRI,-0.78,61.36,965.5,60.03,6.53,70.5,11.75,36.0,1060.01,49.35,3571.34,25
2016-01-28 21:15:00,MAITRI,-1.04,61.79,965.35,61.15,0.0,78.88,13.15,36.0,1055.4,55.22,3571.17,24
2016-01-28 21:20:00,MAITRI,-1.24,61.84,965.35,60.61,0.0,71.84,11.97,36.0,1051.21,50.29,3571.01,24
2016-01-28 21:25:00,MAITRI,-1.32,61.77,965.25,63.23,1.93,72.03,12.01,36.0,1047.01,50.42,3570.84,24
2016-01-28 21:30:00,MAITRI,-1.61,59.23,965.3,64.35,0.46,81.49,13.58,36.0,1042.26,57.04,3570.68,23
2016-01-28 21:35:00,MAITRI,-1.25,57.4,964.92,62.65,0.0,68.41,11.4,36.0,1038.27,47.89,3570.52,23
2016-01-28 21:40:00,MAITRI,-1.14,58.16,965.78,61.37,21.02,66.66,11.11,36.01,1034.38,46.66,3570.35,24
2016-01-28 21:45:00,MAITRI,-1.35,58.82,966.83,62.01,0.0,79.9,13.32,36.01,1029.72,55.93,3570.19,24
2016-01-28 21:50:00,MAITRI,-1.72,58.98,966.43,63.02,0.0,69.45,11.58,36.01,1025.67,48.62,3570.02,24
2016-01-28 21:55:00,MAITRI,-2.04,58.69,965.91,63.8,0.0,71.69,11.95,36.01,1021.48,50.18,3569.85,24
2016-01-28 22:00:00,MAITRI,-1.94,58.83,966.21,61.91,0.0,69.0,11.5,36.01,1017.46,48.3,3569.69,24
2016-01-28 22:05:00,MAITRI,-1.7,59.48,966.89,61.46,0.0,84.22,14.04,36.01,1012.55,58.95,3569.52,24
2016-01-28 22:10:00,MAITRI,-1.51,59.97,967.35,61.79,6.8,76.7,12.78,36.02,1008.07,53.69,3569.35,24
2016-01-28 22:15:00,MAITRI,-1.47,59.88,967.34,62.62,7.64,81.23,13.54,36.02,1003.33,56.86,3569.19,24
2016-01-28 22:20:00,MAITRI,-1.73,60.42,967.21,61.3,1.59,77.27,12.88,36.02,998.83,54.09,3569.02,24
2016-01-28 22:25:00,MAITRI,-1.65,59.9,967.28,62.57,5.84,72.52,12.09,36.02,994.6,50.76,3568.86,23
2016-01-28 22:30:00,MAITRI,-1.37,60.48,968.03,62.09,4.84,75.67,12.61,36.03,990.18,52.97,3568.71,22
2016-01-28 22:35:00,MAITRI,-1.56,60.75,968.18,61.19,4.92,69.5,11.58,36.03,986.13,48.65,3568.56,22
2016-01-28 22:40:00,MAITRI,-1.13,60.55,967.79,59.83,6.71,76.29,12.72,36.03,981.68,53.41,3568.4,23
2016-01-28 22:45:00,MAITRI,-1.04,60.6,967.88,58.67,0.0,81.06,13.51,36.03,976.95,56.74,3568.24,22
2016-01-28 22:50:00,MAITRI,-1.08,60.21,967.83,57.9,0.0,70.95,11.83,36.03,972.81,49.67,3568.09,22
2016-01-28 22:55:00,MAITRI,-1.43,60.05,968.01,57.76,6.8,65.73,10.95,36.04,968.98,46.01,3567.94,22
2016-01-28 23:00:00,MAITRI,-1.27,60.7,967.82,58.21,9.74,75.34,12.56,36.04,964.58,52.74,3567.78,22
2016-01-28 23:05:00,MAITRI,-1.21,60.8,968.39,58.47,0.0,75.69,12.62,36.04,960.17,52.99,3567.63,22
2016-01-28 23:10:00,MAITRI,-1.21,60.88,968.23,56.98,15.5,81.93,13.66,36.05,955.39,57.35,3567.48,22
2016-01-28 23:15:00,MAITRI,-1.56,60.3,967.79,59.9,0.0,69.08,11.51,36.05,951.36,48.35,3567.33,22
2016-01-28 23:20:00,MAITRI,-1.95,60.41,967.12,60.59,0.0,77.7,12.95,36.05,946.82,54.39,3567.17,22
2016-01-28 23:25:00,MAITRI,-2.09,60.99,966.44,60.69,0.0,79.67,13.28,36.05,942.18,55.77,3567.03,21
2016-01-28 23:30:00,MAITRI,-2.16,61.37,966.2,60.96,0.88,67.9,11.32,36.05,938.22,47.53,3566.87,23
2016-01-28 23:35:00,MAITRI,-2.24,61.75,967.03,61.79,19.34,42.09,7.02,36.06,935.76,29.47,3566.72,22
2016-01-28 23:40:00,MAITRI,-2.44,61.59,966.88,60.39,7.96,42.74,7.12,36.06,933.27,29.92,3566.56,22
2016-01-28 23:45:00,MAITRI,-2.47,61.97,966.98,61.42,1.0,41.82,6.97,36.05,930.83,29.27,3566.42,21
2016-01-28 23:50:00,MAITRI,-2.51,61.88,966.57,63.87,0.0,42.0,7.0,36.03,928.38,29.4,3566.26,22
2016-01-28 23:55:00,MAITRI,-2.56,61.84,967.62,64.26,0.0,42.39,7.07,36.02,925.91,29.67,3566.11,22
2016-01-29 00:00:00,MAITRI,-2.4,61.87,967.75,63.77,7.61,42.26,7.04,36.01,923.44,29.58,3565.96,22
2016-01-29 00:05:00,MAITRI,-2.44,62.11,967.72,62.04,1.7,43.7,7.28,36.01,920.89,30.59,3565.81,22
2016-01-29 00:10:00,MAITRI,-2.54,62.35,967.8,63.38,0.0,43.9,7.32,36.01,918.33,30.73,3565.66,21
2016-01-29 00:15:00,MAITRI,-2.28,62.2,967.5,61.23,0.76,43.58,7.26,36.01,915.79,30.5,3565.51,21
2016-01-29 00:20:00,MAITRI,-1.81,61.33,966.99,59.35,0.35,42.96,7.16,36.01,913.28,30.07,3565.36,22
2016-01-29 00:25:00,MAITRI,-1.56,61.81,967.02,57.75,0.0,43.12,7.19,36.01,910.77,30.19,3565.2,23
2016-01-29 00:30:00,MAITRI,-1.97,62.18,967.42,58.38,0.0,43.86,7.31,36.01,908.21,30.7,3565.04,23
2016-01-29 00:35:00,MAITRI,-2.1,62.71,967.1,59.0,6.16,41.25,6.87,35.97,905.8,28.87,3564.88,23
2016-01-29 00:40:00,MAITRI,-2.26,62.79,966.83,57.87,10.7,43.21,7.2,35.97,903.28,30.25,3564.72,24
2016-01-29 00:45:00,MAITRI,-2.17,62.56,967.59,58.34,4.58,45.09,7.52,35.98,900.65,31.57,3564.55,24
2016-01-29 00:50:00,MAITRI,-2.58,62.69,966.29,60.1,0.0,43.7,7.28,35.97,898.1,30.59,3564.38,24
2016-01-29 00:55:00,MAITRI,-2.66,62.67,966.2,61.55,3.18,42.91,7.15,35.96,895.6,30.03,3564.22,23
2016-01-29 01:00:00,MAITRI,-2.68,61.96,966.58,62.72,0.0,44.27,7.38,35.96,893.02,30.99,3564.07,22
2016-01-29 01:05:00,MAITRI,-2.85,61.54,966.21,60.95,0.0,43.23,7.2,35.96,890.5,30.26,3563.92,22
2016-01-29 01:10:00,MAITRI,-2.74,61.7,966.32,60.26,0.0,43.56,7.26,35.96,887.95,30.49,3563.76,22
2016-01-29 01:15:00,MAITRI,-2.48,62.11,966.38,59.25,9.72,43.62,7.27,35.97,885.41,30.53,3563.6,23
2016-01-29 01:20:00,MAITRI,-2.57,62.12,966.2,62.12,7.41,46.04,7.67,35.97,882.72,32.23,3563.44,23
2016-01-29 01:25:00,MAITRI,-2.59,62.13,965.43,62.55,0.0,43.38,7.23,35.97,880.19,30.37,3563.28,23
2016-01-29 01:30:00,MAITRI,-2.39,62.39,965.56,64.05,0.0,44.45,7.41,35.97,877.6,31.12,3563.13,22
2016-01-29 01:35:00,MAITRI,-2.4,62.96,966.3,63.16,0.0,43.8,7.3,35.97,875.05,30.66,3562.99,21
2016-01-29 01:40:00,MAITRI,-2.73,63.34,965.48,63.48,0.0,44.35,7.39,35.97,872.46,31.04,3562.83,22
2016-01-29 01:45:00,MAITRI,-2.89,63.47,965.32,63.41,0.0,45.4,7.57,35.97,869.81,31.78,3562.68,22
2016-01-29 01:50:00,MAITRI,-2.79,63.16,965.24,63.12,0.0,43.28,7.21,35.97,867.29,30.3,3562.53,21
2016-01-29 01:55:00,MAITRI,-2.71,62.82,966.07,61.35,0.0,41.27,6.88,35.95,864.88,28.89,3562.4,20
2016-01-29 02:00:00,MAITRI,-2.92,63.19,966.15,59.73,3.41,41.24,6.87,35.94,862.47,28.87,3562.26,20
2016-01-29 02:05:00,MAITRI,-2.89,63.22,966.25,59.46,0.0,41.19,6.87,35.91,860.07,28.83,3562.11,21
2016-01-29 02:10:00,MAITRI,-3.15,62.88,966.5,57.58,0.0,42.85,7.14,35.9,857.57,30.0,3561.96,22
2016-01-29 02:15:00,MAITRI,-3.2,63.3,966.58,57.51,0.0,45.06,7.51,35.9,854.94,31.54,3561.81,22
2016-01-29 02:20:00,MAITRI,-3.22,62.95,966.68,56.24,8.08,41.45,6.91,35.88,852.52,29.01,3561.65,23
2016-01-29 02:25:00,MAITRI,-3.27,63.17,966.4,54.61,6.56,42.24,7.04,35.86,850.06,29.57,3561.49,23
2016-01-29 02:30:00,MAITRI,-3.51,63.14,966.93,57.1,0.0,42.84,7.14,35.85,847.56,29.99,3561.33,22
2016-01-29 02:35:00,MAITRI,-3.52,63.35,966.61,55.82,2.73,44.26,7.38,35.85,844.98,30.98,3561.18,22
2016-01-29 02:40:00,MAITRI,-3.22,62.83,966.75,55.89,13.18,42.86,7.14,35.86,842.48,30.0,3561.03,22
2016-01-29 02:45:00,MAITRI,-3.08,62.46,966.83,55.98,3.58,42.49,7.08,35.86,840.0,29.74,3560.88,21
2016-01-29 02:50:00,MAITRI,-3.83,63.09,965.61,57.84,0.0,42.93,7.16,35.86,837.5,30.05,3560.73,22
2016-01-29 02:55:00,MAITRI,-3.92,63.12,965.5,57.56,0.0,43.15,7.19,35.86,834.98,30.21,3560.58,22
2016-01-29 03:00:00,MAITRI,-3.92,62.51,965.47,56.38,10.78,43.13,7.19,35.86,832.46,30.19,3560.42,23
2016-01-29 03:05:00,MAITRI,-3.8,62.22,965.77,55.29,0.0,44.96,7.49,35.86,829.84,31.48,3560.26,23
2016-01-29 03:10:00,MAITRI,-3.57,62.64,966.19,54.23,0.0,42.13,7.02,35.84,827.38,29.49,3560.1,23
2016-01-29 03:15:00,MAITRI,-3.73,62.13,965.74,56.61,0.0,44.55,7.43,35.84,824.78,31.19,3559.93,24
2016-01-29 03:20:00,MAITRI,-3.8,62.63,965.7,57.98,0.0,43.17,7.19,35.83,822.27,30.22,3559.77,23
2016-01-29 03:25:00,MAITRI,-3.42,62.95,965.85,57.77,0.0,42.75,7.13,35.82,819.77,29.93,3559.62,22
2016-01-29 03:30:00,MAITRI,-2.99,63.25,965.73,58.96,1.55,43.3,7.22,35.83,817.25,30.31,3559.47,22
2016-01-29 03:35:00,MAITRI,-3.15,62.86,965.83,60.33,0.0,42.54,7.09,35.81,814.76,29.78,3559.31,22
2016-01-29 03:40:00,MAITRI,-3.08,63.01,966.06,58.98,9.17,42.96,7.16,35.82,812.26,30.07,3559.16,22
2016-01-29 03:45:00,MAITRI,-2.76,62.46,966.4,57.11,5.21,43.3,7.22,35.82,809.73,30.31,3559.01,21
2016-01-29 03:50:00,MAITRI,-2.56,61.95,966.15,56.58,2.37,41.84,6.97,35.8,807.29,29.28,3558.86,22
2016-01-29 03:55:00,MAITRI,-2.97,61.9,966.75,59.26,5.55,42.01,7.0,35.79,804.84,29.41,3558.71,22
2016-01-29 04:00:00,MAITRI,-2.74,62.02,966.96,62.19,7.28,43.68,7.28,35.8,802.29,30.57,3558.56,22
2016-01-29 04:05:00,MAITRI,-2.86,62.68,967.2,63.66,0.0,44.08,7.35,35.8,799.72,30.86,3558.4,23
2016-01-29 04:10:00,MAITRI,-2.76,62.0,966.84,66.18,0.0,46.79,7.8,35.8,796.99,32.75,3558.24,23
2016-01-29 04:15:00,MAITRI,-2.42,61.56,967.05,66.3,2.18,43.17,7.19,35.79,794.47,30.22,3558.08,23
2016-01-29 04:20:00,MAITRI,-2.1,61.2,967.39,63.29,0.0,44.06,7.34,35.79,791.9,30.84,3557.91,24
2016-01-29 04:25:00,MAITRI,-2.03,61.26,967.29,65.66,0.0,41.77,6.96,35.76,789.47,29.24,3557.74,24
2016-01-29 04:30:00,MAITRI,-2.16,61.61,966.68,64.19,7.21,44.47,7.41,35.76,786.87,31.13,3557.58,23
2016-01-29 04:35:00,MAITRI,-2.47,61.43,967.24,65.29,0.0,45.71,7.62,35.76,784.21,32.0,3557.42,24
2016-01-29 04:40:00,MAITRI,-2.46,61.87,967.11,64.96,0.0,44.73,7.46,35.76,781.6,31.31,3557.25,24
2016-01-29 04:45:00,MAITRI,-2.4,56.38,966.96,62.28,3.4,43.39,7.23,35.76,779.07,30.37,3557.08,25
2016-01-29 04:50:00,MAITRI,-2.57,57.16,966.63,60.95,13.75,44.44,7.41,35.76,776.47,31.11,3556.9,25
2016-01-29 04:55:00,MAITRI,-2.51,57.82,967.21,60.32,0.0,43.92,7.32,35.76,773.91,30.75,3556.73,25
2016-01-29 05:00:00,MAITRI,-2.57,58.6,966.66,60.81,0.0,43.64,7.27,35.76,771.37,30.55,3556.56,25
2016-01-29 05:05:00,MAITRI,-2.98,58.73,966.08,61.74,0.0,45.38,7.56,35.76,768.72,31.77,3556.38,25
2016-01-29 05:10:00,MAITRI,-3.27,58.69,965.71,62.84,0.0,45.04,7.51,35.76,766.09,31.53,3556.21,25
2016-01-29 05:15:00,MAITRI,-2.99,59.5,965.63,61.05,0.08,42.61,7.1,35.74,763.61,29.82,3556.04,24
2016-01-29 05:20:00,MAITRI,-3.06,60.05,964.98,60.39,4.75,41.56,6.93,35.71,761.18,29.09,3555.88,23
2016-01-29 05:25:00,MAITRI,-3.02,58.01,965.84,58.31,7.26,41.65,6.94,35.7,758.75,29.16,3555.73,22
2016-01-29 05:30:00,MAITRI,-3.08,58.57,966.07,56.85,8.63,41.92,6.99,35.69,756.31,29.34,3555.57,23
2016-01-29 05:35:00,MAITRI,-2.9,58.9,965.98,55.25,0.0,43.31,7.22,35.69,753.78,30.32,3555.41,23
2016-01-29 05:40:00,MAITRI,-2.54,56.36,965.77,56.54,16.56,42.74,7.12,35.7,751.29,29.92,3555.24,24
2016-01-29 05:45:00,MAITRI,-2.44,56.68,965.87,55.13,9.08,42.07,7.01,35.69,748.83,29.45,3555.08,24
2016-01-29 05:50:00,MAITRI,-2.84,57.16,965.53,56.58,0.0,41.8,6.97,35.67,746.39,29.26,3554.92,23
2016-01-29 05:55:00,MAITRI,-2.94,58.15,965.71,55.12,14.09,44.14,7.36,35.68,743.82,30.9,3554.75,24
2016-01-29 06:00:00,MAITRI,-2.4,58.71,965.62,56.5,16.68,43.3,7.22,35.68,741.29,30.31,3554.58,24
2016-01-29 06:05:00,MAITRI,-1.86,59.03,965.84,57.77,0.0,42.53,7.09,35.67,738.81,29.77,3554.42,23
2016-01-29 06:10:00,MAITRI,-1.91,60.14,965.93,57.7,17.81,42.48,7.08,35.68,736.34,29.74,3554.27,22
2016-01-29 06:15:00,MAITRI,-1.73,60.75,965.77,56.53,33.22,42.26,7.04,35.7,733.87,29.58,3554.11,23
2016-01-29 06:20:00,MAITRI,-1.88,60.51,965.76,56.26,40.82,43.75,7.29,35.72,731.32,30.63,3553.94,24
2016-01-29 06:25:00,MAITRI,-2.55,60.34,966.37,58.66,63.21,40.7,6.78,35.75,728.94,28.49,3553.78,23
2016-01-29 06:30:00,MAITRI,-2.4,60.25,966.13,55.94,65.25,39.13,6.52,35.77,726.66,27.39,3553.63,22
2016-01-29 06:35:00,MAITRI,-2.21,60.67,966.18,58.45,84.58,38.76,6.46,35.8,721.17,65.87,3553.48,22
2016-01-29 06:40:00,MAITRI,-2.25,60.77,965.99,61.15,89.41,40.93,6.82,35.84,716.3,58.52,3553.33,22
2016-01-29 06:45:00,MAITRI,-2.41,61.56,965.91,60.82,99.34,37.37,6.23,35.86,710.81,65.83,3553.17,22
2016-01-29 06:50:00,MAITRI,-2.39,62.01,966.11,59.09,105.08,40.12,6.69,35.92,705.66,61.83,3553.02,22
2016-01-29 06:55:00,MAITRI,-2.31,62.34,966.44,57.33,114.57,36.62,6.1,35.94,699.97,68.19,3552.87,22
2016-01-29 07:00:00,MAITRI,-2.72,62.59,966.74,59.74,154.27,36.95,6.16,36.02,695.7,51.25,3552.72,22
2016-01-29 07:05:00,MAITRI,-2.58,62.91,967.03,59.12,136.75,37.99,6.33,36.09,689.93,69.27,3552.56,23
2016-01-29 07:10:00,MAITRI,-2.54,63.36,966.76,57.96,163.24,38.38,6.4,36.18,684.76,62.02,3552.4,23
2016-01-29 07:15:00,MAITRI,-2.0,63.14,966.94,59.31,165.88,35.78,5.96,36.25,679.73,60.33,3552.24,22
2016-01-29 07:20:00,MAITRI,-1.92,63.27,967.34,58.21,160.07,37.32,6.22,36.34,675.8,47.25,3552.08,23
2016-01-29 07:25:00,MAITRI,-1.54,62.83,967.82,56.32,175.04,38.93,6.49,36.43,670.98,57.86,3551.92,23
2016-01-29 07:30:00,MAITRI,-1.49,59.82,967.18,55.66,202.63,36.54,6.09,36.53,666.07,58.89,3551.76,23
2016-01-29 07:35:00,MAITRI,-1.33,59.81,966.82,55.06,196.05,33.27,5.55,36.6,660.97,61.18,3551.6,23
2016-01-29 07:40:00,MAITRI,-1.41,60.17,966.79,53.87,224.12,36.18,6.03,36.71,656.81,49.89,3551.44,23
2016-01-29 07:45:00,MAITRI,-1.34,60.08,966.5,53.04,239.73,33.2,5.53,36.82,651.58,62.84,3551.28,24
2016-01-29 07:50:00,MAITRI,-1.26,59.86,966.56,51.69,255.97,32.51,5.42,36.95,649.68,22.75,3551.12,23
2016-01-29 07:55:00,MAITRI,-1.08,59.59,966.42,51.23,247.46,34.58,5.76,37.07,647.66,24.21,3550.96,23
2016-01-29 08:00:00,MAITRI,-1.07,60.11,966.28,50.92,250.5,33.6,5.6,37.2,645.7,23.52,3550.79,24
2016-01-29 08:05:00,MAITRI,-1.21,60.32,965.67,53.51,259.89,35.24,5.87,37.34,643.65,24.67,3550.61,26
2016-01-29 08:10:00,MAITRI,-1.19,60.88,965.03,53.24,279.25,36.38,6.06,37.48,641.52,25.47,3550.42,27
2016-01-29 08:15:00,MAITRI,-1.39,60.59,965.15,54.45,279.47,34.14,5.69,37.63,639.53,23.9,3550.24,27
2016-01-29 08:20:00,MAITRI,-1.18,60.85,965.03,53.28,295.84,34.51,5.75,37.78,637.52,24.15,3550.05,27
2016-01-29 08:25:00,MAITRI,-1.15,60.96,965.24,55.23,298.97,35.36,5.89,37.94,635.46,24.75,3549.87,26
2016-01-29 08:30:00,MAITRI,-1.13,60.71,965.15,55.53,332.92,31.67,5.28,38.11,633.61,22.17,3549.69,26
2016-01-29 08:35:00,MAITRI,-0.99,61.14,966.07,54.85,332.82,31.55,5.26,38.29,631.77,22.08,3549.51,25
2016-01-29 08:40:00,MAITRI,-1.05,61.05,966.54,54.4,328.32,32.96,5.49,38.46,629.85,23.07,3549.33,26
2016-01-29 08:45:00,MAITRI,-0.92,60.9,966.55,52.89,350.38,30.68,5.11,38.64,628.06,21.48,3549.15,26
2016-01-29 08:50:00,MAITRI,-0.76,61.13,966.76,51.75,366.13,30.01,5.0,38.82,626.31,21.01,3548.97,27
2016-01-29 08:55:00,MAITRI,-1.4,60.01,965.61,53.55,361.76,30.64,5.11,39.01,624.52,21.45,3548.77,28
2016-01-29 09:00:00,MAITRI,-1.37,60.79,965.64,51.83,367.52,30.66,5.11,39.2,622.73,21.46,3548.58,28
2016-01-29 09:05:00,MAITRI,-1.12,60.84,965.8,54.01,382.5,30.95,5.16,39.4,620.93,21.67,3548.38,28
2016-01-29 09:10:00,MAITRI,-0.88,60.59,965.81,52.28,386.82,30.69,5.12,39.6,619.14,21.48,3548.19,28
2016-01-29 09:15:00,MAITRI,-0.74,59.22,965.82,51.01,387.19,30.98,5.16,39.8,617.33,21.69,3547.99,29
2016-01-29 09:20:00,MAITRI,-0.83,60.12,966.49,50.02,410.24,29.56,4.93,40.01,615.6,20.69,3547.78,29
2016-01-29 09:25:00,MAITRI,-0.48,59.76,966.79,48.1,411.01,28.22,4.7,40.21,613.96,19.75,3547.58,29
2016-01-29 09:30:00,MAITRI,-1.06,59.83,966.11,49.96,424.52,31.22,5.2,40.43,612.14,21.85,3547.38,29
2016-01-29 09:35:00,MAITRI,-0.89,60.19,965.76,49.46,425.88,31.13,5.19,40.65,610.32,21.79,3547.19,28
2016-01-29 09:40:00,MAITRI,-0.79,60.36,966.04,50.56,444.26,27.92,4.65,40.88,608.69,19.55,3547.0,27
2016-01-29 09:45:00,MAITRI,-0.87,60.49,965.74,50.42,447.51,28.78,4.8,41.12,607.01,20.15,3546.81,27
2016-01-29 09:50:00,MAITRI,-0.77,60.42,965.45,50.54,450.36,28.51,4.75,41.35,605.35,19.96,3546.62,27
2016-01-29 09:55:00,MAITRI,-0.53,60.66,965.34,50.45,437.39,28.06,4.68,41.58,603.71,19.64,3546.44,27
2016-01-29 10:00:00,MAITRI,-0.43,60.58,965.08,50.38,453.22,59.12,9.85,41.81,600.26,41.39,3546.24,28
2016-01-29 10:05:00,MAITRI,-0.22,60.71,965.59,50.35,454.38,56.56,9.43,42.05,596.96,39.59,3546.05,28
2016-01-29 10:10:00,MAITRI,-0.11,61.79,965.62,48.12,484.58,55.75,9.29,42.3,593.71,39.03,3545.86,27
2016-01-29 10:15:00,MAITRI,-0.06,61.32,965.23,47.62,485.31,48.09,8.01,42.56,590.91,33.66,3545.67,27
2016-01-29 10:20:00,MAITRI,-0.69,62.13,964.37,49.61,473.16,51.27,8.55,42.8,587.92,35.89,3545.49,26
2016-01-29 10:25:00,MAITRI,-0.33,58.64,964.19,48.32,493.37,50.7,8.45,43.06,584.96,35.49,3545.31,26
2016-01-29 10:30:00,MAITRI,-0.33,59.24,963.77,48.22,488.46,56.7,9.45,43.32,581.65,39.69,3545.13,26
2016-01-29 10:35:00,MAITRI,-0.53,59.21,964.36,49.65,492.9,63.13,10.52,43.57,577.97,44.19,3544.95,26
2016-01-29 10:40:00,MAITRI,-0.47,59.41,964.81,49.35,505.04,59.3,9.88,43.84,574.51,41.51,3544.77,26
2016-01-29 10:45:00,MAITRI,-0.17,58.99,965.01,51.47,501.15,59.09,9.85,44.1,571.06,41.36,3544.59,26
2016-01-29 10:50:00,MAITRI,-0.35,59.49,965.19,53.49,503.06,48.78,8.13,44.36,568.22,34.14,3544.41,26
2016-01-29 10:55:00,MAITRI,-0.11,59.88,965.22,52.01,505.2,60.83,10.14,44.62,564.67,42.58,3544.23,26
2016-01-29 11:00:00,MAITRI,0.14,58.18,965.31,50.79,529.24,59.03,9.84,44.9,561.23,41.32,3544.05,26
2016-01-29 11:05:00,MAITRI,-0.11,58.99,964.78,52.09,513.93,52.24,8.71,45.17,558.18,36.57,3543.87,26
2016-01-29 11:10:00,MAITRI,0.11,60.28,965.49,50.27,525.16,55.43,9.24,45.44,554.94,38.8,3543.69,26
2016-01-29 11:15:00,MAITRI,0.29,60.49,965.69,49.17,526.12,62.8,10.47,45.71,551.28,43.96,3543.51,26
2016-01-29 11:20:00,MAITRI,0.4,60.93,965.89,48.0,533.45,55.98,9.33,45.99,548.02,39.19,3543.33,25
2016-01-29 11:25:00,MAITRI,-0.11,60.65,966.36,49.22,521.07,46.23,7.7,46.26,545.32,32.36,3543.16,25
2016-01-29 11:30:00,MAITRI,0.05,60.58,966.38,51.0,527.54,43.37,7.23,46.54,542.79,30.36,3542.98,26
2016-01-29 11:35:00,MAITRI,0.4,61.39,967.09,50.37,525.03,23.15,3.86,46.79,541.44,16.21,3542.78,28
2016-01-29 11:40:00,MAITRI,0.56,61.5,967.24,48.89,528.46,24.98,4.16,47.06,539.98,17.48,3542.58,29
2016-01-29 11:45:00,MAITRI,0.38,61.4,967.21,50.44,528.97,23.51,3.92,47.32,538.61,16.46,3542.39,28
2016-01-29 11:50:00,MAITRI,0.48,62.05,967.27,48.4,539.74,24.01,4.0,47.6,537.21,16.81,3542.19,28
2016-01-29 11:55:00,MAITRI,0.44,61.59,967.25,48.01,546.88,20.92,3.49,47.84,535.99,14.64,3542.0,28
2016-01-29 12:00:00,MAITRI,0.3,61.38,967.08,49.55,524.36,24.35,4.06,48.11,534.57,17.05,3541.81,27
2016-01-29 12:05:00,MAITRI,0.08,62.12,967.15,50.78,525.38,25.39,4.23,48.39,533.09,17.77,3541.62,28
2016-01-29 12:10:00,MAITRI,0.34,57.73,967.13,49.67,530.88,23.56,3.93,48.66,531.71,16.49,3541.43,27
2016-01-29 12:15:00,MAITRI,0.5,58.67,967.47,49.32,523.28,23.29,3.88,48.93,530.36,16.3,3541.24,27
2016-01-29 12:20:00,MAITRI,0.59,58.67,967.87,51.2,534.02,25.94,4.32,49.2,528.84,18.16,3541.05,28
2016-01-29 12:25:00,MAITRI,0.4,58.8,967.86,52.27,534.28,25.09,4.18,49.48,527.38,17.56,3540.85,29
2016-01-29 12:30:00,MAITRI,0.43,59.6,967.04,52.97,513.07,23.69,3.95,49.73,526.0,16.58,3540.65,28
2016-01-29 12:35:00,MAITRI,0.71,56.09,966.96,51.92,523.98,25.02,4.17,50.0,524.54,17.51,3540.46,28
2016-01-29 12:40:00,MAITRI,0.63,56.61,966.88,50.4,519.72,23.77,3.96,50.26,523.15,16.64,3540.26,28
2016-01-29 12:45:00,MAITRI,0.7,57.64,966.9,50.5,530.62,26.07,4.35,50.54,521.63,18.25,3540.08,27
2016-01-29 12:50:00,MAITRI,0.49,57.91,966.58,50.39,516.37,22.23,3.7,50.78,520.33,15.56,3539.89,27
2016-01-29 12:55:00,MAITRI,0.85,58.45,966.65,49.76,504.72,23.89,3.98,51.03,518.94,16.72,3539.7,27
2016-01-29 13:00:00,MAITRI,0.96,58.8,966.23,49.45,514.58,24.58,4.1,51.29,517.51,17.2,3539.51,28
2016-01-29 13:05:00,MAITRI,1.04,59.52,966.33,48.18,491.91,25.9,4.32,51.55,516.0,18.13,3539.31,28
2016-01-29 13:10:00,MAITRI,1.19,59.17,965.78,48.4,533.97,23.94,3.99,51.83,514.6,16.76,3539.12,28
2016-01-29 13:15:00,MAITRI,1.23,59.5,965.88,48.78,512.29,22.91,3.82,52.06,513.26,16.04,3538.92,28
2016-01-29 13:20:00,MAITRI,1.08,55.87,965.98,51.32,496.38,23.81,3.97,52.3,511.87,16.67,3538.74,27
2016-01-29 13:25:00,MAITRI,0.92,56.05,965.88,52.36,493.73,24.39,4.06,52.55,510.45,17.07,3538.55,27
2016-01-29 13:30:00,MAITRI,0.98,56.39,965.43,52.54,488.14,25.3,4.22,52.8,508.97,17.71,3538.35,28
2016-01-29 13:35:00,MAITRI,1.26,56.26,965.77,51.06,483.07,26.0,4.33,53.05,507.46,18.2,3538.17,27
2016-01-29 13:40:00,MAITRI,1.36,56.85,965.77,50.88,471.99,24.57,4.1,53.27,506.02,17.2,3537.97,28
2016-01-29 13:45:00,MAITRI,1.53,57.62,965.45,49.4,489.12,25.99,4.33,53.52,504.51,18.19,3537.78,28
2016-01-29 13:50:00,MAITRI,1.61,58.21,965.81,48.19,470.45,26.57,4.43,53.77,502.96,18.6,3537.58,28
2016-01-29 13:55:00,MAITRI,1.76,58.8,966.14,47.08,481.38,25.18,4.2,54.0,501.49,17.62,3537.39,28
2016-01-29 14:00:00,MAITRI,1.46,58.95,965.32,47.81,452.74,25.66,4.28,54.21,499.99,17.97,3537.19,28
2016-01-29 14:05:00,MAITRI,1.21,59.38,965.32,48.02,460.16,25.74,4.29,54.43,498.49,18.02,3537.0,28
2016-01-29 14:10:00,MAITRI,1.3,59.22,965.3,47.48,450.91,28.38,4.73,54.67,496.84,19.86,3536.81,28
2016-01-29 14:15:00,MAITRI,1.47,59.93,965.37,46.58,432.7,25.37,4.23,54.84,495.36,17.76,3536.61,28
2016-01-29 14:20:00,MAITRI,1.41,60.51,965.34,49.42,429.33,28.21,4.7,55.07,493.71,19.75,3536.42,28
2016-01-29 14:25:00,MAITRI,1.6,60.78,964.86,49.69,422.84,29.53,4.92,55.29,491.99,20.67,3536.23,27
2016-01-29 14:30:00,MAITRI,1.71,61.58,965.53,49.02,420.84,27.65,4.61,55.49,490.37,19.35,3536.04,27
2016-01-29 14:35:00,MAITRI,1.78,61.77,965.88,48.51,412.23,29.58,4.93,55.71,488.65,20.71,3535.85,28
2016-01-29 14:40:00,MAITRI,1.51,61.68,965.7,49.63,395.91,29.5,4.92,55.91,486.93,20.65,3535.66,27
2016-01-29 14:45:00,MAITRI,1.32,56.53,966.28,50.21,402.61,26.93,4.49,56.1,485.36,18.85,3535.47,27
2016-01-29 14:50:00,MAITRI,1.31,57.14,966.56,49.61,383.77,29.68,4.95,56.3,483.63,20.78,3535.28,27
2016-01-29 14:55:00,MAITRI,1.29,57.58,966.32,50.04,386.4,29.07,4.85,56.5,481.93,20.35,3535.1,26
2016-01-29 15:00:00,MAITRI,1.47,58.19,966.36,48.37,386.72,28.94,4.82,56.7,480.24,20.26,3534.92,26
2016-01-29 15:05:00,MAITRI,1.25,58.62,966.56,47.81,361.72,28.42,4.74,56.86,478.58,19.9,3534.74,26
2016-01-29 15:10:00,MAITRI,1.33,59.04,967.52,47.4,361.78,29.24,4.87,57.03,476.88,20.47,3534.56,26
2016-01-29 15:15:00,MAITRI,1.43,59.38,967.45,46.29,349.38,29.52,4.92,57.2,475.16,20.67,3534.38,26
2016-01-29 15:20:00,MAITRI,1.44,59.76,967.17,46.67,338.53,30.14,5.02,57.36,473.4,21.1,3534.2,26
2016-01-29 15:25:00,MAITRI,0.98,59.04,967.26,48.43,328.39,29.74,4.96,57.5,471.66,20.82,3534.02,26
2016-01-29 15:30:00,MAITRI,1.2,59.59,966.59,48.61,333.46,32.23,5.37,57.68,469.78,22.56,3533.84,26
2016-01-29 15:35:00,MAITRI,1.18,59.9,966.49,50.64,295.59,34.11,5.68,57.83,467.79,23.88,3533.65,27
2016-01-29 15:40:00,MAITRI,1.17,60.41,966.51,52.62,302.96,34.9,5.82,57.99,465.76,24.43,3533.47,27
2016-01-29 15:45:00,MAITRI,0.99,60.75,966.25,51.24,286.41,32.8,5.47,58.14,463.84,22.96,3533.29,25
2016-01-29 15:50:00,MAITRI,1.14,60.68,966.26,50.11,286.02,34.52,5.75,58.29,461.83,24.16,3533.12,25
2016-01-29 15:55:00,MAITRI,1.29,60.72,965.83,50.36,281.58,32.71,5.45,58.43,459.92,22.9,3532.95,24
2016-01-29 16:00:00,MAITRI,1.33,61.23,965.81,49.71,266.64,33.23,5.54,58.57,457.98,23.26,3532.78,24
2016-01-29 16:05:00,MAITRI,1.23,61.41,965.09,50.96,255.41,32.1,5.35,58.69,456.11,22.47,3532.62,23
2016-01-29 16:10:00,MAITRI,1.32,61.8,964.93,50.41,240.44,34.74,5.79,58.81,454.09,24.31,3532.46,24
2016-01-29 16:15:00,MAITRI,1.27,61.89,965.22,48.94,238.57,33.59,5.6,58.91,452.13,23.51,3532.28,25
2016-01-29 16:20:00,MAITRI,1.23,61.22,966.0,49.72,217.23,33.87,5.64,58.99,450.15,23.71,3532.1,26
2016-01-29 16:25:00,MAITRI,0.97,60.77,966.11,51.09,210.86,36.38,6.06,59.1,448.03,25.47,3531.93,25
2016-01-29 16:30:00,MAITRI,0.84,60.93,965.53,51.35,198.67,35.78,5.96,59.19,445.94,25.05,3531.75,26
2016-01-29 16:35:00,MAITRI,0.76,61.01,964.57,52.47,185.19,39.22,6.54,59.28,443.65,27.45,3531.58,25
2016-01-29 16:40:00,MAITRI,0.79,60.95,964.83,54.44,177.54,38.05,6.34,59.38,441.43,26.63,3531.41,24
2016-01-29 16:45:00,MAITRI,0.78,60.19,965.08,53.65,166.51,39.14,6.52,59.46,439.15,27.4,3531.24,25
2016-01-29 16:50:00,MAITRI,0.83,60.26,965.02,52.89,161.52,38.66,6.44,59.55,436.9,27.06,3531.06,26
2016-01-29 16:55:00,MAITRI,0.67,60.83,965.21,54.07,140.17,36.07,6.01,59.57,434.79,25.25,3530.88,25
2016-01-29 17:00:00,MAITRI,0.78,61.16,965.57,52.11,149.93,38.22,6.37,59.65,432.56,26.75,3530.72,24
2016-01-29 17:05:00,MAITRI,0.89,61.78,965.11,51.77,130.78,38.53,6.42,59.71,430.32,26.97,3530.54,25
2016-01-29 17:10:00,MAITRI,0.8,60.97,965.13,51.85,113.9,39.93,6.65,59.77,427.99,27.95,3530.36,26
2016-01-29 17:15:00,MAITRI,0.68,60.87,965.1,53.58,102.15,40.85,6.81,59.82,425.6,28.6,3530.19,25
2016-01-29 17:20:00,MAITRI,0.37,61.22,965.54,54.56,90.99,38.79,6.47,59.84,423.34,27.15,3530.02,24
2016-01-29 17:25:00,MAITRI,-0.16,61.45,964.65,55.89,65.72,39.88,6.65,59.85,421.01,27.91,3529.85,24
2016-01-29 17:30:00,MAITRI,-0.19,61.56,964.52,54.7,47.47,40.64,6.77,59.85,418.64,28.45,3529.69,24
2016-01-29 17:35:00,MAITRI,-0.06,61.48,964.49,53.21,57.05,41.22,6.87,59.87,416.24,28.85,3529.51,25
2016-01-29 17:40:00,MAITRI,0.19,61.53,964.7,51.42,58.14,42.85,7.14,59.9,413.74,29.99,3529.33,26
2016-01-29 17:45:00,MAITRI,0.32,61.76,964.34,50.98,34.56,46.07,7.68,59.92,411.05,32.25,3529.15,26
2016-01-29 17:50:00,MAITRI,0.41,61.7,964.02,51.76,2.81,44.97,7.49,59.92,408.43,31.48,3528.97,26
2016-01-29 17:55:00,MAITRI,0.38,61.36,964.46,52.2,11.82,44.04,7.34,59.92,405.86,30.83,3528.79,26
2016-01-29 18:00:00,MAITRI,0.23,61.24,965.38,53.09,0.0,45.8,7.63,59.92,403.19,32.06,3528.6,28
2016-01-29 18:05:00,MAITRI,0.31,61.23,966.01,53.51,0.0,45.61,7.6,59.92,400.53,31.92,3528.4,28
2016-01-29 18:10:00,MAITRI,0.28,61.85,965.64,53.89,1.23,44.03,7.34,59.89,397.96,30.82,3528.21,28
2016-01-29 18:15:00,MAITRI,0.51,61.86,965.59,52.25,2.48,45.22,7.54,59.89,395.32,31.65,3528.01,28
2016-01-29 18:20:00,MAITRI,0.56,61.74,965.09,52.34,0.0,42.03,7.01,59.83,392.87,29.42,3527.83,27
2016-01-29 18:25:00,MAITRI,0.67,61.72,965.26,52.1,0.0,45.98,7.66,59.83,390.19,32.19,3527.64,27
2016-01-29 18:30:00,MAITRI,0.68,61.8,965.89,51.48,0.0,48.05,8.01,59.83,387.39,33.63,3527.44,28
2016-01-29 18:35:00,MAITRI,0.36,61.42,966.07,53.37,0.0,43.15,7.19,59.8,384.87,30.21,3527.26,27
2016-01-29 18:40:00,MAITRI,0.27,61.71,966.0,52.77,0.0,43.33,7.22,59.77,382.34,30.33,3527.07,27
2016-01-29 18:45:00,MAITRI,-0.05,56.94,966.19,53.82,14.0,41.68,6.95,59.74,379.91,29.18,3526.89,26
2016-01-29 18:50:00,MAITRI,0.07,57.11,966.29,52.71,4.65,43.12,7.19,59.72,377.39,30.18,3526.71,26
2016-01-29 18:55:00,MAITRI,0.24,57.91,966.62,52.29,0.0,46.36,7.73,59.72,374.69,32.45,3526.52,27
2016-01-29 19:00:00,MAITRI,-0.25,58.16,965.86,53.71,7.45,40.94,6.82,59.66,372.3,28.66,3526.33,27
2016-01-29 19:05:00,MAITRI,-0.08,58.43,966.64,54.31,0.0,43.95,7.32,59.65,369.74,30.76,3526.15,26
2016-01-29 19:10:00,MAITRI,-0.53,59.2,966.48,55.56,0.0,46.03,7.67,59.65,367.05,32.22,3525.97,27
2016-01-29 19:15:00,MAITRI,-0.65,59.65,965.71,56.43,0.0,45.22,7.54,59.65,364.41,31.66,3525.78,27
2016-01-29 19:20:00,MAITRI,-0.37,59.82,966.07,55.48,22.75,43.44,7.24,59.65,361.88,30.41,3525.59,27
2016-01-29 19:25:00,MAITRI,-0.37,59.93,966.12,53.73,0.0,45.69,7.61,59.65,359.22,31.98,3525.4,27
2016-01-29 19:30:00,MAITRI,-0.24,60.48,966.15,53.86,0.0,43.84,7.31,59.63,356.66,30.69,3525.22,27
2016-01-29 19:35:00,MAITRI,-0.68,60.07,965.37,55.04,0.0,43.74,7.29,59.62,354.11,30.62,3525.03,26
2016-01-29 19:40:00,MAITRI,-0.51,59.81,965.41,55.58,0.0,45.3,7.55,59.62,351.46,31.71,3524.85,26
2016-01-29 19:45:00,MAITRI,-0.57,60.33,965.8,57.57,4.86,44.48,7.41,59.62,348.87,31.14,3524.67,27
2016-01-29 19:50:00,MAITRI,-0.58,60.26,965.83,58.54,1.71,45.73,7.62,59.62,346.2,32.01,3524.47,28
2016-01-29 19:55:00,MAITRI,-0.39,60.49,965.91,58.75,14.35,44.8,7.47,59.62,343.59,31.36,3524.28,28
2016-01-29 20:00:00,MAITRI,-0.23,60.72,965.98,58.64,12.64,44.37,7.39,59.63,341.0,31.06,3524.09,27
2016-01-29 20:05:00,MAITRI,-0.45,60.07,965.89,58.08,0.0,45.63,7.61,59.63,338.34,31.94,3523.9,27
2016-01-29 20:10:00,MAITRI,-0.57,60.73,965.73,60.45,0.0,44.96,7.49,59.62,335.72,31.47,3523.72,27
2016-01-29 20:15:00,MAITRI,-0.56,61.13,965.71,61.12,0.31,43.0,7.17,59.59,333.21,30.1,3523.53,26
2016-01-29 20:20:00,MAITRI,-0.48,61.86,965.42,61.63,0.0,44.37,7.4,59.59,330.62,31.06,3523.36,25
2016-01-29 20:25:00,MAITRI,-0.41,61.75,965.81,60.07,11.17,43.1,7.18,59.59,328.1,30.17,3523.19,25
2016-01-29 20:30:00,MAITRI,-0.22,62.05,965.96,60.74,8.66,44.15,7.36,59.59,325.53,30.9,3523.01,26
2016-01-29 20:35:00,MAITRI,-0.15,62.45,966.72,60.42,0.0,43.51,7.25,59.58,322.99,30.45,3522.84,24
2016-01-29 20:40:00,MAITRI,-0.25,62.87,965.41,59.9,0.0,45.7,7.62,59.58,320.32,31.99,3522.67,24
2016-01-29 20:45:00,MAITRI,-0.18,63.48,965.62,58.0,0.0,44.12,7.35,59.58,317.75,30.88,3522.51,23
2016-01-29 20:50:00,MAITRI,-0.27,62.86,964.81,57.51,0.0,44.23,7.37,59.58,315.17,30.96,3522.35,23
2016-01-29 20:55:00,MAITRI,-0.47,62.78,964.77,59.18,0.0,39.55,6.59,59.51,312.86,27.68,3522.2,22
2016-01-29 21:00:00,MAITRI,-0.82,62.88,965.27,59.04,0.0,42.7,7.12,59.51,310.37,29.89,3522.05,22
2016-01-29 21:05:00,MAITRI,-1.05,62.96,965.54,58.63,0.0,43.1,7.18,59.5,307.86,30.17,3521.9,22
2016-01-29 21:10:00,MAITRI,-0.88,63.04,966.49,57.61,4.14,42.26,7.04,59.5,305.39,29.58,3521.75,21
2016-01-29 21:15:00,MAITRI,-0.74,62.94,966.57,57.89,5.2,44.02,7.34,59.5,302.83,30.82,3521.6,21
2016-01-29 21:20:00,MAITRI,-1.08,62.86,966.75,59.3,10.43,41.96,6.99,59.5,300.38,29.37,3521.46,21
2016-01-29 21:25:00,MAITRI,-0.89,63.19,967.11,60.93,1.01,43.52,7.25,59.5,297.84,30.46,3521.31,21
2016-01-29 21:30:00,MAITRI,-0.78,63.26,967.13,60.85,8.82,42.02,7.0,59.5,295.39,29.41,3521.17,21
2016-01-29 21:35:00,MAITRI,-0.56,63.42,966.84,60.86,0.0,41.8,6.97,59.48,292.95,29.26,3521.02,21
2016-01-29 21:40:00,MAITRI,-0.62,63.38,966.73,61.2,4.58,43.48,7.25,59.49,290.41,30.43,3520.87,21
2016-01-29 21:45:00,MAITRI,-0.6,62.59,967.15,59.83,7.92,43.8,7.3,59.49,287.86,30.66,3520.73,21
2016-01-29 21:50:00,MAITRI,-0.89,62.35,967.17,58.58,2.86,41.37,6.89,59.47,285.45,28.96,3520.58,21
2016-01-29 21:55:00,MAITRI,-0.64,62.7,967.0,57.84,0.0,41.87,6.98,59.46,283.0,29.31,3520.44,21
2016-01-29 22:00:00,MAITRI,-0.81,63.31,966.87,57.16,7.8,41.14,6.86,59.44,280.6,28.8,3520.29,21
2016-01-29 22:05:00,MAITRI,-1.29,62.99,966.14,60.33,8.83,42.11,7.02,59.43,278.15,29.48,3520.14,22
2016-01-29 22:10:00,MAITRI,-1.54,63.24,966.31,61.76,0.0,43.19,7.2,59.43,275.63,30.24,3519.99,22
2016-01-29 22:15:00,MAITRI,-1.61,62.83,966.37,60.12,0.0,44.11,7.35,59.43,273.05,30.87,3519.83,23
2016-01-29 22:20:00,MAITRI,-1.49,62.78,966.27,60.16,1.66,42.55,7.09,59.41,270.57,29.78,3519.67,23
2016-01-29 22:25:00,MAITRI,-1.82,62.67,966.78,62.36,0.0,43.53,7.25,59.41,268.03,30.47,3519.51,23
2016-01-29 22:30:00,MAITRI,-1.74,62.56,966.98,63.27,4.2,42.76,7.13,59.41,265.54,29.93,3519.35,22
2016-01-29 22:35:00,MAITRI,-1.9,62.62,967.08,63.93,0.0,44.28,7.38,59.41,262.96,30.99,3519.2,22
2016-01-29 22:40:00,MAITRI,-1.69,62.61,967.19,63.82,6.37,45.04,7.51,59.41,260.33,31.53,3519.06,21
2016-01-29 22:45:00,MAITRI,-1.78,62.7,966.03,63.4,13.61,42.05,7.01,59.41,257.88,29.43,3518.9,22
2016-01-29 22:50:00,MAITRI,-1.7,62.72,966.64,64.82,0.0,41.83,6.97,59.38,255.44,29.28,3518.74,23
2016-01-29 22:55:00,MAITRI,-1.29,62.93,966.61,65.27,0.0,43.84,7.31,59.38,252.88,30.69,3518.58,23
2016-01-29 23:00:00,MAITRI,-1.16,62.87,966.73,66.69,0.0,42.96,7.16,59.38,250.37,30.07,3518.43,22
2016-01-29 23:05:00,MAITRI,-1.45,62.91,966.72,65.13,4.8,43.09,7.18,59.38,247.86,30.16,3518.28,22
2016-01-29 23:10:00,MAITRI,-1.14,63.18,966.61,63.15,0.0,43.29,7.22,59.38,245.33,30.3,3518.12,23
2016-01-29 23:15:00,MAITRI,-1.17,63.01,966.79,63.35,8.44,42.14,7.02,59.37,242.88,29.5,3517.97,22
2016-01-29 23:20:00,MAITRI,-1.4,63.46,965.84,64.39,0.0,42.43,7.07,59.35,240.4,29.7,3517.81,23
2016-01-29 23:25:00,MAITRI,-1.1,63.43,965.84,64.35,0.0,43.95,7.33,59.35,237.84,30.77,3517.65,22
2016-01-29 23:30:00,MAITRI,-1.15,63.17,965.83,62.99,7.11,41.48,6.91,59.32,235.42,29.04,3517.49,23
2016-01-29 23:35:00,MAITRI,-0.94,62.15,966.29,63.29,0.69,44.76,7.46,59.32,232.81,31.33,3517.33,24
2016-01-29 23:40:00,MAITRI,-0.8,63.26,966.18,61.86,16.33,44.46,7.41,59.33,230.21,31.12,3517.16,24
2016-01-29 23:45:00,MAITRI,-0.75,63.08,966.6,61.14,0.18,44.0,7.33,59.33,227.65,30.8,3517.0,23
2016-01-29 23:50:00,MAITRI,-0.98,63.38,966.9,62.15,4.33,44.77,7.46,59.33,225.03,31.34,3516.84,23
2016-01-29 23:55:00,MAITRI,-1.33,63.6,967.05,63.91,16.76,41.96,6.99,59.32,222.59,29.37,3516.68,23
2016-01-30 00:00:00,MAITRI,-1.34,63.24,967.29,63.37,0.0,44.03,7.34,59.32,220.02,30.82,3516.52,23
2016-01-30 00:05:00,MAITRI,-1.68,62.98,967.6,62.94,2.08,43.59,7.26,59.32,217.48,30.51,3516.36,23
2016-01-30 00:10:00,MAITRI,-1.6,63.06,967.6,62.12,0.0,44.2,7.37,59.32,214.9,30.94,3516.19,24
2016-01-30 00:15:00,MAITRI,-1.6,58.12,967.6,62.31,7.8,43.47,7.24,59.32,212.36,30.43,3516.03,24
2016-01-30 00:20:00,MAITRI,-1.78,58.33,967.69,61.31,1.47,41.81,6.97,59.3,209.92,29.27,3515.87,23
2016-01-30 00:25:00,MAITRI,-2.16,59.3,966.89,61.55,0.0,56.5,9.42,58.96,205.26,55.91,3515.7,24
2016-01-30 00:30:00,MAITRI,-2.19,59.41,966.79,60.31,5.29,60.04,10.01,58.8,200.22,60.5,3515.52,26
2016-01-30 00:35:00,MAITRI,-2.65,59.82,965.8,60.54,0.0,58.7,9.78,58.68,195.59,55.61,3515.34,26
2016-01-30 00:40:00,MAITRI,-2.49,60.18,965.72,59.4,0.0,58.02,9.67,58.23,191.3,51.44,3515.15,27
2016-01-30 00:45:00,MAITRI,-2.23,60.33,965.44,57.24,0.0,60.4,10.07,58.01,186.23,60.89,3514.96,28
2016-01-30 00:50:00,MAITRI,-2.1,60.51,966.53,56.0,0.0,60.57,10.09,57.77,181.47,57.08,3514.76,28
2016-01-30 00:55:00,MAITRI,-2.03,56.25,966.39,56.63,6.01,62.48,10.41,57.56,177.14,52.0,3514.57,28
2016-01-30 01:00:00,MAITRI,-1.83,56.95,966.41,56.78,16.57,61.39,10.23,57.28,172.13,60.05,3514.37,29
2016-01-30 01:05:00,MAITRI,-2.06,58.14,966.61,56.15,0.0,63.78,10.63,56.85,167.45,56.22,3514.17,28
2016-01-30 01:10:00,MAITRI,-2.07,58.7,966.58,56.6,0.0,62.95,10.49,56.62,162.3,61.77,3513.98,28
2016-01-30 01:15:00,MAITRI,-2.38,59.54,966.91,58.21,19.78,64.53,10.76,56.46,156.97,63.92,3513.78,28
2016-01-30 01:20:00,MAITRI,-2.57,59.98,966.98,60.01,0.0,64.79,10.8,56.22,152.22,57.06,3513.59,28
2016-01-30 01:25:00,MAITRI,-2.5,60.64,966.86,59.15,0.6,67.23,11.21,56.07,147.15,60.86,3513.39,29
2016-01-30 01:30:00,MAITRI,-2.34,61.43,966.9,59.51,4.05,65.52,10.92,55.97,141.63,66.16,3513.19,29
2016-01-30 01:35:00,MAITRI,-2.08,61.49,967.19,58.88,4.59,68.77,11.46,55.84,136.82,57.75,3512.99,29
2016-01-30 01:40:00,MAITRI,-2.37,61.64,967.4,60.8,8.23,70.1,11.68,55.5,131.68,61.64,3512.78,29
2016-01-30 01:45:00,MAITRI,-2.62,62.95,967.22,59.32,0.0,66.55,11.09,55.22,126.71,59.7,3512.59,28
2016-01-30 01:50:00,MAITRI,-2.59,62.44,967.44,57.89,7.53,67.16,11.19,55.05,122.01,56.35,3512.4,28
2016-01-30 01:55:00,MAITRI,-2.73,62.25,967.09,58.21,0.0,69.18,11.53,54.75,116.32,68.31,3512.19,29
2016-01-30 02:00:00,MAITRI,-3.02,61.9,967.93,57.26,0.0,70.01,11.67,54.6,111.09,62.71,3511.99,29
2016-01-30 02:05:00,MAITRI,-3.08,62.11,967.91,55.89,0.0,69.54,11.59,54.16,106.41,56.18,3511.79,29
2016-01-30 02:10:00,MAITRI,-3.1,62.2,967.42,56.16,11.33,70.64,11.77,54.05,101.01,64.87,3511.59,29
2016-01-30 02:15:00,MAITRI,-2.73,62.36,967.65,54.29,0.0,71.88,11.98,53.63,95.47,66.49,3511.39,29
2016-01-30 02:20:00,MAITRI,-2.86,61.5,967.42,53.54,0.0,72.42,12.07,53.5,90.16,63.69,3511.19,29
2016-01-30 02:25:00,MAITRI,-2.65,62.66,967.67,53.42,11.1,74.33,12.39,53.06,84.3,70.36,3510.99,28
2016-01-30 02:30:00,MAITRI,-3.25,62.39,966.54,55.94,3.44,73.2,12.2,52.71,79.11,62.2,3510.79,29
2016-01-30 02:35:00,MAITRI,-3.12,62.33,967.2,54.34,10.87,73.16,12.19,52.56,74.01,61.27,3510.59,29
2016-01-30 02:40:00,MAITRI,-3.3,62.36,967.56,56.03,4.36,75.36,12.56,52.29,67.88,73.49,3510.39,29
2016-01-30 02:45:00,MAITRI,-3.38,61.97,967.87,58.54,8.78,74.7,12.45,52.07,62.65,62.79,3510.19,29
2016-01-30 02:50:00,MAITRI,-3.44,62.23,967.41,58.27,5.55,76.13,12.69,51.75,56.68,71.63,3509.99,29
2016-01-30 02:55:00,MAITRI,-3.28,62.55,967.89,56.55,0.0,76.25,12.71,51.36,50.67,72.1,3509.78,29
2016-01-30 03:00:00,MAITRI,-3.01,62.09,967.71,56.92,0.0,78.06,13.01,51.2,45.23,65.35,3509.58,29
2016-01-30 03:05:00,MAITRI,-3.22,62.29,968.28,56.12,6.5,77.08,12.85,51.02,40.04,62.26,3509.38,29
2016-01-30 03:10:00,MAITRI,-3.48,62.73,968.23,58.01,0.0,76.4,12.73,50.56,33.81,74.73,3509.17,30
2016-01-30 03:15:00,MAITRI,-3.43,62.83,967.31,57.88,0.0,77.53,12.92,50.38,28.02,69.52,3508.97,30
2016-01-30 03:20:00,MAITRI,-3.44,62.52,967.08,59.7,0.0,78.08,13.01,50.22,22.04,71.73,3508.76,29
2016-01-30 03:25:00,MAITRI,-2.99,62.18,967.17,60.56,4.89,76.72,12.79,49.75,15.59,77.38,3508.57,28
2016-01-30 03:30:00,MAITRI,-2.74,61.72,967.34,59.71,0.0,77.38,12.9,49.39,10.34,63.08,3508.37,28
2016-01-30 03:35:00,MAITRI,-2.79,62.09,967.98,59.71,0.0,78.67,13.11,49.26,4.05,75.41,3508.17,29
2016-01-30 03:40:00,MAITRI,-3.02,61.19,967.53,62.62,12.0,76.22,12.7,48.93,0.0,62.49,3507.97,29
2016-01-30 03:45:00,MAITRI,-3.28,58.84,966.83,63.66,2.57,77.82,12.97,48.58,0.0,66.52,3507.77,29
2016-01-30 03:50:00,MAITRI,-3.08,58.98,966.96,60.82,0.0,75.99,12.67,48.14,0.0,67.3,3507.56,30
2016-01-30 03:55:00,MAITRI,-3.22,59.44,966.41,58.82,10.3,78.76,13.13,47.93,0.0,75.1,3507.35,30
2016-01-30 04:00:00,MAITRI,-3.65,59.84,965.98,60.03,4.34,77.85,12.97,47.58,0.0,64.79,3507.15,30
2016-01-30 04:05:00,MAITRI,-3.25,59.69,966.11,59.31,3.4,78.09,13.01,47.31,0.0,75.14,3506.94,30
2016-01-30 04:10:00,MAITRI,-3.03,60.28,966.1,62.2,0.0,78.9,13.15,46.98,0.0,66.36,3506.74,29
2016-01-30 04:15:00,MAITRI,-3.39,60.17,966.39,63.58,0.0,78.45,13.08,46.48,0.0,68.29,3506.53,30
2016-01-30 04:20:00,MAITRI,-3.41,60.28,966.26,61.62,2.69,79.04,13.17,46.23,0.0,74.49,3506.32,30
2016-01-30 04:25:00,MAITRI,-3.19,61.35,966.35,64.34,3.3,79.17,13.2,45.99,0.0,65.67,3506.11,30
2016-01-30 04:30:00,MAITRI,-2.99,60.94,965.74,62.59,0.0,77.9,12.98,45.58,0.0,73.56,3505.9,30
2016-01-30 04:35:00,MAITRI,-2.8,60.87,965.96,61.59,5.01,77.8,12.97,45.19,0.0,66.06,3505.69,30
2016-01-30 04:40:00,MAITRI,-3.12,61.07,965.55,59.76,0.0,78.13,13.02,44.9,0.0,74.41,3505.49,29
2016-01-30 04:45:00,MAITRI,-3.53,61.34,966.04,61.39,8.71,78.62,13.1,44.5,0.0,70.71,3505.29,29
2016-01-30 04:50:00,MAITRI,-3.57,61.09,966.39,59.49,0.0,78.89,13.15,44.2,0.0,76.74,3505.09,29
2016-01-30 04:55:00,MAITRI,-3.63,61.3,966.54,57.7,8.23,76.84,12.81,43.83,0.0,62.21,3504.89,29
2016-01-30 05:00:00,MAITRI,-3.61,61.62,966.17,56.16,4.41,78.78,13.13,43.67,0.0,76.98,3504.69,29
2016-01-30 05:05:00,MAITRI,-3.52,61.77,966.77,55.77,0.0,77.61,12.93,43.35,0.0,71.56,3504.48,30
2016-01-30 05:10:00,MAITRI,-3.32,62.29,966.92,54.67,0.0,79.59,13.27,43.18,0.0,71.0,3504.27,30
2016-01-30 05:15:00,MAITRI,-3.59,62.32,966.52,56.43,0.0,79.4,13.23,43.06,0.0,67.04,3504.07,29
2016-01-30 05:20:00,MAITRI,-3.32,62.49,967.04,55.6,0.0,78.69,13.11,42.89,0.0,76.3,3503.86,30
2016-01-30 05:25:00,MAITRI,-3.11,61.68,967.26,54.26,6.37,78.31,13.05,42.57,0.0,76.81,3503.65,30
2016-01-30 05:30:00,MAITRI,-2.99,59.79,968.11,52.77,6.42,78.22,13.04,42.25,0.0,78.67,3503.44,31
2016-01-30 05:35:00,MAITRI,-2.67,60.09,967.72,52.33,8.49,77.34,12.89,41.95,0.0,75.03,3503.23,30
2016-01-30 05:40:00,MAITRI,-2.84,59.56,967.85,54.0,1.07,78.11,13.02,41.63,0.0,64.28,3503.02,30
2016-01-30 05:45:00,MAITRI,-2.86,59.66,967.71,54.59,9.6,78.6,13.1,41.19,0.0,68.51,3502.82,29
2016-01-30 05:50:00,MAITRI,-3.32,59.39,968.22,57.11,0.0,80.15,13.36,40.85,0.0,76.52,3502.62,29
2016-01-30 05:55:00,MAITRI,-3.05,59.67,968.12,55.21,1.67,75.42,12.57,40.71,0.0,66.28,3502.42,29
2016-01-30 06:00:00,MAITRI,-2.82,59.81,967.82,54.22,0.0,78.08,13.01,40.46,0.0,72.58,3502.22,28
2016-01-30 06:05:00,MAITRI,-2.63,60.27,967.7,55.05,7.18,79.32,13.22,40.01,0.0,78.79,3502.03,28
2016-01-30 06:10:00,MAITRI,-2.42,60.54,967.57,54.41,0.0,77.5,12.92,39.89,0.0,76.62,3501.84,27
2016-01-30 06:15:00,MAITRI,-2.25,60.92,967.29,53.51,2.54,76.79,12.8,39.62,0.0,69.84,3501.65,28
2016-01-30 06:20:00,MAITRI,-1.91,61.53,967.41,54.9,0.0,77.55,12.93,39.49,0.0,63.35,3501.45,28
2016-01-30 06:25:00,MAITRI,-1.68,57.07,967.42,54.27,14.87,79.59,13.26,39.18,0.0,66.08,3501.26,28
2016-01-30 06:30:00,MAITRI,-1.44,57.23,967.71,54.4,2.65,75.81,12.64,38.91,0.0,66.43,3501.06,28
2016-01-30 06:35:00,MAITRI,-1.38,53.68,967.7,53.81,0.0,78.29,13.05,38.68,0.0,69.29,3500.86,29
2016-01-30 06:40:00,MAITRI,-1.24,54.95,968.02,56.58,16.9,76.83,12.81,38.35,0.0,68.79,3500.65,30
2016-01-30 06:45:00,MAITRI,-0.96,55.28,967.76,54.26,5.61,76.39,12.73,38.19,0.0,71.67,3500.44,30
2016-01-30 06:50:00,MAITRI,-0.97,55.41,967.47,54.72,0.0,80.04,13.34,38.0,0.0,66.46,3500.24,30
2016-01-30 06:55:00,MAITRI,-0.87,56.56,967.84,57.46,7.78,77.16,12.86,37.74,0.0,65.89,3500.03,30
2016-01-30 07:00:00,MAITRI,-1.15,56.37,968.05,58.3,3.09,77.24,12.87,37.59,0.0,64.24,3499.82,30
2016-01-30 07:05:00,MAITRI,-1.13,57.14,967.62,57.79,0.0,76.88,12.81,37.11,0.0,63.21,3499.62,29
2016-01-30 07:10:00,MAITRI,-1.03,58.31,967.73,55.96,46.14,73.37,12.23,36.83,0.0,71.4,3499.42,29
2016-01-30 07:15:00,MAITRI,-1.13,58.47,967.36,54.92,15.4,78.51,13.09,36.5,0.0,64.13,3499.21,30
2016-01-30 07:20:00,MAITRI,-1.07,58.98,967.01,53.2,4.58,78.93,13.16,36.26,0.0,75.75,3499.0,30
2016-01-30 07:25:00,MAITRI,-1.34,59.01,966.88,55.74,25.14,76.0,12.67,35.96,0.0,74.04,3498.8,29
2016-01-30 07:30:00,MAITRI,-1.13,59.54,966.81,54.47,28.17,76.57,12.76,35.83,0.0,64.49,3498.59,30
2016-01-30 07:35:00,MAITRI,-0.85,59.71,966.84,53.6,14.96,78.48,13.08,35.64,0.0,63.38,3498.39,29
2016-01-30 07:40:00,MAITRI,-1.01,59.81,966.82,54.71,29.83,76.83,12.8,35.45,0.0,69.27,3498.19,29
2016-01-30 07:45:00,MAITRI,-0.89,59.28,967.06,52.88,34.67,75.66,12.61,35.32,0.0,74.89,3497.99,29
2016-01-30 07:50:00,MAITRI,-0.65,59.49,966.99,50.64,13.89,77.54,12.92,34.9,0.0,74.81,3497.78,29
2016-01-30 07:55:00,MAITRI,-0.76,57.01,966.31,50.57,6.03,80.74,13.46,34.71,0.0,73.46,3497.58,29
2016-01-30 08:00:00,MAITRI,-0.6,57.11,965.74,49.82,8.19,77.96,12.99,34.52,0.0,76.4,3497.39,28
2016-01-30 08:05:00,MAITRI,-0.9,56.36,966.23,51.43,3.72,76.59,12.76,34.07,0.0,62.74,3497.19,28
2016-01-30 08:10:00,MAITRI,-0.82,57.28,966.49,50.25,282.1,31.68,5.28,34.18,0.0,22.17,3497.0,28
2016-01-30 08:15:00,MAITRI,-1.01,57.78,966.18,52.82,282.97,33.76,5.63,34.32,0.0,23.64,3496.81,28
2016-01-30 08:20:00,MAITRI,-0.94,57.73,966.37,55.28,290.99,31.7,5.28,34.44,0.0,22.19,3496.61,28
2016-01-30 08:25:00,MAITRI,-0.89,57.76,966.62,53.61,308.27,33.41,5.57,34.6,0.0,23.38,3496.42,28
2016-01-30 08:30:00,MAITRI,-0.93,58.46,966.34,54.34,317.33,33.4,5.57,34.77,0.0,23.38,3496.22,28
2016-01-30 08:35:00,MAITRI,-0.58,58.9,966.22,56.08,317.18,33.01,5.5,34.93,0.0,23.1,3496.03,28
2016-01-30 08:40:00,MAITRI,-0.44,59.48,966.21,54.76,342.37,67.62,11.27,35.11,0.0,47.33,3495.84,27
2016-01-30 08:45:00,MAITRI,-0.74,59.83,966.43,55.8,336.1,55.45,9.24,35.29,0.0,38.81,3495.66,26
2016-01-30 08:50:00,MAITRI,-0.66,59.71,966.84,53.73,347.75,56.88,9.48,35.47,0.0,39.82,3495.48,26
2016-01-30 08:55:00,MAITRI,-0.99,60.74,966.43,54.98,353.17,68.98,11.5,35.65,0.0,48.28,3495.3,26
2016-01-30 09:00:00,MAITRI,-0.93,61.3,965.82,54.26,362.55,70.26,11.71,35.84,0.0,49.18,3495.12,26
2016-01-30 09:05:00,MAITRI,-0.55,61.49,965.66,53.2,385.15,61.94,10.32,36.04,0.0,43.36,3494.94,26
2016-01-30 09:10:00,MAITRI,-0.38,61.05,965.95,51.42,400.41,67.94,11.32,36.25,0.0,47.56,3494.76,26
2016-01-30 09:15:00,MAITRI,-0.73,61.33,966.06,52.34,403.27,56.43,9.41,36.46,0.0,39.5,3494.57,27
2016-01-30 09:20:00,MAITRI,-0.45,60.7,966.0,50.49,407.8,65.61,10.94,36.68,0.0,45.93,3494.39,26
2016-01-30 09:25:00,MAITRI,-0.21,60.68,966.25,50.57,410.89,56.69,9.45,36.89,0.0,39.69,3494.21,26
2016-01-30 09:30:00,MAITRI,-0.1,60.0,966.24,49.09,420.22,50.35,8.39,37.11,0.0,35.24,3494.03,26
2016-01-30 09:35:00,MAITRI,0.03,60.16,965.7,49.81,426.89,47.83,7.97,37.33,0.0,33.48,3493.84,27
2016-01-30 09:40:00,MAITRI,0.37,60.26,965.83,49.29,442.84,65.63,10.94,37.56,0.0,45.94,3493.65,27
2016-01-30 09:45:00,MAITRI,0.11,60.42,966.17,50.51,445.99,55.64,9.27,37.79,0.0,38.95,3493.47,26
2016-01-30 09:50:00,MAITRI,-0.01,60.75,966.5,49.97,450.37,50.18,8.36,38.03,0.0,35.13,3493.28,27
2016-01-30 09:55:00,MAITRI,-0.07,61.23,966.58,50.9,450.23,63.73,10.62,38.26,0.0,44.61,3493.09,28
2016-01-30 10:00:00,MAITRI,0.14,61.16,966.0,50.85,453.73,63.55,10.59,38.5,0.0,44.49,3492.9,28
2016-01-30 10:05:00,MAITRI,0.25,61.31,966.12,49.49,462.29,59.58,9.93,38.74,0.0,41.7,3492.69,29
2016-01-30 10:10:00,MAITRI,-0.27,61.06,965.37,51.37,468.76,64.67,10.78,38.99,0.0,45.27,3492.49,29
2016-01-30 10:15:00,MAITRI,-0.13,61.41,965.33,51.3,474.0,64.64,10.77,39.23,0.0,45.25,3492.3,28
2016-01-30 10:20:00,MAITRI,-0.05,61.19,965.58,52.92,478.13,53.67,8.94,39.48,0.0,37.57,3492.1,29
2016-01-30 10:25:00,MAITRI,-0.33,61.93,965.27,54.29,477.09,53.18,8.86,39.73,0.0,37.23,3491.9,29
2016-01-30 10:30:00,MAITRI,-0.29,62.91,965.42,52.6,496.96,26.72,4.45,39.99,0.0,18.7,3491.7,28
2016-01-30 10:35:00,MAITRI,-0.25,59.47,965.46,50.83,485.3,24.2,4.03,40.21,0.0,16.94,3491.51,28
2016-01-30 10:40:00,MAITRI,-0.6,59.15,965.37,52.42,496.61,25.9,4.32,40.47,0.0,18.13,3491.32,27
2016-01-30 10:45:00,MAITRI,-0.44,58.98,965.77,51.22,500.7,25.38,4.23,40.73,0.0,17.77,3491.14,26
2016-01-30 10:50:00,MAITRI,-0.17,59.3,965.63,49.93,518.08,23.5,3.92,40.99,0.0,16.45,3490.95,27
2016-01-30 10:55:00,MAITRI,-0.02,55.87,965.81,48.22,525.28,21.64,3.61,41.23,0.0,15.15,3490.76,27
2016-01-30 11:00:00,MAITRI,0.02,56.7,965.66,47.26,521.6,22.89,3.82,41.48,0.0,16.02,3490.58,27
2016-01-30 11:05:00,MAITRI,0.1,56.75,965.05,47.44,531.63,23.32,3.89,41.76,0.0,16.32,3490.39,27
2016-01-30 11:10:00,MAITRI,0.47,57.33,965.81,47.38,517.24,22.68,3.78,42.01,0.0,15.88,3490.2,27
2016-01-30 11:15:00,MAITRI,0.64,57.35,965.52,47.52,516.2,23.86,3.98,42.26,0.0,16.7,3490.01,28
2016-01-30 11:20:00,MAITRI,0.42,57.91,965.2,48.34,532.78,21.18,3.53,42.49,0.0,14.83,3489.81,28
2016-01-30 11:25:00,MAITRI,0.7,58.67,965.88,48.2,534.22,25.38,4.23,42.77,0.0,17.77,3489.62,28
2016-01-30 11:30:00,MAITRI,0.19,58.35,966.39,49.38,524.77,23.54,3.92,43.03,0.0,16.48,3489.42,28
2016-01-30 11:35:00,MAITRI,0.58,58.58,966.02,48.27,540.57,24.44,4.07,43.31,0.0,17.11,3489.23,28
2016-01-30 11:40:00,MAITRI,0.71,59.21,966.1,47.2,534.39,23.28,3.88,43.58,0.0,16.29,3489.03,28
2016-01-30 11:45:00,MAITRI,1.0,59.23,966.42,47.04,539.1,23.3,3.88,43.85,0.0,16.31,3488.84,28
2016-01-30 11:50:00,MAITRI,0.73,59.53,965.69,47.61,527.94,24.13,4.02,44.13,0.0,16.89,3488.65,27
2016-01-30 11:55:00,MAITRI,1.05,60.92,965.8,46.49,542.47,21.48,3.58,44.38,0.0,15.03,3488.47,27
2016-01-30 12:00:00,MAITRI,1.29,61.1,965.97,45.84,534.95,24.29,4.05,44.66,0.0,17.0,3488.27,28
2016-01-30 12:05:00,MAITRI,1.6,61.01,965.79,45.61,538.96,24.1,4.02,44.93,0.0,16.87,3488.07,29
2016-01-30 12:10:00,MAITRI,1.78,61.46,965.27,46.25,546.61,25.43,4.24,45.22,0.0,44.64,3487.86,30
2016-01-30 12:15:00,MAITRI,1.95,61.54,965.33,44.78,553.52,24.7,4.12,45.51,0.0,44.84,3487.65,31
2016-01-30 12:20:00,MAITRI,1.53,62.05,964.68,46.77,534.43,26.9,4.48,45.78,0.0,46.83,3487.44,30
2016-01-30 12:25:00,MAITRI,1.45,62.86,965.12,46.07,535.06,25.36,4.23,46.06,0.0,47.07,3487.23,30
2016-01-30 12:30:00,MAITRI,1.19,63.4,964.84,46.53,542.16,24.55,4.09,46.35,0.0,40.78,3487.03,29
2016-01-30 12:35:00,MAITRI,1.25,63.66,964.94,47.01,521.4,26.72,4.45,46.62,0.0,38.38,3486.83,29
2016-01-30 12:40:00,MAITRI,1.2,63.78,964.39,47.63,531.99,23.98,4.0,46.88,0.0,41.87,3486.62,29
2016-01-30 12:45:00,MAITRI,1.03,63.24,963.91,46.54,526.23,24.0,4.0,47.13,0.0,40.6,3486.42,29
2016-01-30 12:50:00,MAITRI,0.85,63.11,963.98,46.48,521.16,24.44,4.07,47.4,0.0,43.77,3486.23,28
2016-01-30 12:55:00,MAITRI,0.72,62.21,963.85,46.69,524.35,24.07,4.01,47.67,0.0,45.4,3486.04,27
2016-01-30 13:00:00,MAITRI,1.11,61.54,964.38,46.25,533.32,23.84,3.97,47.94,0.0,42.18,3485.86,26
2016-01-30 13:05:00,MAITRI,0.85,61.65,965.18,47.25,508.08,25.05,4.18,48.21,0.0,38.18,3485.68,26
2016-01-30 13:10:00,MAITRI,1.05,61.84,965.52,46.55,516.84,24.65,4.11,48.48,0.0,35.21,3485.49,27
2016-01-30 13:15:00,MAITRI,1.06,61.12,965.78,45.52,513.16,23.54,3.92,48.72,0.0,42.19,3485.3,28
2016-01-30 13:20:00,MAITRI,0.91,61.09,965.39,47.15,508.86,22.36,3.73,48.94,0.0,35.94,3485.11,27
2016-01-30 13:25:00,MAITRI,0.47,60.7,964.55,49.21,492.52,24.16,4.03,49.18,0.0,42.86,3484.92,27
2016-01-30 13:30:00,MAITRI,0.58,60.45,964.97,49.09,497.65,26.1,4.35,49.44,0.0,40.66,3484.73,28
2016-01-30 13:35:00,MAITRI,0.38,56.07,965.12,51.72,490.65,25.22,4.2,49.69,0.0,17.65,3484.54,27
2016-01-30 13:40:00,MAITRI,0.12,56.74,965.07,52.56,480.8,26.91,4.49,49.94,0.0,18.84,3484.35,27
2016-01-30 13:45:00,MAITRI,0.25,57.79,965.31,52.06,482.73,23.0,3.83,50.15,0.0,16.1,3484.17,27
2016-01-30 13:50:00,MAITRI,0.2,59.05,965.62,52.62,461.66,26.99,4.5,50.39,0.0,18.89,3483.98,27
2016-01-30 13:55:00,MAITRI,0.38,59.33,965.04,52.37,465.96,24.43,4.07,50.61,0.0,17.1,3483.8,26
2016-01-30 14:00:00,MAITRI,0.57,59.53,964.69,50.92,466.87,26.25,4.38,50.85,0.0,18.38,3483.62,26
2016-01-30 14:05:00,MAITRI,0.5,59.81,964.91,51.2,451.77,26.4,4.4,51.09,0.0,18.48,3483.44,25
2016-01-30 14:10:00,MAITRI,0.34,59.78,964.65,51.64,453.25,26.19,4.37,51.32,0.0,18.34,3483.26,26
2016-01-30 14:15:00,MAITRI,0.48,59.92,964.94,50.14,450.14,26.97,4.49,51.56,0.0,18.88,3483.09,25
2016-01-30 14:20:00,MAITRI,0.69,59.3,965.53,50.19,80.71,41.11,6.85,51.59,0.0,28.78,3482.91,26
2016-01-30 14:25:00,MAITRI,1.12,59.27,965.36,50.24,83.91,40.31,6.72,51.62,0.0,28.22,3482.73,26
2016-01-30 14:30:00,MAITRI,1.19,59.62,965.2,50.31,26.63,41.16,6.86,51.59,0.0,28.81,3482.54,27
2016-01-30 14:35:00,MAITRI,0.91,59.72,964.46,51.56,49.65,43.82,7.3,51.61,0.0,30.67,3482.35,28
2016-01-30 14:40:00,MAITRI,1.23,59.93,964.15,51.44,26.93,44.68,7.45,51.63,0.0,31.27,3482.15,28
2016-01-30 14:45:00,MAITRI,1.26,60.15,964.25,51.06,69.79,42.74,7.12,51.66,0.0,29.92,3481.96,28
2016-01-30 14:50:00,MAITRI,1.13,60.72,963.55,51.21,41.95,43.9,7.32,51.68,0.0,30.73,3481.76,29
2016-01-30 14:55:00,MAITRI,1.26,61.33,963.24,50.01,13.25,44.44,7.41,51.67,0.0,31.11,3481.56,29
2016-01-30 15:00:00,MAITRI,1.33,61.57,963.27,48.76,59.96,42.09,7.01,51.68,0.0,29.46,3481.36,28
2016-01-30 15:05:00,MAITRI,1.33,62.14,963.47,49.27,62.37,42.66,7.11,51.71,0.0,29.86,3481.17,27
2016-01-30 15:10:00,MAITRI,1.55,61.58,963.31,49.39,8.68,44.85,7.48,51.72,0.0,31.4,3480.99,27
2016-01-30 15:15:00,MAITRI,1.31,61.52,963.16,48.27,41.74,44.21,7.37,51.74,0.0,30.94,3480.8,27
2016-01-30 15:20:00,MAITRI,1.09,62.19,962.91,48.91,77.65,42.74,7.12,51.78,0.0,29.92,3480.6,28
2016-01-30 15:25:00,MAITRI,1.1,62.28,962.64,49.28,74.06,43.86,7.31,51.82,0.0,30.7,3480.42,27
2016-01-30 15:30:00,MAITRI,0.89,60.37,963.12,50.01,50.04,44.01,7.33,51.85,0.0,30.8,3480.22,28
2016-01-30 15:35:00,MAITRI,0.82,60.44,963.63,50.04,31.15,44.13,7.36,51.86,0.0,30.89,3480.03,28
2016-01-30 15:40:00,MAITRI,0.77,61.18,963.63,50.64,56.13,40.89,6.82,51.85,0.0,28.63,3479.83,28
2016-01-30 15:45:00,MAITRI,0.9,61.08,963.45,50.0,36.23,44.28,7.38,51.87,0.0,31.0,3479.64,28
2016-01-30 15:50:00,MAITRI,0.84,61.17,963.52,51.08,16.93,45.25,7.54,51.87,0.0,31.67,3479.44,28
2016-01-30 15:55:00,MAITRI,0.6,61.37,963.63,52.08,9.19,43.07,7.18,51.84,0.0,30.15,3479.25,28
2016-01-30 16:00:00,MAITRI,0.62,61.34,964.27,52.19,24.41,43.6,7.27,51.84,0.0,30.52,3479.06,27
2016-01-30 16:05:00,MAITRI,0.53,61.22,964.91,54.86,10.79,48.64,8.11,51.85,0.0,34.05,3478.87,27
2016-01-30 16:10:00,MAITRI,0.52,61.61,965.03,53.91,245.93,36.54,6.09,51.98,0.0,25.58,3478.68,28
2016-01-30 16:15:00,MAITRI,0.73,61.85,965.85,53.95,231.82,37.69,6.28,52.1,0.0,26.39,3478.49,27
2016-01-30 16:20:00,MAITRI,0.73,62.06,966.5,53.16,234.33,61.51,10.25,52.22,0.0,43.06,3478.31,27
2016-01-30 16:25:00,MAITRI,0.57,61.95,966.91,54.22,207.48,67.92,11.32,52.33,0.0,47.54,3478.12,27
2016-01-30 16:30:00,MAITRI,0.52,61.93,966.53,55.33,202.0,65.74,10.96,52.43,0.0,46.02,3477.93,27
2016-01-30 16:35:00,MAITRI,0.41,62.07,966.74,54.3,184.92,59.41,9.9,52.53,0.0,41.59,3477.75,26
2016-01-30 16:40:00,MAITRI,0.15,62.02,966.73,55.08,177.76,68.67,11.44,52.62,0.0,48.07,3477.57,26
2016-01-30 16:45:00,MAITRI,0.44,62.39,967.06,55.12,158.79,65.65,10.94,52.71,0.0,45.95,3477.39,26
2016-01-30 16:50:00,MAITRI,0.08,62.1,966.32,56.21,167.1,71.49,11.91,52.79,0.0,50.04,3477.21,26
2016-01-30 16:55:00,MAITRI,0.18,62.06,966.34,57.1,145.71,69.29,11.55,52.87,0.0,48.5,3477.02,27
2016-01-30 17:00:00,MAITRI,-0.1,62.27,966.3,58.74,133.21,40.58,6.76,52.94,0.0,28.4,3476.83,27
2016-01-30 17:05:00,MAITRI,-0.31,62.43,966.9,59.12,116.51,41.39,6.9,53.0,0.0,28.97,3476.65,26
2016-01-30 17:10:00,MAITRI,-0.59,62.25,966.38,58.98,115.36,41.33,6.89,53.06,0.0,28.93,3476.47,26
2016-01-30 17:15:00,MAITRI,-0.63,62.22,966.72,56.82,96.2,40.86,6.81,53.1,0.0,28.61,3476.28,27
2016-01-30 17:20:00,MAITRI,-0.42,62.73,966.41,56.27,92.97,42.58,7.1,53.15,0.0,29.8,3476.09,28
2016-01-30 17:25:00,MAITRI,-0.12,63.02,966.59,54.51,80.78,41.31,6.88,53.18,0.0,28.91,3475.9,27
2016-01-30 17:30:00,MAITRI,0.03,62.5,966.92,53.28,75.32,41.56,6.93,53.21,0.0,29.09,3475.72,26
2016-01-30 17:35:00,MAITRI,0.29,62.62,967.3,53.68,55.45,44.77,7.46,53.24,0.0,31.34,3475.53,27
2016-01-30 17:40:00,MAITRI,0.43,62.01,967.22,53.24,55.55,42.97,7.16,53.27,0.0,30.08,3475.35,26
2016-01-30 17:45:00,MAITRI,0.24,60.58,967.22,54.11,46.95,42.78,7.13,53.3,0.0,29.94,3475.18,25
2016-01-30 17:50:00,MAITRI,0.23,61.56,968.31,53.08,10.26,46.15,7.69,53.3,0.0,32.3,3475.01,25
2016-01-30 17:55:00,MAITRI,0.52,61.61,968.79,52.42,0.0,45.9,7.65,53.3,0.0,32.13,3474.83,26
2016-01-30 18:00:00,MAITRI,0.45,61.46,968.68,54.2,0.0,46.03,7.67,53.3,0.0,32.22,3474.65,26
2016-01-30 18:05:00,MAITRI,0.47,62.32,968.49,56.13,0.0,44.15,7.36,53.28,0.0,30.91,3474.46,27
2016-01-30 18:10:00,MAITRI,0.25,62.37,967.89,58.45,2.67,47.0,7.83,53.28,0.0,32.9,3474.26,28
2016-01-30 18:15:00,MAITRI,0.02,62.71,966.87,58.09,0.0,43.97,7.33,53.26,0.0,30.78,3474.08,27
2016-01-30 18:20:00,MAITRI,-0.38,62.2,966.45,58.66,0.97,46.43,7.74,53.26,0.0,32.5,3473.88,28
2016-01-30 18:25:00,MAITRI,-0.19,62.27,966.47,57.68,0.06,44.44,7.41,53.24,0.0,31.1,3473.69,28
2016-01-30 18:30:00,MAITRI,-0.47,57.16,966.46,58.34,0.0,44.3,7.38,53.23,0.0,31.01,3473.5,27
2016-01-30 18:35:00,MAITRI,-0.33,57.54,966.48,58.76,1.16,44.81,7.47,53.23,0.0,31.37,3473.32,26
2016-01-30 18:40:00,MAITRI,-0.15,58.31,966.63,57.61,0.0,43.64,7.27,53.22,0.0,30.55,3473.14,26
2016-01-30 18:45:00,MAITRI,-0.4,59.48,966.26,57.9,0.0,44.64,7.44,53.22,0.0,31.25,3472.96,26
2016-01-30 18:50:00,MAITRI,-0.77,55.37,966.54,58.61,2.31,44.28,7.38,53.22,0.0,30.99,3472.78,26
2016-01-30 18:55:00,MAITRI,-0.6,55.92,966.78,57.6,9.69,43.98,7.33,53.23,0.0,30.79,3472.6,26
2016-01-30 19:00:00,MAITRI,-0.23,56.72,966.85,55.77,8.96,43.54,7.26,53.22,0.0,30.47,3472.41,27
2016-01-30 19:05:00,MAITRI,-0.23,57.32,967.31,57.69,0.59,47.32,7.89,53.22,0.0,33.12,3472.22,27
2016-01-30 19:10:00,MAITRI,-0.05,58.03,967.69,57.84,0.0,43.83,7.3,53.2,0.0,30.68,3472.03,27
2016-01-30 19:15:00,MAITRI,0.09,58.31,967.64,56.91,12.61,44.48,7.41,53.21,0.0,31.13,3471.85,26
2016-01-30 19:20:00,MAITRI,0.38,59.54,967.53,57.0,0.0,55.64,9.27,52.56,0.0,38.94,3471.67,26
2016-01-30 19:25:00,MAITRI,0.25,59.6,967.65,57.64,14.75,53.76,8.96,51.8,0.0,37.63,3471.49,26
2016-01-30 19:30:00,MAITRI,0.37,58.66,968.23,57.8,5.53,57.62,9.6,50.53,0.0,40.34,3471.31,27
2016-01-30 19:35:00,MAITRI,0.47,59.19,967.75,57.09,0.0,53.02,8.84,49.53,0.0,37.12,3471.11,28
2016-01-30 19:40:00,MAITRI,0.38,59.5,967.62,58.06,0.0,62.34,10.39,48.93,0.0,43.64,3470.92,28
2016-01-30 19:45:00,MAITRI,0.5,60.21,967.19,58.05,0.0,62.19,10.36,48.35,0.0,43.53,3470.74,26
2016-01-30 19:50:00,MAITRI,0.37,60.52,967.59,56.14,1.69,57.36,9.56,47.23,0.0,40.15,3470.56,25
2016-01-30 19:55:00,MAITRI,0.03,61.03,967.04,58.2,2.01,59.91,9.98,46.62,0.0,41.94,3470.39,25
2016-01-30 20:00:00,MAITRI,0.12,61.52,967.51,58.87,4.02,51.63,8.6,46.0,0.0,36.14,3470.22,25
2016-01-30 20:05:00,MAITRI,0.08,61.45,967.73,58.75,0.0,57.62,9.6,44.78,0.0,40.33,3470.04,25
2016-01-30 20:10:00,MAITRI,0.13,61.67,967.64,58.02,0.0,56.51,9.42,43.47,0.0,39.56,3469.87,24
2016-01-30 20:15:00,MAITRI,0.17,62.25,967.85,57.05,0.0,52.97,8.83,42.78,0.0,37.08,3469.7,25
2016-01-30 20:20:00,MAITRI,0.22,61.88,967.34,55.94,0.0,61.42,10.24,42.06,0.0,43.0,3469.53,25
2016-01-30 20:25:00,MAITRI,0.25,62.08,967.08,55.52,3.9,51.39,8.56,41.24,0.0,35.97,3469.36,24
2016-01-30 20:30:00,MAITRI,0.13,61.18,966.9,58.01,0.0,55.56,9.26,39.88,0.0,38.9,3469.19,24
2016-01-30 20:35:00,MAITRI,-0.19,61.79,966.86,59.57,0.0,53.84,8.97,39.05,0.0,37.69,3469.02,25
2016-01-30 20:40:00,MAITRI,-0.57,62.12,966.22,60.56,11.62,53.79,8.96,38.12,0.0,37.65,3468.85,24
2016-01-30 20:45:00,MAITRI,-0.54,61.77,966.57,59.1,0.0,54.33,9.05,37.07,0.0,38.03,3468.69,24
2016-01-30 20:50:00,MAITRI,-0.73,62.11,966.71,58.96,4.12,59.93,9.99,35.85,0.0,41.95,3468.52,24
2016-01-30 20:55:00,MAITRI,-0.84,61.45,966.66,59.64,0.0,53.83,8.97,34.65,0.0,37.68,3468.35,24
2016-01-30 21:00:00,MAITRI,-0.68,61.82,966.49,59.79,0.0,55.68,9.28,33.62,0.0,38.98,3468.19,24
2016-01-30 21:05:00,MAITRI,-1.0,61.05,966.86,61.48,0.0,54.13,9.02,32.45,0.0,37.89,3468.02,24
2016-01-30 21:10:00,MAITRI,-1.19,60.63,966.85,63.17,12.59,53.65,8.94,31.2,0.0,37.55,3467.86,23
2016-01-30 21:15:00,MAITRI,-1.32,60.67,966.73,63.17,1.83,57.27,9.54,30.13,0.0,40.09,3467.7,23
2016-01-30 21:20:00,MAITRI,-1.06,60.56,967.02,62.14,13.1,51.8,8.63,28.74,0.0,36.26,3467.54,23
2016-01-30 21:25:00,MAITRI,-0.88,60.5,967.08,62.16,0.23,57.94,9.66,28.05,0.0,40.56,3467.38,23
2016-01-30 21:30:00,MAITRI,-0.79,61.1,967.37,62.23,18.77,52.57,8.76,27.35,0.0,36.8,3467.21,25
2016-01-30 21:35:00,MAITRI,-0.75,61.02,967.86,60.89,6.07,58.27,9.71,26.36,0.0,40.79,3467.04,24
2016-01-30 21:40:00,MAITRI,-0.97,61.75,967.84,60.76,14.05,54.78,9.13,25.78,0.0,38.34,3466.88,23
2016-01-30 21:45:00,MAITRI,-0.95,62.15,968.07,60.39,5.09,45.94,7.66,25.78,0.0,32.16,3466.72,23
2016-01-30 21:50:00,MAITRI,-1.09,62.69,967.99,59.38,0.0,42.8,7.13,25.77,0.0,69.75,3466.56,23
2016-01-30 21:55:00,MAITRI,-1.11,62.65,968.18,59.39,0.0,45.65,7.61,25.77,0.0,72.58,3466.4,23
2016-01-30 22:00:00,MAITRI,-0.9,63.33,968.64,58.0,2.39,42.77,7.13,25.76,0.0,64.69,3466.24,23
2016-01-30 22:05:00,MAITRI,-0.86,63.22,969.29,56.91,0.0,42.81,7.14,25.75,0.0,69.36,3466.09,22
2016-01-30 22:10:00,MAITRI,-0.66,60.7,969.06,55.47,0.0,41.85,6.98,25.73,0.0,61.42,3465.94,22
2016-01-30 22:15:00,MAITRI,-0.64,60.69,969.18,55.94,0.0,42.03,7.0,25.72,0.0,69.22,3465.78,22
2016-01-30 22:20:00,MAITRI,-0.57,60.8,969.11,57.83,5.54,41.51,6.92,25.7,0.0,72.06,3465.63,22
2016-01-30 22:25:00,MAITRI,-1.02,60.64,968.96,57.65,5.65,43.72,7.29,25.7,0.0,76.15,3465.48,22
2016-01-30 22:30:00,MAITRI,-1.26,60.56,968.79,58.55,0.0,41.84,6.97,25.68,0.0,81.54,3465.33,22
2016-01-30 22:35:00,MAITRI,-1.1,61.2,968.98,60.62,9.27,41.3,6.88,25.66,0.0,53.19,3465.17,22
2016-01-30 22:40:00,MAITRI,-0.92,60.93,968.85,59.47,0.0,40.68,6.78,25.62,0.0,56.3,3465.02,22
2016-01-30 22:45:00,MAITRI,-0.64,61.67,968.39,58.76,13.97,41.28,6.88,25.61,0.0,80.76,3464.87,22
2016-01-30 22:50:00,MAITRI,-0.96,62.05,968.74,60.82,0.0,44.72,7.45,25.61,0.0,83.77,3464.71,23
2016-01-30 22:55:00,MAITRI,-1.12,61.87,968.5,60.64,2.18,42.25,7.04,25.59,0.0,29.57,3464.56,22
2016-01-30 23:00:00,MAITRI,-1.41,61.66,968.1,59.74,11.83,42.48,7.08,25.6,0.0,29.74,3464.4,22
2016-01-30 23:05:00,MAITRI,-1.64,61.46,968.38,60.46,7.14,44.79,7.47,25.6,0.0,31.36,3464.24,24
2016-01-30 23:10:00,MAITRI,-1.69,61.67,968.1,58.59,11.44,44.01,7.34,25.61,0.0,30.81,3464.07,24
2016-01-30 23:15:00,MAITRI,-1.62,62.38,968.47,59.3,0.0,45.52,7.59,25.61,0.0,31.87,3463.9,24
2016-01-30 23:20:00,MAITRI,-2.12,62.34,967.59,60.04,0.0,44.2,7.37,25.61,0.0,30.94,3463.74,24
2016-01-30 23:25:00,MAITRI,-2.05,62.27,967.45,59.07,0.0,44.59,7.43,25.61,0.0,31.21,3463.57,24
2016-01-30 23:30:00,MAITRI,-1.92,62.5,967.23,59.21,0.0,44.02,7.34,25.61,0.0,30.81,3463.4,24
2016-01-30 23:35:00,MAITRI,-2.03,62.94,967.22,60.34,0.0,42.47,7.08,25.58,0.0,29.73,3463.24,24
2016-01-30 23:40:00,MAITRI,-1.91,62.91,966.77,58.78,0.0,44.44,7.41,25.58,0.0,31.11,3463.08,23
2016-01-30 23:45:00,MAITRI,-1.72,63.2,967.41,57.25,0.0,41.29,6.88,25.55,0.0,28.9,3462.92,22
2016-01-30 23:50:00,MAITRI,-1.42,63.4,967.32,58.03,0.0,45.34,7.56,25.55,0.0,31.74,3462.76,23
2016-01-30 23:55:00,MAITRI,-1.35,63.5,967.17,58.17,10.16,42.65,7.11,25.54,0.0,29.86,3462.6,23
2016-01-31 00:00:00,MAITRI,-1.44,64.07,967.44,58.44,0.0,44.04,7.34,25.54,0.0,30.82,3462.44,23
2016-01-31 00:05:00,MAITRI,-1.82,64.15,966.85,58.87,3.61,42.78,7.13,25.53,0.0,29.94,3462.28,23
2016-01-31 00:10:00,MAITRI,-2.12,64.15,966.99,60.77,8.15,42.5,7.08,25.53,0.0,29.75,3462.13,22
2016-01-31 00:15:00,MAITRI,-2.13,63.5,967.5,59.38,0.0,45.75,7.63,25.53,0.0,32.03,3461.98,22
2016-01-31 00:20:00,MAITRI,-2.2,63.87,967.9,59.35,8.45,42.37,7.06,25.51,0.0,29.66,3461.82,23
2016-01-31 00:25:00,MAITRI,-2.41,63.29,968.37,59.27,0.0,44.52,7.42,25.51,0.0,31.16,3461.66,23
2016-01-31 00:30:00,MAITRI,-2.48,63.63,967.62,59.73,8.52,44.23,7.37,25.52,0.0,30.96,3461.49,24
2016-01-31 00:35:00,MAITRI,-2.66,63.78,967.51,61.36,0.0,44.58,7.43,25.52,0.0,31.21,3461.33,24
2016-01-31 00:40:00,MAITRI,-2.82,63.57,967.09,63.75,0.0,43.42,7.24,25.51,0.0,30.4,3461.16,24
2016-01-31 00:45:00,MAITRI,-2.9,63.11,967.15,62.38,0.0,41.44,6.91,25.47,0.0,29.01,3461.0,23
2016-01-31 00:50:00,MAITRI,-2.87,63.33,967.65,62.01,0.0,44.32,7.39,25.47,0.0,31.03,3460.83,24
2016-01-31 00:55:00,MAITRI,-2.94,62.98,967.73,60.51,9.67,43.33,7.22,25.47,0.0,30.33,3460.67,23
2016-01-31 01:00:00,MAITRI,-2.64,63.16,967.57,59.64,1.87,45.44,7.57,25.47,0.0,31.81,3460.51,23
2016-01-31 01:05:00,MAITRI,-2.97,62.49,967.82,61.26,1.81,44.95,7.49,25.48,0.0,31.47,3460.35,23
2016-01-31 01:10:00,MAITRI,-3.3,62.85,967.13,61.64,0.0,42.93,7.16,25.46,0.0,30.05,3460.19,23
2016-01-31 01:15:00,MAITRI,-3.13,62.94,967.18,60.48,0.59,44.58,7.43,25.46,0.0,31.21,3460.03,23
2016-01-31 01:20:00,MAITRI,-2.77,62.23,966.88,61.06,0.0,44.2,7.37,25.46,0.0,30.94,3459.87,24
2016-01-31 01:25:00,MAITRI,-3.1,61.9,967.4,62.5,14.89,41.6,6.93,25.44,0.0,29.12,3459.7,24
2016-01-31 01:30:00,MAITRI,-3.34,61.76,967.33,61.27,13.08,43.9,7.32,25.45,0.0,30.73,3459.53,24
2016-01-31 01:35:00,MAITRI,-3.41,61.51,966.87,59.39,8.02,43.89,7.31,25.45,0.0,30.72,3459.37,24
2016-01-31 01:40:00,MAITRI,-3.35,60.93,967.18,57.82,5.01,43.04,7.17,25.45,0.0,30.13,3459.21,23
2016-01-31 01:45:00,MAITRI,-3.13,61.2,967.63,56.4,3.47,42.15,7.02,25.43,0.0,29.5,3459.05,23
2016-01-31 01:50:00,MAITRI,-3.33,61.07,967.31,55.89,2.6,43.0,7.17,25.43,0.0,30.1,3458.89,23
2016-01-31 01:55:00,MAITRI,-3.41,60.46,966.96,54.62,10.83,42.62,7.1,25.43,0.0,29.83,3458.73,23
2016-01-31 02:00:00,MAITRI,-3.56,60.9,966.43,53.6,0.0,43.91,7.32,25.43,0.0,30.73,3458.56,24
2016-01-31 02:05:00,MAITRI,-3.56,60.19,966.18,52.9,8.14,43.66,7.28,25.43,0.0,30.57,3458.39,25
2016-01-31 02:10:00,MAITRI,-3.61,60.37,966.18,54.5,0.0,44.88,7.48,25.43,0.0,31.41,3458.22,25
2016-01-31 02:15:00,MAITRI,-3.44,60.5,966.87,52.95,0.0,43.05,7.17,25.42,0.0,30.13,3458.05,24
2016-01-31 02:20:00,MAITRI,-3.42,60.96,967.57,51.63,0.0,42.31,7.05,25.39,0.0,29.62,3457.88,24
2016-01-31 02:25:00,MAITRI,-3.25,61.8,968.15,50.37,0.0,43.37,7.23,25.39,0.0,30.36,3457.72,23
2016-01-31 02:30:00,MAITRI,-3.1,61.12,968.18,49.88,0.0,42.52,7.09,25.38,0.0,29.76,3457.56,23
2016-01-31 02:35:00,MAITRI,-3.17,61.45,968.81,49.71,0.0,41.83,6.97,25.35,0.0,29.28,3457.4,23
2016-01-31 02:40:00,MAITRI,-3.66,61.78,967.62,52.63,0.0,43.42,7.24,25.35,0.0,30.39,3457.25,22
2016-01-31 02:45:00,MAITRI,-3.38,62.27,967.65,51.77,0.0,42.56,7.09,25.33,0.0,29.79,3457.09,23
2016-01-31 02:50:00,MAITRI,-3.34,62.74,967.27,51.36,0.0,42.62,7.1,25.31,0.0,29.83,3456.93,23
2016-01-31 02:55:00,MAITRI,-3.15,62.39,967.25,50.53,0.0,41.88,6.98,25.28,0.0,29.32,3456.77,23
2016-01-31 03:00:00,MAITRI,-3.02,62.42,967.3,50.37,6.93,43.84,7.31,25.29,0.0,30.69,3456.61,23
2016-01-31 03:05:00,MAITRI,-2.76,62.75,967.22,49.22,10.04,41.48,6.91,25.26,0.0,29.04,3456.45,23
2016-01-31 03:10:00,MAITRI,-3.07,59.71,966.7,51.28,0.0,42.31,7.05,25.25,0.0,29.62,3456.3,22
2016-01-31 03:15:00,MAITRI,-2.85,59.64,967.09,51.94,11.15,42.29,7.05,25.26,0.0,29.6,3456.15,22
2016-01-31 03:20:00,MAITRI,-3.02,58.85,966.44,55.56,0.0,44.37,7.4,25.26,0.0,31.06,3455.99,22
2016-01-31 03:25:00,MAITRI,-2.72,59.58,966.55,53.77,0.0,42.43,7.07,25.24,0.0,29.7,3455.83,23
2016-01-31 03:30:00,MAITRI,-2.61,60.21,966.78,53.76,0.0,43.76,7.29,25.24,0.0,30.63,3455.66,25
2016-01-31 03:35:00,MAITRI,-2.66,59.48,967.05,51.96,0.0,43.44,7.24,25.22,0.0,30.41,3455.49,25
2016-01-31 03:40:00,MAITRI,-2.76,60.32,966.14,52.4,9.62,42.54,7.09,25.21,0.0,29.78,3455.31,25
2016-01-31 03:45:00,MAITRI,-2.65,61.14,966.16,53.24,0.0,44.44,7.41,25.2,0.0,31.11,3455.13,26
2016-01-31 03:50:00,MAITRI,-2.63,62.36,966.08,53.92,2.44,45.32,7.55,25.2,0.0,31.72,3454.95,26
2016-01-31 03:55:00,MAITRI,-2.5,61.8,965.85,53.39,0.0,44.64,7.44,25.2,0.0,31.25,3454.77,26
2016-01-31 04:00:00,MAITRI,-2.42,61.92,966.13,54.14,4.02,42.51,7.09,25.18,0.0,29.76,3454.6,25
2016-01-31 04:05:00,MAITRI,-1.9,61.28,966.24,52.06,0.0,45.22,7.54,25.18,0.0,31.65,3454.43,24
2016-01-31 04:10:00,MAITRI,-2.02,61.99,965.82,53.97,0.0,44.39,7.4,25.17,0.0,31.07,3454.25,26
2016-01-31 04:15:00,MAITRI,-1.84,61.53,965.8,52.27,3.73,43.05,7.17,25.15,0.0,30.13,3454.08,25
2016-01-31 04:20:00,MAITRI,-2.07,61.35,966.17,54.71,1.98,42.59,7.1,25.12,0.0,29.81,3453.9,25
2016-01-31 04:25:00,MAITRI,-2.15,61.07,965.71,55.13,0.0,43.42,7.24,25.12,0.0,30.39,3453.74,24
2016-01-31 04:30:00,MAITRI,-2.13,61.6,965.28,54.88,10.84,46.43,7.74,25.12,0.0,32.5,3453.56,25
2016-01-31 04:35:00,MAITRI,-2.0,62.0,965.51,53.7,0.0,45.93,7.65,25.12,0.0,32.15,3453.38,26
2016-01-31 04:40:00,MAITRI,-2.71,62.02,964.23,56.29,0.0,41.78,6.96,25.07,0.0,29.25,3453.2,26
2016-01-31 04:45:00,MAITRI,-2.51,61.42,964.14,56.52,0.0,44.01,7.33,25.07,0.0,30.81,3453.03,24
2016-01-31 04:50:00,MAITRI,-2.85,61.48,964.27,54.82,0.0,44.52,7.42,25.07,0.0,31.16,3452.87,24
2016-01-31 04:55:00,MAITRI,-2.95,61.43,964.31,54.35,0.0,43.74,7.29,25.06,0.0,30.62,3452.69,25
2016-01-31 05:00:00,MAITRI,-3.11,61.36,963.97,57.78,0.0,43.88,7.31,25.05,0.0,30.72,3452.52,25
2016-01-31 05:05:00,MAITRI,-3.3,61.89,964.07,59.35,12.92,45.04,7.51,25.06,0.0,31.52,3452.35,25
2016-01-31 05:10:00,MAITRI,-3.11,61.73,964.14,57.95,0.0,45.73,7.62,25.06,0.0,32.01,3452.18,24
2016-01-31 05:15:00,MAITRI,-3.2,61.38,963.93,60.74,0.0,41.56,6.93,25.02,0.0,29.09,3452.02,23
2016-01-31 05:20:00,MAITRI,-2.8,57.77,963.82,61.71,0.0,41.55,6.93,25.01,0.0,29.09,3451.87,21
2016-01-31 05:25:00,MAITRI,-2.49,58.15,964.64,60.78,11.17,42.99,7.16,25.02,0.0,30.09,3451.73,21
2016-01-31 05:30:00,MAITRI,-2.45,58.32,965.06,59.16,0.0,40.67,6.78,24.99,0.0,28.47,3451.58,21
2016-01-31 05:35:00,MAITRI,-3.02,58.76,963.8,61.36,1.77,42.96,7.16,24.99,0.0,30.07,3451.43,22
2016-01-31 05:40:00,MAITRI,-3.48,59.04,964.4,62.74,0.13,44.39,7.4,24.99,0.0,31.07,3451.27,23
2016-01-31 05:45:00,MAITRI,-3.34,59.44,963.65,61.65,0.0,43.15,7.19,24.99,0.0,30.2,3451.11,23
2016-01-31 05:50:00,MAITRI,-3.07,60.11,963.74,61.12,0.0,42.0,7.0,24.97,0.0,29.4,3450.96,22
2016-01-31 05:55:00,MAITRI,-3.73,59.88,962.72,63.06,0.0,42.23,7.04,24.96,0.0,29.56,3450.81,22
2016-01-31 06:00:00,MAITRI,-3.66,60.15,962.37,62.34,3.65,41.66,6.94,24.95,0.0,29.16,3450.65,22
2016-01-31 06:05:00,MAITRI,-4.09,60.63,963.04,64.04,0.0,42.07,7.01,24.93,0.0,29.45,3450.5,22
2016-01-31 06:10:00,MAITRI,-3.85,60.4,963.06,63.25,28.77,41.46,6.91,24.94,0.0,29.02,3450.35,22
2016-01-31 06:15:00,MAITRI,-3.72,60.81,963.15,62.39,35.59,39.18,6.53,24.92,0.0,27.43,3450.19,22
2016-01-31 06:20:00,MAITRI,-3.54,61.12,963.36,61.91,34.73,42.9,7.15,24.93,0.0,30.03,3450.04,22
2016-01-31 06:25:00,MAITRI,-3.48,60.84,964.33,61.02,63.2,40.77,6.79,24.97,0.0,28.54,3449.89,22
2016-01-31 06:30:00,MAITRI,-3.48,61.58,964.34,60.45,68.42,40.74,6.79,25.0,0.0,28.52,3449.74,22
2016-01-31 06:35:00,MAITRI,-3.3,61.48,964.59,59.77,62.85,40.35,6.72,25.03,0.0,28.24,3449.58,23
2016-01-31 06:40:00,MAITRI,-3.03,61.79,964.23,58.26,85.22,40.5,6.75,25.07,0.0,28.35,3449.41,24
2016-01-31 06:45:00,MAITRI,-3.15,61.75,964.68,58.84,102.05,40.76,6.79,25.12,0.0,28.53,3449.24,24
2016-01-31 06:50:00,MAITRI,-3.11,61.78,964.33,57.02,115.67,39.1,6.52,25.18,0.0,27.37,3449.08,24
2016-01-31 06:55:00,MAITRI,-2.68,61.66,964.44,54.93,127.84,40.14,6.69,25.25,0.0,28.1,3448.91,24
2016-01-31 07:00:00,MAITRI,-2.35,61.69,963.98,54.18,143.36,39.18,6.53,25.32,0.0,27.43,3448.75,23
2016-01-31 07:05:00,MAITRI,-2.12,61.26,964.37,53.62,154.7,38.13,6.35,25.4,0.0,26.69,3448.59,23
2016-01-31 07:10:00,MAITRI,-2.04,61.57,964.69,51.48,148.36,38.96,6.49,25.48,0.0,27.27,3448.44,22
2016-01-31 07:15:00,MAITRI,-1.75,61.46,964.8,49.67,173.91,34.83,5.8,25.55,0.0,24.38,3448.28,22
2016-01-31 07:20:00,MAITRI,-1.51,61.84,965.1,51.77,185.74,38.34,6.39,25.65,0.0,26.84,3448.13,22
2016-01-31 07:25:00,MAITRI,-1.4,59.54,965.86,51.57,195.91,34.83,5.81,25.75,0.0,24.38,3447.98,22
2016-01-31 07:30:00,MAITRI,-1.19,60.23,965.78,50.08,217.52,32.79,5.46,25.85,0.0,22.95,3447.84,20
2016-01-31 07:35:00,MAITRI,-1.3,60.64,965.44,51.09,207.76,33.19,5.53,25.95,0.0,23.23,3447.7,20
2016-01-31 07:40:00,MAITRI,-1.37,60.34,965.54,53.79,0.0,55.77,9.29,25.53,0.0,48.66,3447.56,21
2016-01-31 07:45:00,MAITRI,-1.37,60.02,965.4,53.7,42.81,55.73,9.29,25.36,0.0,52.86,3447.4,23
2016-01-31 07:50:00,MAITRI,-1.54,60.88,965.16,53.13,23.26,57.63,9.6,24.98,0.0,51.46,3447.23,24
2016-01-31 07:55:00,MAITRI,-1.46,61.77,965.29,51.93,0.0,59.44,9.91,24.55,0.0,55.61,3447.06,25
2016-01-31 08:00:00,MAITRI,-1.21,62.13,965.76,50.65,2.35,56.75,9.46,24.36,0.0,50.35,3446.88,25
2016-01-31 08:05:00,MAITRI,-1.12,62.29,965.51,50.09,54.38,58.25,9.71,24.1,0.0,48.9,3446.7,26
2016-01-31 08:10:00,MAITRI,-1.0,61.93,965.93,49.98,35.06,61.13,10.19,23.83,0.0,54.68,3446.51,27
2016-01-31 08:15:00,MAITRI,-0.93,61.91,965.84,49.72,47.64,60.88,10.15,23.38,0.0,52.44,3446.32,28
2016-01-31 08:20:00,MAITRI,-1.0,61.86,965.59,48.52,19.01,64.91,10.82,23.11,0.0,61.98,3446.12,29
2016-01-31 08:25:00,MAITRI,-1.04,62.15,966.19,47.39,33.61,62.25,10.37,22.89,0.0,61.06,3445.92,28
2016-01-31 08:30:00,MAITRI,-0.57,62.19,966.52,45.93,0.0,65.88,10.98,22.68,0.0,54.78,3445.72,29
2016-01-31 08:35:00,MAITRI,-0.62,62.06,966.78,46.17,42.15,63.67,10.61,22.25,0.0,59.03,3445.52,29
2016-01-31 08:40:00,MAITRI,-0.68,61.77,966.02,46.71,22.82,65.2,10.87,22.03,0.0,52.52,3445.31,30
2016-01-31 08:45:00,MAITRI,-0.41,61.18,966.03,46.11,67.43,63.21,10.54,21.59,0.0,56.99,3445.12,28
2016-01-31 08:50:00,MAITRI,-0.18,60.94,966.18,45.0,25.91,64.54,10.76,21.24,0.0,57.2,3444.92,28
2016-01-31 08:55:00,MAITRI,-0.16,60.42,966.47,45.74,15.6,66.27,11.04,21.1,0.0,66.84,3444.73,28
2016-01-31 09:00:00,MAITRI,-0.37,60.95,966.18,47.5,30.42,68.65,11.44,20.87,0.0,65.21,3444.53,29
2016-01-31 09:05:00,MAITRI,-0.46,61.09,965.57,48.04,65.4,66.13,11.02,20.52,0.0,65.91,3444.33,28
2016-01-31 09:10:00,MAITRI,-1.17,61.42,966.38,50.4,48.75,66.61,11.1,20.05,0.0,56.13,3444.14,28
2016-01-31 09:15:00,MAITRI,-1.02,61.92,966.41,48.86,47.58,67.46,11.24,19.64,0.0,62.74,3443.94,28
2016-01-31 09:20:00,MAITRI,-0.7,61.59,966.81,49.32,65.16,66.83,11.14,19.36,0.0,58.37,3443.75,28
2016-01-31 09:25:00,MAITRI,-0.55,59.69,966.96,48.73,69.99,69.47,11.58,19.18,0.0,56.04,3443.56,28
2016-01-31 09:30:00,MAITRI,-0.47,60.27,966.82,51.15,45.92,72.23,12.04,19.02,0.0,59.19,3443.35,29
2016-01-31 09:35:00,MAITRI,-0.12,60.93,966.32,50.3,38.43,72.76,12.13,18.82,0.0,66.17,3443.15,29
2016-01-31 09:40:00,MAITRI,-0.6,60.98,966.82,52.35,77.55,70.94,11.82,18.75,0.0,69.72,3442.95,29
2016-01-31 09:45:00,MAITRI,-0.74,61.26,967.29,50.97,32.7,72.58,12.1,18.41,0.0,70.59,3442.75,29
2016-01-31 09:50:00,MAITRI,-1.22,61.23,967.51,53.06,21.91,73.61,12.27,18.26,0.0,61.98,3442.55,29
2016-01-31 09:55:00,MAITRI,-1.07,61.39,967.39,51.6,24.36,72.54,12.09,17.95,0.0,59.93,3442.35,28
2016-01-31 10:00:00,MAITRI,-0.91,60.39,967.64,53.43,36.85,73.78,12.3,17.48,0.0,60.01,3442.15,29
2016-01-31 10:05:00,MAITRI,-0.61,60.11,967.84,52.05,19.3,75.24,12.54,17.12,0.0,71.29,3441.96,28
2016-01-31 10:10:00,MAITRI,-0.23,59.95,968.2,51.49,62.26,76.07,12.68,16.89,0.0,61.3,3441.76,28
2016-01-31 10:15:00,MAITRI,-0.25,60.17,967.86,51.43,70.39,75.2,12.53,16.72,0.0,68.51,3441.57,28
2016-01-31 10:20:00,MAITRI,-0.32,60.93,967.65,53.47,40.99,75.47,12.58,16.43,0.0,75.4,3441.37,28
2016-01-31 10:25:00,MAITRI,-0.2,61.48,967.45,53.36,5.51,75.65,12.61,16.05,0.0,63.24,3441.19,27
2016-01-31 10:30:00,MAITRI,-0.13,61.44,967.39,52.69,36.22,75.74,12.62,15.8,0.0,76.85,3441.0,27
2016-01-31 10:35:00,MAITRI,0.14,60.59,967.1,51.6,87.07,73.8,12.3,15.63,0.0,65.53,3440.81,27
2016-01-31 10:40:00,MAITRI,0.38,60.93,967.75,51.55,1.37,74.09,12.35,15.43,0.0,68.94,3440.62,28
2016-01-31 10:45:00,MAITRI,0.36,60.75,967.38,50.75,54.33,75.47,12.58,15.16,0.0,68.55,3440.42,28
2016-01-31 10:50:00,MAITRI,0.5,56.97,966.97,49.22,28.69,78.81,13.14,15.0,0.0,77.79,3440.22,29
2016-01-31 10:55:00,MAITRI,0.47,57.78,967.27,48.13,15.22,78.6,13.1,14.77,0.0,66.25,3440.02,29
2016-01-31 11:00:00,MAITRI,0.64,58.16,968.16,46.21,40.9,75.16,12.53,14.66,0.0,75.72,3439.82,29
2016-01-31 11:05:00,MAITRI,0.86,58.78,968.17,45.12,35.48,73.87,12.31,14.56,0.0,73.9,3439.62,28
2016-01-31 11:10:00,MAITRI,0.68,58.72,968.5,46.27,6.51,76.64,12.77,14.44,0.0,62.38,3439.43,28
2016-01-31 11:15:00,MAITRI,0.25,58.99,968.06,47.98,86.07,74.38,12.4,14.22,0.0,69.98,3439.24,28
2016-01-31 11:20:00,MAITRI,0.45,59.28,968.31,47.14,76.96,73.26,12.21,13.83,0.0,60.3,3439.04,28
2016-01-31 11:25:00,MAITRI,0.39,59.37,967.71,48.24,13.66,76.0,12.67,13.44,0.0,76.58,3438.85,28
2016-01-31 11:30:00,MAITRI,0.5,59.66,967.34,48.64,16.0,77.39,12.9,13.02,0.0,73.97,3438.65,28
2016-01-31 11:35:00,MAITRI,0.83,59.97,967.92,48.44,93.82,72.51,12.09,12.82,0.0,63.38,3438.45,29
2016-01-31 11:40:00,MAITRI,0.48,60.65,967.05,50.17,35.7,78.7,13.12,12.44,0.0,73.18,3438.25,29
2016-01-31 11:45:00,MAITRI,0.26,60.16,967.46,50.95,9.05,78.15,13.02,12.0,0.0,68.3,3438.04,30
2016-01-31 11:50:00,MAITRI,0.54,60.27,967.56,49.8,25.93,78.11,13.02,11.82,0.0,71.06,3437.83,30
2016-01-31 11:55:00,MAITRI,0.37,60.13,967.62,52.05,528.95,23.79,3.97,12.08,0.0,16.66,3437.63,29
2016-01-31 12:00:00,MAITRI,0.55,60.39,967.96,51.91,511.76,25.15,4.19,12.35,0.0,17.6,3437.43,29
2016-01-31 12:05:00,MAITRI,0.83,60.75,968.33,49.67,528.85,25.66,4.28,12.62,0.0,17.96,3437.24,28
2016-01-31 12:10:00,MAITRI,0.98,61.1,968.65,49.92,526.94,25.61,4.27,12.9,0.0,17.93,3437.06,26
2016-01-31 12:15:00,MAITRI,1.08,61.28,968.83,49.46,531.53,25.0,4.17,13.17,0.0,17.5,3436.87,27
2016-01-31 12:20:00,MAITRI,1.21,61.11,968.28,49.11,523.1,25.46,4.24,13.45,0.0,17.82,3436.68,27
2016-01-31 12:25:00,MAITRI,1.47,61.45,968.71,47.91,535.96,23.69,3.95,13.71,0.0,16.58,3436.48,29
2016-01-31 12:30:00,MAITRI,1.33,60.96,967.79,49.05,527.89,22.7,3.78,13.96,0.0,15.89,3436.28,28
2016-01-31 12:35:00,MAITRI,1.56,61.37,968.13,48.91,527.86,22.05,3.67,14.19,0.0,15.43,3436.09,28
2016-01-31 12:40:00,MAITRI,1.71,60.49,967.97,47.25,524.25,23.82,3.97,14.45,0.0,16.67,3435.9,28
2016-01-31 12:45:00,MAITRI,1.44,60.54,967.81,48.54,519.82,24.62,4.1,14.72,0.0,17.24,3435.71,27
2016-01-31 12:50:00,MAITRI,1.38,59.77,968.11,50.56,506.9,23.77,3.96,14.97,0.0,16.64,3435.52,27
2016-01-31 12:55:00,MAITRI,0.92,59.91,967.19,51.86,504.52,25.81,4.3,15.23,0.0,18.07,3435.33,28
2016-01-31 13:00:00,MAITRI,1.13,59.73,967.86,51.59,500.66,25.57,4.26,15.49,0.0,17.9,3435.13,28
2016-01-31 13:05:00,MAITRI,1.08,59.25,968.35,50.76,516.46,24.33,4.06,15.76,0.0,17.03,3434.94,27
2016-01-31 13:10:00,MAITRI,0.9,59.13,967.92,51.39,507.68,23.43,3.91,16.01,0.0,16.4,3434.76,26
2016-01-31 13:15:00,MAITRI,0.97,59.33,967.49,51.04,502.38,24.21,4.03,16.26,0.0,16.94,3434.58,27
2016-01-31 13:20:00,MAITRI,1.12,57.12,967.6,49.75,513.25,22.81,3.8,16.51,0.0,15.97,3434.39,27
2016-01-31 13:25:00,MAITRI,1.2,57.41,967.27,49.72,490.15,24.18,4.03,16.76,0.0,16.92,3434.22,25
2016-01-31 13:30:00,MAITRI,1.05,57.91,967.03,50.7,489.47,23.39,3.9,16.99,0.0,16.38,3434.03,26
2016-01-31 13:35:00,MAITRI,1.43,57.67,966.57,50.0,477.08,24.4,4.07,17.23,0.0,17.08,3433.85,26
2016-01-31 13:40:00,MAITRI,1.45,58.57,966.36,49.87,478.4,24.95,4.16,17.47,0.0,17.47,3433.67,26
2016-01-31 13:45:00,MAITRI,1.24,54.97,966.23,52.24,459.17,27.75,4.63,17.71,0.0,19.43,3433.5,25
2016-01-31 13:50:00,MAITRI,1.15,56.19,966.65,52.61,467.06,25.88,4.31,17.95,0.0,18.12,3433.32,26
2016-01-31 13:55:00,MAITRI,1.05,56.98,966.25,52.71,470.72,23.81,3.97,18.18,0.0,16.67,3433.15,25
2016-01-31 14:00:00,MAITRI,1.11,57.18,966.11,51.07,467.58,24.19,4.03,18.4,0.0,16.93,3432.97,25
2016-01-31 14:05:00,MAITRI,1.23,57.47,965.89,51.53,447.33,25.39,4.23,18.62,0.0,17.78,3432.79,26
2016-01-31 14:10:00,MAITRI,1.03,53.42,966.36,51.94,457.1,26.82,4.47,18.86,0.0,18.77,3432.61,26
2016-01-31 14:15:00,MAITRI,1.42,54.65,966.16,51.7,436.61,28.37,4.73,19.08,0.0,19.86,3432.43,26
2016-01-31 14:20:00,MAITRI,1.49,56.32,965.95,51.39,442.97,26.66,4.44,19.31,0.0,18.66,3432.25,26
2016-01-31 14:25:00,MAITRI,1.58,57.39,965.74,49.98,422.85,26.48,4.41,19.52,0.0,18.54,3432.07,26
2016-01-31 14:30:00,MAITRI,1.68,57.44,966.22,50.29,420.12,29.25,4.87,19.74,0.0,20.47,3431.88,27
2016-01-31 14:35:00,MAITRI,1.66,56.94,966.51,50.31,433.38,29.19,4.86,19.96,0.0,20.43,3431.69,28
2016-01-31 14:40:00,MAITRI,1.63,57.19,965.83,50.84,394.39,29.67,4.94,20.17,0.0,20.77,3431.49,28
2016-01-31 14:45:00,MAITRI,1.63,56.74,966.55,50.29,391.6,29.72,4.95,20.37,0.0,20.8,3431.29,29
2016-01-31 14:50:00,MAITRI,1.8,56.34,966.85,49.8,390.36,29.02,4.84,20.56,0.0,20.32,3431.09,29
2016-01-31 14:55:00,MAITRI,1.89,54.66,967.55,49.08,391.18,30.2,5.03,20.76,0.0,21.14,3430.89,29
2016-01-31 15:00:00,MAITRI,1.64,55.3,967.42,50.46,371.89,31.18,5.2,20.96,0.0,21.82,3430.69,29
2016-01-31 15:05:00,MAITRI,1.22,54.92,967.33,51.02,370.3,31.18,5.2,21.15,0.0,21.83,3430.49,28
2016-01-31 15:10:00,MAITRI,1.23,56.04,967.35,50.76,354.53,31.86,5.31,21.34,0.0,22.31,3430.31,27
2016-01-31 15:15:00,MAITRI,1.42,57.18,967.96,50.84,353.88,32.36,5.39,21.52,0.0,22.65,3430.11,28
2016-01-31 15:20:00,MAITRI,1.36,57.87,967.72,52.42,335.57,34.17,5.7,21.69,0.0,23.92,3429.92,28
2016-01-31 15:25:00,MAITRI,1.5,57.06,967.85,51.89,339.87,30.33,5.05,21.85,0.0,21.23,3429.72,28
2016-01-31 15:30:00,MAITRI,1.27,57.73,967.34,50.59,329.31,32.82,5.47,22.02,0.0,22.98,3429.53,28
2016-01-31 15:35:00,MAITRI,1.1,57.73,966.49,51.81,328.96,31.97,5.33,22.19,0.0,22.38,3429.34,27
2016-01-31 15:40:00,MAITRI,0.93,58.16,966.85,53.78,293.43,34.87,5.81,22.35,0.0,24.41,3429.15,27
2016-01-31 15:45:00,MAITRI,0.82,58.15,966.85,55.24,291.8,32.46,5.41,22.49,0.0,22.72,3428.97,27
2016-01-31 15:50:00,MAITRI,1.0,58.36,967.58,54.29,277.4,38.64,6.44,22.63,0.0,27.04,3428.78,27
2016-01-31 15:55:00,MAITRI,0.89,58.67,967.67,52.51,280.14,34.13,5.69,22.78,0.0,23.89,3428.59,27
2016-01-31 16:00:00,MAITRI,1.0,60.22,967.7,51.38,262.59,35.11,5.85,22.91,0.0,24.58,3428.4,27
2016-01-31 16:05:00,MAITRI,0.95,61.38,967.88,52.66,243.09,34.06,5.68,23.02,0.0,23.84,3428.22,27
2016-01-31 16:10:00,MAITRI,0.72,60.18,967.24,51.34,228.97,37.81,6.3,23.14,0.0,26.47,3428.03,27
2016-01-31 16:15:00,MAITRI,0.69,60.57,967.43,49.84,238.6,35.94,5.99,23.26,0.0,25.16,3427.84,27
2016-01-31 16:20:00,MAITRI,0.53,60.57,966.42,51.06,224.42,35.68,5.95,23.38,0.0,24.98,3427.66,26
2016-01-31 16:25:00,MAITRI,0.52,60.85,966.05,51.45,221.39,34.3,5.72,23.47,0.0,24.01,3427.48,26
2016-01-31 16:30:00,MAITRI,0.13,61.76,965.3,51.93,199.64,37.43,6.24,23.57,0.0,26.2,3427.3,26
2016-01-31 16:35:00,MAITRI,0.46,62.08,965.27,50.93,197.66,35.77,5.96,23.65,0.0,25.04,3427.12,26
2016-01-31 16:40:00,MAITRI,0.18,62.73,965.66,52.53,173.99,37.56,6.26,23.74,0.0,26.29,3426.94,26
2016-01-31 16:45:00,MAITRI,-0.01,62.54,965.74,53.78,164.24,39.13,6.52,23.82,0.0,27.39,3426.76,26
2016-01-31 16:50:00,MAITRI,-0.05,60.3,965.87,52.58,158.37,36.93,6.16,23.88,0.0,25.85,3426.58,26
2016-01-31 16:55:00,MAITRI,0.06,61.04,965.4,52.7,148.45,39.12,6.52,23.96,0.0,27.39,3426.39,27
2016-01-31 17:00:00,MAITRI,0.09,60.04,965.55,54.88,135.34,67.79,11.3,24.03,0.0,47.45,3426.2,27
2016-01-31 17:05:00,MAITRI,0.37,60.59,965.46,54.03,114.16,66.75,11.13,24.09,0.0,46.73,3426.02,26
2016-01-31 17:10:00,MAITRI,0.09,61.13,965.25,55.96,114.26,60.31,10.05,24.15,0.0,42.22,3425.85,25
2016-01-31 17:15:00,MAITRI,0.39,61.43,965.14,55.18,89.04,61.82,10.3,24.2,0.0,43.27,3425.67,26
2016-01-31 17:20:00,MAITRI,0.51,62.07,966.05,53.94,95.4,69.86,11.64,24.25,0.0,48.9,3425.49,26
2016-01-31 17:25:00,MAITRI,0.21,61.88,966.38,54.78,66.79,72.11,12.02,24.28,0.0,50.47,3425.31,26
2016-01-31 17:30:00,MAITRI,0.17,61.58,966.57,55.11,61.9,68.91,11.48,24.31,0.0,48.23,3425.12,27
2016-01-31 17:35:00,MAITRI,-0.05,62.71,966.83,56.29,55.37,41.26,6.88,24.31,0.0,28.88,3424.93,27
2016-01-31 17:40:00,MAITRI,-0.21,62.58,966.33,57.91,57.66,43.78,7.3,24.34,0.0,30.65,3424.74,27
2016-01-31 17:45:00,MAITRI,0.08,62.86,966.13,57.1,27.53,42.15,7.03,24.33,0.0,29.51,3424.56,26
2016-01-31 17:50:00,MAITRI,0.17,63.15,966.87,55.8,18.51,46.7,7.78,24.34,0.0,86.08,3424.37,27
2016-01-31 17:55:00,MAITRI,0.4,63.06,965.99,56.98,15.28,43.35,7.22,24.31,0.0,80.92,3424.18,28
2016-01-31 18:00:00,MAITRI,-0.04,62.83,965.08,57.68,2.5,44.88,7.48,24.3,0.0,59.61,3423.99,28
2016-01-31 18:05:00,MAITRI,-0.12,63.09,965.67,58.5,0.0,44.92,7.49,24.29,0.0,84.89,3423.8,27
2016-01-31 18:10:00,MAITRI,-0.04,63.29,965.45,58.91,0.0,44.9,7.48,24.29,0.0,70.25,3423.62,26
2016-01-31 18:15:00,MAITRI,-0.06,62.46,964.61,59.13,5.15,45.09,7.51,24.3,0.0,87.5,3423.44,25
2016-01-31 18:20:00,MAITRI,0.24,62.05,964.66,57.09,0.0,43.27,7.21,24.28,0.0,56.28,3423.27,25
2016-01-31 18:25:00,MAITRI,0.07,62.19,964.64,58.31,0.0,45.7,7.62,24.28,0.0,68.1,3423.1,24
2016-01-31 18:30:00,MAITRI,-0.13,61.82,964.75,59.58,1.53,44.28,7.38,24.28,0.0,85.34,3422.94,24
2016-01-31 18:35:00,MAITRI,-0.2,62.14,964.9,59.46,0.0,43.92,7.32,24.28,0.0,84.51,3422.77,24
2016-01-31 18:40:00,MAITRI,-0.42,62.01,965.54,57.86,1.46,43.31,7.22,24.27,0.0,58.53,3422.6,24
2016-01-31 18:45:00,MAITRI,-0.44,61.63,965.37,59.64,0.39,44.86,7.48,24.27,0.0,84.84,3422.44,24
2016-01-31 18:50:00,MAITRI,-0.28,61.93,965.24,58.42,3.79,43.38,7.23,24.26,0.0,77.89,3422.26,25
2016-01-31 18:55:00,MAITRI,-0.36,62.25,965.47,59.83,4.26,43.39,7.23,24.24,0.0,72.98,3422.09,25
2016-01-31 19:00:00,MAITRI,-0.58,62.99,965.59,61.13,7.55,43.52,7.25,24.24,0.0,84.35,3421.92,25
2016-01-31 19:05:00,MAITRI,-0.83,62.62,965.86,61.96,0.0,45.94,7.66,24.24,0.0,77.67,3421.74,25
2016-01-31 19:10:00,MAITRI,-0.69,61.92,966.19,60.09,6.57,43.73,7.29,24.24,0.0,74.45,3421.57,25
2016-01-31 19:15:00,MAITRI,-0.49,61.08,966.14,59.09,0.0,42.39,7.07,24.2,0.0,60.11,3421.4,25
2016-01-31 19:20:00,MAITRI,-0.3,60.05,966.55,59.06,0.0,45.27,7.54,24.2,0.0,62.6,3421.22,26
2016-01-31 19:25:00,MAITRI,0.16,59.84,966.57,59.1,12.74,42.23,7.04,24.18,0.0,61.01,3421.03,26
2016-01-31 19:30:00,MAITRI,0.41,60.17,967.29,58.18,0.0,46.07,7.68,24.18,0.0,66.49,3420.85,26
2016-01-31 19:35:00,MAITRI,0.26,61.0,965.85,58.91,6.53,45.22,7.54,24.18,0.0,68.78,3420.67,27
2016-01-31 19:40:00,MAITRI,0.44,61.25,965.51,58.22,4.28,44.38,7.4,24.17,0.0,79.51,3420.48,27
2016-01-31 19:45:00,MAITRI,0.09,61.0,966.22,59.12,0.0,44.73,7.46,24.17,0.0,77.45,3420.29,27
2016-01-31 19:50:00,MAITRI,-0.29,61.16,965.33,60.21,4.63,44.5,7.42,24.15,0.0,61.97,3420.1,28
2016-01-31 19:55:00,MAITRI,-0.19,61.7,965.37,59.2,6.61,46.59,7.77,24.16,0.0,85.75,3419.9,28
2016-01-31 20:00:00,MAITRI,-0.59,62.0,965.06,59.44,0.0,45.06,7.51,24.15,0.0,72.92,3419.72,27
2016-01-31 20:05:00,MAITRI,-0.59,61.98,964.62,60.31,3.69,41.72,6.95,24.1,0.0,63.76,3419.53,26
2016-01-31 20:10:00,MAITRI,-0.5,62.13,965.04,59.53,15.96,44.89,7.48,24.11,0.0,74.43,3419.35,26
2016-01-31 20:15:00,MAITRI,-0.65,62.05,963.86,58.98,0.0,46.64,7.77,24.11,0.0,79.04,3419.17,26
2016-01-31 20:20:00,MAITRI,-0.77,62.42,963.85,58.01,8.23,44.99,7.5,24.12,0.0,65.65,3419.0,25
2016-01-31 20:25:00,MAITRI,-0.85,62.7,963.6,60.4,7.36,42.94,7.16,24.1,0.0,73.74,3418.83,25
2016-01-31 20:30:00,MAITRI,-1.02,62.52,964.14,61.12,0.0,42.01,7.0,24.06,0.0,78.54,3418.66,24
2016-01-31 20:35:00,MAITRI,-1.12,62.46,963.6,61.1,5.47,42.75,7.13,24.04,0.0,78.07,3418.49,25
2016-01-31 20:40:00,MAITRI,-0.81,62.55,963.64,61.4,0.0,43.99,7.33,24.03,0.0,69.39,3418.31,26
2016-01-31 20:45:00,MAITRI,-0.67,62.54,963.67,61.02,3.5,43.77,7.29,24.01,0.0,30.64,3418.12,26
2016-01-31 20:50:00,MAITRI,-0.56,62.87,963.65,60.18,0.0,43.96,7.33,24.0,0.0,30.77,3417.95,25
2016-01-31 20:55:00,MAITRI,-0.37,61.78,964.2,61.83,7.02,42.34,7.06,23.98,0.0,29.64,3417.78,25
2016-01-31 21:00:00,MAITRI,-0.12,62.16,964.59,61.56,0.14,43.6,7.27,23.97,0.0,30.52,3417.61,24
2016-01-31 21:05:00,MAITRI,-0.34,62.52,964.73,61.51,0.0,42.68,7.11,23.95,0.0,29.88,3417.44,24
2016-01-31 21:10:00,MAITRI,-0.59,62.61,964.65,62.57,0.0,43.16,7.19,23.93,0.0,30.21,3417.28,24
2016-01-31 21:15:00,MAITRI,-0.94,62.21,965.12,64.2,1.44,46.41,7.74,23.94,0.0,32.49,3417.1,25
2016-01-31 21:20:00,MAITRI,-1.0,62.15,964.23,63.78,0.0,43.94,7.32,23.93,0.0,30.76,3416.93,25
2016-01-31 21:25:00,MAITRI,-0.89,62.21,964.05,64.06,0.0,45.18,7.53,23.93,0.0,31.63,3416.76,25
2016-01-31 21:30:00,MAITRI,-1.06,62.74,963.76,66.14,0.0,46.15,7.69,23.93,0.0,32.3,3416.59,24
2016-01-31 21:35:00,MAITRI,-1.02,60.31,963.56,64.01,0.0,43.49,7.25,23.92,0.0,30.44,3416.42,24
2016-01-31 21:40:00,MAITRI,-0.97,60.99,964.17,62.75,0.0,44.87,7.48,23.92,0.0,31.41,3416.26,24
2016-01-31 21:45:00,MAITRI,-1.26,61.05,964.47,64.39,4.21,43.58,7.26,23.92,0.0,30.5,3416.09,24
2016-01-31 21:50:00,MAITRI,-1.65,61.96,964.85,65.84,0.0,44.9,7.48,23.92,0.0,31.43,3415.92,25
2016-01-31 21:55:00,MAITRI,-1.72,62.79,964.84,65.56,0.0,41.84,6.97,23.88,0.0,29.29,3415.74,25
2016-01-31 22:00:00,MAITRI,-1.57,62.64,964.78,64.12,1.9,43.01,7.17,23.86,0.0,30.11,3415.57,25
2016-01-31 22:05:00,MAITRI,-1.85,62.35,965.4,64.32,0.0,41.36,6.89,23.8,0.0,28.95,3415.4,25
2016-01-31 22:10:00,MAITRI,-1.96,62.49,965.46,63.07,25.76,42.57,7.09,23.81,0.0,29.8,3415.23,24
2016-01-31 22:15:00,MAITRI,-2.21,62.96,964.92,63.35,7.01,43.94,7.32,23.81,0.0,30.76,3415.06,25
2016-01-31 22:20:00,MAITRI,-1.99,63.13,965.26,64.51,9.26,45.29,7.55,23.81,0.0,31.7,3414.9,23
2016-01-31 22:25:00,MAITRI,-1.74,63.02,965.19,62.8,0.0,71.27,11.88,23.81,0.0,49.89,3414.74,23
2016-01-31 22:30:00,MAITRI,-1.61,62.62,965.18,62.73,0.0,64.0,10.67,23.81,0.0,44.8,3414.58,22
2016-01-31 22:35:00,MAITRI,-1.61,63.28,965.66,62.24,0.0,69.56,11.59,23.81,0.0,48.69,3414.43,22
2016-01-31 22:40:00,MAITRI,-1.6,63.65,965.87,61.36,12.21,67.29,11.21,23.82,0.0,47.1,3414.28,21
2016-01-31 22:45:00,MAITRI,-1.83,64.07,966.47,61.98,8.65,61.1,10.18,23.82,0.0,42.77,3414.13,22
2016-01-31 22:50:00,MAITRI,-1.56,63.87,966.43,59.84,0.0,68.1,11.35,23.82,0.0,47.67,3413.99,21
2016-01-31 22:55:00,MAITRI,-1.76,63.24,966.18,62.46,10.57,75.69,12.61,23.83,0.0,52.98,3413.84,21
2016-01-31 23:00:00,MAITRI,-1.66,62.29,966.33,62.83,5.44,63.49,10.58,23.83,0.0,44.44,3413.69,22
2016-01-31 23:05:00,MAITRI,-1.96,62.26,966.8,64.67,13.36,63.66,10.61,23.84,0.0,44.56,3413.53,23
2016-01-31 23:10:00,MAITRI,-1.99,62.01,966.76,63.5,0.0,71.01,11.84,23.84,0.0,49.71,3413.36,24
2016-01-31 23:15:00,MAITRI,-1.93,62.98,966.54,61.4,0.0,73.75,12.29,23.84,0.0,51.63,3413.19,24
2016-01-31 23:20:00,MAITRI,-1.77,62.67,966.36,59.84,0.0,67.82,11.3,23.84,0.0,47.47,3413.03,24
2016-01-31 23:25:00,MAITRI,-1.52,62.28,966.12,58.34,5.19,44.85,7.48,23.84,0.0,31.4,3412.86,24
2016-01-31 23:30:00,MAITRI,-1.3,62.24,966.04,58.2,0.0,45.98,7.66,23.84,0.0,32.18,3412.7,23
2016-01-31 23:35:00,MAITRI,-1.42,62.15,964.89,59.43,0.0,42.33,7.05,23.82,0.0,29.63,3412.54,23
2016-01-31 23:40:00,MAITRI,-1.38,62.48,964.95,60.56,8.25,44.03,7.34,23.83,0.0,30.82,3412.38,23
2016-01-31 23:45:00,MAITRI,-1.39,62.34,965.36,58.91,0.0,40.94,6.82,23.78,0.0,28.66,3412.22,23
2016-01-31 23:50:00,MAITRI,-1.36,62.54,965.38,57.41,2.29,44.2,7.37,23.78,0.0,30.94,3412.06,23
2016-01-31 23:55:00,MAITRI,-1.51,62.36,965.74,58.27,0.23,44.5,7.42,23.78,0.0,31.15,3411.9,24
2016-02-01 00:00:00,MAITRI,-1.48,62.64,965.54,57.62,0.0,43.83,7.3,23.78,0.0,30.68,3411.73,24
2016-02-01 00:05:00,MAITRI,-1.8,63.41,965.18,56.19,2.14,43.47,7.25,23.77,0.0,30.43,3411.56,24
2016-02-01 00:10:00,MAITRI,-1.93,63.7,965.6,55.84,0.0,44.3,7.38,23.77,0.0,31.01,3411.4,24
2016-02-01 00:15:00,MAITRI,-2.26,63.96,966.35,55.73,10.48,43.4,7.23,23.78,0.0,30.38,3411.24,23
2016-02-01 00:20:00,MAITRI,-2.53,63.62,966.95,59.78,5.64,42.21,7.04,23.76,0.0,29.55,3411.08,23
2016-02-01 00:25:00,MAITRI,-3.03,63.38,967.02,58.21,2.77,42.17,7.03,23.73,0.0,29.52,3410.92,23
2016-02-01 00:30:00,MAITRI,-2.95,63.65,967.0,59.31,2.44,45.36,7.56,23.74,0.0,31.75,3410.76,23
2016-02-01 00:35:00,MAITRI,-2.88,64.08,966.92,58.46,8.7,43.38,7.23,23.73,0.0,30.37,3410.59,24
2016-02-01 00:40:00,MAITRI,-3.0,63.58,966.73,59.9,0.0,43.63,7.27,23.72,0.0,30.54,3410.42,25
2016-02-01 00:45:00,MAITRI,-3.29,63.91,967.27,59.01,7.27,44.18,7.36,23.72,0.0,30.92,3410.24,25
2016-02-01 00:50:00,MAITRI,-3.16,63.67,967.7,57.05,0.0,45.62,7.6,23.72,0.0,31.93,3410.08,24
2016-02-01 00:55:00,MAITRI,-3.53,63.74,967.72,56.61,6.84,43.44,7.24,23.72,0.0,30.41,3409.92,23
2016-02-01 01:00:00,MAITRI,-3.46,63.84,967.95,56.0,0.0,42.3,7.05,23.7,0.0,29.61,3409.76,23
2016-02-01 01:05:00,MAITRI,-3.38,61.02,967.83,57.47,0.0,43.09,7.18,23.69,0.0,30.17,3409.6,23
2016-02-01 01:10:00,MAITRI,-3.95,60.29,967.41,56.18,7.05,42.78,7.13,23.69,0.0,29.95,3409.43,24
2016-02-01 01:15:00,MAITRI,-3.72,60.34,965.8,54.86,0.0,42.75,7.12,23.67,0.0,29.92,3409.26,24
2016-02-01 01:20:00,MAITRI,-3.7,60.07,966.08,54.27,6.87,43.37,7.23,23.67,0.0,30.36,3409.1,24
2016-02-01 01:25:00,MAITRI,-3.72,59.78,966.6,58.33,3.74,43.78,7.3,23.67,0.0,30.65,3408.94,23
2016-02-01 01:30:00,MAITRI,-3.51,60.34,965.12,57.08,0.0,44.07,7.34,23.67,0.0,30.85,3408.78,23
2016-02-01 01:35:00,MAITRI,-3.47,60.29,964.8,58.92,0.0,41.62,6.94,23.64,0.0,29.14,3408.62,23
2016-02-01 01:40:00,MAITRI,-3.3,60.55,964.95,60.91,5.03,44.14,7.36,23.64,0.0,30.9,3408.46,23
2016-02-01 01:45:00,MAITRI,-2.96,59.89,965.72,60.26,3.04,42.05,7.01,23.63,0.0,29.43,3408.3,23
2016-02-01 01:50:00,MAITRI,-2.7,59.78,965.34,59.7,0.0,43.98,7.33,23.63,0.0,30.79,3408.13,24
2016-02-01 01:55:00,MAITRI,-2.67,57.13,964.85,63.35,6.7,42.24,7.04,23.62,0.0,29.57,3407.97,23
2016-02-01 02:00:00,MAITRI,-3.26,54.05,964.79,61.15,6.61,41.96,6.99,23.62,0.0,29.38,3407.81,23
2016-02-01 02:05:00,MAITRI,-3.18,54.58,965.46,62.7,0.0,43.28,7.21,23.62,0.0,30.3,3407.66,22
2016-02-01 02:10:00,MAITRI,-2.89,55.19,964.6,61.45,0.0,41.17,6.86,23.59,0.0,28.82,3407.51,22
2016-02-01 02:15:00,MAITRI,-3.0,54.86,965.08,64.91,8.77,38.6,6.43,23.55,0.0,27.02,3407.36,21
2016-02-01 02:20:00,MAITRI,-2.8,55.07,965.21,63.73,0.0,40.86,6.81,23.52,0.0,28.6,3407.21,22
2016-02-01 02:25:00,MAITRI,-2.75,55.38,965.11,62.28,0.0,41.96,6.99,23.52,0.0,29.37,3407.06,21
2016-02-01 02:30:00,MAITRI,-3.06,54.83,965.45,65.98,0.0,43.04,7.17,23.52,0.0,30.13,3406.91,22
2016-02-01 02:35:00,MAITRI,-3.15,55.79,966.36,66.07,6.25,42.55,7.09,23.52,0.0,29.79,3406.75,23
2016-02-01 02:40:00,MAITRI,-3.69,55.5,966.69,64.72,0.0,42.4,7.07,23.51,0.0,29.68,3406.59,23
2016-02-01 02:45:00,MAITRI,-3.3,56.02,966.38,63.67,10.39,44.35,7.39,23.52,0.0,31.05,3406.44,22
2016-02-01 02:50:00,MAITRI,-3.35,56.56,966.65,64.39,9.26,43.32,7.22,23.52,0.0,30.32,3406.28,23
2016-02-01 02:55:00,MAITRI,-3.14,57.53,966.94,61.77,0.62,41.29,6.88,23.5,0.0,28.91,3406.12,22
2016-02-01 03:00:00,MAITRI,-3.68,58.06,966.79,59.97,2.88,44.34,7.39,23.5,0.0,31.04,3405.97,22
2016-02-01 03:05:00,MAITRI,-3.62,58.31,967.36,57.95,0.0,42.85,7.14,23.5,0.0,29.99,3405.82,22
2016-02-01 03:10:00,MAITRI,-3.93,59.11,966.64,55.16,0.0,43.54,7.26,23.5,0.0,30.48,3405.67,22
2016-02-01 03:15:00,MAITRI,-3.56,59.41,966.69,54.73,14.64,41.71,6.95,23.5,0.0,29.2,3405.51,22
2016-02-01 03:20:00,MAITRI,-3.29,59.84,965.93,59.0,4.55,45.06,7.51,23.5,0.0,31.54,3405.36,22
2016-02-01 03:25:00,MAITRI,-3.41,60.46,965.53,56.69,0.0,43.19,7.2,23.5,0.0,30.23,3405.21,22
2016-02-01 03:30:00,MAITRI,-3.82,60.09,965.41,54.22,5.44,43.53,7.26,23.51,0.0,30.47,3405.06,22
2016-02-01 03:35:00,MAITRI,-3.94,60.21,965.88,52.87,0.0,42.74,7.12,23.5,0.0,29.92,3404.9,23
2016-02-01 03:40:00,MAITRI,-3.99,60.34,964.37,54.04,2.99,43.83,7.3,23.5,0.0,30.68,3404.74,23
2016-02-01 03:45:00,MAITRI,-3.6,60.7,964.16,53.68,0.0,43.21,7.2,23.49,0.0,30.25,3404.58,23
2016-02-01 03:50:00,MAITRI,-3.41,60.96,963.82,58.19,0.0,41.55,6.92,23.47,0.0,29.08,3404.42,22
2016-02-01 03:55:00,MAITRI,-3.9,61.25,963.9,56.24,6.48,43.15,7.19,23.47,0.0,30.2,3404.27,22
2016-02-01 04:00:00,MAITRI,-3.73,60.71,964.27,55.88,3.82,41.77,6.96,23.46,0.0,29.24,3404.12,22
2016-02-01 04:05:00,MAITRI,-4.26,61.17,964.37,54.43,0.0,44.0,7.33,23.46,0.0,30.8,3403.97,22
2016-02-01 04:10:00,MAITRI,-4.13,61.37,964.06,54.07,0.0,44.1,7.35,23.46,0.0,30.87,3403.81,22
2016-02-01 04:15:00,MAITRI,-3.96,61.7,964.16,55.93,4.34,42.56,7.09,23.46,0.0,29.79,3403.67,21
2016-02-01 04:20:00,MAITRI,-4.08,62.03,963.78,54.51,0.0,43.02,7.17,23.46,0.0,30.11,3403.51,22
2016-02-01 04:25:00,MAITRI,-4.24,62.43,964.1,58.83,9.03,43.55,7.26,23.46,0.0,30.49,3403.35,24
2016-02-01 04:30:00,MAITRI,-4.48,62.88,963.94,56.56,15.95,44.71,7.45,23.47,0.0,31.3,3403.17,25
2016-02-01 04:35:00,MAITRI,-4.08,62.88,963.95,55.53,2.4,43.35,7.22,23.46,0.0,30.34,3403.01,24
2016-02-01 04:40:00,MAITRI,-3.91,62.4,964.23,55.05,0.0,43.38,7.23,23.44,0.0,30.36,3402.83,25
2016-02-01 04:45:00,MAITRI,-3.7,62.58,964.42,54.75,0.0,44.76,7.46,23.44,0.0,31.33,3402.66,25
2016-02-01 04:50:00,MAITRI,-3.81,62.42,965.4,54.82,11.42,42.92,7.15,23.44,0.0,30.05,3402.49,24
2016-02-01 04:55:00,MAITRI,-4.33,62.62,965.57,53.42,3.65,44.37,7.4,23.44,0.0,31.06,3402.33,24
2016-02-01 05:00:00,MAITRI,-4.12,62.0,965.45,57.61,2.76,42.8,7.13,23.43,0.0,29.96,3402.17,23
2016-02-01 05:05:00,MAITRI,-3.74,62.53,964.29,56.49,4.98,44.73,7.45,23.44,0.0,31.31,3402.01,23
2016-02-01 05:10:00,MAITRI,-3.55,62.27,964.53,55.56,0.0,44.66,7.44,23.44,0.0,31.26,3401.85,23
2016-02-01 05:15:00,MAITRI,-3.98,61.97,964.48,53.86,0.0,44.01,7.33,23.44,0.0,30.81,3401.69,23
2016-02-01 05:20:00,MAITRI,-3.68,62.3,963.6,53.23,0.0,43.57,7.26,23.44,0.0,30.5,3401.53,23
2016-02-01 05:25:00,MAITRI,-3.4,63.05,963.9,54.76,0.45,43.43,7.24,23.43,0.0,30.4,3401.37,23
2016-02-01 05:30:00,MAITRI,-3.37,62.48,964.34,56.99,14.17,41.84,6.97,23.43,0.0,29.29,3401.22,22
2016-02-01 05:35:00,MAITRI,-3.28,63.07,964.54,57.48,0.0,44.91,7.48,23.43,0.0,31.43,3401.06,22
2016-02-01 05:40:00,MAITRI,-3.06,62.86,964.69,58.59,0.0,46.15,7.69,23.43,0.0,32.31,3400.9,23
2016-02-01 05:45:00,MAITRI,-2.8,62.87,964.73,57.65,0.0,44.25,7.38,23.43,0.0,30.98,3400.74,24
2016-02-01 05:50:00,MAITRI,-2.74,62.12,964.47,61.41,7.5,43.04,7.17,23.42,0.0,30.13,3400.57,24
2016-02-01 05:55:00,MAITRI,-2.43,61.12,964.25,60.11,0.0,43.61,7.27,23.42,0.0,30.53,3400.4,24
2016-02-01 06:00:00,MAITRI,-2.32,61.37,964.23,61.97,0.77,44.39,7.4,23.42,0.0,31.07,3400.24,23
2016-02-01 06:05:00,MAITRI,-2.83,61.73,964.25,59.63,6.27,43.32,7.22,23.42,0.0,30.33,3400.08,24
2016-02-01 06:10:00,MAITRI,-3.02,61.05,964.22,58.4,43.14,42.82,7.14,23.44,0.0,29.98,3399.92,23
2016-02-01 06:15:00,MAITRI,-2.87,61.18,964.45,60.04,38.43,42.1,7.02,23.46,0.0,29.47,3399.76,22
2016-02-01 06:20:00,MAITRI,-2.99,61.16,964.45,63.5,43.91,42.74,7.12,23.48,0.0,29.92,3399.61,22
2016-02-01 06:25:00,MAITRI,-3.42,61.15,964.37,60.67,43.47,40.68,6.78,23.49,0.0,28.48,3399.45,23
2016-02-01 06:30:00,MAITRI,-3.15,61.46,964.61,59.74,75.48,39.97,6.66,23.52,0.0,27.98,3399.29,23
2016-02-01 06:35:00,MAITRI,-3.18,61.97,965.66,59.35,79.63,37.55,6.26,23.51,0.0,26.28,3399.13,23
2016-02-01 06:40:00,MAITRI,-3.24,62.03,964.38,58.71,92.08,39.52,6.59,23.55,0.0,27.66,3398.97,23
2016-02-01 06:45:00,MAITRI,-3.39,61.41,964.73,62.44,96.58,40.89,6.81,23.6,0.0,28.62,3398.81,24
2016-02-01 06:50:00,MAITRI,-3.92,61.78,964.55,60.3,112.7,37.41,6.23,23.63,0.0,26.18,3398.64,24
2016-02-01 06:55:00,MAITRI,-3.71,61.15,964.88,57.98,122.16,35.4,5.9,23.64,0.0,24.78,3398.48,23
2016-02-01 07:00:00,MAITRI,-3.85,61.29,965.43,56.5,138.15,38.05,6.34,23.7,0.0,26.64,3398.31,24
2016-02-01 07:05:00,MAITRI,-3.63,61.81,965.45,59.15,142.89,39.64,6.61,23.78,0.0,27.75,3398.14,25
2016-02-01 07:10:00,MAITRI,-3.56,61.96,966.38,58.35,153.73,39.03,6.5,23.86,0.0,27.32,3397.97,24
2016-02-01 07:15:00,MAITRI,-3.15,61.84,966.39,57.01,178.59,38.09,6.35,23.95,0.0,26.66,3397.81,24
2016-02-01 07:20:00,MAITRI,-3.49,61.33,966.06,55.12,175.52,39.17,6.53,24.04,0.0,27.42,3397.64,24
2016-02-01 07:25:00,MAITRI,-3.21,61.36,966.01,54.43,188.19,37.91,6.32,24.14,0.0,26.54,3397.47,25
2016-02-01 07:30:00,MAITRI,-3.21,61.24,964.59,54.17,192.94,36.17,6.03,24.23,0.0,25.32,3397.29,25
2016-02-01 07:35:00,MAITRI,-3.19,61.36,963.51,53.84,224.33,33.81,5.64,24.33,0.0,23.67,3397.12,24
2016-02-01 07:40:00,MAITRI,-3.18,61.47,963.78,52.31,207.83,35.81,5.97,24.44,0.0,25.07,3396.97,22
2016-02-01 07:45:00,MAITRI,-3.09,61.2,964.55,53.29,244.0,34.9,5.82,24.57,0.0,24.43,3396.82,22
2016-02-01 07:50:00,MAITRI,-2.98,61.46,965.37,52.1,245.68,34.44,5.74,24.7,0.0,24.11,3396.67,22
2016-02-01 07:55:00,MAITRI,-2.68,61.55,965.38,51.81,246.95,31.65,5.28,24.79,0.0,22.16,3396.51,23
2016-02-01 08:00:00,MAITRI,-2.63,61.38,965.25,52.05,259.23,33.17,5.53,24.93,0.0,23.22,3396.35,23
2016-02-01 08:05:00,MAITRI,-2.47,61.55,965.21,51.94,271.84,32.86,5.48,25.07,0.0,23.0,3396.19,23
2016-02-01 08:10:00,MAITRI,-2.36,61.19,964.99,51.59,282.21,35.18,5.86,25.21,0.0,24.63,3396.02,24
2016-02-01 08:15:00,MAITRI,-2.42,61.69,964.77,51.81,303.13,31.97,5.33,25.37,0.0,22.38,3395.85,25
2016-02-01 08:20:00,MAITRI,-2.41,61.92,965.55,50.5,300.64,33.23,5.54,25.53,0.0,23.26,3395.68,24
2016-02-01 08:25:00,MAITRI,-2.64,61.77,965.11,49.48,316.42,28.5,4.75,25.63,0.0,19.95,3395.51,25
2016-02-01 08:30:00,MAITRI,-2.47,61.35,964.84,49.95,322.99,31.45,5.24,25.8,0.0,22.01,3395.33,25
2016-02-01 08:35:00,MAITRI,-2.08,61.43,963.5,49.62,327.92,30.87,5.15,25.97,0.0,21.61,3395.16,25
2016-02-01 08:40:00,MAITRI,-2.43,60.83,963.92,48.86,339.8,30.03,5.01,26.13,0.0,21.02,3394.99,25
2016-02-01 08:45:00,MAITRI,-2.01,60.72,964.67,47.91,360.58,29.21,4.87,26.31,0.0,20.45,3394.81,25
2016-02-01 08:50:00,MAITRI,-1.8,60.79,963.72,48.01,360.33,31.13,5.19,26.5,0.0,21.79,3394.64,25
2016-02-01 08:55:00,MAITRI,-1.74,61.02,963.53,47.98,381.23,28.93,4.82,26.7,0.0,20.25,3394.47,25
2016-02-01 09:00:00,MAITRI,-1.59,61.59,963.78,47.75,378.57,28.52,4.75,26.88,0.0,19.96,3394.29,25
2016-02-01 09:05:00,MAITRI,-1.95,62.08,964.26,52.32,382.61,30.79,5.13,27.08,0.0,21.55,3394.11,26
2016-02-01 09:10:00,MAITRI,-2.03,62.17,964.43,54.22,380.57,27.98,4.66,27.25,0.0,19.58,3393.93,26
2016-02-01 09:15:00,MAITRI,-1.74,62.81,964.79,53.31,390.77,29.7,4.95,27.46,0.0,20.79,3393.75,26
2016-02-01 09:20:00,MAITRI,-2.05,62.46,964.99,51.88,410.09,30.29,5.05,27.67,0.0,21.2,3393.57,26
2016-02-01 09:25:00,MAITRI,-1.87,61.83,964.96,51.82,413.75,28.88,4.81,27.89,0.0,20.22,3393.39,26
2016-02-01 09:30:00,MAITRI,-1.73,61.31,964.58,51.19,426.86,28.11,4.68,28.11,0.0,19.67,3393.21,26
2016-02-01 09:35:00,MAITRI,-1.91,61.8,965.42,50.65,427.85,29.15,4.86,28.33,0.0,20.4,3393.03,26
2016-02-01 09:40:00,MAITRI,-1.74,61.69,965.79,54.15,413.01,25.8,4.3,28.5,0.0,18.06,3392.85,26
2016-02-01 09:45:00,MAITRI,-1.51,62.24,965.76,54.03,440.33,26.67,4.44,28.72,0.0,18.67,3392.67,26
2016-02-01 09:50:00,MAITRI,-1.74,62.04,965.4,52.93,431.79,25.45,4.24,28.92,0.0,17.81,3392.49,25
2016-02-01 09:55:00,MAITRI,-1.83,62.45,965.78,52.09,441.23,26.41,4.4,29.14,0.0,18.49,3392.31,26
2016-02-01 10:00:00,MAITRI,-1.39,62.87,964.66,51.76,451.67,25.4,4.23,29.36,0.0,17.78,3392.14,25
2016-02-01 10:05:00,MAITRI,-1.45,62.3,964.58,53.27,442.9,26.83,4.47,29.59,0.0,18.78,3391.97,25
2016-02-01 10:10:00,MAITRI,-1.12,62.01,965.2,52.5,473.31,27.04,4.51,29.83,0.0,18.93,3391.78,26
2016-02-01 10:15:00,MAITRI,-1.06,62.65,966.04,52.47,477.5,24.79,4.13,30.06,0.0,17.35,3391.6,27
2016-02-01 10:20:00,MAITRI,-1.47,62.56,966.37,51.34,493.37,25.52,4.25,30.31,0.0,17.87,3391.41,27
2016-02-01 10:25:00,MAITRI,-1.83,62.3,966.86,51.2,470.1,27.04,4.51,30.56,0.0,18.93,3391.22,27
2016-02-01 10:30:00,MAITRI,-1.65,62.62,966.67,50.76,495.38,27.06,4.51,30.82,0.0,18.94,3391.03,28
2016-02-01 10:35:00,MAITRI,-1.81,62.09,967.46,49.87,484.52,25.27,4.21,31.05,0.0,17.69,3390.83,28
2016-02-01 10:40:00,MAITRI,-1.75,61.77,967.64,52.16,501.03,25.57,4.26,31.31,0.0,17.9,3390.63,29
2016-02-01 10:45:00,MAITRI,-1.3,62.07,967.32,51.97,487.96,26.36,4.39,31.56,0.0,18.45,3390.43,29
2016-02-01 10:50:00,MAITRI,-1.24,61.49,967.42,53.99,494.41,28.49,4.75,31.82,0.0,19.94,3390.23,29
2016-02-01 10:55:00,MAITRI,-1.14,62.17,967.34,52.42,508.54,23.82,3.97,32.05,0.0,16.67,3390.03,29
2016-02-01 11:00:00,MAITRI,-1.21,63.0,967.89,52.65,492.81,26.49,4.41,32.3,0.0,18.54,3389.83,29
2016-02-01 11:05:00,MAITRI,-1.02,62.51,967.44,51.85,522.3,25.14,4.19,32.58,0.0,17.6,3389.63,28
2016-02-01 11:10:00,MAITRI,-1.25,62.54,967.35,54.56,499.8,25.45,4.24,32.83,0.0,17.82,3389.44,28
2016-02-01 11:15:00,MAITRI,-1.24,62.45,967.25,53.94,516.77,24.65,4.11,33.1,0.0,17.26,3389.24,28
2016-02-01 11:20:00,MAITRI,-1.5,62.54,966.54,53.42,508.72,25.24,4.21,33.35,0.0,17.67,3389.04,29
2016-02-01 11:25:00,MAITRI,-1.56,62.86,966.66,55.01,521.44,25.05,4.17,33.62,0.0,17.53,3388.84,29
2016-02-01 11:30:00,MAITRI,-1.41,63.15,966.66,53.59,524.81,25.57,4.26,33.9,0.0,17.9,3388.64,29
2016-02-01 11:35:00,MAITRI,-1.19,62.74,966.44,53.03,516.55,25.03,4.17,34.16,0.0,17.52,3388.44,29
2016-02-01 11:40:00,MAITRI,-1.19,62.56,966.79,54.67,520.55,24.59,4.1,34.42,0.0,17.21,3388.24,28
2016-02-01 11:45:00,MAITRI,-1.08,62.69,966.82,57.75,509.63,24.87,4.15,34.69,0.0,17.41,3388.06,27
2016-02-01 11:50:00,MAITRI,-0.97,62.82,967.44,56.67,512.61,26.65,4.44,34.96,0.0,18.66,3387.87,26
2016-02-01 11:55:00,MAITRI,-1.08,62.7,967.27,55.76,522.06,24.74,4.12,35.23,0.0,17.32,3387.69,27
2016-02-01 12:00:00,MAITRI,-1.27,63.06,966.8,54.82,508.22,26.92,4.49,35.49,0.0,18.84,3387.49,28
2016-02-01 12:05:00,MAITRI,-1.44,63.01,966.48,59.12,517.52,24.83,4.14,35.76,0.0,17.38,3387.3,28
2016-02-01 12:10:00,MAITRI,-1.34,62.9,966.23,57.33,529.92,24.51,4.09,36.04,0.0,17.16,3387.11,27
2016-02-01 12:15:00,MAITRI,-1.14,62.45,966.6,59.12,508.42,26.5,4.42,36.3,0.0,18.55,3386.93,26
2016-02-01 12:20:00,MAITRI,-1.08,62.31,966.14,57.78,508.99,24.94,4.16,36.56,0.0,17.45,3386.74,28
2016-02-01 12:25:00,MAITRI,-0.95,61.66,966.25,56.39,511.47,26.43,4.41,36.83,0.0,18.5,3386.54,28
2016-02-01 12:30:00,MAITRI,-0.79,61.96,966.38,54.9,522.07,24.38,4.06,37.09,0.0,17.07,3386.35,28
2016-02-01 12:35:00,MAITRI,-0.55,62.81,966.63,54.19,513.99,24.79,4.13,37.36,0.0,17.35,3386.15,28
2016-02-01 12:40:00,MAITRI,-0.62,63.67,966.39,53.96,496.71,25.41,4.23,37.61,0.0,17.79,3385.97,27
2016-02-01 12:45:00,MAITRI,-0.5,64.11,965.8,58.12,489.16,25.16,4.19,37.86,0.0,17.61,3385.78,27
2016-02-01 12:50:00,MAITRI,-0.4,64.14,965.66,56.63,478.19,25.05,4.18,38.08,0.0,17.54,3385.58,28
2016-02-01 12:55:00,MAITRI,-0.41,63.49,966.19,58.89,499.53,25.47,4.24,38.34,0.0,17.83,3385.4,27
2016-02-01 13:00:00,MAITRI,-0.46,62.46,966.11,59.58,500.06,24.19,4.03,38.58,0.0,16.93,3385.21,27
2016-02-01 13:05:00,MAITRI,-0.86,63.12,966.27,63.22,482.34,27.45,4.58,38.83,0.0,19.22,3385.02,27
2016-02-01 13:10:00,MAITRI,-1.06,63.36,966.95,61.47,482.75,24.5,4.08,39.05,0.0,17.15,3384.83,27
2016-02-01 13:15:00,MAITRI,-1.05,63.72,967.22,63.06,466.84,25.78,4.3,39.28,0.0,18.04,3384.65,27
2016-02-01 13:20:00,MAITRI,-1.42,62.95,967.4,60.08,461.66,25.6,4.27,39.49,0.0,17.92,3384.44,29
2016-02-01 13:25:00,MAITRI,-1.16,62.9,967.34,58.66,486.03,25.32,4.22,39.73,0.0,17.73,3384.26,27
2016-02-01 13:30:00,MAITRI,-1.56,63.04,966.73,57.81,476.29,28.91,4.82,39.98,0.0,20.23,3384.06,28
2016-02-01 13:35:00,MAITRI,-1.55,62.56,965.23,56.84,472.85,26.25,4.38,40.22,0.0,18.38,3383.87,27
2016-02-01 13:40:00,MAITRI,-1.47,60.95,965.53,55.39,468.97,26.72,4.45,40.47,0.0,18.7,3383.69,27
2016-02-01 13:45:00,MAITRI,-1.48,61.15,966.03,58.03,458.06,29.09,4.85,40.71,0.0,20.37,3383.5,27
2016-02-01 13:50:00,MAITRI,-1.38,61.68,965.55,55.71,463.22,26.89,4.48,40.95,0.0,18.82,3383.31,27
2016-02-01 13:55:00,MAITRI,-1.26,61.9,965.76,56.47,455.19,27.55,4.59,41.19,0.0,19.28,3383.12,27
2016-02-01 14:00:00,MAITRI,-0.98,61.86,966.29,54.69,445.4,26.52,4.42,41.41,0.0,18.56,3382.94,26
2016-02-01 14:05:00,MAITRI,-0.65,61.97,966.22,54.36,446.78,58.61,9.77,41.64,0.0,41.03,3382.76,26
2016-02-01 14:10:00,MAITRI,-0.4,61.7,966.45,53.62,442.02,61.82,10.3,41.87,0.0,43.27,3382.58,27
2016-02-01 14:15:00,MAITRI,-0.4,61.72,966.77,54.9,424.38,52.87,8.81,42.1,0.0,37.01,3382.39,27
2016-02-01 14:20:00,MAITRI,-0.04,62.63,967.12,53.24,419.3,57.22,9.54,42.31,0.0,40.05,3382.19,29
2016-02-01 14:25:00,MAITRI,0.2,62.81,967.46,51.58,418.34,60.98,10.16,42.53,0.0,42.69,3381.99,28
2016-02-01 14:30:00,MAITRI,0.13,62.42,966.89,52.26,428.29,66.75,11.13,42.76,0.0,46.73,3381.81,27
2016-02-01 14:35:00,MAITRI,0.3,62.57,965.71,52.53,408.62,57.09,9.51,42.97,0.0,39.96,3381.62,26
2016-02-01 14:40:00,MAITRI,0.53,62.43,966.01,51.27,405.64,69.81,11.64,43.18,0.0,48.87,3381.44,27
2016-02-01 14:45:00,MAITRI,0.35,62.26,966.21,49.76,397.7,60.97,10.16,43.39,0.0,42.68,3381.25,27
2016-02-01 14:50:00,MAITRI,0.53,63.02,965.86,54.5,383.1,52.41,8.73,43.59,0.0,36.69,3381.07,26
2016-02-01 14:55:00,MAITRI,0.15,60.49,965.52,58.51,380.33,49.67,8.28,43.78,0.0,34.77,3380.9,25
2016-02-01 15:00:00,MAITRI,0.03,60.44,965.81,57.04,362.71,64.1,10.68,43.97,0.0,44.87,3380.72,26
2016-02-01 15:05:00,MAITRI,0.29,60.51,966.42,56.25,352.91,52.48,8.75,44.16,0.0,36.74,3380.53,27
2016-02-01 15:10:00,MAITRI,0.2,60.63,967.11,56.37,357.9,54.98,9.16,44.34,0.0,38.49,3380.34,27
2016-02-01 15:15:00,MAITRI,-0.13,60.23,966.8,60.6,321.56,62.61,10.43,44.51,0.0,43.83,3380.15,28
2016-02-01 15:20:00,MAITRI,-0.05,60.72,966.61,64.39,318.67,54.79,9.13,44.68,0.0,38.35,3379.94,29
2016-02-01 15:25:00,MAITRI,-0.17,61.09,966.58,65.96,309.0,54.4,9.07,44.84,0.0,38.08,3379.74,29
2016-02-01 15:30:00,MAITRI,-0.07,60.7,967.02,63.9,317.11,53.27,8.88,45.0,0.0,37.29,3379.54,29
2016-02-01 15:35:00,MAITRI,-0.09,60.59,966.81,62.56,317.17,69.69,11.62,45.17,0.0,48.78,3379.33,30
2016-02-01 15:40:00,MAITRI,-0.14,60.77,966.91,62.61,284.96,53.68,8.95,45.32,0.0,37.57,3379.12,30
2016-02-01 15:45:00,MAITRI,-0.1,61.21,966.87,63.61,281.37,65.75,10.96,45.47,0.0,46.03,3378.93,28
2016-02-01 15:50:00,MAITRI,-0.67,61.22,966.91,60.81,277.84,65.0,10.83,45.61,0.0,45.5,3378.74,28
2016-02-01 15:55:00,MAITRI,-0.74,61.89,967.08,61.67,267.99,57.99,9.67,45.75,0.0,40.59,3378.54,28
2016-02-01 16:00:00,MAITRI,-0.55,62.05,966.9,61.56,248.88,35.17,5.86,45.87,0.0,24.62,3378.35,28
2016-02-01 16:05:00,MAITRI,-0.64,62.74,967.35,60.21,248.83,33.45,5.58,45.96,0.0,23.42,3378.15,28
2016-02-01 16:10:00,MAITRI,-0.62,60.86,966.64,59.89,241.7,35.87,5.98,46.08,0.0,25.11,3377.95,29
2016-02-01 16:15:00,MAITRI,-0.68,60.99,966.77,58.71,221.54,39.43,6.57,46.19,0.0,27.6,3377.75,29
2016-02-01 16:20:00,MAITRI,-0.45,60.95,967.24,56.66,211.16,36.46,6.08,46.29,0.0,25.52,3377.55,29
2016-02-01 16:25:00,MAITRI,-0.72,61.31,967.86,58.54,216.7,38.17,6.36,46.4,0.0,26.72,3377.34,30
2016-02-01 16:30:00,MAITRI,-0.57,60.94,967.01,58.27,198.16,37.76,6.29,46.5,0.0,26.43,3377.14,29
2016-02-01 16:35:00,MAITRI,-0.36,60.73,967.4,56.1,182.43,39.25,6.54,46.59,0.0,27.47,3376.94,28
2016-02-01 16:40:00,MAITRI,-0.78,60.59,967.73,56.75,186.4,39.62,6.6,46.69,0.0,27.73,3376.75,28
2016-02-01 16:45:00,MAITRI,-1.09,61.05,966.73,55.94,168.41,39.23,6.54,46.78,0.0,27.46,3376.56,27
2016-02-01 16:50:00,MAITRI,-1.44,61.69,966.71,60.1,142.94,38.94,6.49,46.85,0.0,27.26,3376.39,25
2016-02-01 16:55:00,MAITRI,-1.31,61.86,966.83,60.12,129.29,37.53,6.26,46.89,0.0,26.27,3376.22,25
2016-02-01 17:00:00,MAITRI,-1.64,62.18,966.6,58.94,130.76,40.47,6.74,46.96,0.0,28.33,3376.03,26
2016-02-01 17:05:00,MAITRI,-1.92,61.73,966.0,58.35,118.77,63.65,10.61,47.02,0.0,44.55,3375.85,27
2016-02-01 17:10:00,MAITRI,-1.76,61.6,966.0,57.85,105.01,65.41,10.9,47.08,0.0,45.78,3375.67,26
2016-02-01 17:15:00,MAITRI,-1.82,61.57,966.28,59.61,88.3,69.98,11.66,47.12,0.0,48.99,3375.49,26
2016-02-01 17:20:00,MAITRI,-1.69,61.37,966.04,62.16,87.96,67.83,11.3,47.17,0.0,47.48,3375.31,25
2016-02-01 17:25:00,MAITRI,-1.52,59.45,966.26,62.52,75.47,70.51,11.75,47.21,0.0,49.36,3375.14,25
2016-02-01 17:30:00,MAITRI,-1.19,59.82,966.43,61.41,73.82,62.28,10.38,47.25,0.0,43.59,3374.96,26
2016-02-01 17:35:00,MAITRI,-1.12,60.24,966.57,63.65,56.06,75.16,12.53,47.27,0.0,52.61,3374.78,26
2016-02-01 17:40:00,MAITRI,-1.02,60.85,966.05,63.52,45.4,83.05,13.84,47.3,0.0,58.14,3374.6,26
2016-02-01 17:45:00,MAITRI,-0.82,60.83,966.54,62.63,37.12,75.81,12.64,47.32,0.0,53.07,3374.42,26
2016-02-01 17:50:00,MAITRI,-0.88,61.17,967.34,61.05,19.7,65.68,10.95,47.33,0.0,45.98,3374.24,26
2016-02-01 17:55:00,MAITRI,-0.86,61.54,968.11,59.21,13.14,66.38,11.06,47.34,0.0,46.47,3374.06,26
2016-02-01 18:00:00,MAITRI,-0.91,61.15,968.33,57.67,0.0,68.09,11.35,47.34,0.0,47.67,3373.87,27
2016-02-01 18:05:00,MAITRI,-0.89,59.07,968.53,58.02,0.0,77.73,12.96,47.34,0.0,54.41,3373.68,27
2016-02-01 18:10:00,MAITRI,-0.66,59.23,967.47,57.06,0.0,79.17,13.2,47.34,0.0,55.42,3373.49,27
2016-02-01 18:15:00,MAITRI,-0.65,59.85,967.27,55.85,0.0,47.18,7.86,47.34,0.0,33.03,3373.31,27
2016-02-01 18:20:00,MAITRI,-0.79,59.85,965.89,55.83,14.36,45.81,7.64,47.34,0.0,32.07,3373.11,28
2016-02-01 18:25:00,MAITRI,-0.98,59.99,966.35,56.8,8.67,46.27,7.71,47.35,0.0,32.39,3372.92,27
2016-02-01 18:30:00,MAITRI,-1.1,61.06,966.11,60.29,7.77,45.0,7.5,47.35,0.0,31.5,3372.74,26
2016-02-01 18:35:00,MAITRI,-1.63,61.36,965.73,59.48,6.73,43.82,7.3,47.34,0.0,30.67,3372.56,26
2016-02-01 18:40:00,MAITRI,-1.43,61.88,965.58,57.93,1.8,44.31,7.39,47.34,0.0,31.02,3372.38,26
2016-02-01 18:45:00,MAITRI,-1.45,62.12,965.68,57.04,5.83,44.93,7.49,47.34,0.0,31.45,3372.19,27
2016-02-01 18:50:00,MAITRI,-1.13,62.11,965.88,55.41,0.0,43.83,7.31,47.32,0.0,30.68,3372.01,27
2016-02-01 18:55:00,MAITRI,-1.61,62.3,965.67,54.85,5.12,44.72,7.45,47.31,0.0,31.3,3371.81,28
2016-02-01 19:00:00,MAITRI,-1.62,62.81,965.65,57.13,13.39,42.45,7.08,47.27,0.0,29.72,3371.62,27
2016-02-01 19:05:00,MAITRI,-1.39,63.52,965.31,55.85,5.06,43.67,7.28,47.25,0.0,30.57,3371.44,27
2016-02-01 19:10:00,MAITRI,-1.48,63.02,965.28,57.63,0.0,45.78,7.63,47.25,0.0,32.04,3371.24,28
2016-02-01 19:15:00,MAITRI,-1.71,63.8,965.54,60.4,5.61,43.05,7.17,47.21,0.0,30.13,3371.05,28
2016-02-01 19:20:00,MAITRI,-1.54,64.13,965.6,59.31,0.0,47.63,7.94,47.21,0.0,33.34,3370.85,29
2016-02-01 19:25:00,MAITRI,-1.61,63.82,965.43,63.14,0.0,44.08,7.35,47.18,0.0,30.86,3370.66,27
2016-02-01 19:30:00,MAITRI,-1.91,63.51,965.86,62.98,5.7,44.02,7.34,47.17,0.0,30.81,3370.47,27
2016-02-01 19:35:00,MAITRI,-1.81,61.14,965.89,62.69,1.55,47.19,7.87,47.17,0.0,33.03,3370.28,28
2016-02-01 19:40:00,MAITRI,-1.5,61.14,965.44,61.15,0.8,44.19,7.37,47.14,0.0,30.94,3370.08,28
2016-02-01 19:45:00,MAITRI,-1.52,61.57,965.35,62.0,0.0,44.81,7.47,47.13,0.0,31.37,3369.89,28
2016-02-01 19:50:00,MAITRI,-1.87,61.96,965.64,64.34,8.38,44.09,7.35,47.12,0.0,30.86,3369.7,27
2016-02-01 19:55:00,MAITRI,-1.77,62.42,965.63,65.48,0.0,45.02,7.5,47.11,0.0,31.51,3369.51,28
2016-02-01 20:00:00,MAITRI,-1.95,62.57,966.11,64.41,0.0,47.21,7.87,47.11,0.0,33.05,3369.32,27
2016-02-01 20:05:00,MAITRI,-1.91,62.28,966.22,61.71,16.92,43.92,7.32,47.11,0.0,30.74,3369.13,27
2016-02-01 20:10:00,MAITRI,-1.84,63.0,966.25,65.27,0.0,47.85,7.97,47.11,0.0,33.49,3368.94,27
2016-02-01 20:15:00,MAITRI,-2.03,62.15,965.72,67.4,0.0,45.0,7.5,47.11,0.0,31.5,3368.76,26
2016-02-01 20:20:00,MAITRI,-2.37,62.32,964.73,66.51,8.5,45.37,7.56,47.11,0.0,31.76,3368.59,25
2016-02-01 20:25:00,MAITRI,-2.26,62.87,965.03,67.2,0.0,43.14,7.19,47.09,0.0,30.2,3368.42,25
2016-02-01 20:30:00,MAITRI,-2.53,62.05,965.48,65.51,0.0,42.05,7.01,47.06,0.0,29.43,3368.25,24
2016-02-01 20:35:00,MAITRI,-2.94,61.47,965.29,62.51,2.64,43.26,7.21,47.06,0.0,30.28,3368.09,23
2016-02-01 20:40:00,MAITRI,-2.92,61.18,965.33,63.56,2.76,42.86,7.14,47.05,0.0,30.0,3367.93,23
2016-02-01 20:45:00,MAITRI,-3.2,59.06,965.78,66.22,6.34,41.84,6.97,47.03,0.0,29.29,3367.76,24
2016-02-01 20:50:00,MAITRI,-2.95,59.19,966.19,65.0,0.0,42.32,7.05,47.0,0.0,29.63,3367.6,24
2016-02-01 20:55:00,MAITRI,-2.57,59.53,965.72,62.92,5.28,44.67,7.44,47.01,0.0,31.27,3367.42,25
2016-02-01 21:00:00,MAITRI,-2.49,55.94,965.39,65.49,0.0,43.43,7.24,47.01,0.0,30.4,3367.26,24
2016-02-01 21:05:00,MAITRI,-2.25,56.95,965.5,63.98,3.2,41.54,6.92,46.98,0.0,29.08,3367.09,24
2016-02-01 21:10:00,MAITRI,-2.25,57.99,965.47,63.05,0.0,42.77,7.13,46.97,0.0,29.94,3366.93,23
2016-02-01 21:15:00,MAITRI,-2.26,58.73,966.13,64.01,5.54,41.92,6.99,46.95,0.0,29.34,3366.77,23
2016-02-01 21:20:00,MAITRI,-2.11,58.93,966.3,66.52,0.0,43.43,7.24,46.95,0.0,30.4,3366.61,23
2016-02-01 21:25:00,MAITRI,-2.29,58.66,967.11,67.05,3.73,43.5,7.25,46.96,0.0,30.45,3366.45,23
2016-02-01 21:30:00,MAITRI,-2.47,59.23,967.2,65.79,2.66,42.78,7.13,46.96,0.0,29.95,3366.3,22
2016-02-01 21:35:00,MAITRI,-2.27,59.29,967.07,64.04,5.8,41.96,6.99,46.94,0.0,29.37,3366.14,23
2016-02-01 21:40:00,MAITRI,-2.57,59.79,967.04,61.51,4.41,43.25,7.21,46.94,0.0,30.27,3365.98,23
2016-02-01 21:45:00,MAITRI,-2.52,60.31,966.88,60.48,0.0,41.37,6.9,46.91,0.0,28.96,3365.82,23
2016-02-01 21:50:00,MAITRI,-2.58,60.29,967.03,60.0,6.13,45.38,7.56,46.91,0.0,31.76,3365.66,23
2016-02-01 21:55:00,MAITRI,-2.99,60.08,967.52,59.44,0.0,42.95,7.16,46.91,0.0,30.07,3365.5,23
2016-02-01 22:00:00,MAITRI,-3.06,60.03,967.02,63.11,0.0,42.46,7.08,46.89,0.0,29.73,3365.34,23
2016-02-01 22:05:00,MAITRI,-3.2,60.41,967.14,61.58,0.0,44.07,7.35,46.89,0.0,30.85,3365.17,24
2016-02-01 22:10:00,MAITRI,-3.32,60.8,966.09,61.42,0.0,44.26,7.38,46.89,0.0,30.98,3365.0,25
2016-02-01 22:15:00,MAITRI,-3.86,61.17,966.06,60.11,0.0,44.42,7.4,46.89,0.0,31.09,3364.83,25
2016-02-01 22:20:00,MAITRI,-4.02,61.03,965.96,58.34,6.53,45.96,7.66,46.9,0.0,32.17,3364.65,25
2016-02-01 22:25:00,MAITRI,-3.81,61.76,965.89,57.2,7.46,42.81,7.13,46.88,0.0,29.97,3364.48,25
2016-02-01 22:30:00,MAITRI,-3.72,61.3,965.97,56.74,15.29,43.9,7.32,46.89,0.0,30.73,3364.31,25
2016-02-01 22:35:00,MAITRI,-3.26,61.91,965.07,56.1,4.89,43.12,7.19,46.87,0.0,30.18,3364.13,25
2016-02-01 22:40:00,MAITRI,-3.09,62.09,965.45,55.71,10.56,43.32,7.22,46.87,0.0,30.32,3363.96,25
2016-02-01 22:45:00,MAITRI,-3.0,61.71,966.04,55.32,18.65,41.52,6.92,46.85,0.0,29.07,3363.79,24
2016-02-01 22:50:00,MAITRI,-3.34,61.79,965.54,53.96,3.57,59.69,9.95,45.55,0.0,41.79,3363.62,24
2016-02-01 22:55:00,MAITRI,-2.85,62.11,965.32,53.05,13.38,53.26,8.88,44.7,0.0,37.28,3363.47,23
2016-02-01 23:00:00,MAITRI,-2.85,62.07,964.03,52.39,0.0,54.78,9.13,43.61,0.0,38.34,3363.3,24
2016-02-01 23:05:00,MAITRI,-2.74,62.38,965.29,54.05,0.0,52.25,8.71,42.9,0.0,36.57,3363.13,24
2016-02-01 23:10:00,MAITRI,-2.65,62.24,965.97,54.49,0.0,59.33,9.89,41.89,0.0,41.53,3362.97,23
2016-02-01 23:15:00,MAITRI,-2.49,63.0,966.11,53.54,6.33,59.79,9.96,40.83,0.0,41.85,3362.81,23
2016-02-01 23:20:00,MAITRI,-2.77,63.1,966.62,52.52,0.0,57.95,9.66,40.23,0.0,40.56,3362.66,22
2016-02-01 23:25:00,MAITRI,-2.76,62.79,966.56,54.33,0.0,55.23,9.2,39.14,0.0,38.66,3362.51,22
2016-02-01 23:30:00,MAITRI,-2.7,62.78,966.13,53.85,0.0,53.0,8.83,37.78,0.0,37.1,3362.35,22
2016-02-01 23:35:00,MAITRI,-2.84,62.92,966.22,58.31,0.0,45.3,7.55,37.78,0.0,31.71,3362.2,22
2016-02-01 23:40:00,MAITRI,-2.65,62.63,965.96,62.31,2.0,43.75,7.29,37.78,0.0,30.63,3362.04,23
2016-02-01 23:45:00,MAITRI,-2.63,62.71,966.17,60.59,0.0,58.49,9.75,37.4,0.0,56.56,3361.87,24
2016-02-01 23:50:00,MAITRI,-2.64,62.35,966.33,59.55,0.0,59.62,9.94,37.1,0.0,55.13,3361.69,26
2016-02-01 23:55:00,MAITRI,-3.23,62.54,965.88,57.76,0.0,60.59,10.1,36.63,0.0,55.29,3361.51,27
2016-02-02 00:00:00,MAITRI,-3.45,62.12,965.3,56.09,1.95,62.11,10.35,36.4,0.0,52.73,3361.31,28
2016-02-02 00:05:00,MAITRI,-3.69,62.18,965.07,53.87,1.29,61.99,10.33,36.12,0.0,55.69,3361.12,28
2016-02-02 00:10:00,MAITRI,-4.24,62.31,965.07,52.6,0.0,60.54,10.09,35.72,0.0,58.04,3360.92,28
2016-02-02 00:15:00,MAITRI,-4.48,62.43,965.29,56.9,0.0,62.37,10.39,35.24,0.0,62.03,3360.73,28
2016-02-02 00:20:00,MAITRI,-4.74,62.21,965.25,55.68,0.0,63.15,10.52,34.89,0.0,63.69,3360.53,29
2016-02-02 00:25:00,MAITRI,-4.51,62.32,965.4,57.1,0.0,62.88,10.48,34.45,0.0,52.23,3360.33,28
2016-02-02 00:30:00,MAITRI,-3.99,61.17,965.57,55.31,0.16,64.78,10.8,34.2,0.0,56.31,3360.12,30
2016-02-02 00:35:00,MAITRI,-4.27,60.87,965.62,55.2,2.04,65.04,10.84,33.79,0.0,61.96,3359.92,30
2016-02-02 00:40:00,MAITRI,-4.26,59.31,965.84,56.36,14.3,65.49,10.91,33.67,0.0,65.46,3359.71,30
2016-02-02 00:45:00,MAITRI,-4.25,59.57,966.11,57.77,7.33,66.98,11.16,33.48,0.0,55.74,3359.49,31
2016-02-02 00:50:00,MAITRI,-3.77,59.71,966.56,56.36,0.0,66.87,11.14,33.37,0.0,55.3,3359.28,30
2016-02-02 00:55:00,MAITRI,-4.06,60.11,966.95,60.01,7.95,67.96,11.33,33.24,0.0,62.97,3359.08,29
2016-02-02 01:00:00,MAITRI,-4.37,59.99,967.53,59.08,3.18,67.65,11.27,32.83,0.0,62.86,3358.88,29
2016-02-02 01:05:00,MAITRI,-4.28,60.72,967.54,56.76,0.0,71.09,11.85,32.51,0.0,60.11,3358.68,29
2016-02-02 01:10:00,MAITRI,-4.16,60.94,967.96,55.26,0.0,67.63,11.27,32.11,0.0,67.1,3358.48,29
2016-02-02 01:15:00,MAITRI,-4.15,58.73,967.33,54.38,0.31,69.15,11.53,31.82,0.0,69.17,3358.27,30
2016-02-02 01:20:00,MAITRI,-4.32,58.1,967.59,58.53,8.56,70.14,11.69,31.65,0.0,70.87,3358.06,30
2016-02-02 01:25:00,MAITRI,-4.13,58.99,967.62,60.91,0.0,72.81,12.13,31.26,0.0,72.62,3357.85,31
2016-02-02 01:30:00,MAITRI,-4.35,59.51,968.21,59.84,7.13,71.43,11.91,31.11,0.0,61.58,3357.63,31
2016-02-02 01:35:00,MAITRI,-4.26,59.81,968.46,60.93,11.22,70.15,11.69,30.63,0.0,66.25,3357.42,30
2016-02-02 01:40:00,MAITRI,-4.57,60.27,967.59,58.29,6.29,74.91,12.48,30.4,0.0,69.87,3357.22,30
2016-02-02 01:45:00,MAITRI,-4.22,61.18,967.18,57.31,0.0,72.13,12.02,30.3,0.0,58.28,3357.01,29
2016-02-02 01:50:00,MAITRI,-4.58,60.86,967.09,55.97,3.41,72.88,12.15,30.07,0.0,69.66,3356.81,30
2016-02-02 01:55:00,MAITRI,-5.0,60.76,966.68,54.41,4.97,75.96,12.66,29.66,0.0,63.61,3356.6,29
2016-02-02 02:00:00,MAITRI,-4.91,60.63,966.83,56.2,9.5,72.7,12.12,29.45,0.0,66.01,3356.4,29
2016-02-02 02:05:00,MAITRI,-5.18,61.03,967.03,56.15,1.72,76.84,12.81,29.01,0.0,65.98,3356.2,29
2016-02-02 02:10:00,MAITRI,-5.03,61.05,966.81,54.35,0.0,75.78,12.63,28.81,0.0,69.13,3356.0,29
2016-02-02 02:15:00,MAITRI,-5.27,60.54,966.3,52.12,7.3,78.91,13.15,28.52,0.0,67.05,3355.8,29
2016-02-02 02:20:00,MAITRI,-4.73,60.32,966.01,52.1,4.06,77.54,12.92,28.19,0.0,73.19,3355.6,29
2016-02-02 02:25:00,MAITRI,-4.77,61.17,966.23,53.85,0.0,76.72,12.79,28.09,0.0,74.5,3355.4,29
2016-02-02 02:30:00,MAITRI,-4.49,61.03,966.32,53.79,0.67,76.06,12.68,27.63,0.0,66.81,3355.2,28
2016-02-02 02:35:00,MAITRI,-4.19,60.33,966.38,56.08,0.0,75.82,12.64,27.3,0.0,64.08,3355.0,29
2016-02-02 02:40:00,MAITRI,-3.93,60.35,967.26,56.32,0.0,78.17,13.03,27.15,0.0,68.45,3354.8,29
2016-02-02 02:45:00,MAITRI,-3.59,60.73,967.38,56.16,15.53,75.7,12.62,26.88,0.0,62.47,3354.6,28
2016-02-02 02:50:00,MAITRI,-3.62,60.58,968.16,57.84,1.93,77.06,12.84,26.72,0.0,74.1,3354.42,27
2016-02-02 02:55:00,MAITRI,-3.59,60.26,968.14,55.79,0.0,79.9,13.32,26.54,0.0,76.98,3354.22,28
2016-02-02 03:00:00,MAITRI,-3.5,61.19,968.17,57.0,0.0,78.37,13.06,26.37,0.0,68.36,3354.02,29
2016-02-02 03:05:00,MAITRI,-3.44,61.83,968.36,56.84,0.0,75.53,12.59,26.07,0.0,66.18,3353.82,29
2016-02-02 03:10:00,MAITRI,-3.54,61.99,969.25,56.78,0.0,77.75,12.96,25.81,0.0,63.39,3353.62,29
2016-02-02 03:15:00,MAITRI,-3.3,62.3,969.15,58.9,2.12,74.59,12.43,25.67,0.0,66.3,3353.42,29
2016-02-02 03:20:00,MAITRI,-3.28,62.09,969.43,59.96,0.0,77.56,12.93,25.35,0.0,66.17,3353.22,29
2016-02-02 03:25:00,MAITRI,-3.3,62.18,970.06,60.1,0.0,77.51,12.92,25.02,0.0,69.16,3353.01,29
2016-02-02 03:30:00,MAITRI,-3.18,62.24,969.67,59.61,7.02,76.07,12.68,24.71,0.0,66.32,3352.81,29
2016-02-02 03:35:00,MAITRI,-3.24,62.25,969.58,57.3,0.38,77.95,12.99,24.25,0.0,72.84,3352.61,29
2016-02-02 03:40:00,MAITRI,-3.19,61.62,969.46,59.2,0.0,79.1,13.18,23.76,0.0,76.46,3352.41,29
2016-02-02 03:45:00,MAITRI,-3.6,61.6,968.9,57.22,0.0,77.66,12.94,23.33,0.0,77.68,3352.2,30
2016-02-02 03:50:00,MAITRI,-4.1,62.16,969.08,57.07,1.9,77.33,12.89,23.23,0.0,73.23,3352.0,29
2016-02-02 03:55:00,MAITRI,-4.07,62.52,969.01,57.91,6.6,77.16,12.86,23.08,0.0,64.52,3351.8,29
2016-02-02 04:00:00,MAITRI,-4.55,62.7,969.06,56.14,0.0,78.12,13.02,22.61,0.0,69.95,3351.59,30
2016-02-02 04:05:00,MAITRI,-4.63,62.66,969.66,54.72,0.0,77.12,12.85,22.4,0.0,69.79,3351.38,30
2016-02-02 04:10:00,MAITRI,-4.9,62.9,969.01,52.77,0.0,77.73,12.95,22.23,0.0,73.68,3351.17,30
2016-02-02 04:15:00,MAITRI,-4.97,62.78,969.03,57.04,11.59,79.95,13.33,21.84,0.0,77.56,3350.97,29
2016-02-02 04:20:00,MAITRI,-5.01,62.68,968.62,55.93,6.0,76.16,12.69,21.7,0.0,69.15,3350.76,30
2016-02-02 04:25:00,MAITRI,-4.85,62.7,969.09,55.92,3.19,74.96,12.49,21.36,0.0,65.05,3350.56,29
2016-02-02 04:30:00,MAITRI,-4.28,62.3,968.22,55.55,6.08,76.08,12.68,20.89,0.0,65.2,3350.36,29
2016-02-02 04:35:00,MAITRI,-4.15,62.15,967.66,55.59,4.86,77.38,12.9,20.49,0.0,70.52,3350.16,29
2016-02-02 04:40:00,MAITRI,-3.62,62.3,967.26,55.12,0.0,78.31,13.05,20.1,0.0,68.04,3349.95,30
2016-02-02 04:45:00,MAITRI,-3.64,62.01,968.16,55.63,0.0,77.92,12.99,19.83,0.0,75.78,3349.74,30
2016-02-02 04:50:00,MAITRI,-3.53,61.43,968.19,53.83,0.0,80.18,13.36,19.72,0.0,65.52,3349.53,30
2016-02-02 04:55:00,MAITRI,-3.51,62.31,968.61,54.72,0.0,77.14,12.86,19.33,0.0,76.85,3349.33,30
2016-02-02 05:00:00,MAITRI,-3.39,62.68,968.17,55.02,0.0,77.41,12.9,19.17,0.0,78.07,3349.11,31
2016-02-02 05:05:00,MAITRI,-3.49,63.21,966.29,54.2,11.4,77.08,12.85,18.75,0.0,74.79,3348.9,31
2016-02-02 05:10:00,MAITRI,-3.93,62.7,965.83,52.8,3.18,77.28,12.88,18.44,0.0,69.27,3348.69,30
2016-02-02 05:15:00,MAITRI,-3.85,62.45,966.39,52.94,10.6,77.86,12.98,18.05,0.0,78.62,3348.49,29
2016-02-02 05:20:00,MAITRI,-3.43,63.03,966.62,52.43,0.0,78.44,13.07,17.79,0.0,65.85,3348.28,29
2016-02-02 05:25:00,MAITRI,-3.74,62.66,966.79,51.86,12.39,78.93,13.15,17.65,0.0,64.5,3348.08,29
2016-02-02 05:30:00,MAITRI,-4.37,62.79,966.56,50.87,6.81,78.79,13.13,17.3,0.0,69.91,3347.87,30
2016-02-02 05:35:00,MAITRI,-4.22,62.4,966.1,51.58,2.92,81.15,13.53,16.81,0.0,74.51,3347.67,29
2016-02-02 05:40:00,MAITRI,-3.91,62.27,966.19,51.55,0.0,79.43,13.24,16.39,0.0,72.86,3347.47,30
2016-02-02 05:45:00,MAITRI,-4.21,62.72,966.76,50.99,0.0,79.3,13.22,15.96,0.0,78.93,3347.26,30
2016-02-02 05:50:00,MAITRI,-3.92,62.72,966.45,51.65,0.56,80.24,13.37,15.64,0.0,79.93,3347.04,31
2016-02-02 05:55:00,MAITRI,-4.15,62.81,966.47,51.13,1.76,78.8,13.13,15.3,0.0,67.21,3346.83,30
2016-02-02 06:00:00,MAITRI,-4.48,62.63,966.09,49.88,0.52,78.24,13.04,14.84,0.0,70.04,3346.63,29
2016-02-02 06:05:00,MAITRI,-4.78,62.48,966.17,48.81,1.31,76.88,12.81,14.53,0.0,69.7,3346.43,29
2016-02-02 06:10:00,MAITRI,-4.38,62.85,966.51,48.67,7.67,75.54,12.59,14.28,0.0,61.6,3346.24,28
2016-02-02 06:15:00,MAITRI,-4.25,62.27,967.64,49.15,6.75,77.91,12.98,14.13,0.0,73.46,3346.03,29
2016-02-02 06:20:00,MAITRI,-3.86,61.9,967.52,49.62,0.0,78.79,13.13,13.93,0.0,69.64,3345.83,29
2016-02-02 06:25:00,MAITRI,-3.66,62.15,967.73,48.45,52.4,41.33,6.89,13.93,0.0,28.93,3345.65,27
2016-02-02 06:30:00,MAITRI,-3.64,63.14,968.72,48.84,74.68,43.43,7.24,13.97,0.0,30.4,3345.46,27
2016-02-02 06:35:00,MAITRI,-3.43,62.12,968.68,48.32,74.84,40.89,6.82,13.98,0.0,28.62,3345.27,27
2016-02-02 06:40:00,MAITRI,-3.44,62.15,968.59,47.41,88.57,41.15,6.86,14.03,0.0,28.81,3345.09,26
2016-02-02 06:45:00,MAITRI,-3.47,62.32,968.96,47.87,106.65,40.0,6.67,14.07,0.0,28.0,3344.9,27
2016-02-02 06:50:00,MAITRI,-3.12,62.36,968.47,47.53,120.53,40.22,6.7,14.13,0.0,28.16,3344.72,26
2016-02-02 06:55:00,MAITRI,-3.37,61.53,967.82,46.56,120.27,38.12,6.35,14.17,0.0,26.68,3344.55,25
2016-02-02 07:00:00,MAITRI,-3.5,62.65,968.35,46.66,151.3,40.36,6.73,14.25,0.0,28.25,3344.38,24
2016-02-02 07:05:00,MAITRI,-3.68,62.75,966.63,46.93,133.69,38.83,6.47,14.32,0.0,27.18,3344.22,24
2016-02-02 07:10:00,MAITRI,-3.86,62.65,967.15,51.63,159.66,37.1,6.18,14.4,0.0,25.97,3344.06,23
2016-02-02 07:15:00,MAITRI,-3.79,62.61,967.17,51.76,177.91,36.45,6.07,14.49,0.0,25.51,3343.89,24
2016-02-02 07:20:00,MAITRI,-3.94,56.95,966.42,51.14,180.75,37.48,6.25,14.58,0.0,26.24,3343.73,23
2016-02-02 07:25:00,MAITRI,-4.06,58.03,966.92,50.8,191.44,36.55,6.09,14.68,0.0,25.58,3343.57,23
2016-02-02 07:30:00,MAITRI,-4.32,58.66,967.01,49.86,201.74,36.64,6.11,14.78,0.0,25.65,3343.4,24
2016-02-02 07:35:00,MAITRI,-3.94,60.33,966.01,49.41,213.76,35.27,5.88,14.9,0.0,24.69,3343.24,24
2016-02-02 07:40:00,MAITRI,-3.6,60.38,965.83,49.48,210.66,35.02,5.84,15.0,0.0,24.51,3343.07,24
2016-02-02 07:45:00,MAITRI,-4.0,61.27,965.43,48.79,243.79,33.8,5.63,15.12,0.0,23.66,3342.9,24
2016-02-02 07:50:00,MAITRI,-3.78,61.42,966.11,48.93,260.58,34.57,5.76,15.26,0.0,24.2,3342.74,24
2016-02-02 07:55:00,MAITRI,-4.07,61.37,965.92,47.95,232.84,34.12,5.69,15.38,0.0,23.89,3342.58,23
2016-02-02 08:00:00,MAITRI,-4.11,61.35,966.82,48.53,280.68,31.55,5.26,15.51,0.0,22.08,3342.42,23
2016-02-02 08:05:00,MAITRI,-4.13,61.2,966.9,53.38,269.67,33.55,5.59,15.65,0.0,23.48,3342.25,24
2016-02-02 08:10:00,MAITRI,-4.17,61.76,966.54,52.33,291.75,34.29,5.72,15.81,0.0,24.01,3342.08,25
2016-02-02 08:15:00,MAITRI,-3.81,62.42,966.2,56.32,282.39,33.75,5.63,15.95,0.0,23.63,3341.9,25
2016-02-02 08:20:00,MAITRI,-3.77,62.59,966.9,55.44,298.59,33.91,5.65,16.11,0.0,23.74,3341.72,26
2016-02-02 08:25:00,MAITRI,-3.78,62.69,966.66,54.15,325.58,34.89,5.82,16.28,0.0,24.43,3341.53,27
2016-02-02 08:30:00,MAITRI,-3.56,62.99,966.32,53.96,312.35,33.55,5.59,16.44,0.0,23.49,3341.35,26
2016-02-02 08:35:00,MAITRI,-3.43,62.44,964.48,53.23,329.16,29.89,4.98,16.58,0.0,20.93,3341.17,26
2016-02-02 08:40:00,MAITRI,-3.56,62.12,964.78,57.33,322.5,32.72,5.45,16.75,0.0,22.9,3340.99,27
2016-02-02 08:45:00,MAITRI,-3.33,62.11,965.03,59.6,345.45,29.89,4.98,16.9,0.0,20.92,3340.8,27
2016-02-02 08:50:00,MAITRI,-3.27,61.88,965.06,61.11,345.52,31.28,5.21,17.08,0.0,21.9,3340.61,27
2016-02-02 08:55:00,MAITRI,-3.17,61.93,964.67,64.08,351.46,31.66,5.28,17.27,0.0,22.16,3340.42,27
2016-02-02 09:00:00,MAITRI,-2.76,61.66,963.78,62.34,369.02,32.35,5.39,17.46,0.0,22.65,3340.23,28
2016-02-02 09:05:00,MAITRI,-2.68,62.22,963.84,62.6,375.76,29.54,4.92,17.64,0.0,20.67,3340.03,28
2016-02-02 09:10:00,MAITRI,-2.17,61.72,963.09,60.87,51.28,54.17,9.03,17.55,0.0,54.27,3339.84,28
2016-02-02 09:15:00,MAITRI,-2.54,62.56,963.5,58.72,57.83,55.14,9.19,17.13,0.0,49.56,3339.65,28
2016-02-02 09:20:00,MAITRI,-2.45,62.88,963.5,58.3,26.92,60.98,10.16,17.03,0.0,51.56,3339.45,28
2016-02-02 09:25:00,MAITRI,-2.24,63.63,963.48,61.64,37.61,56.53,9.42,16.94,0.0,52.58,3339.26,27
2016-02-02 09:30:00,MAITRI,-1.89,64.25,963.77,60.27,31.93,59.99,10.0,16.71,0.0,54.19,3339.08,27
2016-02-02 09:35:00,MAITRI,-1.7,63.35,964.23,58.89,27.71,61.84,10.31,16.58,0.0,53.19,3338.89,27
2016-02-02 09:40:00,MAITRI,-1.48,63.34,964.51,57.62,49.54,57.87,9.65,16.46,0.0,51.86,3338.71,26
2016-02-02 09:45:00,MAITRI,-1.72,63.6,964.99,56.45,78.0,58.43,9.74,16.33,0.0,58.91,3338.52,27
2016-02-02 09:50:00,MAITRI,-1.75,63.11,964.68,56.11,35.02,60.86,10.14,16.21,0.0,57.85,3338.33,27
2016-02-02 09:55:00,MAITRI,-1.56,63.18,965.13,55.07,33.3,62.62,10.44,15.94,0.0,58.22,3338.15,27
2016-02-02 10:00:00,MAITRI,-1.81,63.11,965.89,54.49,42.28,64.59,10.77,15.53,0.0,55.92,3337.96,27
2016-02-02 10:05:00,MAITRI,-2.01,62.68,965.85,53.22,56.66,63.98,10.66,15.16,0.0,57.61,3337.76,28
2016-02-02 10:10:00,MAITRI,-1.98,60.69,966.1,51.51,82.02,61.52,10.25,14.96,0.0,50.96,3337.58,27
2016-02-02 10:15:00,MAITRI,-1.88,60.49,966.36,52.79,45.38,64.31,10.72,14.56,0.0,64.8,3337.39,27
2016-02-02 10:20:00,MAITRI,-1.56,59.4,966.89,51.95,58.0,65.05,10.84,14.43,0.0,65.79,3337.2,27
2016-02-02 10:25:00,MAITRI,-1.31,59.81,967.24,51.28,34.09,64.06,10.68,14.05,0.0,64.79,3337.01,28
2016-02-02 10:30:00,MAITRI,-1.43,59.87,966.97,51.53,74.53,63.34,10.56,13.6,0.0,55.08,3336.81,28
2016-02-02 10:35:00,MAITRI,-1.25,60.42,967.25,50.75,26.11,68.46,11.41,13.47,0.0,62.63,3336.62,28
2016-02-02 10:40:00,MAITRI,-1.34,60.87,967.11,50.02,43.48,66.39,11.07,13.34,0.0,57.18,3336.42,28
2016-02-02 10:45:00,MAITRI,-1.24,60.91,965.68,50.03,10.02,70.71,11.78,13.23,0.0,70.75,3336.22,29
2016-02-02 10:50:00,MAITRI,-1.67,59.69,965.66,49.26,4.76,69.26,11.54,12.96,0.0,65.28,3336.02,29
2016-02-02 10:55:00,MAITRI,-1.47,59.63,966.32,49.54,44.05,68.41,11.4,12.82,0.0,65.31,3335.81,30
2016-02-02 11:00:00,MAITRI,-1.39,59.45,966.58,52.01,63.38,70.56,11.76,12.38,0.0,56.93,3335.6,30
2016-02-02 11:05:00,MAITRI,-1.1,59.7,965.43,51.87,31.03,72.18,12.03,12.29,0.0,60.37,3335.4,30
2016-02-02 11:10:00,MAITRI,-1.42,60.0,965.27,51.62,56.37,72.25,12.04,12.11,0.0,63.66,3335.19,30
2016-02-02 11:15:00,MAITRI,-1.34,60.41,965.49,53.08,91.28,71.13,11.85,11.95,0.0,66.73,3334.98,30
2016-02-02 11:20:00,MAITRI,-1.32,61.13,966.13,55.72,75.87,72.71,12.12,11.82,0.0,65.1,3334.78,29
2016-02-02 11:25:00,MAITRI,-1.16,61.42,966.27,55.08,61.3,73.79,12.3,11.62,0.0,63.1,3334.58,29
2016-02-02 11:30:00,MAITRI,-1.23,61.52,965.74,56.94,66.82,75.6,12.6,11.44,0.0,67.85,3334.38,28
2016-02-02 11:35:00,MAITRI,-1.35,62.05,966.25,56.59,15.25,76.27,12.71,11.32,0.0,76.12,3334.18,29
2016-02-02 11:40:00,MAITRI,-0.91,59.1,966.2,55.86,96.58,73.24,12.21,10.9,0.0,60.12,3333.98,29
2016-02-02 11:45:00,MAITRI,-0.95,59.23,966.32,57.41,74.11,74.09,12.35,10.66,0.0,69.39,3333.78,29
2016-02-02 11:50:00,MAITRI,-0.94,58.21,965.92,56.58,32.01,74.66,12.44,10.55,0.0,71.94,3333.57,30
2016-02-02 11:55:00,MAITRI,-0.95,58.39,966.24,59.46,59.35,75.61,12.6,10.11,0.0,62.67,3333.36,30
2016-02-02 12:00:00,MAITRI,-1.25,58.64,966.73,63.28,34.32,74.57,12.43,9.88,0.0,70.95,3333.16,29
2016-02-02 12:05:00,MAITRI,-1.07,59.17,966.94,66.67,82.54,74.76,12.46,9.72,0.0,69.23,3332.97,28
2016-02-02 12:10:00,MAITRI,-0.86,59.84,966.43,69.61,50.53,77.77,12.96,9.63,0.0,78.61,3332.77,28
2016-02-02 12:15:00,MAITRI,-0.94,60.04,966.71,70.02,81.62,75.03,12.51,9.5,0.0,64.08,3332.57,29
2016-02-02 12:20:00,MAITRI,-0.74,60.58,966.69,67.34,98.65,71.89,11.98,9.23,0.0,61.55,3332.37,28
2016-02-02 12:25:00,MAITRI,-0.79,60.57,967.27,65.14,24.39,77.46,12.91,9.08,0.0,64.18,3332.17,29
2016-02-02 12:30:00,MAITRI,-0.88,60.49,966.76,61.68,505.01,27.2,4.53,9.34,0.0,19.04,3331.97,30
2016-02-02 12:35:00,MAITRI,-0.91,60.42,967.82,60.67,512.92,26.31,4.38,9.61,0.0,18.42,3331.75,31
2016-02-02 12:40:00,MAITRI,-0.97,60.41,967.86,62.66,496.66,27.83,4.64,9.87,0.0,19.48,3331.54,30
2016-02-02 12:45:00,MAITRI,-1.06,60.55,967.61,63.89,487.62,25.32,4.22,10.11,0.0,17.73,3331.35,28
2016-02-02 12:50:00,MAITRI,-1.11,59.97,966.2,62.48,502.19,25.87,4.31,10.37,0.0,18.11,3331.16,27
2016-02-02 12:55:00,MAITRI,-0.9,60.22,965.38,61.77,484.86,26.22,4.37,10.62,0.0,18.35,3330.98,26
2016-02-02 13:00:00,MAITRI,-0.92,60.28,965.18,60.54,489.99,24.64,4.11,10.87,0.0,17.25,3330.8,26
2016-02-02 13:05:00,MAITRI,-0.98,59.72,965.54,59.7,484.53,26.64,4.44,11.13,0.0,18.65,3330.62,26
2016-02-02 13:10:00,MAITRI,-1.23,59.53,965.71,63.48,478.15,26.45,4.41,11.38,0.0,18.52,3330.44,26
2016-02-02 13:15:00,MAITRI,-0.97,60.07,965.55,61.39,476.01,25.12,4.19,11.61,0.0,17.58,3330.25,27
2016-02-02 13:20:00,MAITRI,-0.99,60.6,966.04,59.7,469.61,26.63,4.44,11.85,0.0,18.64,3330.06,27
2016-02-02 13:25:00,MAITRI,-0.93,61.07,966.83,58.13,481.21,28.23,4.71,12.1,0.0,19.76,3329.87,27
2016-02-02 13:30:00,MAITRI,-0.67,61.56,966.89,57.54,476.08,25.47,4.24,12.34,0.0,17.83,3329.69,27
2016-02-02 13:35:00,MAITRI,-0.53,61.13,967.48,56.23,469.0,26.4,4.4,12.58,0.0,18.48,3329.49,28
2016-02-02 13:40:00,MAITRI,-0.51,61.09,966.12,55.32,472.85,28.29,4.71,12.83,0.0,19.8,3329.3,28
2016-02-02 13:45:00,MAITRI,-0.76,60.64,965.91,59.51,458.55,27.16,4.53,13.07,0.0,19.01,3329.11,27
2016-02-02 13:50:00,MAITRI,-0.71,61.38,966.44,58.05,456.89,27.38,4.56,13.3,0.0,19.17,3328.92,27
2016-02-02 13:55:00,MAITRI,-0.75,61.38,966.97,56.62,454.52,27.67,4.61,13.54,0.0,19.37,3328.73,28
2016-02-02 14:00:00,MAITRI,-0.87,60.8,967.42,54.97,453.59,26.1,4.35,13.76,0.0,18.27,3328.54,27
2016-02-02 14:05:00,MAITRI,-0.69,61.23,967.28,56.89,445.33,29.21,4.87,13.99,0.0,20.45,3328.35,27
2016-02-02 14:10:00,MAITRI,-0.72,61.04,967.37,54.91,435.16,28.7,4.78,14.22,0.0,20.09,3328.16,28
2016-02-02 14:15:00,MAITRI,-1.02,61.27,967.22,53.17,435.02,29.07,4.85,14.45,0.0,20.35,3327.97,28
2016-02-02 14:20:00,MAITRI,-1.06,62.08,967.28,56.41,423.51,28.08,4.68,14.67,0.0,19.66,3327.78,26
2016-02-02 14:25:00,MAITRI,-1.26,62.12,967.0,54.57,429.25,26.05,4.34,14.86,0.0,18.23,3327.6,26
2016-02-02 14:30:00,MAITRI,-1.18,61.9,966.97,52.86,400.16,27.76,4.63,15.05,0.0,19.43,3327.42,27
2016-02-02 14:35:00,MAITRI,-1.2,62.29,966.95,56.39,402.66,27.58,4.6,15.23,0.0,19.3,3327.23,27
2016-02-02 14:40:00,MAITRI,-0.89,62.39,966.24,56.2,397.78,29.44,4.91,15.44,0.0,20.61,3327.04,27
2016-02-02 14:45:00,MAITRI,-0.72,63.17,966.49,55.1,401.1,28.24,4.71,15.64,0.0,19.77,3326.87,25
2016-02-02 14:50:00,MAITRI,-1.26,63.15,965.78,54.78,403.22,28.03,4.67,15.85,0.0,19.62,3326.69,25
2016-02-02 14:55:00,MAITRI,-0.91,62.77,966.01,53.19,391.42,42.86,7.14,15.11,0.0,30.0,3326.52,25
2016-02-02 15:00:00,MAITRI,-0.54,62.76,966.35,53.14,366.06,47.27,7.88,13.92,0.0,33.09,3326.35,25
2016-02-02 15:05:00,MAITRI,-0.5,62.32,966.9,52.49,364.21,42.06,7.01,13.45,0.0,29.44,3326.17,26
2016-02-02 15:10:00,MAITRI,-0.65,62.73,966.52,56.92,344.11,51.49,8.58,12.39,0.0,36.04,3325.98,27
2016-02-02 15:15:00,MAITRI,-0.43,63.1,965.47,56.54,337.3,47.2,7.87,11.44,0.0,33.04,3325.79,27
2016-02-02 15:20:00,MAITRI,-0.29,62.41,965.35,55.95,336.88,42.41,7.07,10.55,0.0,29.69,3325.61,26
2016-02-02 15:25:00,MAITRI,-0.09,62.57,965.66,55.42,336.09,47.11,7.85,9.86,0.0,32.98,3325.43,26
2016-02-02 15:30:00,MAITRI,-0.35,62.26,965.46,59.33,319.96,48.21,8.04,8.73,0.0,33.75,3325.24,27
2016-02-02 15:35:00,MAITRI,-0.44,61.6,965.61,57.4,303.85,46.01,7.67,7.48,0.0,32.21,3325.05,28
2016-02-02 15:40:00,MAITRI,-0.31,61.42,966.1,56.09,303.37,47.73,7.95,6.99,0.0,33.41,3324.85,28
2016-02-02 15:45:00,MAITRI,0.01,61.6,965.19,55.91,276.43,51.16,8.53,5.68,0.0,35.81,3324.67,27
2016-02-02 15:50:00,MAITRI,0.01,61.5,965.23,56.91,282.01,45.92,7.65,4.77,0.0,32.14,3324.49,26
2016-02-02 15:55:00,MAITRI,-0.13,61.96,965.26,55.24,274.79,50.25,8.38,3.44,0.0,35.18,3324.3,27
2016-02-02 16:00:00,MAITRI,-0.04,62.18,964.77,55.17,242.07,48.77,8.13,2.79,0.0,34.14,3324.1,28
2016-02-02 16:05:00,MAITRI,-0.38,62.22,965.78,56.24,237.43,49.0,8.17,1.69,0.0,34.3,3323.92,27
2016-02-02 16:10:00,MAITRI,-0.67,62.02,965.85,54.08,243.56,48.78,8.13,0.45,0.0,34.15,3323.74,26
2016-02-02 16:15:00,MAITRI,-0.92,62.2,966.72,55.06,223.44,48.67,8.11,0.0,0.0,34.07,3323.55,27
2016-02-02 16:20:00,MAITRI,-1.07,62.15,967.54,57.03,212.12,51.45,8.57,0.0,0.0,36.01,3323.36,27
2016-02-02 16:25:00,MAITRI,-1.53,62.07,967.55,55.32,213.33,52.9,8.82,0.0,0.0,37.03,3323.17,27
2016-02-02 16:30:00,MAITRI,-1.33,62.54,967.74,55.18,195.26,56.74,9.46,0.0,0.0,39.72,3322.98,28
2016-02-02 16:35:00,MAITRI,-1.18,60.84,966.73,55.33,182.59,50.07,8.34,0.0,0.0,35.05,3322.78,28
2016-02-02 16:40:00,MAITRI,-1.04,61.61,966.69,55.4,176.57,51.04,8.51,0.0,0.0,35.73,3322.59,28
2016-02-02 16:45:00,MAITRI,-0.89,61.94,966.52,54.41,172.97,53.59,8.93,0.0,0.0,37.51,3322.4,27
2016-02-02 16:50:00,MAITRI,-1.12,61.87,966.17,53.1,156.95,55.8,9.3,0.0,0.0,39.06,3322.22,26
2016-02-02 16:55:00,MAITRI,-1.12,62.53,966.11,51.63,138.13,40.45,6.74,0.07,0.0,28.31,3322.03,27
2016-02-02 17:00:00,MAITRI,-1.49,62.05,966.05,51.36,141.18,39.42,6.57,0.14,0.0,27.59,3321.85,27
2016-02-02 17:05:00,MAITRI,-1.4,61.58,965.66,51.31,123.2,40.54,6.76,0.21,0.0,28.38,3321.66,27
2016-02-02 17:10:00,MAITRI,-1.22,61.77,965.99,50.89,131.45,40.74,6.79,0.28,0.0,28.52,3321.47,27
2016-02-02 17:15:00,MAITRI,-1.12,58.39,965.13,51.4,113.86,39.11,6.52,0.31,0.0,27.38,3321.28,27
2016-02-02 17:20:00,MAITRI,-1.14,58.99,965.38,56.17,103.67,43.42,7.24,0.37,0.0,30.4,3321.09,28
2016-02-02 17:25:00,MAITRI,-1.49,59.93,965.54,54.8,86.1,43.08,7.18,0.41,0.0,30.15,3320.9,28
2016-02-02 17:30:00,MAITRI,-1.63,59.99,965.9,54.77,65.08,42.54,7.09,0.44,0.0,29.78,3320.7,28
2016-02-02 17:35:00,MAITRI,-1.39,60.8,966.03,55.4,68.79,43.18,7.2,0.48,0.0,30.23,3320.51,28
2016-02-02 17:40:00,MAITRI,-1.29,61.19,964.8,54.45,63.1,42.95,7.16,0.51,0.0,30.06,3320.31,28
2016-02-02 17:45:00,MAITRI,-1.83,61.22,964.98,53.31,36.31,42.97,7.16,0.51,0.0,30.08,3320.12,28
2016-02-02 17:50:00,MAITRI,-1.78,61.57,965.19,52.51,20.37,45.53,7.59,0.52,0.0,31.87,3319.92,28
2016-02-02 17:55:00,MAITRI,-1.48,61.52,965.26,52.48,14.25,44.81,7.47,0.52,0.0,31.37,3319.73,28
2016-02-02 18:00:00,MAITRI,-1.36,56.13,965.12,55.03,0.0,44.84,7.47,0.52,0.0,31.39,3319.54,27
2016-02-02 18:05:00,MAITRI,-1.87,56.42,965.44,53.95,0.0,45.38,7.56,0.52,0.0,31.77,3319.35,27
2016-02-02 18:10:00,MAITRI,-1.97,56.95,966.51,52.94,1.85,45.46,7.58,0.53,0.0,31.82,3319.17,27
2016-02-02 18:15:00,MAITRI,-1.74,57.29,966.43,52.2,6.54,44.21,7.37,0.53,0.0,30.95,3318.99,26
2016-02-02 18:20:00,MAITRI,-1.67,56.81,966.94,53.3,0.0,44.45,7.41,0.53,0.0,31.11,3318.81,26
2016-02-02 18:25:00,MAITRI,-1.7,57.62,966.84,52.58,3.05,45.2,7.53,0.53,0.0,31.64,3318.62,27
2016-02-02 18:30:00,MAITRI,-1.72,57.04,967.07,53.87,0.0,46.66,7.78,0.53,0.0,32.66,3318.43,27
2016-02-02 18:35:00,MAITRI,-2.02,57.71,967.27,52.7,3.18,44.97,7.5,0.53,0.0,31.48,3318.24,28
2016-02-02 18:40:00,MAITRI,-2.06,58.84,967.89,54.85,0.0,46.18,7.7,0.53,0.0,32.32,3318.05,27
2016-02-02 18:45:00,MAITRI,-1.85,59.5,967.66,53.73,0.0,44.38,7.4,0.52,0.0,31.06,3317.86,27
2016-02-02 18:50:00,MAITRI,-1.81,60.23,967.66,52.63,0.16,43.4,7.23,0.5,0.0,30.38,3317.68,26
2016-02-02 18:55:00,MAITRI,-1.78,60.73,967.5,51.54,0.0,43.49,7.25,0.48,0.0,30.44,3317.5,26
2016-02-02 19:00:00,MAITRI,-1.98,61.03,967.86,52.32,6.7,45.35,7.56,0.48,0.0,31.75,3317.31,27
2016-02-02 19:05:00,MAITRI,-2.48,61.0,967.7,51.61,8.43,44.24,7.37,0.48,0.0,30.97,3317.12,27
2016-02-02 19:10:00,MAITRI,-2.62,61.34,968.33,54.86,9.45,44.91,7.48,0.48,0.0,31.44,3316.94,27
2016-02-02 19:15:00,MAITRI,-2.26,60.79,968.59,54.75,9.72,44.61,7.43,0.49,0.0,31.23,3316.75,27
2016-02-02 19:20:00,MAITRI,-2.13,62.54,966.94,53.91,0.81,44.38,7.4,0.47,0.0,31.06,3316.56,28
2016-02-02 19:25:00,MAITRI,-2.26,62.61,967.72,55.75,0.0,46.13,7.69,0.47,0.0,32.29,3316.37,27
2016-02-02 19:30:00,MAITRI,-2.16,62.89,967.69,57.86,0.0,47.34,7.89,0.47,0.0,33.14,3316.18,27
2016-02-02 19:35:00,MAITRI,-2.5,62.81,966.97,56.06,14.3,45.74,7.62,0.47,0.0,32.02,3315.99,27
2016-02-02 19:40:00,MAITRI,-2.46,62.35,966.52,59.12,0.0,45.18,7.53,0.47,0.0,31.63,3315.81,27
2016-02-02 19:45:00,MAITRI,-2.22,59.89,966.64,59.33,0.0,44.89,7.48,0.47,0.0,31.42,3315.62,26
2016-02-02 19:50:00,MAITRI,-2.34,60.83,967.65,60.1,8.18,43.09,7.18,0.45,0.0,30.16,3315.44,26
2016-02-02 19:55:00,MAITRI,-2.32,61.52,967.31,62.63,20.1,43.61,7.27,0.46,0.0,30.53,3315.26,26
2016-02-02 20:00:00,MAITRI,-2.48,60.98,967.41,65.68,1.2,42.84,7.14,0.43,0.0,29.99,3315.08,26
2016-02-02 20:05:00,MAITRI,-2.47,61.29,968.12,64.68,12.3,44.34,7.39,0.44,0.0,31.04,3314.91,25
2016-02-02 20:10:00,MAITRI,-2.39,62.09,968.1,63.78,3.1,44.3,7.38,0.44,0.0,31.01,3314.74,25
2016-02-02 20:15:00,MAITRI,-1.96,62.14,967.03,61.94,2.6,42.35,7.06,0.41,0.0,29.65,3314.57,24
2016-02-02 20:20:00,MAITRI,-2.0,62.37,967.69,60.85,0.0,43.53,7.25,0.4,0.0,30.47,3314.4,24
2016-02-02 20:25:00,MAITRI,-1.85,63.07,967.61,59.57,2.41,44.17,7.36,0.41,0.0,30.92,3314.24,23
2016-02-02 20:30:00,MAITRI,-1.43,63.02,966.74,57.92,0.0,45.24,7.54,0.41,0.0,31.67,3314.09,22
2016-02-02 20:35:00,MAITRI,-1.76,62.37,966.36,56.93,0.0,41.74,6.96,0.38,0.0,29.22,3313.94,22
2016-02-02 20:40:00,MAITRI,-1.93,62.06,966.54,58.16,0.0,40.7,6.78,0.34,0.0,28.49,3313.78,22
2016-02-02 20:45:00,MAITRI,-2.16,62.24,966.47,57.24,7.98,41.41,6.9,0.32,0.0,28.99,3313.63,22
2016-02-02 20:50:00,MAITRI,-2.25,60.85,966.1,60.2,0.0,42.56,7.09,0.32,0.0,29.79,3313.49,21
2016-02-02 20:55:00,MAITRI,-2.31,59.45,966.01,62.99,0.81,41.75,6.96,0.31,0.0,29.22,3313.34,21
2016-02-02 21:00:00,MAITRI,-2.41,59.88,966.33,61.85,0.0,42.13,7.02,0.3,0.0,29.49,3313.19,22
2016-02-02 21:05:00,MAITRI,-2.27,60.38,966.25,64.45,2.11,43.08,7.18,0.3,0.0,30.16,3313.03,22
2016-02-02 21:10:00,MAITRI,-2.32,60.67,966.92,65.41,1.37,45.43,7.57,0.3,0.0,31.8,3312.88,22
2016-02-02 21:15:00,MAITRI,-2.5,60.54,965.72,64.34,0.44,45.33,7.55,0.3,0.0,31.73,3312.73,22
2016-02-02 21:20:00,MAITRI,-2.69,60.21,965.88,67.29,4.8,40.12,6.69,0.25,0.0,28.09,3312.57,23
2016-02-02 21:25:00,MAITRI,-2.54,60.45,965.49,66.54,1.72,42.37,7.06,0.23,0.0,29.66,3312.41,23
2016-02-02 21:30:00,MAITRI,-2.79,60.93,966.0,65.57,4.04,42.32,7.05,0.22,0.0,29.62,3312.25,23
2016-02-02 21:35:00,MAITRI,-2.47,61.35,965.41,63.95,9.4,42.9,7.15,0.21,0.0,30.03,3312.08,24
2016-02-02 21:40:00,MAITRI,-2.5,61.18,965.97,64.88,0.0,41.08,6.85,0.16,0.0,28.76,3311.92,24
2016-02-02 21:45:00,MAITRI,-2.9,61.76,966.14,64.09,0.0,42.85,7.14,0.14,0.0,30.0,3311.75,24
2016-02-02 21:50:00,MAITRI,-3.19,61.76,965.94,61.3,13.7,42.04,7.01,0.13,0.0,29.42,3311.59,23
2016-02-02 21:55:00,MAITRI,-3.21,60.94,966.72,62.43,4.34,44.28,7.38,0.14,0.0,31.0,3311.43,23
2016-02-02 22:00:00,MAITRI,-2.89,61.31,966.74,60.3,4.33,44.01,7.34,0.14,0.0,30.81,3311.27,23
2016-02-02 22:05:00,MAITRI,-2.91,61.73,966.8,59.55,0.0,43.55,7.26,0.14,0.0,30.49,3311.12,22
2016-02-02 22:10:00,MAITRI,-3.02,62.07,967.45,57.78,0.88,41.12,6.85,0.11,0.0,28.79,3310.97,22
2016-02-02 22:15:00,MAITRI,-3.31,61.8,967.79,61.54,0.0,42.98,7.16,0.1,0.0,30.09,3310.81,22
2016-02-02 22:20:00,MAITRI,-3.57,62.02,966.65,61.32,10.49,42.44,7.07,0.11,0.0,29.71,3310.66,22
2016-02-02 22:25:00,MAITRI,-3.47,62.2,966.67,60.55,4.29,40.48,6.75,0.06,0.0,28.34,3310.51,22
2016-02-02 22:30:00,MAITRI,-3.91,62.3,966.07,58.55,11.9,43.33,7.22,0.07,0.0,30.33,3310.35,23
2016-02-02 22:35:00,MAITRI,-3.73,62.06,965.97,58.08,0.0,43.89,7.32,0.07,0.0,30.72,3310.19,23
2016-02-02 22:40:00,MAITRI,-3.9,62.21,966.12,57.12,18.97,43.17,7.19,0.07,0.0,30.22,3310.01,25
2016-02-02 22:45:00,MAITRI,-3.8,61.38,966.27,60.5,0.0,44.77,7.46,0.07,0.0,31.34,3309.85,24
2016-02-02 22:50:00,MAITRI,-3.74,61.54,965.74,63.11,0.0,43.69,7.28,0.07,0.0,30.58,3309.68,24
2016-02-02 22:55:00,MAITRI,-3.58,61.76,965.29,62.2,0.0,42.76,7.13,0.05,0.0,29.93,3309.51,24
2016-02-02 23:00:00,MAITRI,-3.6,61.41,965.59,65.7,2.34,43.73,7.29,0.04,0.0,30.61,3309.34,25
2016-02-02 23:05:00,MAITRI,-3.66,61.39,965.26,68.7,0.0,44.67,7.45,0.04,0.0,31.27,3309.17,24
2016-02-02 23:10:00,MAITRI,-3.47,61.33,965.78,66.83,3.57,42.97,7.16,0.03,0.0,30.08,3309.01,24
2016-02-02 23:15:00,MAITRI,-3.9,60.97,965.71,64.87,0.0,43.44,7.24,0.03,0.0,30.41,3308.84,24
2016-02-02 23:20:00,MAITRI,-3.8,60.78,966.05,64.79,0.0,42.48,7.08,0.01,0.0,29.74,3308.68,23
2016-02-02 23:25:00,MAITRI,-4.02,61.1,965.75,61.68,0.0,42.52,7.09,0.0,0.0,29.76,3308.53,22
2016-02-02 23:30:00,MAITRI,-3.69,60.21,965.6,65.19,15.61,41.59,6.93,0.0,0.0,29.11,3308.37,22
2016-02-02 23:35:00,MAITRI,-3.72,60.92,966.39,62.82,0.0,41.71,6.95,0.0,0.0,29.2,3308.22,23
2016-02-02 23:40:00,MAITRI,-3.47,61.29,966.19,63.17,0.97,45.63,7.61,0.0,0.0,31.94,3308.05,24
2016-02-02 23:45:00,MAITRI,-3.4,61.47,965.71,66.78,10.47,42.59,7.1,0.0,0.0,29.81,3307.88,24
2016-02-02 23:50:00,MAITRI,-3.11,61.71,965.64,64.88,5.04,43.22,7.2,0.0,0.0,30.25,3307.71,25
2016-02-02 23:55:00,MAITRI,-3.04,62.08,965.58,64.79,0.0,45.11,7.52,0.0,0.0,31.58,3307.53,25
2016-02-03 00:00:00,MAITRI,-2.74,62.18,964.08,62.71,7.88,44.12,7.35,0.0,0.0,30.88,3307.36,25
2016-02-03 00:05:00,MAITRI,-2.83,62.14,964.86,60.57,0.0,46.53,7.76,0.0,0.0,32.57,3307.19,25
2016-02-03 00:10:00,MAITRI,-3.12,61.86,965.48,59.77,0.0,44.26,7.38,0.0,0.0,30.98,3307.02,24
2016-02-03 00:15:00,MAITRI,-3.2,61.58,965.71,60.85,3.68,45.41,7.57,0.01,0.0,31.79,3306.85,24
2016-02-03 00:20:00,MAITRI,-3.47,61.71,965.81,60.14,0.0,43.14,7.19,0.0,0.0,30.2,3306.69,24
2016-02-03 00:25:00,MAITRI,-3.75,61.02,965.34,57.38,3.6,44.22,7.37,0.0,0.0,30.95,3306.52,24
2016-02-03 00:30:00,MAITRI,-3.9,60.85,965.59,61.17,4.06,41.23,6.87,0.0,0.0,28.86,3306.35,24
2016-02-03 00:35:00,MAITRI,-3.88,58.44,966.18,61.15,0.0,44.15,7.36,0.0,0.0,30.91,3306.19,24
2016-02-03 00:40:00,MAITRI,-4.27,58.88,965.98,58.66,2.0,42.1,7.02,0.0,0.0,29.47,3306.01,25
2016-02-03 00:45:00,MAITRI,-4.03,56.67,967.05,59.27,15.67,42.28,7.05,0.0,0.0,29.6,3305.84,25
2016-02-03 00:50:00,MAITRI,-4.32,57.35,967.09,58.79,15.09,42.69,7.12,0.0,0.0,29.89,3305.67,25
2016-02-03 00:55:00,MAITRI,-4.3,57.76,967.01,58.05,7.15,42.63,7.11,0.0,0.0,29.84,3305.5,24
2016-02-03 01:00:00,MAITRI,-4.55,58.21,967.27,57.38,0.0,42.04,7.01,0.0,0.0,29.43,3305.33,24
2016-02-03 01:05:00,MAITRI,-4.43,58.68,967.83,58.43,8.85,43.75,7.29,0.0,0.0,30.62,3305.17,23
2016-02-03 01:10:00,MAITRI,-4.14,56.02,967.34,62.18,0.0,43.22,7.2,0.0,0.0,30.25,3305.01,23
2016-02-03 01:15:00,MAITRI,-3.98,53.66,966.44,65.69,3.22,42.82,7.14,0.0,0.0,29.97,3304.85,24
2016-02-03 01:20:00,MAITRI,-3.82,51.95,966.53,66.23,10.68,43.9,7.32,0.01,0.0,30.73,3304.68,24
2016-02-03 01:25:00,MAITRI,-3.62,53.02,966.22,64.85,0.1,44.49,7.42,0.01,0.0,31.14,3304.51,24
2016-02-03 01:30:00,MAITRI,-3.59,54.24,966.54,64.96,3.3,44.87,7.48,0.01,0.0,31.41,3304.34,25
2016-02-03 01:35:00,MAITRI,-3.76,54.84,966.79,62.42,20.83,41.46,6.91,0.0,0.0,29.02,3304.17,25
2016-02-03 01:40:00,MAITRI,-3.57,55.43,966.45,61.73,20.19,44.37,7.4,0.01,0.0,31.06,3303.99,25
2016-02-03 01:45:00,MAITRI,-3.39,53.61,966.5,62.57,6.15,46.36,7.73,0.01,0.0,32.46,3303.82,25
2016-02-03 01:50:00,MAITRI,-2.97,54.89,966.35,60.14,0.0,41.51,6.92,0.0,0.0,29.05,3303.65,25
2016-02-03 01:55:00,MAITRI,-2.98,52.98,967.15,60.11,19.45,44.03,7.34,0.01,0.0,30.82,3303.47,25
2016-02-03 02:00:00,MAITRI,-3.02,53.19,967.06,63.77,1.14,44.57,7.43,0.01,0.0,31.2,3303.31,24
2016-02-03 02:05:00,MAITRI,-2.92,54.68,966.54,62.86,0.0,43.27,7.21,0.01,0.0,30.29,3303.15,23
2016-02-03 02:10:00,MAITRI,-2.81,55.53,966.02,66.1,16.41,41.25,6.88,0.01,0.0,28.88,3302.99,22
2016-02-03 02:15:00,MAITRI,-3.35,56.48,966.25,64.04,0.0,42.77,7.13,0.01,0.0,29.94,3302.84,22
2016-02-03 02:20:00,MAITRI,-3.91,57.7,966.34,61.98,5.19,43.08,7.18,0.01,0.0,30.16,3302.69,22
2016-02-03 02:25:00,MAITRI,-3.73,58.3,965.02,60.01,0.0,41.95,6.99,0.0,0.0,29.36,3302.53,22
2016-02-03 02:30:00,MAITRI,-3.55,58.69,964.86,59.1,0.0,43.85,7.31,0.0,0.0,30.7,3302.38,22
2016-02-03 02:35:00,MAITRI,-3.12,58.61,964.51,58.23,6.73,41.96,6.99,0.0,0.0,29.37,3302.24,21
2016-02-03 02:40:00,MAITRI,-3.7,58.78,964.51,56.64,8.29,42.79,7.13,0.01,0.0,29.96,3302.09,21
2016-02-03 02:45:00,MAITRI,-3.38,58.9,964.4,56.49,0.0,41.93,6.99,0.0,0.0,29.35,3301.94,21
2016-02-03 02:50:00,MAITRI,-3.21,59.11,963.52,55.39,0.0,44.63,7.44,0.0,0.0,31.24,3301.79,22
2016-02-03 02:55:00,MAITRI,-3.49,55.84,963.73,56.97,5.84,43.71,7.29,0.0,0.0,30.6,3301.64,22
2016-02-03 03:00:00,MAITRI,-3.53,56.8,964.2,57.92,0.0,44.46,7.41,0.0,0.0,31.12,3301.48,23
2016-02-03 03:05:00,MAITRI,-3.5,57.56,964.05,59.63,0.0,41.65,6.94,0.0,0.0,29.15,3301.32,23
2016-02-03 03:10:00,MAITRI,-3.28,58.6,963.9,57.53,1.57,41.22,6.87,0.0,0.0,28.85,3301.17,22
2016-02-03 03:15:00,MAITRI,-3.84,59.69,963.9,56.14,0.13,42.49,7.08,0.0,0.0,29.74,3301.02,21
2016-02-03 03:20:00,MAITRI,-3.69,60.56,964.89,56.7,5.81,43.1,7.18,0.0,0.0,30.17,3300.87,22
2016-02-03 03:25:00,MAITRI,-3.91,60.57,965.33,60.78,4.48,44.36,7.39,0.01,0.0,31.05,3300.71,23
2016-02-03 03:30:00,MAITRI,-4.5,60.81,964.98,58.88,0.0,42.08,7.01,0.0,0.0,29.46,3300.56,22
2016-02-03 03:35:00,MAITRI,-4.28,61.44,965.82,56.57,0.0,42.95,7.16,0.0,0.0,30.07,3300.4,22
2016-02-03 03:40:00,MAITRI,-4.33,61.63,966.22,60.48,9.42,42.19,7.03,0.0,0.0,29.53,3300.24,23
2016-02-03 03:45:00,MAITRI,-4.43,61.74,966.35,58.49,6.15,42.85,7.14,0.0,0.0,29.99,3300.08,23
2016-02-03 03:50:00,MAITRI,-4.25,61.93,966.89,56.39,9.23,43.01,7.17,0.0,0.0,30.1,3299.92,23
2016-02-03 03:55:00,MAITRI,-4.11,61.76,966.26,54.31,3.94,42.11,7.02,0.0,0.0,29.48,3299.76,23
2016-02-03 04:00:00,MAITRI,-3.97,61.87,965.54,54.25,0.0,42.59,7.1,0.0,0.0,29.81,3299.61,22
2016-02-03 04:05:00,MAITRI,-3.86,61.15,965.74,52.47,0.0,41.05,6.84,0.0,0.0,28.73,3299.45,23
2016-02-03 04:10:00,MAITRI,-3.82,61.74,966.25,52.72,4.55,43.17,7.2,0.0,0.0,30.22,3299.29,23
2016-02-03 04:15:00,MAITRI,-3.61,62.03,965.33,52.12,2.58,41.95,6.99,0.0,0.0,29.37,3299.13,23
2016-02-03 04:20:00,MAITRI,-3.46,62.56,966.07,52.28,2.63,42.6,7.1,0.0,0.0,29.82,3298.97,23
2016-02-03 04:25:00,MAITRI,-3.35,62.67,966.23,54.57,7.94,43.86,7.31,0.0,0.0,30.71,3298.81,23
2016-02-03 04:30:00,MAITRI,-3.03,63.21,966.17,57.12,10.07,41.68,6.95,0.0,0.0,29.17,3298.66,22
2016-02-03 04:35:00,MAITRI,-2.84,62.88,966.14,56.38,15.15,42.82,7.14,0.01,0.0,29.98,3298.51,22
2016-02-03 04:40:00,MAITRI,-2.9,63.25,966.21,57.86,0.0,41.62,6.94,0.0,0.0,29.13,3298.35,22
2016-02-03 04:45:00,MAITRI,-2.89,63.09,966.18,59.74,1.85,44.85,7.47,0.0,0.0,31.39,3298.19,23
2016-02-03 04:50:00,MAITRI,-3.04,62.88,965.87,58.21,2.3,43.46,7.24,0.0,0.0,30.42,3298.03,24
2016-02-03 04:55:00,MAITRI,-3.18,62.71,965.96,61.94,11.05,45.13,7.52,0.01,0.0,31.59,3297.87,23
2016-02-03 05:00:00,MAITRI,-3.11,62.67,966.14,60.32,1.43,42.19,7.03,0.0,0.0,29.53,3297.71,23
2016-02-03 05:05:00,MAITRI,-3.03,63.59,966.09,62.23,0.0,44.56,7.43,0.0,0.0,31.19,3297.54,24
2016-02-03 05:10:00,MAITRI,-2.87,63.05,965.61,65.41,5.47,45.81,7.63,0.0,0.0,32.06,3297.37,25
2016-02-03 05:15:00,MAITRI,-2.88,62.94,965.69,62.37,0.0,45.27,7.54,0.0,0.0,31.69,3297.2,24
2016-02-03 05:20:00,MAITRI,-2.96,62.63,966.75,61.88,0.42,45.64,7.61,0.0,0.0,31.95,3297.03,25
2016-02-03 05:25:00,MAITRI,-3.48,62.47,966.27,59.5,13.22,45.44,7.57,0.01,0.0,31.81,3296.85,26
2016-02-03 05:30:00,MAITRI,-3.36,62.34,965.89,59.2,3.03,44.87,7.48,0.01,0.0,31.41,3296.67,26
2016-02-03 05:35:00,MAITRI,-3.21,62.3,964.55,57.98,0.0,45.04,7.51,0.01,0.0,31.53,3296.49,26
2016-02-03 05:40:00,MAITRI,-3.26,62.0,964.98,57.07,8.66,44.51,7.42,0.02,0.0,31.16,3296.31,26
2016-02-03 05:45:00,MAITRI,-3.26,61.67,965.02,56.29,0.0,41.75,6.96,0.0,0.0,29.23,3296.14,24
2016-02-03 05:50:00,MAITRI,-3.29,61.62,964.81,56.19,9.6,43.81,7.3,0.01,0.0,30.67,3295.98,23
2016-02-03 05:55:00,MAITRI,-3.79,62.36,964.92,54.65,6.59,44.07,7.34,0.01,0.0,30.85,3295.81,24
2016-02-03 06:00:00,MAITRI,-3.42,62.06,964.73,54.53,0.0,44.68,7.45,0.01,0.0,31.28,3295.64,25
2016-02-03 06:05:00,MAITRI,-3.75,62.24,964.56,52.37,5.58,46.14,7.69,0.01,0.0,32.3,3295.47,24
2016-02-03 06:10:00,MAITRI,-3.52,62.78,964.87,50.95,30.12,43.49,7.25,0.03,0.0,30.44,3295.3,25
2016-02-03 06:15:00,MAITRI,-3.29,63.1,964.88,50.09,38.14,42.32,7.05,0.04,0.0,29.62,3295.13,24
2016-02-03 06:20:00,MAITRI,-3.42,63.33,965.2,51.3,50.31,43.93,7.32,0.07,0.0,30.75,3294.97,24
2016-02-03 06:25:00,MAITRI,-3.93,63.49,965.4,50.2,51.25,39.84,6.64,0.07,0.0,27.89,3294.81,23
2016-02-03 06:30:00,MAITRI,-4.23,63.3,965.24,49.11,66.31,42.22,7.04,0.1,0.0,29.55,3294.64,24
2016-02-03 06:35:00,MAITRI,-4.42,63.09,965.58,53.89,90.85,41.63,6.94,0.15,0.0,29.14,3294.47,24
2016-02-03 06:40:00,MAITRI,-4.24,63.17,965.37,58.31,86.85,42.72,7.12,0.19,0.0,29.9,3294.31,24
2016-02-03 06:45:00,MAITRI,-3.96,63.01,965.42,56.81,93.47,42.68,7.11,0.24,0.0,29.87,3294.13,25
2016-02-03 06:50:00,MAITRI,-3.75,63.16,965.53,55.92,15.8,43.46,7.24,0.24,0.0,30.42,3293.96,25
2016-02-03 06:55:00,MAITRI,-3.52,63.47,965.72,55.26,8.04,44.07,7.35,0.25,0.0,30.85,3293.78,25
2016-02-03 07:00:00,MAITRI,-3.95,57.82,965.34,53.96,18.37,43.28,7.21,0.26,0.0,30.29,3293.61,25
2016-02-03 07:05:00,MAITRI,-3.94,57.65,965.55,58.03,10.96,43.52,7.25,0.26,0.0,30.47,3293.44,25
2016-02-03 07:10:00,MAITRI,-3.96,57.95,965.47,56.97,5.77,43.09,7.18,0.25,0.0,30.16,3293.26,25
2016-02-03 07:15:00,MAITRI,-3.9,58.64,966.07,55.59,21.67,41.15,6.86,0.23,0.0,28.81,3293.09,25
2016-02-03 07:20:00,MAITRI,-3.55,59.64,965.54,55.07,15.23,44.68,7.45,0.24,0.0,31.28,3292.92,24
2016-02-03 07:25:00,MAITRI,-3.48,60.27,965.71,57.77,20.98,42.07,7.01,0.24,0.0,29.45,3292.76,23
2016-02-03 07:30:00,MAITRI,-3.4,60.11,964.53,56.82,20.61,44.03,7.34,0.25,0.0,30.82,3292.6,24
2016-02-03 07:35:00,MAITRI,-3.33,61.01,964.61,58.66,27.68,43.59,7.27,0.27,0.0,30.52,3292.44,23
2016-02-03 07:40:00,MAITRI,-3.68,61.39,965.17,58.13,13.23,42.15,7.02,0.26,0.0,29.5,3292.28,23
2016-02-03 07:45:00,MAITRI,-3.91,61.78,965.21,56.42,25.27,41.54,6.92,0.26,0.0,29.08,3292.12,23
2016-02-03 07:50:00,MAITRI,-3.82,61.7,965.25,58.35,18.67,45.13,7.52,0.27,0.0,31.59,3291.96,23
2016-02-03 07:55:00,MAITRI,-3.73,61.54,965.9,57.8,37.99,42.66,7.11,0.29,0.0,29.86,3291.79,24
2016-02-03 08:00:00,MAITRI,-4.0,60.96,965.61,56.84,41.59,40.54,6.76,0.28,0.0,28.38,3291.62,24
2016-02-03 08:05:00,MAITRI,-3.76,61.99,965.99,56.63,17.84,43.21,7.2,0.28,0.0,30.25,3291.45,25
2016-02-03 08:10:00,MAITRI,-3.45,62.43,966.07,55.59,27.41,43.67,7.28,0.29,0.0,30.57,3291.27,26
2016-02-03 08:15:00,MAITRI,-3.43,62.5,966.49,54.63,23.2,44.24,7.37,0.31,0.0,30.97,3291.09,26
2016-02-03 08:20:00,MAITRI,-3.54,61.96,967.06,53.28,23.06,42.77,7.13,0.31,0.0,29.94,3290.92,25
2016-02-03 08:25:00,MAITRI,-3.34,62.29,966.92,53.31,67.78,44.04,7.34,0.34,0.0,30.83,3290.74,25
2016-02-03 08:30:00,MAITRI,-3.72,62.11,966.47,52.67,63.3,43.02,7.17,0.38,0.0,30.11,3290.56,26
2016-02-03 08:35:00,MAITRI,-3.4,62.74,966.33,53.0,42.43,46.05,7.68,0.4,0.0,32.24,3290.38,26
2016-02-03 08:40:00,MAITRI,-3.72,62.56,966.47,57.07,68.35,43.67,7.28,0.43,0.0,30.57,3290.2,26
2016-02-03 08:45:00,MAITRI,-3.84,61.5,964.97,55.99,67.26,40.98,6.83,0.45,0.0,28.69,3290.02,26
2016-02-03 08:50:00,MAITRI,-4.06,61.95,965.96,55.83,40.56,42.99,7.16,0.47,0.0,30.09,3289.84,26
2016-02-03 08:55:00,MAITRI,-4.05,61.75,966.22,60.06,51.32,43.4,7.23,0.5,0.0,30.38,3289.66,26
2016-02-03 09:00:00,MAITRI,-3.9,59.17,965.54,57.91,54.41,40.45,6.74,0.49,0.0,28.31,3289.48,26
2016-02-03 09:05:00,MAITRI,-3.82,60.04,964.92,57.27,30.43,44.82,7.47,0.51,0.0,31.38,3289.29,27
2016-02-03 09:10:00,MAITRI,-3.54,59.94,965.24,59.99,51.73,44.1,7.35,0.53,0.0,30.87,3289.1,27
2016-02-03 09:15:00,MAITRI,-3.19,60.59,965.54,61.03,392.27,29.7,4.95,0.74,0.0,20.79,3288.92,27
2016-02-03 09:20:00,MAITRI,-2.7,60.61,965.32,59.92,390.67,28.32,4.72,0.92,0.0,19.82,3288.73,27
2016-02-03 09:25:00,MAITRI,-2.63,58.91,965.29,57.91,388.71,29.62,4.94,1.12,0.0,20.73,3288.54,27
2016-02-03 09:30:00,MAITRI,-2.79,58.89,964.91,56.09,405.03,29.42,4.9,1.34,0.0,20.6,3288.35,28
2016-02-03 09:35:00,MAITRI,-2.5,59.2,965.09,55.69,419.84,26.64,4.44,1.52,0.0,18.65,3288.15,28
2016-02-03 09:40:00,MAITRI,-2.29,59.57,965.35,55.63,419.4,28.48,4.75,1.74,0.0,19.94,3287.96,28
2016-02-03 09:45:00,MAITRI,-2.37,57.17,964.89,53.77,440.79,27.31,4.55,1.97,0.0,19.12,3287.77,27
2016-02-03 09:50:00,MAITRI,-2.59,57.64,965.06,57.67,424.35,27.25,4.54,2.18,0.0,19.07,3287.58,27
2016-02-03 09:55:00,MAITRI,-2.83,58.44,964.3,56.46,441.35,27.6,4.6,2.41,0.0,19.32,3287.4,27
2016-02-03 10:00:00,MAITRI,-2.24,57.51,964.85,55.56,454.28,26.77,4.46,2.65,0.0,18.74,3287.21,27
2016-02-03 10:05:00,MAITRI,-2.19,58.3,964.68,55.27,448.39,27.89,4.65,2.88,0.0,19.52,3287.02,27
2016-02-03 10:10:00,MAITRI,-1.86,58.89,964.87,54.77,465.53,25.69,4.28,3.11,0.0,17.98,3286.83,27
2016-02-03 10:15:00,MAITRI,-1.96,59.53,965.75,53.89,466.7,24.84,4.14,3.34,0.0,17.38,3286.65,26
2016-02-03 10:20:00,MAITRI,-1.77,56.92,965.97,54.35,458.43,24.6,4.1,3.55,0.0,17.22,3286.47,26
2016-02-03 10:25:00,MAITRI,-1.52,56.87,966.58,53.34,469.08,24.91,4.15,3.79,0.0,17.44,3286.29,26
2016-02-03 10:30:00,MAITRI,-1.17,57.3,967.01,53.28,500.78,23.36,3.89,4.02,0.0,16.35,3286.1,27
2016-02-03 10:35:00,MAITRI,-1.18,58.31,967.12,54.48,502.11,25.8,4.3,4.29,0.0,18.06,3285.92,27
2016-02-03 10:40:00,MAITRI,-1.01,58.63,967.06,58.85,500.44,46.55,7.76,4.55,0.0,32.58,3285.73,27
2016-02-03 10:45:00,MAITRI,-0.97,59.67,966.93,57.4,486.71,52.89,8.81,4.8,0.0,37.02,3285.53,28
2016-02-03 10:50:00,MAITRI,-1.0,60.42,965.6,56.78,480.92,52.18,8.7,5.05,0.0,36.53,3285.35,26
2016-02-03 10:55:00,MAITRI,-0.89,57.66,965.88,57.37,505.2,48.0,8.0,5.31,0.0,33.6,3285.18,25
2016-02-03 11:00:00,MAITRI,-0.76,59.28,965.71,56.55,509.52,54.64,9.11,5.58,0.0,38.25,3285.01,25
2016-02-03 11:05:00,MAITRI,-1.08,56.03,966.26,54.7,499.56,55.95,9.32,5.84,0.0,39.16,3284.83,26
2016-02-03 11:10:00,MAITRI,-0.84,56.33,966.81,54.06,525.3,48.9,8.15,6.11,0.0,34.23,3284.65,26
2016-02-03 11:15:00,MAITRI,-0.49,57.66,965.98,53.61,509.74,62.46,10.41,6.38,0.0,43.72,3284.47,26
2016-02-03 11:20:00,MAITRI,-0.47,57.79,966.86,53.02,514.4,21.69,3.61,6.61,0.0,15.18,3284.28,26
2016-02-03 11:25:00,MAITRI,-0.5,58.16,966.81,56.35,513.29,23.94,3.99,6.88,0.0,16.76,3284.1,26
2016-02-03 11:30:00,MAITRI,-0.45,58.47,966.67,57.73,510.27,23.78,3.96,7.13,0.0,16.65,3283.92,27
2016-02-03 11:35:00,MAITRI,-0.51,59.05,966.54,59.76,515.04,26.01,4.34,7.4,0.0,18.21,3283.73,27
2016-02-03 11:40:00,MAITRI,-0.96,59.06,966.34,58.71,513.23,22.38,3.73,7.63,0.0,15.67,3283.54,27
2016-02-03 11:45:00,MAITRI,-1.07,58.46,966.35,61.27,504.85,25.07,4.18,7.9,0.0,17.55,3283.35,28
2016-02-03 11:50:00,MAITRI,-0.74,55.54,966.75,59.67,500.9,25.24,4.21,8.16,0.0,17.67,3283.15,28
2016-02-03 11:55:00,MAITRI,-0.71,56.81,967.5,59.1,515.95,23.0,3.83,8.4,0.0,16.1,3282.96,28
2016-02-03 12:00:00,MAITRI,-0.61,58.14,967.5,60.92,507.72,24.29,4.05,8.65,0.0,17.01,3282.76,28
2016-02-03 12:05:00,MAITRI,-0.67,58.76,967.62,59.24,513.4,24.38,4.06,8.92,0.0,17.07,3282.57,28
2016-02-03 12:10:00,MAITRI,-0.43,58.68,966.56,58.79,521.33,24.96,4.16,9.19,0.0,17.48,3282.38,27
2016-02-03 12:15:00,MAITRI,-0.97,58.66,965.93,57.58,525.2,23.17,3.86,9.45,0.0,16.22,3282.19,27
2016-02-03 12:20:00,MAITRI,-0.89,59.07,966.08,58.95,509.79,24.25,4.04,9.71,0.0,16.97,3282.01,26
2016-02-03 12:25:00,MAITRI,-0.81,59.24,966.06,56.9,533.18,22.44,3.74,9.97,0.0,15.71,3281.83,27
2016-02-03 12:30:00,MAITRI,-0.93,60.0,966.54,55.41,533.63,22.95,3.82,10.24,0.0,16.06,3281.64,27
2016-02-03 12:35:00,MAITRI,-0.64,60.39,965.72,55.32,507.34,24.5,4.08,10.5,0.0,17.15,3281.46,26
2016-02-03 12:40:00,MAITRI,-0.44,60.35,966.12,53.7,525.5,24.76,4.13,10.78,0.0,17.33,3281.28,26
2016-02-03 12:45:00,MAITRI,-0.44,59.97,964.83,53.31,516.89,22.66,3.78,11.03,0.0,15.86,3281.1,25
2016-02-03 12:50:00,MAITRI,-0.53,60.43,964.88,55.89,505.35,25.66,4.28,11.3,0.0,17.96,3280.93,25
2016-02-03 12:55:00,MAITRI,-0.64,61.03,963.92,55.41,518.84,24.68,4.11,11.57,0.0,17.27,3280.76,25
2016-02-03 13:00:00,MAITRI,-0.45,61.7,963.7,55.01,492.3,26.81,4.47,11.82,0.0,18.76,3280.58,25
2016-02-03 13:05:00,MAITRI,-0.73,62.09,963.68,59.15,481.06,24.88,4.15,12.07,0.0,17.42,3280.42,24
2016-02-03 13:10:00,MAITRI,-0.83,61.94,963.74,57.11,493.6,25.99,4.33,12.33,0.0,18.19,3280.25,24
2016-02-03 13:15:00,MAITRI,-1.24,61.53,963.95,60.92,483.87,24.57,4.1,12.58,0.0,17.2,3280.08,25
2016-02-03 13:20:00,MAITRI,-1.14,61.45,964.26,61.17,484.72,24.9,4.15,12.82,0.0,17.43,3279.9,26
2016-02-03 13:25:00,MAITRI,-1.05,61.86,964.64,61.48,480.16,26.6,4.43,13.07,0.0,18.62,3279.71,27
2016-02-03 13:30:00,MAITRI,-1.05,61.56,964.87,63.52,463.04,27.87,4.64,13.31,0.0,19.51,3279.52,27
2016-02-03 13:35:00,MAITRI,-1.05,61.85,965.03,64.26,467.06,27.38,4.56,13.56,0.0,19.17,3279.33,27
2016-02-03 13:40:00,MAITRI,-1.05,61.53,965.28,65.78,445.35,25.33,4.22,13.76,0.0,17.73,3279.15,26
2016-02-03 13:45:00,MAITRI,-1.15,62.32,964.79,62.29,456.97,27.11,4.52,14.0,0.0,18.98,3278.97,26
2016-02-03 13:50:00,MAITRI,-1.13,60.07,965.29,60.35,452.64,26.77,4.46,14.24,0.0,18.74,3278.79,26
2016-02-03 13:55:00,MAITRI,-1.42,60.3,964.94,63.91,446.06,27.15,4.53,14.47,0.0,19.01,3278.6,27
2016-02-03 14:00:00,MAITRI,-1.33,60.3,965.49,64.6,426.91,27.5,4.58,14.69,0.0,19.25,3278.42,26
2016-02-03 14:05:00,MAITRI,-1.16,60.53,965.27,63.36,424.56,28.91,4.82,14.91,0.0,20.24,3278.24,26
2016-02-03 14:10:00,MAITRI,-0.83,60.91,965.66,62.15,422.72,28.3,4.72,15.13,0.0,19.81,3278.06,26
2016-02-03 14:15:00,MAITRI,-1.01,61.17,965.71,59.69,427.34,27.03,4.5,15.34,0.0,18.92,3277.88,26
2016-02-03 14:20:00,MAITRI,-0.61,61.25,966.15,57.6,409.86,29.37,4.89,15.56,0.0,20.56,3277.7,26
2016-02-03 14:25:00,MAITRI,-0.77,59.62,966.32,61.7,428.18,28.76,4.79,15.78,0.0,20.13,3277.52,26
2016-02-03 14:30:00,MAITRI,-0.42,60.75,966.18,59.6,407.12,28.19,4.7,15.98,0.0,19.73,3277.33,27
2016-02-03 14:35:00,MAITRI,-0.5,60.34,967.12,57.93,400.57,30.96,5.16,16.19,0.0,21.67,3277.15,27
2016-02-03 14:40:00,MAITRI,-0.5,60.59,965.84,56.75,393.3,29.53,4.92,16.39,0.0,20.67,3276.95,28
2016-02-03 14:45:00,MAITRI,-0.9,57.38,966.09,60.88,377.14,31.46,5.24,16.59,0.0,22.02,3276.76,28
2016-02-03 14:50:00,MAITRI,-0.93,58.01,965.52,60.01,379.3,30.11,5.02,16.79,0.0,21.08,3276.56,28
2016-02-03 14:55:00,MAITRI,-0.81,58.48,965.49,59.85,367.93,32.52,5.42,16.98,0.0,22.77,3276.37,27
2016-02-03 15:00:00,MAITRI,-0.9,59.41,965.61,61.41,353.32,30.14,5.02,17.16,0.0,21.1,3276.19,26
2016-02-03 15:05:00,MAITRI,-0.67,60.07,965.41,64.69,358.35,30.04,5.01,17.34,0.0,21.03,3276.01,26
2016-02-03 15:10:00,MAITRI,-0.61,59.85,965.33,68.05,338.14,30.77,5.13,17.51,0.0,21.54,3275.83,27
2016-02-03 15:15:00,MAITRI,-0.59,60.45,965.72,65.46,319.56,29.84,4.97,17.62,0.0,20.89,3275.63,28
2016-02-03 15:20:00,MAITRI,-0.44,62.15,966.07,62.88,317.26,30.66,5.11,17.75,0.0,21.46,3275.44,28
2016-02-03 15:25:00,MAITRI,-0.25,61.9,966.56,60.21,318.78,34.83,5.8,17.91,0.0,24.38,3275.24,29
2016-02-03 15:30:00,MAITRI,-0.67,62.05,966.26,57.69,310.83,32.11,5.35,18.05,0.0,22.48,3275.03,29
2016-02-03 15:35:00,MAITRI,-0.96,62.36,965.87,56.17,294.05,35.72,5.95,18.2,0.0,25.0,3274.83,29
2016-02-03 15:40:00,MAITRI,-0.98,62.77,966.75,56.16,299.69,32.63,5.44,18.33,0.0,22.84,3274.63,29
2016-02-03 15:45:00,MAITRI,-0.9,62.67,967.0,56.98,276.12,36.4,6.07,18.48,0.0,25.48,3274.44,28
2016-02-03 15:50:00,MAITRI,-1.06,62.5,966.49,56.22,271.07,33.41,5.57,18.59,0.0,23.38,3274.24,28
2016-02-03 15:55:00,MAITRI,-1.09,62.48,966.63,57.98,267.76,33.07,5.51,18.7,0.0,23.15,3274.06,27
2016-02-03 16:00:00,MAITRI,-1.25,62.62,966.37,55.89,252.67,35.36,5.89,18.84,0.0,24.75,3273.87,27
2016-02-03 16:05:00,MAITRI,-1.67,62.43,966.08,54.23,257.5,34.95,5.82,18.96,0.0,24.46,3273.67,28
2016-02-03 16:10:00,MAITRI,-1.4,62.55,966.16,55.12,227.5,36.73,6.12,19.08,0.0,25.71,3273.49,27
2016-02-03 16:15:00,MAITRI,-1.1,62.67,966.82,53.51,231.13,36.18,6.03,19.2,0.0,25.33,3273.3,27
2016-02-03 16:20:00,MAITRI,-0.96,61.65,966.26,53.95,225.05,36.66,6.11,19.32,0.0,25.66,3273.11,27
2016-02-03 16:25:00,MAITRI,-1.35,60.99,965.27,53.51,220.16,37.15,6.19,19.43,0.0,26.01,3272.92,27
2016-02-03 16:30:00,MAITRI,-1.36,61.32,965.65,53.13,198.96,38.17,6.36,19.54,0.0,26.72,3272.74,27
2016-02-03 16:35:00,MAITRI,-1.44,61.33,965.02,51.91,183.88,38.31,6.39,19.63,0.0,26.82,3272.55,27
2016-02-03 16:40:00,MAITRI,-1.67,61.74,964.89,51.7,186.85,39.51,6.59,19.73,0.0,27.66,3272.36,27
2016-02-03 16:45:00,MAITRI,-1.68,61.06,963.72,50.98,154.87,37.89,6.31,19.8,0.0,26.52,3272.18,26
2016-02-03 16:50:00,MAITRI,-1.4,61.03,964.1,51.57,161.78,35.78,5.96,19.84,0.0,25.05,3272.0,26
2016-02-03 16:55:00,MAITRI,-1.11,59.56,963.75,56.25,145.08,40.43,6.74,19.92,0.0,28.3,3271.81,28
2016-02-03 17:00:00,MAITRI,-0.95,59.55,964.17,55.54,134.61,40.16,6.69,19.99,0.0,28.11,3271.61,28
2016-02-03 17:05:00,MAITRI,-1.16,60.14,965.2,54.65,122.99,40.48,6.75,20.05,0.0,28.33,3271.42,28
2016-02-03 17:10:00,MAITRI,-0.82,59.79,965.11,54.44,127.3,40.26,6.71,20.12,0.0,28.18,3271.22,28
2016-02-03 17:15:00,MAITRI,-1.24,60.43,964.08,53.95,103.51,40.43,6.74,20.16,0.0,28.3,3271.03,27
2016-02-03 17:20:00,MAITRI,-1.15,60.42,963.9,56.06,82.39,42.13,7.02,20.21,0.0,29.49,3270.85,27
2016-02-03 17:25:00,MAITRI,-1.33,61.12,963.59,55.87,77.62,41.14,6.86,20.23,0.0,28.8,3270.66,27
2016-02-03 17:30:00,MAITRI,-1.3,61.56,962.4,54.8,71.0,43.37,7.23,20.27,0.0,30.36,3270.47,28
2016-02-03 17:35:00,MAITRI,-1.41,61.47,962.76,57.97,46.53,42.84,7.14,20.28,0.0,29.99,3270.27,28
2016-02-03 17:40:00,MAITRI,-1.65,61.5,962.58,56.98,38.64,42.41,7.07,20.27,0.0,29.69,3270.08,28
2016-02-03 17:45:00,MAITRI,-1.66,61.91,962.91,56.16,29.74,45.91,7.65,20.29,0.0,32.14,3269.88,28
2016-02-03 17:50:00,MAITRI,-1.63,61.62,963.97,55.09,21.29,43.86,7.31,20.28,0.0,30.7,3269.69,28
2016-02-03 17:55:00,MAITRI,-1.57,62.07,963.97,58.14,7.91,45.61,7.6,20.29,0.0,31.93,3269.5,27
2016-02-03 18:00:00,MAITRI,-1.59,62.55,963.98,57.23,0.0,44.01,7.33,20.26,0.0,30.8,3269.31,27
2016-02-03 18:05:00,MAITRI,-1.83,62.02,964.38,57.31,1.85,46.69,7.78,20.26,0.0,32.69,3269.12,28
2016-02-03 18:10:00,MAITRI,-1.72,62.2,964.67,55.58,3.9,45.47,7.58,20.27,0.0,31.83,3268.92,28
2016-02-03 18:15:00,MAITRI,-1.71,62.02,964.16,54.44,0.0,43.62,7.27,20.23,0.0,30.54,3268.73,28
2016-02-03 18:20:00,MAITRI,-2.01,62.15,963.54,54.67,0.0,47.79,7.97,20.23,0.0,33.45,3268.53,28
2016-02-03 18:25:00,MAITRI,-2.06,62.77,963.01,53.75,2.5,46.26,7.71,20.23,0.0,32.38,3268.34,28
2016-02-03 18:30:00,MAITRI,-1.97,62.29,963.17,58.08,3.05,44.68,7.45,20.23,0.0,31.27,3268.15,27
2016-02-03 18:35:00,MAITRI,-1.82,61.45,963.71,58.04,0.0,47.25,7.87,20.23,0.0,33.07,3267.96,28
2016-02-03 18:40:00,MAITRI,-2.14,61.69,964.09,62.0,11.41,44.5,7.42,20.21,0.0,31.15,3267.76,29
2016-02-03 18:45:00,MAITRI,-1.88,62.28,964.95,59.79,0.48,46.67,7.78,20.21,0.0,32.67,3267.56,29
2016-02-03 18:50:00,MAITRI,-2.06,62.02,965.33,60.53,6.45,43.03,7.17,20.17,0.0,30.12,3267.35,29
2016-02-03 18:55:00,MAITRI,-2.03,62.15,963.68,60.16,0.0,42.81,7.13,20.12,0.0,29.96,3267.16,28
2016-02-03 19:00:00,MAITRI,-2.07,62.1,964.25,59.28,3.39,45.25,7.54,20.11,0.0,31.68,3266.97,28
2016-02-03 19:05:00,MAITRI,-2.02,62.48,964.18,58.61,11.34,45.58,7.6,20.12,0.0,31.9,3266.78,27
2016-02-03 19:10:00,MAITRI,-1.72,63.08,963.53,57.27,7.32,43.19,7.2,20.09,0.0,30.24,3266.59,27
2016-02-03 19:15:00,MAITRI,-2.04,63.5,963.94,56.17,0.0,44.19,7.37,20.08,0.0,30.94,3266.41,26
2016-02-03 19:20:00,MAITRI,-2.01,63.95,964.06,55.77,0.0,44.05,7.34,20.06,0.0,30.84,3266.23,26
2016-02-03 19:25:00,MAITRI,-2.22,63.9,964.51,55.72,0.0,45.26,7.54,20.06,0.0,31.68,3266.05,26
2016-02-03 19:30:00,MAITRI,-1.89,61.79,964.83,55.77,0.96,45.61,7.6,20.06,0.0,31.92,3265.87,26
2016-02-03 19:35:00,MAITRI,-2.17,61.63,965.3,58.54,3.37,43.48,7.25,20.04,0.0,30.43,3265.69,26
2016-02-03 19:40:00,MAITRI,-2.16,62.11,965.45,60.17,1.49,48.34,8.06,20.04,0.0,33.84,3265.51,26
2016-02-03 19:45:00,MAITRI,-2.52,62.27,965.19,59.87,0.0,44.09,7.35,20.03,0.0,30.86,3265.33,26
2016-02-03 19:50:00,MAITRI,-2.7,62.55,965.86,60.65,0.0,43.5,7.25,20.01,0.0,30.45,3265.15,26
2016-02-03 19:55:00,MAITRI,-2.6,60.52,965.9,60.42,0.0,45.57,7.59,20.01,0.0,31.9,3264.96,27
2016-02-03 20:00:00,MAITRI,-2.4,60.91,964.36,59.03,5.55,42.26,7.04,19.97,0.0,29.58,3264.78,26
2016-02-03 20:05:00,MAITRI,-2.72,61.77,964.6,62.75,11.55,43.19,7.2,19.96,0.0,30.23,3264.6,26
2016-02-03 20:10:00,MAITRI,-2.64,61.72,964.94,63.34,0.0,46.0,7.67,19.96,0.0,32.2,3264.42,25
2016-02-03 20:15:00,MAITRI,-2.89,61.81,965.0,66.71,1.67,43.25,7.21,19.95,0.0,30.28,3264.26,24
2016-02-03 20:20:00,MAITRI,-2.86,62.01,966.2,67.26,0.0,44.53,7.42,19.95,0.0,31.17,3264.09,24
2016-02-03 20:25:00,MAITRI,-2.73,62.06,964.61,64.93,2.82,43.9,7.32,19.95,0.0,30.73,3263.93,23
2016-02-03 20:30:00,MAITRI,-2.74,61.57,964.77,67.62,0.0,42.1,7.02,19.93,0.0,29.47,3263.78,22
2016-02-03 20:35:00,MAITRI,-2.74,61.13,965.51,68.01,0.0,44.47,7.41,19.93,0.0,31.13,3263.62,22
2016-02-03 20:40:00,MAITRI,-3.31,61.21,965.72,65.87,0.0,41.81,6.97,19.91,0.0,29.27,3263.47,23
2016-02-03 20:45:00,MAITRI,-3.5,61.73,966.15,65.5,9.21,41.26,6.88,19.88,0.0,28.88,3263.31,23
2016-02-03 20:50:00,MAITRI,-2.96,61.32,965.47,63.27,4.51,44.2,7.37,19.88,0.0,30.94,3263.15,23
2016-02-03 20:55:00,MAITRI,-3.31,61.12,965.32,60.65,5.37,42.12,7.02,19.86,0.0,29.49,3262.98,24
2016-02-03 21:00:00,MAITRI,-3.24,61.17,965.31,60.81,0.0,43.82,7.3,19.86,0.0,30.67,3262.82,23
2016-02-03 21:05:00,MAITRI,-3.07,61.34,965.3,60.59,0.0,43.34,7.22,19.86,0.0,30.34,3262.67,22
2016-02-03 21:10:00,MAITRI,-3.02,61.49,965.36,61.85,0.0,41.72,6.95,19.83,0.0,29.21,3262.51,22
2016-02-03 21:15:00,MAITRI,-3.38,59.16,965.26,59.93,0.0,41.52,6.92,19.81,0.0,29.07,3262.36,22
2016-02-03 21:20:00,MAITRI,-3.05,57.15,965.58,57.51,3.57,43.04,7.17,19.81,0.0,30.13,3262.2,23
2016-02-03 21:25:00,MAITRI,-3.15,58.0,964.51,57.13,16.92,42.6,7.1,19.82,0.0,29.82,3262.04,23
2016-02-03 21:30:00,MAITRI,-3.48,58.39,964.6,55.51,0.0,42.27,7.04,19.81,0.0,29.59,3261.88,23
2016-02-03 21:35:00,MAITRI,-3.1,57.22,964.77,53.51,2.93,43.0,7.17,19.8,0.0,30.1,3261.72,24
2016-02-03 21:40:00,MAITRI,-3.4,57.97,964.79,52.89,0.0,40.66,6.78,19.74,0.0,28.46,3261.54,25
2016-02-03 21:45:00,MAITRI,-3.65,58.47,965.32,53.06,0.0,46.14,7.69,19.74,0.0,32.3,3261.37,25
2016-02-03 21:50:00,MAITRI,-3.51,59.44,965.38,55.01,6.17,44.53,7.42,19.75,0.0,31.17,3261.19,25
2016-02-03 21:55:00,MAITRI,-3.29,60.33,965.81,54.17,0.0,43.59,7.27,19.74,0.0,30.51,3261.02,25
2016-02-03 22:00:00,MAITRI,-3.68,60.94,965.5,53.83,4.21,43.74,7.29,19.74,0.0,30.62,3260.85,24
2016-02-03 22:05:00,MAITRI,-3.85,60.91,965.81,54.56,1.77,44.75,7.46,19.74,0.0,31.32,3260.68,25
2016-02-03 22:10:00,MAITRI,-4.02,61.27,966.21,54.49,0.0,45.71,7.62,19.74,0.0,32.0,3260.51,24
2016-02-03 22:15:00,MAITRI,-3.81,61.33,966.39,54.2,6.56,44.41,7.4,19.74,0.0,31.09,3260.35,24
2016-02-03 22:20:00,MAITRI,-4.04,61.58,966.99,54.13,19.63,41.74,6.96,19.74,0.0,29.22,3260.19,23
2016-02-03 22:25:00,MAITRI,-3.79,61.15,967.06,54.01,11.06,45.46,7.58,19.74,0.0,31.82,3260.03,23
2016-02-03 22:30:00,MAITRI,-3.73,61.48,966.03,52.83,0.82,42.33,7.06,19.72,0.0,29.63,3259.87,23
2016-02-03 22:35:00,MAITRI,-3.94,61.98,966.04,57.03,0.0,42.26,7.04,19.7,0.0,29.58,3259.71,23
2016-02-03 22:40:00,MAITRI,-3.96,61.36,966.05,60.98,10.11,42.98,7.16,19.71,0.0,30.09,3259.55,23
2016-02-03 22:45:00,MAITRI,-4.06,60.19,966.21,60.93,0.0,43.97,7.33,19.71,0.0,30.78,3259.38,24
2016-02-03 22:50:00,MAITRI,-4.09,60.8,966.31,64.27,8.21,42.83,7.14,19.7,0.0,29.98,3259.22,24
2016-02-03 22:55:00,MAITRI,-3.77,61.47,966.21,63.52,8.54,43.6,7.27,19.7,0.0,30.52,3259.04,25
2016-02-03 23:00:00,MAITRI,-4.11,61.69,965.85,61.31,0.0,44.35,7.39,19.7,0.0,31.04,3258.87,24
2016-02-03 23:05:00,MAITRI,-3.89,61.8,965.8,59.89,1.4,44.89,7.48,19.7,0.0,31.42,3258.72,23
2016-02-03 23:10:00,MAITRI,-3.8,62.01,965.95,58.86,0.26,42.92,7.15,19.68,0.0,30.05,3258.55,24
2016-02-03 23:15:00,MAITRI,-3.94,61.93,966.49,59.3,4.47,45.35,7.56,19.68,0.0,31.75,3258.38,24
2016-02-03 23:20:00,MAITRI,-3.98,61.84,966.99,57.51,0.0,46.5,7.75,19.68,0.0,32.55,3258.22,24
2016-02-03 23:25:00,MAITRI,-3.9,61.51,966.89,56.53,0.0,43.33,7.22,19.67,0.0,30.33,3258.05,24
2016-02-03 23:30:00,MAITRI,-4.02,61.52,965.93,54.48,0.0,45.07,7.51,19.67,0.0,31.55,3257.88,24
2016-02-03 23:35:00,MAITRI,-3.65,61.45,965.28,53.78,3.23,44.18,7.36,19.68,0.0,30.92,3257.72,24
2016-02-03 23:40:00,MAITRI,-3.37,61.01,965.35,54.26,0.0,43.5,7.25,19.67,0.0,30.45,3257.55,24
2016-02-03 23:45:00,MAITRI,-3.3,60.33,965.61,55.97,3.89,44.69,7.45,19.67,0.0,31.28,3257.38,24
2016-02-03 23:50:00,MAITRI,-3.62,60.19,965.4,54.35,1.9,44.08,7.35,19.67,0.0,30.86,3257.21,25
2016-02-03 23:55:00,MAITRI,-3.99,60.04,965.14,52.93,18.25,42.83,7.14,19.68,0.0,29.98,3257.04,24
2016-02-04 00:00:00,MAITRI,-3.77,59.5,964.74,57.28,8.71,47.09,7.85,19.68,0.0,32.96,3256.87,24
2016-02-04 00:05:00,MAITRI,-3.92,60.07,965.15,56.92,0.0,44.21,7.37,19.68,0.0,30.94,3256.71,24
2016-02-04 00:10:00,MAITRI,-4.19,60.53,964.53,54.66,0.0,42.81,7.13,19.67,0.0,29.97,3256.54,24
2016-02-04 00:15:00,MAITRI,-4.39,60.88,964.82,54.29,7.07,45.75,7.62,19.67,0.0,32.02,3256.37,25
2016-02-04 00:20:00,MAITRI,-4.15,60.39,964.78,54.08,0.0,44.8,7.47,19.67,0.0,31.36,3256.19,25
2016-02-04 00:25:00,MAITRI,-4.0,60.78,965.16,54.13,10.1,44.1,7.35,19.68,0.0,30.87,3256.02,25
2016-02-04 00:30:00,MAITRI,-4.0,60.86,964.91,58.35,1.26,44.09,7.35,19.68,0.0,30.86,3255.85,24
2016-02-04 00:35:00,MAITRI,-3.67,60.6,963.75,56.86,0.0,45.17,7.53,19.68,0.0,31.62,3255.69,23
2016-02-04 00:40:00,MAITRI,-3.52,59.9,964.25,55.49,7.28,41.59,6.93,19.65,0.0,29.11,3255.53,24
2016-02-04 00:45:00,MAITRI,-3.89,60.05,964.31,55.39,9.83,83.11,13.85,19.65,0.0,58.18,3255.36,24
2016-02-04 00:50:00,MAITRI,-4.01,59.93,963.91,53.46,0.51,78.16,13.03,19.65,0.0,54.71,3255.2,23
2016-02-04 00:55:00,MAITRI,-3.44,59.8,963.52,52.96,0.0,67.96,11.33,19.65,0.0,47.57,3255.03,24
2016-02-04 01:00:00,MAITRI,-3.75,59.86,964.05,51.61,15.04,70.43,11.74,19.66,0.0,49.3,3254.87,24
2016-02-04 01:05:00,MAITRI,-4.12,60.21,964.35,51.19,0.0,70.68,11.78,19.66,0.0,49.48,3254.69,25
2016-02-04 01:10:00,MAITRI,-4.03,60.33,964.4,51.13,5.49,69.69,11.62,19.66,0.0,48.78,3254.52,25
2016-02-04 01:15:00,MAITRI,-3.93,58.28,965.35,51.96,0.0,72.62,12.1,19.66,0.0,50.83,3254.35,24
2016-02-04 01:20:00,MAITRI,-3.57,57.99,964.84,52.21,2.72,68.93,11.49,19.67,0.0,48.25,3254.19,24
2016-02-04 01:25:00,MAITRI,-3.81,58.36,965.31,51.26,0.0,82.83,13.81,19.67,0.0,57.98,3254.03,23
2016-02-04 01:30:00,MAITRI,-4.08,58.87,963.83,51.87,0.0,74.9,12.48,19.67,0.0,52.43,3253.87,23
2016-02-04 01:35:00,MAITRI,-4.0,56.36,964.27,53.57,0.36,78.49,13.08,19.67,0.0,54.94,3253.71,23
2016-02-04 01:40:00,MAITRI,-4.31,57.12,964.62,53.24,0.0,71.5,11.92,19.67,0.0,50.05,3253.54,24
2016-02-04 01:45:00,MAITRI,-4.42,57.01,963.44,53.43,0.0,70.86,11.81,19.67,0.0,49.6,3253.38,23
2016-02-04 01:50:00,MAITRI,-4.18,57.86,963.62,53.11,16.88,67.48,11.25,19.67,0.0,47.24,3253.23,22
2016-02-04 01:55:00,MAITRI,-4.43,58.34,964.21,52.42,0.0,78.83,13.14,19.67,0.0,55.18,3253.08,21
2016-02-04 02:00:00,MAITRI,-4.69,58.88,964.6,51.35,0.0,80.59,13.43,19.67,0.0,56.42,3252.93,22
2016-02-04 02:05:00,MAITRI,-4.25,58.99,964.78,49.88,6.86,70.53,11.75,19.68,0.0,49.37,3252.78,22
2016-02-04 02:10:00,MAITRI,-4.16,59.29,964.05,50.27,0.0,67.82,11.3,19.68,0.0,47.47,3252.62,22
2016-02-04 02:15:00,MAITRI,-4.4,59.63,964.78,54.91,9.59,65.79,10.96,19.68,0.0,46.05,3252.47,22
2016-02-04 02:20:00,MAITRI,-4.21,60.04,965.02,54.56,0.0,42.41,7.07,19.67,0.0,29.69,3252.32,22
2016-02-04 02:25:00,MAITRI,-4.56,56.46,964.44,53.34,7.15,42.93,7.16,19.68,0.0,30.05,3252.16,23
2016-02-04 02:30:00,MAITRI,-5.04,57.63,964.12,52.37,0.0,42.1,7.02,19.65,0.0,29.47,3251.99,24
2016-02-04 02:35:00,MAITRI,-5.42,58.74,964.97,52.6,0.0,44.89,7.48,19.65,0.0,31.43,3251.83,24
2016-02-04 02:40:00,MAITRI,-5.8,59.1,964.8,51.73,5.39,42.49,7.08,19.63,0.0,29.74,3251.66,24
2016-02-04 02:45:00,MAITRI,-5.6,58.89,964.91,56.17,0.0,44.68,7.45,19.63,0.0,31.27,3251.49,24
2016-02-04 02:50:00,MAITRI,-5.28,59.4,965.24,56.11,1.37,44.91,7.49,19.63,0.0,31.44,3251.33,23
2016-02-04 02:55:00,MAITRI,-5.23,59.2,965.74,57.35,0.0,43.34,7.22,19.62,0.0,30.34,3251.17,24
2016-02-04 03:00:00,MAITRI,-4.96,59.64,965.9,56.7,0.0,42.4,7.07,19.6,0.0,29.68,3251.0,24
2016-02-04 03:05:00,MAITRI,-4.71,59.29,965.71,56.18,7.62,43.41,7.24,19.6,0.0,30.39,3250.83,24
2016-02-04 03:10:00,MAITRI,-4.42,60.13,965.88,57.35,2.08,40.98,6.83,19.56,0.0,28.69,3250.67,24
2016-02-04 03:15:00,MAITRI,-4.65,60.95,966.06,55.81,0.0,41.24,6.87,19.53,0.0,28.87,3250.51,22
2016-02-04 03:20:00,MAITRI,-4.51,60.7,966.06,55.9,0.0,41.79,6.97,19.51,0.0,29.25,3250.37,21
2016-02-04 03:25:00,MAITRI,-4.33,60.71,966.01,55.65,14.49,42.04,7.01,19.52,0.0,29.43,3250.22,22
2016-02-04 03:30:00,MAITRI,-4.21,61.44,966.67,53.87,11.72,42.2,7.03,19.52,0.0,29.54,3250.06,22
2016-02-04 03:35:00,MAITRI,-4.0,61.2,966.7,56.03,0.0,43.94,7.32,19.52,0.0,30.75,3249.9,23
2016-02-04 03:40:00,MAITRI,-3.6,61.52,966.39,60.02,12.83,42.42,7.07,19.51,0.0,29.7,3249.74,23
2016-02-04 03:45:00,MAITRI,-3.92,61.75,967.05,59.47,0.0,44.52,7.42,19.51,0.0,31.16,3249.59,22
2016-02-04 03:50:00,MAITRI,-3.89,61.82,967.85,59.25,0.0,41.58,6.93,19.49,0.0,29.11,3249.44,22
2016-02-04 03:55:00,MAITRI,-3.89,61.53,968.61,58.81,0.0,45.5,7.58,19.49,0.0,31.85,3249.28,23
2016-02-04 04:00:00,MAITRI,-4.01,61.96,969.02,62.38,0.0,44.64,7.44,19.49,0.0,31.25,3249.12,23
2016-02-04 04:05:00,MAITRI,-3.84,61.74,969.31,61.64,0.0,41.7,6.95,19.46,0.0,29.19,3248.96,23
2016-02-04 04:10:00,MAITRI,-3.88,61.53,968.67,59.68,0.0,42.16,7.03,19.43,0.0,29.51,3248.8,23
2016-02-04 04:15:00,MAITRI,-3.57,61.77,968.54,58.68,0.0,43.85,7.31,19.43,0.0,30.69,3248.63,24
2016-02-04 04:20:00,MAITRI,-3.4,61.58,968.63,60.73,0.0,44.06,7.34,19.43,0.0,30.84,3248.46,25
2016-02-04 04:25:00,MAITRI,-3.23,61.48,969.36,60.31,0.0,44.41,7.4,19.43,0.0,31.09,3248.28,25
2016-02-04 04:30:00,MAITRI,-2.92,62.24,969.13,58.54,1.97,42.73,7.12,19.4,0.0,29.91,3248.11,25
2016-02-04 04:35:00,MAITRI,-2.97,62.33,969.75,58.8,4.03,44.95,7.49,19.4,0.0,31.46,3247.94,24
2016-02-04 04:40:00,MAITRI,-3.62,62.96,968.96,57.06,0.0,45.24,7.54,19.4,0.0,31.67,3247.78,24
2016-02-04 04:45:00,MAITRI,-4.06,62.51,968.52,55.39,8.32,43.79,7.3,19.41,0.0,30.65,3247.61,24
2016-02-04 04:50:00,MAITRI,-3.77,61.89,968.35,59.35,0.0,43.84,7.31,19.41,0.0,30.69,3247.44,24
2016-02-04 04:55:00,MAITRI,-3.6,61.54,968.15,60.57,5.99,47.22,7.87,19.41,0.0,33.06,3247.28,24
2016-02-04 05:00:00,MAITRI,-3.6,61.95,968.27,61.26,14.88,45.53,7.59,19.42,0.0,31.87,3247.11,24
2016-02-04 05:05:00,MAITRI,-3.66,62.13,968.13,64.7,3.27,42.49,7.08,19.4,0.0,29.74,3246.95,23
2016-02-04 05:10:00,MAITRI,-3.53,62.26,968.42,65.32,8.5,43.24,7.21,19.4,0.0,30.27,3246.78,24
2016-02-04 05:15:00,MAITRI,-3.74,63.05,968.45,68.5,1.09,45.1,7.52,19.4,0.0,31.57,3246.62,24
2016-02-04 05:20:00,MAITRI,-3.49,63.35,968.24,66.65,0.0,43.91,7.32,19.4,0.0,30.74,3246.46,23
2016-02-04 05:25:00,MAITRI,-3.23,63.42,967.88,65.95,11.23,42.44,7.07,19.4,0.0,29.71,3246.3,23
2016-02-04 05:30:00,MAITRI,-3.24,63.2,967.85,65.75,0.0,43.83,7.3,19.4,0.0,30.68,3246.15,22
2016-02-04 05:35:00,MAITRI,-3.3,62.96,968.05,63.46,3.95,42.26,7.04,19.38,0.0,29.58,3245.99,22
2016-02-04 05:40:00,MAITRI,-3.29,62.25,968.67,62.86,0.19,41.96,6.99,19.37,0.0,29.37,3245.85,21
2016-02-04 05:45:00,MAITRI,-2.99,61.68,968.66,62.09,5.07,43.77,7.3,19.38,0.0,30.64,3245.69,22
2016-02-04 05:50:00,MAITRI,-2.96,62.02,968.57,59.86,0.0,41.34,6.89,19.34,0.0,28.94,3245.54,22
2016-02-04 05:55:00,MAITRI,-2.79,61.95,968.86,57.6,0.0,41.54,6.92,19.32,0.0,29.08,3245.4,21
2016-02-04 06:00:00,MAITRI,-2.8,62.56,968.63,58.19,14.79,42.26,7.04,19.33,0.0,29.58,3245.26,20
2016-02-04 06:05:00,MAITRI,-2.65,62.46,968.16,57.35,14.29,41.91,6.98,19.34,0.0,29.34,3245.11,21
2016-02-04 06:10:00,MAITRI,-2.97,63.07,967.5,55.63,0.0,42.12,7.02,19.33,0.0,29.48,3244.97,20
2016-02-04 06:15:00,MAITRI,-2.64,62.59,967.19,54.92,22.46,41.89,6.98,19.34,0.0,29.32,3244.82,22
2016-02-04 06:20:00,MAITRI,-2.93,61.93,966.95,53.67,4.8,43.06,7.18,19.34,0.0,30.14,3244.67,22
2016-02-04 06:25:00,MAITRI,-3.35,62.22,967.62,54.25,6.75,40.06,6.68,19.29,0.0,28.04,3244.51,23
2016-02-04 06:30:00,MAITRI,-3.67,61.78,968.2,54.58,10.48,44.16,7.36,19.29,0.0,30.91,3244.35,23
2016-02-04 06:35:00,MAITRI,-3.47,61.16,967.61,54.75,6.19,42.2,7.03,19.28,0.0,29.54,3244.19,23
2016-02-04 06:40:00,MAITRI,-3.26,61.21,967.65,55.79,0.0,42.96,7.16,19.27,0.0,30.07,3244.03,23
2016-02-04 06:45:00,MAITRI,-3.09,61.27,968.22,55.68,12.0,43.3,7.22,19.28,0.0,30.31,3243.87,23
2016-02-04 06:50:00,MAITRI,-3.62,61.37,968.13,54.03,27.84,42.51,7.08,19.29,0.0,29.75,3243.72,22
2016-02-04 06:55:00,MAITRI,-3.93,61.2,968.71,54.44,0.41,42.94,7.16,19.29,0.0,30.06,3243.56,22
2016-02-04 07:00:00,MAITRI,-3.65,60.99,968.48,56.84,19.6,43.64,7.27,19.3,0.0,30.55,3243.41,22
2016-02-04 07:05:00,MAITRI,-3.91,61.41,969.03,57.19,23.77,43.66,7.28,19.31,0.0,30.56,3243.26,22
2016-02-04 07:10:00,MAITRI,-4.15,61.95,968.32,55.44,24.53,42.0,7.0,19.33,0.0,29.4,3243.1,22
2016-02-04 07:15:00,MAITRI,-3.94,62.09,969.3,54.99,32.8,41.23,6.87,19.33,0.0,28.86,3242.95,22
2016-02-04 07:20:00,MAITRI,-3.78,62.07,968.87,59.0,26.88,42.27,7.05,19.35,0.0,29.59,3242.8,22
2016-02-04 07:25:00,MAITRI,-3.74,62.62,969.07,60.0,26.27,42.37,7.06,19.36,0.0,29.66,3242.65,22
2016-02-04 07:30:00,MAITRI,-3.83,62.64,969.26,58.72,23.36,41.68,6.95,19.36,0.0,29.18,3242.49,22
2016-02-04 07:35:00,MAITRI,-3.57,62.34,969.3,58.12,31.71,42.59,7.1,19.38,0.0,29.81,3242.34,22
2016-02-04 07:40:00,MAITRI,-3.48,61.97,968.72,56.6,44.54,40.84,6.81,19.4,0.0,28.59,3242.19,22
2016-02-04 07:45:00,MAITRI,-3.77,61.85,968.34,54.91,34.27,40.82,6.8,19.4,0.0,28.58,3242.03,22
2016-02-04 07:50:00,MAITRI,-3.9,61.89,967.58,53.25,6.96,43.04,7.17,19.4,0.0,30.13,3241.88,22
2016-02-04 07:55:00,MAITRI,-3.7,61.86,967.57,55.16,45.5,41.27,6.88,19.43,0.0,28.89,3241.73,22
2016-02-04 08:00:00,MAITRI,-3.59,62.28,967.49,52.91,24.1,42.78,7.13,19.44,0.0,29.94,3241.58,22
2016-02-04 08:05:00,MAITRI,-3.44,61.15,965.96,52.22,26.5,44.25,7.37,19.45,0.0,30.97,3241.42,23
2016-02-04 08:10:00,MAITRI,-3.42,61.91,965.82,54.3,42.99,43.52,7.25,19.48,0.0,30.47,3241.25,24
2016-02-04 08:15:00,MAITRI,-3.29,56.23,966.06,55.26,24.95,42.79,7.13,19.49,0.0,29.95,3241.08,25
2016-02-04 08:20:00,MAITRI,-3.31,57.05,966.11,53.97,41.1,40.84,6.81,19.47,0.0,28.59,3240.89,27
2016-02-04 08:25:00,MAITRI,-3.64,57.51,965.82,53.14,23.02,42.95,7.16,19.47,0.0,30.07,3240.7,27
2016-02-04 08:30:00,MAITRI,-3.62,57.8,966.47,53.25,64.92,42.39,7.06,19.5,0.0,29.67,3240.51,27
2016-02-04 08:35:00,MAITRI,-3.68,57.99,966.21,52.11,52.24,42.63,7.1,19.52,0.0,29.84,3240.32,28
2016-02-04 08:40:00,MAITRI,-3.44,58.09,966.62,51.62,21.86,44.91,7.49,19.53,0.0,31.44,3240.12,29
2016-02-04 08:45:00,MAITRI,-3.19,58.08,966.55,54.21,33.8,44.5,7.42,19.55,0.0,31.15,3239.92,28
2016-02-04 08:50:00,MAITRI,-3.78,58.57,965.88,53.29,360.96,28.0,4.67,19.69,0.0,19.6,3239.73,28
2016-02-04 08:55:00,MAITRI,-3.88,58.4,966.49,53.37,348.45,30.52,5.09,19.85,0.0,21.36,3239.53,28
2016-02-04 09:00:00,MAITRI,-3.91,59.59,966.89,52.25,369.25,30.24,5.04,20.04,0.0,21.17,3239.34,28
2016-02-04 09:05:00,MAITRI,-3.49,60.2,966.95,56.54,375.96,29.33,4.89,20.22,0.0,20.53,3239.15,27
2016-02-04 09:10:00,MAITRI,-3.31,60.66,966.49,56.36,390.99,29.66,4.94,20.43,0.0,20.76,3238.97,27
2016-02-04 09:15:00,MAITRI,-3.5,61.34,966.64,55.11,401.31,27.9,4.65,20.62,0.0,19.53,3238.78,27
2016-02-04 09:20:00,MAITRI,-3.28,60.84,966.08,54.95,410.4,29.33,4.89,20.83,0.0,20.53,3238.58,28
2016-02-04 09:25:00,MAITRI,-3.1,60.83,966.57,54.95,410.73,29.27,4.88,21.04,0.0,20.49,3238.4,27
2016-02-04 09:30:00,MAITRI,-3.02,61.03,966.62,53.96,408.54,28.34,4.72,21.26,0.0,19.84,3238.22,26
2016-02-04 09:35:00,MAITRI,-3.3,61.07,966.29,52.51,437.37,29.58,4.93,21.48,0.0,20.71,3238.03,27
2016-02-04 09:40:00,MAITRI,-3.34,61.34,966.94,51.77,421.03,28.82,4.8,21.7,0.0,20.17,3237.84,27
2016-02-04 09:45:00,MAITRI,-2.93,62.0,965.71,51.11,441.09,27.7,4.62,21.93,0.0,19.39,3237.65,27
2016-02-04 09:50:00,MAITRI,-2.93,59.65,965.26,49.54,450.57,28.46,4.74,22.17,0.0,19.92,3237.46,28
2016-02-04 09:55:00,MAITRI,-2.86,60.01,965.19,49.12,459.55,27.17,4.53,22.41,0.0,19.02,3237.26,28
2016-02-04 10:00:00,MAITRI,-2.61,60.21,965.39,49.53,453.99,28.04,4.67,22.65,0.0,19.63,3237.07,28
2016-02-04 10:05:00,MAITRI,-2.46,60.26,965.97,49.91,465.26,25.85,4.31,22.87,0.0,18.1,3236.87,28
2016-02-04 10:10:00,MAITRI,-2.46,60.97,966.06,52.51,459.46,27.61,4.6,23.11,0.0,19.32,3236.68,28
2016-02-04 10:15:00,MAITRI,-2.59,61.02,967.22,52.15,483.48,24.6,4.1,23.34,0.0,17.22,3236.49,27
2016-02-04 10:20:00,MAITRI,-2.14,62.21,966.05,51.52,466.5,27.51,4.58,23.58,0.0,19.26,3236.31,27
2016-02-04 10:25:00,MAITRI,-2.46,61.38,965.76,50.71,480.83,25.47,4.24,23.83,0.0,17.83,3236.12,27
2016-02-04 10:30:00,MAITRI,-2.72,59.75,965.93,49.84,488.38,26.05,4.34,24.08,0.0,18.24,3235.94,26
2016-02-04 10:35:00,MAITRI,-2.88,59.72,966.2,54.81,484.6,25.61,4.27,24.34,0.0,17.93,3235.76,26
2016-02-04 10:40:00,MAITRI,-2.78,60.19,965.73,54.54,501.99,26.35,4.39,24.6,0.0,18.45,3235.57,27
2016-02-04 10:45:00,MAITRI,-2.48,59.7,965.73,53.13,506.0,23.29,3.88,24.82,0.0,16.3,3235.37,29
2016-02-04 10:50:00,MAITRI,-2.7,60.2,965.78,52.13,64.19,44.4,7.4,24.85,0.0,31.08,3235.17,29
2016-02-04 10:55:00,MAITRI,-2.5,60.24,965.84,51.81,92.7,42.58,7.1,24.9,0.0,29.8,3234.97,29
2016-02-04 11:00:00,MAITRI,-2.31,60.65,966.67,51.83,60.08,42.11,7.02,24.91,0.0,29.48,3234.76,29
2016-02-04 11:05:00,MAITRI,-2.5,57.46,966.97,50.29,48.94,43.52,7.25,24.93,0.0,30.46,3234.56,29
2016-02-04 11:10:00,MAITRI,-2.09,58.43,966.09,50.12,59.56,40.74,6.79,24.92,0.0,28.52,3234.37,28
2016-02-04 11:15:00,MAITRI,-2.03,58.93,966.49,52.42,98.38,43.5,7.25,24.98,0.0,30.45,3234.17,28
2016-02-04 11:20:00,MAITRI,-1.66,59.52,965.42,51.93,38.97,43.5,7.25,25.0,0.0,30.45,3233.99,27
2016-02-04 11:25:00,MAITRI,-1.42,59.59,966.43,50.39,53.76,44.6,7.43,25.02,0.0,31.22,3233.79,28
2016-02-04 11:30:00,MAITRI,-1.2,59.47,966.33,49.88,83.78,43.44,7.24,25.07,0.0,30.41,3233.6,28
2016-02-04 11:35:00,MAITRI,-1.38,59.8,966.69,51.75,70.7,42.29,7.05,25.1,0.0,29.6,3233.4,28
2016-02-04 11:40:00,MAITRI,-1.4,59.89,967.33,50.56,31.79,44.89,7.48,25.12,0.0,31.42,3233.21,28
2016-02-04 11:45:00,MAITRI,-1.37,60.22,967.04,49.95,48.09,41.97,6.99,25.12,0.0,29.38,3233.02,27
2016-02-04 11:50:00,MAITRI,-1.59,60.19,966.9,54.51,56.14,42.19,7.03,25.15,0.0,29.53,3232.84,26
2016-02-04 11:55:00,MAITRI,-1.44,60.72,966.59,53.76,47.58,42.71,7.12,25.17,0.0,29.9,3232.66,26
2016-02-04 12:00:00,MAITRI,-1.38,61.1,966.28,51.98,79.89,41.61,6.93,25.21,0.0,29.13,3232.47,27
2016-02-04 12:05:00,MAITRI,-1.48,61.98,966.3,50.6,36.23,43.17,7.2,25.22,0.0,30.22,3232.28,27
2016-02-04 12:10:00,MAITRI,-1.83,62.13,966.04,50.05,94.86,40.59,6.77,25.25,0.0,28.42,3232.09,28
2016-02-04 12:15:00,MAITRI,-1.92,62.08,965.74,50.34,41.16,40.94,6.82,25.22,0.0,28.66,3231.9,27
2016-02-04 12:20:00,MAITRI,-1.57,62.41,965.91,49.86,50.61,43.18,7.2,25.25,0.0,30.22,3231.72,26
2016-02-04 12:25:00,MAITRI,-1.65,62.78,966.05,54.54,36.93,41.55,6.93,25.23,0.0,29.09,3231.54,26
2016-02-04 12:30:00,MAITRI,-1.54,63.45,966.63,53.66,104.14,41.52,6.92,25.29,0.0,29.06,3231.36,26
2016-02-04 12:35:00,MAITRI,-1.57,63.84,966.77,56.26,57.13,44.27,7.38,25.32,0.0,30.99,3231.18,26
2016-02-04 12:40:00,MAITRI,-1.59,63.7,966.92,57.57,25.67,44.26,7.38,25.33,0.0,30.99,3230.99,27
2016-02-04 12:45:00,MAITRI,-1.31,64.15,966.68,61.27,76.69,44.55,7.43,25.37,0.0,31.19,3230.81,27
2016-02-04 12:50:00,MAITRI,-1.36,63.38,965.13,60.26,50.9,42.67,7.11,25.38,0.0,29.87,3230.61,28
2016-02-04 12:55:00,MAITRI,-1.05,63.65,965.45,58.75,91.96,41.21,6.87,25.42,0.0,28.85,3230.42,27
2016-02-04 13:00:00,MAITRI,-1.09,63.75,964.97,56.3,48.41,45.97,7.66,25.44,0.0,32.18,3230.23,28
2016-02-04 13:05:00,MAITRI,-0.93,63.28,965.36,58.91,61.71,43.75,7.29,25.47,0.0,30.62,3230.03,28
2016-02-04 13:10:00,MAITRI,-0.98,63.05,966.28,57.5,23.16,44.73,7.46,25.49,0.0,31.31,3229.84,28
2016-02-04 13:15:00,MAITRI,-0.92,62.81,966.23,59.88,14.71,43.2,7.2,25.46,0.0,30.24,3229.65,28
2016-02-04 13:20:00,MAITRI,-0.67,62.81,965.08,58.94,26.18,47.02,7.84,25.47,0.0,32.91,3229.45,28
2016-02-04 13:25:00,MAITRI,-0.48,62.46,964.84,58.09,77.15,41.87,6.98,25.5,0.0,29.31,3229.26,28
2016-02-04 13:30:00,MAITRI,-0.49,62.05,964.96,62.23,43.53,44.34,7.39,25.52,0.0,31.04,3229.07,27
2016-02-04 13:35:00,MAITRI,-0.92,62.05,964.7,61.1,461.7,27.41,4.57,25.76,0.0,19.19,3228.88,27
2016-02-04 13:40:00,MAITRI,-1.34,61.79,964.97,58.32,466.61,25.36,4.23,25.99,0.0,17.76,3228.69,27
2016-02-04 13:45:00,MAITRI,-1.34,62.26,965.01,56.35,458.77,34.96,5.83,25.44,0.0,24.47,3228.51,26
2016-02-04 13:50:00,MAITRI,-0.98,62.55,963.99,55.77,447.66,35.25,5.87,24.73,0.0,24.67,3228.33,26
2016-02-04 13:55:00,MAITRI,-0.97,62.8,963.7,59.97,456.07,42.59,7.1,23.95,0.0,29.81,3228.15,26
2016-02-04 14:00:00,MAITRI,-1.12,62.52,964.26,62.54,442.18,35.47,5.91,23.16,0.0,24.83,3227.97,27
2016-02-04 14:05:00,MAITRI,-0.9,62.08,964.08,65.87,427.83,46.58,7.76,21.91,0.0,32.61,3227.78,26
2016-02-04 14:10:00,MAITRI,-0.76,62.39,964.03,63.07,431.33,38.03,6.34,20.89,0.0,26.62,3227.61,25
2016-02-04 14:15:00,MAITRI,-0.36,62.0,964.43,61.37,410.78,36.21,6.04,19.84,0.0,25.35,3227.43,26
2016-02-04 14:20:00,MAITRI,-0.34,61.78,964.41,60.33,421.58,40.11,6.69,18.7,0.0,28.08,3227.24,27
2016-02-04 14:25:00,MAITRI,-0.26,62.22,964.51,61.79,418.76,42.97,7.16,17.49,0.0,30.08,3227.06,27
2016-02-04 14:30:00,MAITRI,-0.29,62.36,965.65,60.96,396.03,39.05,6.51,16.66,0.0,27.33,3226.87,27
2016-02-04 14:35:00,MAITRI,-0.6,61.75,966.68,59.37,397.72,37.09,6.18,15.46,0.0,25.96,3226.68,27
2016-02-04 14:40:00,MAITRI,-0.59,62.12,966.31,57.33,398.64,43.58,7.26,15.1,0.0,30.5,3226.49,28
2016-02-04 14:45:00,MAITRI,-0.2,62.59,966.44,55.65,391.91,40.44,6.74,14.8,0.0,28.31,3226.29,28
2016-02-04 14:50:00,MAITRI,0.03,62.34,967.12,53.8,390.79,39.89,6.65,14.18,0.0,27.92,3226.09,29
2016-02-04 14:55:00,MAITRI,0.07,62.09,967.45,52.67,380.67,45.14,7.52,13.72,0.0,31.6,3225.9,28
2016-02-04 15:00:00,MAITRI,0.3,61.32,967.83,51.88,367.49,46.72,7.79,12.83,0.0,32.7,3225.7,28
2016-02-04 15:05:00,MAITRI,0.54,61.63,967.21,52.16,358.2,41.6,6.93,12.08,0.0,29.12,3225.51,28
2016-02-04 15:10:00,MAITRI,0.17,62.0,967.06,56.58,346.08,42.24,7.04,11.66,0.0,29.56,3225.31,28
2016-02-04 15:15:00,MAITRI,0.05,62.01,967.2,55.7,352.49,44.03,7.34,10.36,0.0,30.82,3225.12,28
2016-02-04 15:20:00,MAITRI,-0.07,61.82,967.57,57.55,341.02,39.34,6.56,9.66,0.0,27.54,3224.92,28
2016-02-04 15:25:00,MAITRI,0.11,62.28,967.84,57.07,310.44,47.08,7.85,8.85,0.0,32.95,3224.73,28
2016-02-04 15:30:00,MAITRI,-0.22,62.06,967.45,55.71,311.59,49.89,8.32,7.97,0.0,34.93,3224.53,28
2016-02-04 15:35:00,MAITRI,-0.27,62.67,967.18,57.52,311.81,51.42,8.57,7.35,0.0,35.99,3224.35,27
2016-02-04 15:40:00,MAITRI,-0.41,62.47,967.46,55.88,276.97,45.79,7.63,6.28,0.0,32.05,3224.16,27
2016-02-04 15:45:00,MAITRI,-0.6,62.88,967.77,57.99,271.27,46.05,7.67,5.28,0.0,32.23,3223.97,27
2016-02-04 15:50:00,MAITRI,-0.35,63.12,967.9,56.94,284.99,42.67,7.11,4.52,0.0,29.87,3223.79,26
2016-02-04 15:55:00,MAITRI,-0.16,63.39,968.12,55.29,267.47,50.67,8.45,3.39,0.0,35.47,3223.61,26
2016-02-04 16:00:00,MAITRI,-0.33,64.03,967.75,54.93,258.1,50.34,8.39,2.56,0.0,35.24,3223.42,27
2016-02-04 16:05:00,MAITRI,-0.81,63.6,967.31,59.29,236.66,34.67,5.78,2.66,0.0,24.27,3223.24,27
2016-02-04 16:10:00,MAITRI,-0.98,62.88,967.66,58.13,236.92,33.61,5.6,2.75,0.0,23.52,3223.05,27
2016-02-04 16:15:00,MAITRI,-1.29,63.01,967.77,61.72,221.63,37.87,6.31,2.86,0.0,26.51,3222.86,27
2016-02-04 16:20:00,MAITRI,-1.5,62.81,968.19,63.23,209.47,37.76,6.29,2.97,0.0,26.44,3222.67,27
2016-02-04 16:25:00,MAITRI,-1.31,63.25,968.28,64.16,205.62,37.64,6.27,3.08,0.0,26.35,3222.49,26
2016-02-04 16:30:00,MAITRI,-1.12,62.49,968.47,66.44,189.21,39.99,6.66,3.18,0.0,27.99,3222.31,26
2016-02-04 16:35:00,MAITRI,-1.0,62.24,966.78,64.5,189.07,36.87,6.15,3.27,0.0,25.81,3222.13,26
2016-02-04 16:40:00,MAITRI,-1.29,62.71,966.79,67.43,171.51,38.22,6.37,3.36,0.0,26.75,3221.95,26
2016-02-04 16:45:00,MAITRI,-0.96,63.02,966.8,65.79,157.14,40.16,6.69,3.44,0.0,28.11,3221.76,27
2016-02-04 16:50:00,MAITRI,-1.31,62.71,966.36,63.0,145.77,37.99,6.33,3.49,0.0,26.59,3221.57,28
2016-02-04 16:55:00,MAITRI,-1.56,63.26,966.22,61.42,133.42,40.03,6.67,3.55,0.0,28.02,3221.37,28
2016-02-04 17:00:00,MAITRI,-1.89,63.63,965.79,59.65,137.2,40.43,6.74,3.62,0.0,28.3,3221.18,28
2016-02-04 17:05:00,MAITRI,-1.9,63.77,965.83,57.78,119.92,38.8,6.47,3.65,0.0,27.16,3220.99,27
2016-02-04 17:10:00,MAITRI,-1.79,60.68,965.2,57.54,105.91,42.5,7.08,3.71,0.0,29.75,3220.81,27
2016-02-04 17:15:00,MAITRI,-1.74,61.6,965.15,60.08,95.85,41.27,6.88,3.76,0.0,28.89,3220.62,27
